# Resource object code (Python 3)
# Created by: object code
# Created by: The Resource Compiler for Qt version 6.8.2
# WARNING! All changes made in this file will be lost!

from PySide6 import QtCore

qt_resource_data = b"\
\x00\x02\x96V\
\x89\
PNG\x0d\x0a\x1a\x0a\x00\x00\x00\x0dIHDR\x00\
\x00\x01\x90\x00\x00\x01\x90\x08\x06\x00\x00\x00\x80\xbf6\xcc\
\x00\x00 \x00IDATx^\xec\xbd\x09\x93$7\
\xb6\x9d\x89\xd8#r\xad\x85d\xb3\xfbIz2I\xa6\
1\x9b\xf9\xff\xffbdc#\x8d\x96'\xa9_\xaf$\
\x9b[-\xb9\xc6\x1e\x83\xef\x9c{\xdd=\x223\xab\x8a\
\xfdz)\x92\x81\xaaH\x87\x03p\xb8;\xfc\xe2\x1e\xdc\
\x05@\xaf\x94\xb2+\xc7p\x0c?\xb2\xd0\xeb\xf5\x0e\x93\
\xfe\xe5\xe1\x87\xd4\xb9\xfb\xcbw\x9b\xdd_\xa1\xcec8\
\x86\xbff\xa0\xc7\x1c\xa9\xf6\x18>\xea\xf0g\x83\xc5\x9f\
{\xdd_+\xfc\x99\x00q\x04\x96c\xf8X\xc3\x11@\
\x8e\xe1\xef\x16~\x100\xfc\x90\xb2\x8f\x84\x9eH\xfdo\
\x1fv\xff\x92\xee\xf5\x03\x80\xe3\x082\xc7\xf0\xf7\x08G\
\x009\x86\xbfY\xf8k\x02\xc6\x93\x00\x11\xf5<\x9a\xfb\
\x03\xef\xf1\xce\xf0\x04\x03W\xea\x93y\x8f\xa7?\x19\x9e\
\xa8\xe70\x1c\xc1\xe4\x18\xfeV\xe1\x08 \xc7\xf0W\x0d\
\x1f\x0c\x1a\x1fZ\xae\x1c\x80\x85\xa2]\x90\x08\x92~\xa2\
\xbe\x87\xd7\xfe\x85\xc2A/z\x12\x1c\x9adJ\xc4I\
\xa7\xe8\x93\xd7=\x16>\x00(\x8e`r\x0c\x7f\xcdp\
\x04\x90c\xf8\xb3\xc3\x07\x81\xc3\xa3e \xb9nzK\
\x86\x87\x92D\xdeCW<\x90&z\xfb\xd5\x80\x1b\x87\
iN~\xe4\xda\x9a\xfe\xd8\xa3\xfd\x99\xa1\xf7\x00@\xf8\
s\x90\xc8\xfd\xb6\x8e\xee\xba\x17\xb8\xf0^G\x84\xf1\xe7\
\xe3\x1d\x82@[\xb2m\xb7'\xc3\xe13<\x11\x0e\xef\
q\x0c\xc7\xf0!\xe1\x03(\xf0\x18\x8ea?\xbc\x138\
\xde\x95\x17\xe1)\x90\x88\x93G\xd3\x0f\xafi\xc2\x13\xe5\
\xbb\xc5\x9f\xba\xf6\x9d\xef\xf1\x03\xc3c\x0c\xf8\x814\xd1\
\xc5\x8cn\xf9G\xae%t\xaf\x7f\xaa|7\xfd\xc1\xfd\
\x1e\x0bO\xdc+\xc3c\xefq\x0c\xc7\xf0T8\x02\xc8\
1|Px/\xb3}O\xfe\xbe\xea\xa8s\xf6\x04\x00\
<\xca\xf4S\x8a8\xbcW\xefa\xf9\x07e\xba\xe1\x89\
\xbc\x0fRo\xed\xb2\xc3<\xd1m\xde\xc1\x80\x0f\x99\xf3\
\xa1\x0aK\xe7Y\xe4\xa9\xb2\xc4\xff\x06`r\xf8\xac\xc7\
p\x0c\x8f\x85#\x80\x1c\xc3\x93\xe1\x9dL\x98\xf0\xbe\xfc\
.Kn@C\xdc\xbe\xcd\xed\xf2\xec\xbd\xfa\x9c\xf7(\
\xf0\x1c\x02M\xb7\xc8\xdey\xdc\xb1[m\xa7p[l\
\xaf\xc0\x0f\x0f\xbb\xc7\xd8\xb5SZ>\x9c(\xd1)\xab\
H\x94\x8b\xbc\xc3\xb8\xcfw{e}\xda\xc9\xcf\xb2\xbc\
\x86Td\x91\xdb\xd4\xd7\x96}4\xbc\x07,\x8e`r\
\x0cO\x05H\xeeH\x1d\xc7\xf0/\x06\x8b\x86\xd17@\
\xe1\xb8\xf3\xba\xf1N=\xa4A}\xbd\xc8~\x04\x18\xda\
\xf2y\x9e\xe5\x1e\xd6\xedh\xa7\xfe,\xe3B\x9dt'\
\x1e\xa4<\x12\xf2\x86\xe5\xfdL\xb6\x89\xec\x97\xdbg\xbe\
\xc1\xd03\xed\x09\x90\xe82\xffn\xde\x9e\xc4\xb2\x07Z\
ym\x9e\xb5\xf5?\xa8\xeb\xb0\xde\xa7\xc2\xfb\xde\xf7=\
\xf9\xc7\xf0\xf3\x08t\x8f#%\xfc\xcc\xc3;\xc1\xe3\x1d\
y]\x16\xdc\xd4q\x08\x14\xe2\xc1\xfbymVo\xff\
\xde\xc9\xd4u<\xa8\xefQ\x90\xe0z\x1f\x1f\x00\xc2\x01\
\x904g\x8f\xd6\xf3Xx*\xef\xf1\xee\xf2\x98Z\xa9\
\xfb\xb7\x09\xdd<\x18|s\x1d\xf1&\xe7A}{\xa0\
p\xc0\xbc9o\x01\xc8e\x9a\xbcN\xba\xe3\xfb\xf7o\
\xd2\xdf\x15\x9e\x00\x8b\xc3\xe78\x86\x9f_\xa0\x97\x1c\xa9\
\xe0g\x14\xde\xcd4\xcb\x01\xe3\xdd\x0f\xc9\x86\x0f\x99~\
7\xed\x81\x84\xa1\xff\x07\xd7eZ'\xaf\xf4\xfa\xae\x0a\
j\x04\x0c\x0e\xea\xeb\xf5{\xe2cN\xef\x5c\xcb\xff\x9e\
\xf38\xa9\xc5L\xd0\x0d\xa0D\xfd\xaa\xa3df\x93\xd6\
\xdc\xbe\x9b\xf6\x03\xc2\x1e\xe3\x8e\x14\xaa\xda\x85\xb7Uf\
\xea\xf9x\xd6\x1a\xd9\x9a{7y\xae\x82?Y6\xd3\
\x93\xb5\x1f\x00\x0d\x07U\xf28\xe8\xec\x81F\x94\xcb\xb0\
\x07D\x91\xd2&u\xae\x7fWx\x07p\x1cA\xe5\xe7\
\x15\xb2\xcb\x1e\xc3\xcf <\x0a\x1e\xa4\x993\x1f\xe64\
\xc1\xf2@On\xaf\xaa\xa3a\xee\xce\x83\xe1T\xd6\x1d\
\x85\xc5%\xcd\x90\x05\x04:ui]\xe0\xba2\xde\xd7\
\xf55\xda\xf7\xf5f\xe4\xbb\xe6>\xae\xdf\xe9\xc6\x0e\xca\
E<\xae\xd0\xdfL\x88\xaa\x1f\xa4gP~[\xb6M\
V\xe5\xe5\x87v\x87\x96!wR\xbaU4\x8c:N\
9;`\xd8J\xd0\xff\xcc\xd8\xca\x94\x01\xd8(\x85<\
\x95\xdd6@\xb4\x07\x0c\x94\xeb0\x7f\xc5w\xb4a\xbd\
bK\x1b\x8075\xc2\x07\xcc{\xeaU\x1d\xdfv\xea\
q\x82\xd1/\xd3\xdf\xd9*\x8f\x00\xc6\x11D~>\xe1\
\x9d\xb4q\x0c?\xee\xf0\x80yv\xc3;\xf2\x92\xc1\x1e\
J\x1a\x87RA\xd6\xa1\xbfb\xf8\x91\x97G\xa5'D\
\xf4\x9d^\x81B\x80\x22ph\xaf\xa3\x94#Q\xa7\xd1\
\xe2\xa0\xae\x9e\x98`\xbf)\xa3\xbf\x9d\xf2N\x8cX'\
\xde\xa4\xb8\xae\xbc\xaeM\xd6\x13\xe6i\xa7\x866\xb1\xe9\
%\xbb\x9c\xca\xa1\xe0wQ\xb2\xfe\xb4\xbc\xd3\x91\xee\x88\
\x9f\x00S\xce) \x87R\x85TQF\x0e\x03\x84\x80\
\xd8\x97\xbal\x82C^\xe3x\x02\x06\x85\xb7\x19\xcf\xf2\
Q&\xef\xd7>O\xd6\x197\x88\xd2y\xee[dz\
\xa6E\xfec\xa1y\x97\x87\xe1\x08(?\xdd\xd0\x90\xfe\
1\xfc\xb4\xc2\x93\xe0\xf1D\xfa>\xd3l\xc1\xc2\xa7\x8e\
\xef1r\xfd\x8f\xf4\xccW:\xa9\x91\x9f @J\xe7\
\xfc\xb0\x1c\x7f\xfa\x91\x167\x882\xbe\xc7^\xfd\x9d\xe3\
a\x1d><Qf/\xf8y\xda\xd3\xc3|\x87\xb6\xee\
w0\xc1Nz\x97\xe96i\xc1\xc8\x15w\xc2#\x0c\
\x9a4\xfe#%\xb4\xd7u\xa5\x0a]\xe3\x8b\x22?\xa4\
\x91d\xecQv\x1b\xd2\x83\xae\xca\xeb\x9b{\xee\xdf\xbb\
\xbd\xaf\x8f{\xcf\x93\xd7e\xe8<\x8fN\xa3\xcc\xa3\xa1\
{]\x93\xf40\xed\x18~\xfc\x81\xeeq\xfc\xb2?\xa1\
\xf0$p\x10\x9e\xc83\xa3L6k\xa6\xd9e\x9e-\
\x10\xb4\xf5'\x08\xa8$\xd7\xee1\xeeL#\x1a\x12H\
\xd88\xa4\xeaj\xca\x86\xdd#\xcaw\xef+\xb6\x1fi\
H\x1d\xd8@\xbayy\xef\xb6\xac\xebi\xeb\xf6\xd1u\
G\x9e\xd2#9\xce\x9d\xd6\xc6\x1f\x86\xcc{\xaa\x9b$\
co\xcfy^3\xd8}\xa6\xffN\xe6\xad\xb2\xbeF\
\xff;\x0c\xdf\x97t\xaei\x98\xb9\xf3\xb6\xa9\xce\x8a\xfa\
\x01\x97\xb6\xee\xb6\x9e=P\xe2\xa8\xff\x07e#_)\
\x8af9Nj[\x00\x5c\xae \xd2\x1e\x09M\x1d\x0f\
\xc3\x11H~Z\x81\xdeq\xfc\xa2?\xf2\xf0$\x03|\
\x22]\x0c\xb8\xa0#\xef\xfb\xebw\x98\xb3\xf2\xd1\x95\xcb\
\xe0\x1c\xcc7\xf3),@\xe80\xf7\x88w\x81\x83\x8b\
\x9ce\xb5\x95\xd4SQ\xa6\xcb\xd8\xfba\xf7h\xf2\xf2\
\x19\x14o\xc1\xc5\xf9\x1c:\xf7\xd0\x91|\xca\xe9%\xa2\
*\xd7\x11O\xa0k3t\xdb\xa9\xa9{/\x1c\xe6\xef\
\x87}\xdew\xd8m\x92\xe1\x12u\xa4\xf9\x1b\xe9-\x93\
\x8eri\xd3\x88k[\x001sN&\xef\xfc\x96q\
c@o\xf2\x95\x94\xf1\xfdz|}\x87\xe1w\xcb\xd9\
\x92_\xba\x00\x92\xe5i\x07\xce\xf5\x9f{\xa1J\x8b2\
q\x91\xe3\xdd:\xf2\x9a\xc7B<\xe7a8\x82\xc9\x8f\
?\xd0M\x8e_\xf1G\x16\x9e\x04\x0c\xc2\x13y\xc9P\
\x9bk\xe3\x98\xe7{\x0c\x97\xff0\xed\x86Y;\xdd\x0c\
>\x98}s\x9f\x90,\x1a\x10j\x8f\xfc\xba\xe0A\xb4\
\x1f\xa0\xe2\xba#.\xc38\xf7\xe8[\x95\xa5h\xc7\xa8\
\x9e\xd2K\xe65\xc7\x0ehdi\xa2y?([Y\
Y\xa7\xd3\x9c\x94\xd7D\xc8\xf2\x9d\xd3\xc3\xb0\xc7\xef\x94\
o&\x9b\xa1;zo\xb32\x12\xecUL<\xcf\xdb\
\xeb\xad\x92j+k\x98=G\xfe\x1d\xc4\xf9\xf5\x02\x1c\
\x9a\xbc\xfcE\xbd\xcdy\xb8\x84%x\xb4e\xdb{\x1e\
\xde\x8fc{M'\xdf'>\xc4\xc3\xe7u\x19\x9ag\
x,t\xca\x1d\x86\xa6\xfec\xf8\xd1\x04\xba\xc1\xf1\xab\
\xfd\x88\xc2\x93\xe0\xf1D\xba\x18p\xc6\xcd\x85\x9bx7\
\xafa\xba\x8asj\xb3\xb6\xca\xf7\x0e\x80@\x8c:\xa5\
\x8b~\x18\xbe\x9d\xd7\x80\x8b\x8e\xfb\xf58\xcf*\xac\xa6\
l\xa7\xde&\xafR\xa4\x98}\xe6s9\x00E\x85\x8d\
:+\x9e-\xee\xebc$\x85\xc1^i\xbe:\x8a\xfa\
,\xcf\xc3W\xac\x09{g\xdd\x8cnhz\xcb\x01\x8b\
l\x98j\xc6;\xccUg0\xd9<\xfa\xda]c\xaf\
(\xf2|\xda\xf2\xe2J\x0a\x06O)\x09\x08\xfc\xdb\xb6\
q\xd5i\xe9\xa5\x01\x88,\xcfq\x1byYVe\x9c\
/\xc9#\xe3\xaa\xbf+\x05\x05\xa0\xe4\xf3E\xbd\xcam\
\xeaw\xbd)}\xc4\x95\xbe.\xcf\xa3\x8e\xcc{4t\
\xcaw\xc3\x11D~\x5c\x81nr\xfcb?\x92\xf0C\
\xc0\xc3\xac7\x5cl\x839\xa3\x8a\x08v\xae\x12\xcdu\
\xc2\x00\xd4Y\xa4\x11\x17\xb7U\xbe\xefYaB\x83}\
\x9f\x1b R\xc5D\x9e\xcb?\x00\x10\xfe)\x8f\xb2~\
\x06\xe7\x91\x1di\x9d\xfb4y\xba\x8e\x1bF\xban}\
Po\xc4\x9d\x95\xf7o\xe3\xddt\xe1I.\xbd\x1b\xf5\
g~\xa4\xd6W\xcf\xd8\x0f\x0b\x9a\xd7\xa1X2\xd76\
\xae\x98\x18b\xb0\xd1`\xe4\x0f\xcf\x89o\xdb\xf9!\x91\
\xde\x94\xcd\xf8\x83t\x92\xbaL?\xf2\x00\x85\xe6\xba\x00\
\x97\xccG%\x95\xd7G9\xff\xef\x9e\x1f\x96\xcd\xfb\xf8\
\x99\xc3\x97\xac\x03\x80\xbe\xc6\x8199q__H\xae\
\xeb=\x0c\xcd5\xfb\xa1i\x93c\xf8\xe8\x03\xbd\xe6\xf8\
\xb5>\xe2`&\xf8 \xf10\xa5\x09\x0dC\xce\xf3.\
\xa3\x8d\xbcLo\xeaV\xf2 \xf2\x03p\xc4u\x0d\x1c\
\xf4\xe7~\x7f\x10`\x90\xd7\x05s\x8f\x9f\xec\x19\xaa\xce\
\xc0\xd0xU\x85Z\xaa\x05\x8f\xceu\xf9\xac\x9drJ\
\xe2_\x00\x08\xf9\xc2.\xdc\x7f\x9b\xf2y\x1f?|\xbe\
\xc7\xfe;e\xfdQ&\xd2\xb2~\xa7\xc6\xdf\xb8$*\
\xfc\xb0\xd0ar]\x86\xa7\x18\xe7\xc18\xcd\x5c\x93\x81\
\xc2X\x9d\xdfe\xdc:\x8f\x9f/\xe7\xb85\x03\x8f\xfa\
\xf6\x81\xc0yY\xd6\x00b \xb1\x80a @\xc5\x85\
\x81=\xaf\xf1#\xb8\x5c\xf3\x93\x04\x92\xcf\xc3\xf5\xf1<\
)\xe1\xe8>\xed5J\xd4{\xc4y\xf7\x19\xf2Y\xfd\
\xd4\x11?<F\xdec!\xeb\xd8Kz\x98v\x0c\x1f\
O\xa0\xc7\x1c\xbf\xd0G\x18\x1aFx\x18\x9eHo\x98\
\xa2\x98d\xb2\xc6\x0e\xc3$)\x98j\xcbpCeD\
\xbc;\xe2OF\xdc\x89\xdb\xde\x10\xf1\xb0wp\xec\x97\
\x81UXQ\xb7\x81$\xca\xa9LJ\x1fQG\xd6]\
\xc0\x84\x04\x15\x14a=\xd5\xc3?\xca\xa4\xadD\x92N\
>\xb3\xb2\xf2\xfa\xbc\x87\xd3\xb8&\xd3t\x0f\xdd\x81\xcb\
\x05?\xcas~\x9c>\x19\xf7\xf9\xbbC\xdbeZ&\
\xda\xe6\xb5L/\x99n\xc4\xa3\xa0\xf3[\x86\xac3\x01\
\x84\xeb\xd3\xbf\xb8N\xb9\x02\x82\xd6\x8e\xe1\x91\x7f0x\
\xd5\xd7a\xf0\x94IP\xd0\xb9A\xa4\x01\x18]\x9b\xf5\
#\xf5d}\x08..\xe3J6\xce;\xa8\x93k\xbb\
\xcf\xc2Ctm,~^\x9d8-\xef\xe5\x02m<\
\xf2\x1e\x84N~7t\xaf;\x86\x8f'\xd0S\x8e_\
\xe6#\x0c\xc9d\x0f\x12\x0fS\x1a\x86\xab\xb8\x18g\x94\
I&*\xa9\xc1\xe5\x1a\xe6\x1b\xe5\xcc\x5c\xed\x8d\xe5\x1f\
\x05\xad\xe42\xe3\x0f\x06_B\xa2\x08\x06o\xc6\xdf\x01\
\x83Fz@b\xe9J\x0a\xf1K\xa0\xe0q\x9a\xb8\xcb\
\xb6u\x184\x1ap\xc8\xe7n\xea\xf1s\xb9|\x80Y\
\x038$\x1b(\xf6g\xb4g\x19\xa7D\x05M=N\
\x86\xfc\xb3L\x1b,\x81u\x12\xc4\x17SeC \xd3\
\xaa\x9c\xa6\x07%\x03\xcd\xd0e\xc0\x8as4\x03\xcf\xb4\
\xbc\xa6;\xd2'\x8d\x9a[\x9bG\x9b\xeez\x9c\xa6\x5c\
\x92\xb7\x9b\xa6\xee\xcck\xea\x81\xd9w\xaf\x93\xf4\x12`\
\x12e5\xe3}\x0f\xa4\x02t\x887`\xc4\x13\xc5\xbb\
E\xbd\x02\x1e^\x9f8y\xfa\xbfk\x00Ii\x1d)\
\xaaI\xd3s8\xad\xa9\xb3\x1b\xa2\xeca8\x82\xc8\xc7\
\x17\xe8\x05\xc7\xaf\xf2w\x0e\x1f\x0a\x16\x84\x86\x1d\x92\xcf\
\x97K\xe3r'/\x99\xb2\xb3\xcd8\xb1\x01\xf4\x06\xc9\
\xdc]vO\xeax\xc0\xf8\xcd\xccUw\x9fz\x06\x9d\
\xf4`\xf4=\x03K\x82\x0du%@4e\xf3\xf9\x02\
d\xba\xc0\xb3w\x0f\xea\xda{\x86\xfd<\x03\x88\x9f\xdd\
\xd2\x09i\xf1\xd6YN\xef\x14Gg9Og\xbe6\
\xfeD\xf9\xe64\xa2\xdd\x93\xbd\xb3=&\xd8\xa6%C\
\xed\x9cw\xcb\x04\x93\xce8\xb1\x944\xf8\xd3\xcc\x1aW\
\x9cC2~\x92a\xda\x00\x83\xf3\xad\xce\x22-\x19\xba\
\xaf5\x10\x1c\x80\x84\x98~\x87\xf1'\x08\xe8\x16\xdd<\
\xcan\x5c\xafT]\xfb\x00\x94\xc0\xe0\xb8\xd3\xf5,M\
^<s\x13W\xe9\x16@\xf4l9\x9b\xbem\x1bJ\
7i\xbcx/\xe2\xae]\xc7\x07!\xf2\xf7\x93\x1e\xa6\
\x1d\xc3\xdf6\xe8;\x1e&\x1e\xc3\xdf.4\x8c\xec0\
<\x92\x9e,\xade~\xc1<;\xac\xae\x19\x81G\x99\
.\xb3\xef2\xdaCU\x136\x86\xae\xad\xc2?!\x07\
\xa5\x1f\x02\x03\xc7\x94R\x1a\x10s\xbd\xae\xdb\x802H\
\x89\x03\x00Q\xba\xdf\xa3\x87ME\x8f\x95\xf5E\x9d*\
\xd0y\xbe8oTa\xfc\xf3\x85\xba\x9ez3M\xe7\
Y^e\xe2^\xceh\xf3\x22\x9e\xc9\xbe\xcc\x80\x9b)\
\xcd%\xdd\x10\x05\x92\xc9\xe5\xdc\x88\xf6:\x98+\x87L\
1\x83\xcc\xf1\xb8\x18l0R\x15\xe3\x9f\x98\xad*B\
\xd9\xd4\x91:\x22/\xcbJ\xca\x88t\xfd\x124PC\
\xb5\xc0cP\x82\xa9wTP\x91o\x15\x95\xafK\xd5\
\xd5>hp\x9d\xee\x8e>\xab\xa9\xb7\x01\x8c\x83\xfb\xb7\
u\xf9:=\xb9\xeew\xf0\x9cj\x12\xb7I\x82\x8b\xe2\
\x9d\xf2{e\xf4\xc6\x8f\x84\xc8?\x0cy\xdd1\xfc\xed\
\x03\xdd\xe4\xd8\xfa\x7f\xa7\xd02\xb6\x83p\x90\xde\xb0\xbc\
\x86\xe3\x99\x91Fr\xa4\xfb\x5c\xa3\xf3d\x80b\xa4\x9d\
\x91|\xe92\xe6\x96\xf1wA@\xe9\x1ca\xd8\xc1\xb4\
e\xa1H\xb0\xc8\xbc.\xd0\xe8Z\x97\x19T`\xf0\xb3\
\x04 5\xf5\xa4\xe4\x90\xd7u\xeb\xe3\xb9|MSg\
<\x1f\x17\xea\x9f\xea\xe7m\xa9\xd7@\xa4\xbcx>\xbc\
\xa8\xb8\x87TO\xca\xce\xf6\x88\xb6qK\xa9|\x9e\xba\
M|\x9a.\xbd\x91\xf4\xce\x90\xfc*\xd9\x9d#-\xdb\
\xdbc\x8a\x1aa\xc3(\x9dn\xe6\x1ci\x8d\x81\xdbi\
\x1a\xc7\xeb\xba-&\x08K\x16\xc1d\x1b\xe6\x1e\xf9\x8d\
\xb1\x1b\x00i\x98{0\xf4\x04\x86\x8eT\xb1\x97\xce5\
\xa4\x09$\xb2\xeeH\xe7\xd9\xb2\xde(\xab<I\x19\x99\
\xd7\xad\x8bw$\xaf\x05\xa6\x04\xac\xfc\xe55\xed\xbb\x10\
'9\xc0\x84\x22\xcd\xbbs\x88c\xd3\xa2\x9d\x10y\xfb\
I\x0f\xd3\x8e\xe1o\x13\xdcw\x8e\xe1o\x1e\x92y\x1d\
$\x1e\xa6(\x88\x81\xc2L\xf9R0\xdb\xd2\xaeP\x9b\
L\xb4a\xb4\x1d\xa6K\x89\xd6P\x1d\xe0!&\xea4\
\x98\xf6>(\xe4y+EdZ[6\x01\xa1e\xf6\
\xbaG\xa4u\xaf3&\x10\xb7\x07\x17\xff\xf0\xe6*M\
\x9d\xddgk\x9fE\xe7=\xca\x11\x05\x1eB\x12R\x9e\
\xde\xaa\xa9\xcfuE\x1eo\x17\xe0\x92y91\x91\x14\
\xb5Y\x94\x85\xe7('\xea$3\xdb\xd8m\xfb\xee`\
\x86W\xe2\xdaN\x17\x82Af\x1e\xb1\xe6\xe82\xa9n\
rQ3\xe0\xbc\xa6\xcb\xa4\xcd\xe0#\x9d\xfc=\x90H\
\xc6\xef\xf3n\xde\x1eso\x98<\xd7\xbb|\x17D\xf6\
m'\x1d \x02X\xb6\xadt\xa1\xfb\xed\xd5\xb5/\x0d\
5\xc6w\xf2\x0b\xe7\xbc\x14\xf5;\xcf\x00\xea6\xd13\
i\xbeK\xa6q\x85\xbf\x0eW\x1b\x5c)\x17m\xe4\x86\
\xdc\x0f\x5c\xf7 \xe9a\xda1\xfc\xf5Ct\x9dc\xf8\
[\x84dr\x07\x89\x87)\x0a\x0ds\xd4I2\xcb6\
\xbd\x8dwl\x02\xfc\x13H\xf8^]\x86OH\x00i\
\xd4Q\x0f\x80\x00\xb5\x92\x01`Oe\xd5\xcf\xf3\x16$\
\x5c/\xf9\x83\x0e\x10\x18h\xdas\xf2\xb2\x0e\xd7\xad<\
=g>_\xe4'\xc8\xe4sg\x1dz^\x1f\xb3\xac\
\xee\xa3c\xe6\xd7\xc3.\xa5\x12\xc1M\xb4\x07\xa7\xf1\x9c\
Jr\xbd\x83x'?\x97\xef\x97\xcf=\x1c\x0e,q\
\xf5|\xdfdc\xe6\xebfr\xdb\x8d\x19*\xbf\x0d\xaa\
\x22\xc5)\x16\xcc\xb7a\xb8f\x80\xc9\xe0US0M\
r<Z\x0f&)\x09$\xd5R\xfb?\x95m\x98{\
\xd8E\x94\x17j\xaa\xcc\xcb_<[\x036\xc9\xf0\x83\
\xa1\xb7\x80A\xf9\xeey\x02\xc1\xa6l6\x91\x9eR\x12\
uQ/\xff2/\xd2\xf7\x01\x8cb\x1b=s+\x01\
E\xbd\xa4R\xd6\x8d\x19\xe0\x14\xef\xaf\xd7$\xd6i\x13\
\x9dw\xd2\x1f\x0bQ\xef~\xd2\xc3\xb4c\xf8\xeb\x04\xfa\
\xd5\xb1\xb5\xff\xca\xc1\x8c\xf0\x91p\x90n6\x17qq\
E_\xdb\xa4G\xf9f\xf4]\x02<\x1af\x1bLR\
\xcc/@\xa5\xc3\xa4\xd1\xed\x0c0\xa4'\x13n\x98h\
\x82@\xfe\xf6\xa5\x8a\xe6\x5c\x0c\xb8[\xd6\xf5\xba\xac\x8d\
\xecy\x1d\xf7\xd2\xf9`\xa0g\xb4\x9a\xca\x00\xb6\x7fO\
?\x8b\xca\x06\x88\xe8\xbd\x9a\xe7\xe7G\x1d~\x7f\xbdw\
\xe7\xdeyO\xc0\x0f\x86?\xac\xf7\x1b\x8c\x86\xf5=\x87\
\xf5\xde\xf5X\x01a8\x1c\xe97\x18\x0e\xcbx4.\
\xa3\xd1\xa8L\xa6\xd32\x9cL\xea\x8dF\x15\xe7\xea\xaf\
_\xcb\xf6\x00\x90ael\xbd\xb2\x0a\x00\xd8l4e\
\xaeX\xadT\x01c\xb5(\xb0\xfa^\xcd_\xafWe\
\xbdY\xd5,3L\xcd\xbbX/\x9d\xbeZ\x95U=\
\xaeV\xf5|\xb5.\x9b\xf5F`\xb3\xd15\x1b1\xd2\
\x0d\xf7\x88\xfb\x88y7L\x93\x84d\xbe\x1c\xdb\xb8\xf2\
;\xf6\x0d\xa5%c\xdfv\xa5\x05\xe7)\x1e\x00\x22\x86\
\x1d\x00\xb2\xad\xcf\xc05\xbbM\xa7~\xea\xc9c#e\
\xe4y\xd6I\x19\xe9\xd7:\xc0\xe4:\xf3\x1e\xf9N\x09\
\x1e\x9ct\xaf'\xe4u\x82\x0a\xe2\xfc\x0b\xa9C\x17;\
Gy\x99\x96q\xd2\xf7B\x969\x08\xcd\xb5\xc7\xf0W\
\x0bG\x00\xf9+\x073\xee\x07\x89\x87)\x0d 4\xe5\
\x93A\x8aaF\x091[\x97\xdd\x1f\xa5\xfb\xba^\xda\
*bTMI\x8c\xd8\xd4%&\xdb\x01\x1bI\x15\x02\
\x11\xab\x94\xcc\xe4\xdb:\xcd\xdc\xcd\xd0\xb1k\xb4`r\
(\x81\xc4yG\xc2h\x99\x7f\xb7l'\xae\xf7\xe8<\
S\xc4uM\xbcCJ\x18\x06\x09\x03\xdf\x00p\xa8y\
\x83\x0a\x02\x02\x85\xf1\xa8\x8c+\x08\x8cF\xd3z\x9c\x95\
q\x05\x85\xc1p\xa2\xe3\xc9\xd9y-3\x16h\x8cF\
\x93\xb2\xdc\xf6\xcbb\xb5-\xc3\x0a\x1e\x03\xc0\xac\x82\xc6\
h:\xf63\x95A9=\x19\x95\xe9\xb8_F\xf5>\
\x82\x8b\xca\xdc\x90TV\x95\xf1/\x96\x95Q\xc2p7\
k\x8d\xcca\xde\x00\xcbr\x09@\xac\xe1\xc9e\xa3\xb4\
\x9a_\x01#\x998`\xb2\xdb\xae\xcb\x0eP\xa9\xc0\xc3\
\xf9f=\xaf\xd7\xac\xca\x16`Y/j\xfa\xb2,\x16\
K\x03\xcd\x1a\xa0\xe1\x1ekK6\x1a\xe9'\x13OF\
\x9b\x0c:\xce\x130\x22\xad\xb9\xb7\x18w\xe6E\xb9\x83\
\xb2\xf2\xf2\xe2\xbd\x82\x99\xb7L\xdeR\x95\xaf#\xbfs\
]\x94I0\x02D\x1a#\xba\x8e\x00\x93\xc1 A\xd2\
 A\xf9\xdaF)eQ\x0f\x84\xdb\xbcGJV\x1d\
\xc6\xaf\xf7\x0d\xd0P=m^\xa6\xef\x85\xbcn/\xe9\
a\xda1\xfc\xe5\xc2\x11@\xfe\x0a\xe1Q\xd0 <\x91\
\xde\x80\x87\x98YO+\x8a\x10k>\xcf\xa02\xbcX\
\x03\xca\x99f\xb0\x94\xe7\xe3\xb5.\xb6Nk\xa4\x83\x86\
i\xb7\xcc\xbct\x98\xba\x19\x7f\x96O\xe9\xa4\x93G<\
\xd2\x04\x22\xaa'$\x07\xb9\x04\xfb\xfa\xac\xc7\x80\xd4\xd6\
\x99\xf7:\x04\xa7|\xbe\xe6y\x02,\x9a\xe7\x1aX\x12\
\x18U\x90@Z\x18\x8c+(L\xa6eT\x7f\xfd!\
 Q\x01\x04\xd0\x98\x9eT)\xe2\xa4\x1ege2\x9b\
\x95i=J\xb2\xa9\x92\xc7tR\xa5\x8c\xf1\xb0\xfe\x06\
\xe5d:\x92\x04\xb3\xa9\x0c\xacW\xdbr\xa2\xfa\xfbe\
[\xefus\xb7.\xc3\xde\xae\x9c\x9d\x0c+\x03Gu\
\xb3+'\x93A\xb9\x9d#1\x98)\xf2l\x8c\xd4Q\
\xed\x0c\x07\xb6\x9f\xc0\x98V\xeb*\x85\x00\x1e\xb5\x1d\x18\
\xd1/\x16k}/_\xb6\x93\xa4\xc1}\x97\xcbuY\
V\x900SG\x0aY\xab<\xd2\xccb~_\xaf\xbb\
/\xab\xfa\xe3|\xbd\x22>\x8f\xb4EH0+\x81\x0b\
\xbfVR\xe0Vf\xce\x02\x8c`\xd4\xadz)~{\
\xc0\x90@\xd0\x05\x8d\x94\x22\x124|\x9d\xaf9\x00\x17\
\x95\x0d\x00\xe9\x94w\xd9\xb8G\xa67\xe5\xb2N5\x9a\
\xc1&\x00\x87:\xf8\xf4]@\xe2\x1d\x04F5C\xaa\
0-A#\xd8l\xbd\xde\xa2.\xfe\xa9\xbf\x1c\xb2\xb0\
'@\xe3\x08&\x7f\xf9p\x04\x90\xbfp\xf8!\xe0\x01\
\xf1\xb7\x12\x04\xcc\xb4M\xa7\xbcG\xea\xfc\x87\xf9\xaat\
\xc3hUJi]\xc6\xdc2\xe1}\x00\xe1g\xc6\x9f\
\xd7\xfb\xbc\x038\xfd\x04\x89\xbe\xc0!\x19?\x0c\x9e\x91\
\x7f\x96i\x00D\xf9\x8c\xe4SE\xd5\x01\x8c\x04\x1b\x98\
y<G\x02\x94_(A\x85gA\xc54\xd4o,\
\x89bV%\x83Y\x95.\xfc\x1bO\xcf*p\x9c\x94\
Y\x95(&5}\x89\xc6\x88\xb7\xeeS~,u\xd5\
x\x04\xd0 \x9d\xf4*\xe8\xd4#\x80\x0bP\xd48e\
G\x15,\x86\x08_\xf5\xfe\xc4\xc7\xc3\x9a76P\xdd\
\xce\xb7eV\x01c\x02\xa0T&V\xb3\xca\xac\xe6\xdd\
.6\xf5^\xbbr\xcf\xb1\xf2\xb5\xf5\xda**\xba\xcb\
\xb2&l6\xa8\xad\xb6z\x0f\x98\x9bUA5F\x9b\
\xed\xec\xfd\xe5Oj\x06\xec\x18\xf8Q\x81\x07UXM\
[/\x97\xf5\xfe\xab2\xaf\x00\xb3Z\x02\x14\xf5^U\
J\xd9J\x056\x97$\xb2\xdbT\xc9euW\xb6\xcb\
\xbb\xb2\x99\xdf\x95\xf9\xfc\xb6\xcc\xef\xe7\xf5\x19\x90Z\x00\
\x95\x95\xa4\x22\xa9\xd8\x82\xd9\x1b`\xe2yR\x8a\xe8\x00\
\x83\x19\xb3\xcbI\x8d\xd6\xa4\x93\xd6\x01\x94\x90N`\xec\
\xca\x0f)A\xa0#\xa0\xe8\x80K\xe4\x1d\x9e\xb7u\xc2\
\xc0\x0f\xc1\x86\x96\xf33\x0a$\xb6!\x9d\xa8\xcd\xf8\xcb\
y0\xfeHW\x88\xba\x14\xed\xa6w\xc3\x13`q\x04\
\x91\xbfl8\x02\xc8_8<\x0a \x8f\xa45 \xa1\
\x133\xff8\xb3\xc7\x11\xff\x04 \x09\x12\xedy\xc3\xb0\
U&A\xa2\x0b\x18No\xf2\xc2\xde\x90`\xa2:*\
\x03\xb6\xe1\x18\xf5Tk\xd70\xa8\xec\x97gD\xbf_\
W{_\x83F\x07T\xf85\x06\xf1(\x13\xf5\x08D\
j\x1c\xbb\xc4\xa82\xfe\xd1xZ\xa5\x86i\x95\x1e\x00\
\x89\xb32\xa8`\xd1\x1f\x9d\x94)\xe7U\xea(\xbdQ\
\x8d#qPv\x5cf\xd3ae\xb4\xa8wJ\x95@\
|O\xf8\x01\xc0\x01#\x84\xa1\xf1\xeef\x90E\xa0\xc2\
3a\x18\xa7 |J\x06\xf9\x9dG\xae\xa3\x09\xef\x05\
`\x0c\xeasT\xf0\x1a\xf5\xcb\xc5\xb4/\x00\x01x`\
L\xf3\x0a\x22UH)#\xea\xa9\xa9\xf3\xb5\x19\x1e\xc0\
\xb3\xac\x0c\x1c\x89d\xb3f6\xb7\x996\xef\xae\xd1y\
e\xbe=\x18`\xc1.\x83\x1a\xd0]mX\x8f\xbc\x0f\
\xcc\x92}Lh\xdbE\xbd\x07 \xc23\xf7\xb0\xd9T\
P\xe6\xde\xe3\x11\xea\xc5m\xb9\xb9]\x94\xab\xab\x0a\x1e\
Wo\xca\xfd\xf5\xebr\x7f{Un\xde~_\xde\xbc\
zU\xee\xef\xef*\x90TI\x05uZH6\x1e\xcd\
\x9b\x017\x0c{\x1b\x12U\x00\x01\xf9\xa8\xc9R\x1a\xc1\
\x8e\x93 \x92\x00\xd0H3\x99\x1e\xea\xac\xdd\x9a\xb8\xeb\
lUX\xfbe\x0db\xc4m\xef\x11\xa3\xef\xe6\xc7\xb9\
@C\x88\xd0M\xef\x02H\x0b(\x09\x0a:\x0fP\xd1\
\xf9\x0f\x00\x91#\x80\xfce\xc3\x11@\xfe\x82\xe1C\xc0\
\xa3\x01\x89\x064`\xc21\x0bA\x00\xe1z\xccp\x05\
#\x0dXt\x81\xa2\xc9\xd7\x0f\xb5\x8d\xcf]&\xec\x11\
H\x12\x016\x96\x18\x0c\x009\xf2\xd7O\xcc\xfe\xa0l\
#e\xb4@b\x10\xb1\xba\x0c\xa9C\xe5\x00\xb6\xb8N\
i\x092\x01\x16\xba\x0fGF\xfe\x18\xae'\xe3\xfa;\
)\xe3\x0a\x10\xe3\xd9ie\xa4'\xa5?>\x93\xa41\
\x99\x92~R0f\x9f\x9e\xce\xca\xf3\x8b\xa9\xee\xb1\xa8\
\xa3}\x18\xfb\xa02S\x18\xf5\xf5m\x1d\xa9\xc3\xd8\xea\
\x0f\x80\x80a\xc2\x14\x00\x15\xec\x10H2\xdc\x1b\x06X\
t\x14\x1eK\xfd\xb1\xae\xcc\x8c|\x00L\xd7OFj\
s\xa4\x89\xfc.5[\xea\xc2\xe9l\x5c\xceN\x87\xe5\
\xfct$\xe9\xa4\x0a)\x15\xb4\xfc~0\xe2\xe5\x06\x15\
UM\x1b\xd4\xf8\x020\xd9\x8a\x89\xf1\xa5\x00\x96\xd5\xca\
L\x9a\xfaa\x8c<3=m\xa8\xefd\xf5\x97\x00\xbc\
\x9e#\xcc\xf8\x9c\xb6\x8c\xa5e\xfa\x00_O6\x99\xb7\
\xb7\xab\xf2\xea\xcd]\xb9\xbd\xbd-\xd7o\xae\xca\xed\xcd\
U\xb9z\xfdMY\xdd]\xd5\xfbU\x91l\xb7\x163\
\xdfm\x90\x5c\x16U:\x99\x0bPx\xaf\x07\xc6\xf0d\
\xda;\xd4]\xe4=\x04\x8eFjA\xcd&0\x08\x09\
&\xf2\xed\xa1\xb5\x0b\xfb\x89\x7f\x92\xc0\x04&\x9d\xb2\x01\
.\x96T\xac\xfej@\xa2\xb9_\x07\x5c\xf4\x8c\x8e\x1b\
XxL\xe7\xb3\xdc\xcaf\xe76\x14\x84\x08@\xc2\xf9\
\xb7\x0b&\x87\xec\xec\x11\xc08\x82\xc8_.\x1c\x01\xe4\
_\x10>\x0402\x08\x08\x04\x10\xce\xdf\x938\x1a \
\xe8\xe4%XP&\x98\xb2\x98s\x00J\x82\x8c\xd2\x1a\
{D0\xfc\x06\x08\xc8O\x80\x80\x99\xc3\xfca\xb0\x01\
:\xfdPO\x91O\xf9Pa\x91\xd6\x9cG}\xad\x94\
\xd1J\x1b\x06)@\xa8{\xbf\xf8\x0d\x902\xc62r\
O+XX\x15u^F\xd3\xd3:\xca\x9eU\xe0\x98\
U\xe68T}\x18\xb6\xc7\x15\x5c\x06\x15<\x90,x\
\xbe\xb3\x93\xb1\x08\x13\x1b\x03\xf9R\xb7T\xc65_\xac\
TVF\xec\xc5\x22\x18\x13ld \x95N\xd9\xae\xeb\
}&\xbaF\xc0\xd1\xb3\xcd\x02f\x0ac\xc7\xba\x84D\
\x80g\x14\x00\xd2\x1f\x8e4*\xc7&2\xae\xe7\x06\x9a\
\x9d\xc0\x09\x09\x80Or:A]V\xaf\x9b\xe0\xcdU\
\x81L\xe0`P\x00$\xb9\xffz\x85D\x11\x9fw\x87\
\x97\x16OO\x9a\x01\x0a\xb0Y\xc3\xe7bTO\x1b#\
\xe5\xc0\xa4\x01\xd7q\x95\x82\x04\x82\xf5}\x00\x8dq\x95\
\xd0\x16\xf5\x1d\x99\x96\x09\xa8\x8c\x87\x06\xae\x7f\xfe\xf2\xa6\
\xbc\xf9\xfeu\xf9\xfe\xeb\xaf\xcb\xfd\xdduY/o\xcb\
\xf2\xfe\x86\x9b\x96A\xaf\x02ae\xe0\x1c\xb7\xdb\x95l\
*\xb4\x11F{\xec.)UX\x15\xd5\x01\x8d`\xe4\
\x8d\xb4@[w\xe2\xb6w$\xd08=\x8f\x96\xfcR\
\xca\x08\xd0h\xcaf\xfd\xf1\x8d\x1a \xf2\xfd3\xad\x91\
P8\xf2/\xae3PD^\x80\x0cD\xe12\xfb\xa0\
\xd1\x80B\x96}\x8a\xad=\x02\x1eG@\xf9\xf3\xc3\x11\
@\xfe\x05\xe1C\x00$A\xe2Q\xf0\x10#O\x10\x81\
Q\x98\x09\x93\x0e\x13\xd6\xd5\xc1\xc0\xbbi\xc9\xa4UO\
2\xf0\x00\x84\x16\x08\x18\xddfZWM\x05\x88$(\
\x04 \xa8\x9c\x7f\x09&\xfb\x00\x92\xf9-\x80\xb8.\x03\
\x07y\xf2\x92\x92\xc7\x13`\x80\x1a\xeaT`!\x09c\
r&\xa3w\xbf?\x96\x8a\x86\xfb\xa1\xa6\xe9\xc3\xb4v\
\x00\x83\xdb\x00B\x94+.j\x9e\xc9L\x1d\x9b\xe6\xc1\
\xeb\x8a\xe3\x16\xf5Q\xbd\xe7\xd9\x19y\xa5\x8e\xc8\xef%\
ML*`\xf4*\x18\xc96\xb0\xc0v\x10\xc6U\x18\
No\x8bv\xc6\xed\xab\xfbZ\x92\x82\xff\xc8\xd5\x17i\
D\xea\x9c\xad\xdd|\xc7C\x8dvy\x8eI\x95BF\
\x03\xea\x1f\xd4\xf7\x19\xd5x\xaf,*\x0a \x8d`p\
\xc7\x1e\xc3\x93\xf7t\x8fx\xd6\x00\x14TZb\xda\xba\
\xb9m%z\x8cz\xdf\x04\x9d]\x1dA\xcb\xb3\x0c;\
\xce\x18\x90tW\x9c\xce\x86\xe5\x045\x9a\xb6\x146\xa3\
\x1c\xf6\xedE\xf6\xf5\x9bE\xb9\xa9R\xd8\xd5\xdb\xebr\
wwW\xdbd#5\xd6\xa6J\x1d\xfd\xfa\x1cww\
\xf3\xda\x0e\xf75^\xc1rug\x1b\xca\xfa\xbe\xb6\x0b\
F\xfa\xa5m-\xf2\xf4Z\x99\x99\x8bA\x1f0\xfb\x00\
\x85n\xda!xXz\xe9\x96k%\x8f-\x9eg\x1c\
\x13\xb0BJl\xef\x93\xe0d\x09\xc5e}\xec\x02I\
\xd6\x07e\x08P\xa2\x8e\x04\x14\xd1\x0c\xc7\x00\x8cC\x10\
Q\xf4\x90\xbde\x99\xbd\xa4\x87i\xc7\xf0a\xe1\x08 \
\x7ff\xf8\x10\xf0\x10\x00(y\x1f,\x0c\x1e$\xc9\xca\
\xaa\xf3T\xf9\xe8\xc8\xbfPI1bN\xbb\x84\xa4\x83\
\x1c\xed\x07\x03\xdfg\xf6-s\xdfg\xf6\x1c\xb1y$\
\xc3\xef\x87\xe4\x90\xd2I\x0b\x10\xfb\xd7YB\x90\xb1\xbc\
IO q\xbd\x00\x06#~\x19\xbf\xc7'err\
^\xb9(v\x8b*e\x0c\x91\x22(WG\xf6\xa8\x8e\
d\x13\x80Y\xf8\x9d\xa5f*\xb8\xbf\xba\x133\xd2\x86\
\x1a1\x82kn\x06\xefW\x99<^N\xa8~\xe4\xad\
U\x9f\xc9\x06Z\xda\x0f\x00\xb0\xc7\xd6\xb0\x82\x0c\x0c[\
s,4\xca.\x8a\x8b\xbai\xc6\xca\xacxO@\x82\
\x8b\x87\x95i\xab\xed\x07\xe3\x90\xc2\x06\x02\xa7I\x956\
\xa6c\xc7\x91HP\x9f\x9dL\x872\xbc\xcf\x17\x1bK\
-=\xa4\x9fu\xcd\x1f\xaaj\xd4U\xcc\xf3\xc0r!\
\xe9\x06\xd5\x0f\x22\x07\x0f\x19\x0c\x10e\x0b\xf7\xa8\x0f!\
\x86\x0a\x00\xf1.H4\xbc\xd6dj\x90\xe4\x9aY\x05\
\x90g\xa7\xf5\x9e\x83\x96\x9e*v\xa8~\xbc\xca\xeeV\
\xbbr}\xe7\xd1\xff\xbc>\xc7\xdb\xb7\x154\xe6\x8b\x82\
\xc9\xe4\xed\x9b\xeb\xf2\xd5\x97\xdf\xd4\xf3y\xb9\xbb~-\
\x09e\xb7\xc6\xf3`Q\xf0\x17\xabO'U\x17^_\
\xb8\x10\xe3\x8a\xdc\xaa\xba\x12,`\xe2\x9e\xb7\x22\xc6}\
\x00\x12\x06\x10\x18y\x00\xc4\x16W\xe6\x90H\x12\x10\xf8\
\x0eJ\xcbz\x5c\xe7>\x10E\x1c\xa0\x8fs\x81\xcc\x0e\
\x9a0\xad\x18L\xb6\x96\xdc\x04\x12\xfb \xa3\xff\x1d\x10\
!4\xe7JSJ\xd3\x8eQ`\xff<\xc2\x11H~\
x\x10\xc9\x1e&\x1e\xc3\xbb\xc3\x03\xf0887l\xb8\
q\xa5G\x91f\x1c\x06i\x09B\xe51\xa0\xf6[C\
\xb8\x7f\x00\x05 \x81+o\x00\x07\xa3\x7f\xd2ar\xa4\
\x05h\xe4\xc4\xbcd\xf2\x02\x9f`\xee\x83\xb0Sh&\
\xb8\x18o\x1c\x83\xe9k\xd2\x1cG\x19w\xb9\xdey0\
\xd2\xca\xe9e\xe8\xd6=\xc4XQ}\x01>\xd4m\xdb\
\x89G\xeac\xd9-\x86\xd3\xf3\xcaT\xad\x96\xaab\x83\
\xe6dH\xfa\x89z1\xf0\x8a\x99\xd0\x16b\xfct~\
:6Lf\x1d\xcc\xdb\x06\xfd\x02\xf3\xa8lR{}\
\xefP\x0f\xf1\xdc#\x81\x81\x98\x7f\x80\xb0\xf3\x86\x92:\
\xa8C\xed\xd6\xf3\x04@$\x12Z5M\xd8\xd3\xf1\xc4\
\xde_\xd1\xb6\x00\xd2\x16cs0+\x9e\x8b4@\x08\
\x86>\x9dN\xca\xe9\xe9\xd8j\xc3\xfa\x9bT\xa09\xbf\
\x18\x97\xb3\x93Q\x8d\xf7\x05.\x92V\xc0\xb2>\x12\x09\
@\xb5\x95\xad\x06i\x80\xf7C\xc5\xc5OxW\xbf3\
^U\x83z\x94\xb1\x7f7\x90$\x22\x19\x09\xd0\xaa\xc7\
Q\xads6C}\x06\xc8\xf4\x04ZH9\xe7\x13\xde\
\xa4\x94\xf9\x0a\xe3=**\xdb-\xbe\xabR\xc8\x9b\xab\
\xfbr_%\xb0\xbb\x9b\xeb*q,\xea\xfdC\xaa\x08\
PX\xe2\xfa+\x95\xddZ\xee\xc0\x9a\x87\xb2[\x8b\x1c\
\xf5}j\xbc\xb7\xb3\x9ak\xb5\xc4mx.@Az\
k\xa4\x10\xd93\x92\xe9\x9b\xd9\xa3\x22lf\xdf\x0bx\
\x82\xf1\x87D\x22\xcf\xb1m\xaa\xc0Z\xa0\x01\xa4\x1a\x00\
Ii#\xc0\x856\xeb\xaa\xb7`\xf0\xb6\xb3\x04\xbdt\
\xa5\x13\xc0\x86\xfcH\xf3\x8e\x90<3\x8d\x9apAY\
b\xa1\xf2\xd2I\x82I'\x1c\x00\xc6\x11@~x8\
\x02\xc8\x0f\x08\xef\x03\x0e%%x\x08$$K\x183\
\x028\xcc\xec\xa2\x0cL*\xc0C\x0c;\xaf\xc94\x8d\
\xc0c\xe4-\x89!\xbd\x9e\xc2\xe56\x8f\x92V:R\
D#]t\xce\x05 \x06\x82\x94\x1e\x9a\xbc\x90N\x9a\
<\xa5q\xdf,\x0b\xb8\xe0\x09\x85!|&#\xf8p\
r^A\xe3\xb4\xec\xaa\xb41\x1a\xcf\xc2\xb3\x88\xf7\x04\
\x18\xe9\xb5=1 \x999+SY\xcc\xefb\x9e\x05\
\xea\x1c\x18+\x8cG\xc8\xa0w\x05\x5c\xe0\x02\xbd\xe1\xd4\
\xef[:\x06\xf1\x9e\x17h\xcc\xba\xb4\xc4\x88o\xa1T\
\x19\xf0\xfb0\xfd\x90\x98\xfa\xcc\xcbXk$K\x1d0\
\x1a\x80\x0a\xbb\x08\x92\x0d\xf7\x85\xb1'\xf82!\x11I\
J\xd7\xa3\x8a\xab\xf5\x8e\xc6H7\xd8<*hTn\
~2\x1b\x97\xd3\x99'\x1bb\x0f\x99\x8eze6\x8c\
g\xaa\xcf\x82\xab\xaf\xe6~\xd4\xf8\xcd\xfdVsB\x00\
\x0c\xc0\x10W\xdb\x01\x0c\xaf2\xd1U-\x804\xc15\
\xab\xad\xbf5\x92\xccr\xb1\x12\xe3\x07\xec\x00\x95E=\
\xd7\xacvM~df\xfd@*\xba\xbb\xdb\xbbr\xbf\
`^I\x95:\xa4\xc2\xbaWe\x1e\xd5#\xd5\xf4\xf4\
\xfc2\xac\x8by\xfa^rA\xaeR\xc8f\x87\xc7\x1a\
\xe5y\xde\x95@\x04uW\xbf\x1e\xd7U*Ar\xc1\
n\x02\xe8\xc9\xbe!Fm\xc0M\xb7^\x03G\x02B\
\x82I\x94\xc9\xb4\x06\x5c\x90x\x5cO\xb7\xcc\x9e\xfa\xaa\
[\x8f\x80\x22%\x92\x00\x97\xb8>\xc1\xc3\x80\xa3\x17\x88\
t\xbf\xa8%\x0e\xbf\xb0\x8e\xfa\x1fyt\xb8\xcc?\x0c\
\x8f\x00\xc7\x11L>,\x1c\x01\xe4\x03\xc2\x03\xe0p\xe2\
a\x8a\x98Y\x82\x00\xc1\x12G\xe4%@\x10\xe7\xc8h\
\xbe\x99\xc3\x91\xc7\x0ex\x04\xe3\xf6h\x1e\xd5G\x0b\x1a\
\x8d\xbd\x22\x01\x06]\xbe\xe2\x91\xde\x94\x0dP\x89\xf4\x16\
D\xb2\x8e`\x98QFuw@c8\xc0\xc8\x8c\x0d\
`jic|V\x19\xfcI\xd9\x0dc\x9e\xc6\xa8\x8e\
\xee+\x93\xed\xc3\xff\xd5\xb9\xfb\xd1\xe9=OB\x92\x02\
\xef\xbaaT\xcc(x%\x03ua\xf9\x8f\x82\xdb*\
\x8c\xbd\x02O\x95\x1e\x0c,\xb6\x09h\xe4X`\xf8\xbc\
\xf7\xa427H\x94\xfa7\x92\xcc\x904`\x90xe\
\x19\x80v\xaa\x07)\x04\xa9\x84\xd9\xe8\x1aEG['\
P\x08\xe4v^\xb9wP\x90\x0azU\x82:\xd35\
\xa3!\xedbi\x84eNfg'RW\xa1b\x92\
}\xa7\xd6uz6\xa9\x92B\x95\x0e*p\xbc\xe0\xe8\
I\xfcM'\xe21\x01\x07m\xd3\xf5\x04\x00\x00 \x00\
IDAT\xdc~\x91\x1ar\x9e\x04\xcf)\x86Z\x01\
\x02\xc6\xb4\xde\xf6\xe5u\xb5X\xa3\xf2\xf1\xf5H0\xcc\
z\x07d\xc5\xbc\x00<\x90\x96oFk1\xe7\xa3^\
\x0fx\x10\xefma\xfc\x18\xe1W\x9a\xa4\x88$rw\
\xf5us\xcf\x1e*+\xd4s\xb5-\xfa\xb4u\x01\xd0\
\xd3\xb1\xd8\x12,Lz\x89\xd4\xb1\xe6[\xac\xea\xfd\xb6\
e\xd4\xaf\xcf\xb9\x02H\xee\xcar\x8et\x82T\x12\x8c\
\x9f\xf6\xe7}\x04\x00\xad\xb4!\x15V#\x81t\x00\xa5\
\x034]o.\xf2\xda\xb2\xae\xab\x91@\x044\xae+\
%\x92&=\x8e4t\xc6\xbb`B\xb0\x94\xe26\xc8\
 \xb7fg\xbam\x89\x1e\xb2\xbdG\x00\xe3\x08\x22\xef\
\x0fG\x00\xf9\x80\xf0\x00@\x0e\xceS\xeaP\xbc\x0b\x14\
\xa4\x0b\x14\xcce\xd2\x18\x9e\x1d\xd8\x00\x11R\x05\xe91\
z6\xd3KPqZ;\x99/\xca\x04\xd3wzJ\
\x13\x01\x0e!\x81(\x0f\x95\xce^~\x80I\xd4\xd3\xda\
?\xfc\xe3\x9e0MyPM\x99\xd4wZ\xcf+h\
\xd4\x11\xfe\xa6\xb0\x8e\x14\xcc\xb8\xd63\x9a\xaa\x0cuX\
\xc5\xb0\xd6\xbbm\xb7v[u\xdf\xdb\xd8\xd5S\xa0\x82\
\xfa\x83QmO\xdeP0>-\xf3\xc1O\x1d| \
\x9b\x09*\x09l \xe0\x8c\xdaPun\xe1\xa3\xa6T\
$\x12\xb5-\x9c\xd7\xcb\xac$\x01\xcbg\xa9\xbe\xab&\
\xd1\xd5\xf3\xf1x\xaa6P;\x00\x86\x83\x902h\xf3\
-\x92\x0c*#\xd6\xc1\x0a\x10/H,U\xca8=\
\xab\xef\x8e:\xce.\xbfrA\x1e\x0f\xca9\x00r:\
*\xb3Q\xbf\x5c\x9e\xf6e\xa3\xa8\xc9\x95\xe9\x02h~\
<\x00\x01u\xd3\xd5\x12\xd5V\x956p\xef\x85!\x02\
\x0c12G\xbd\xbf\xae\xed\xc0\xdc\x8f\xe5\x06\xac\x18\x08\
X\xfd-\xac\xc2B\x02B]\xc6{\xdf\xde\xaf\xcb\xed\
m\x95\x0a\xeau\xb7w\x15Dnn\xcbfa\xf5\xd5\
\x8a\x99\xec\xf7\xb7\xb5\x9e\x8d\x0c\xe9\x1b\x96K\x09uQ\
\x0f5U\x80\x1fR\x0d\xeb~\xe9{\xd1R}\x00z\
\x22\xd7g(2UN\xd4\xb1\xdb-\xca\xb0\xc7s\xd7\
\xfa\x96\x15L\xee+\x98\xac\xaa\xf4\xb2\xe4[\xa2\xc2J\
\xc9\x81\xef\xd8J\x10\xadDb\x95U\x17H\xd2-8\
%\x90\x94R6\x80R'\xdd\xaa\xb0\x9c\xa3\x12i\x0d\
\x88\x04pp\x0e\x81u\x00$\xc1$\xd3\xf2\x07!&\
X4\xe7\x01\x0cG\x10\xf9\x97\x87#\x80<\x11\x1e\x80\
\x86\x13\x0fS\xd4\xf9\x9e\x92:\xd4g\xfb\x1e\xa6\xca\xfb\
F\xaa\xa6\x04\x10\x8f\xf2\x95\x17\x0c\xbe\x997!\x09\x04\
\xa6\xd7J\x1b\x0dh\xe8\xba`\x8a\x11\x871\xa6}\xc2\
\xe7,$\xb8\x0f\x0c\xed9\xea\x90\xbe\xec\x1bY\x97F\
\xe7\x8cx\xebu,\x192\x99\xb1DH\x05\x8e\xd1i\
\x85\x80\x91:\x91\x18x\xb8\x0a#\x05\xecz#-5\
\x82{0o\xce{\xc1\x8c\xc4\x18\xb014\x9d\x95\x81\
\xae\xb5\xfe\xfc\xd7XP\xcc#fQ\xb38!\xaa\x14\
\xb5\x13j\xb0\x9e\x9eM\xdd{\x877\x93\xbd\x98\xb8V\
\xc0\x05\xaf&\xadg\xc9\x09\x06/\x1b\x90\x80\x98g\xc3\
H\xbe\x11\xc3\xe4\xb9`.\xbc#\xccR\xef,I\xc5\
\xb3\xd6\x07LOG\x0e$\x8dv\xd1B\x8b\x8c\xdaY\
gk\xa0\xf7K\xc9\x05\xc36n\xbd\xd3)\xf3CF\
\xe5d\x86\xdd\xa4W^\x9e\x0c\xca\xc5\xc4\xbc\x87\x8e\x04\
\x80\xe0\xe5\xfb\xfa~+u\x16\xd2\x87~\x80&\x12F\
\x95\x22H\x07\x5c\xe6K\xcfv_m\x90<\xf06\xe3\
\xfd\xad\x22\x1a\x8cY\xae\x85\xb5\xb9X\x8f\xcbL\x92\xef\
}w\xbf)\xf7o\xdf\x94\xc5\xed\x9b2\xaf\x00\xc2\xe2\
\x8c^7k\xad\xf7\x95\xa7\x15K\xa2P\xcfzQ%\
\x91\x8d\xe8\x8a\xe7\xb3]\x0c:1\x9d\xd1^,\x0b\xa3\
Y\xf9\x0c\x12h?\x0c\xecZ\x97k)\xf5\x16\x92L\
oW\xcf\x97we~w+o.Tm)]\xd8\
\x80\xdeJ\x0a\xbcc\xa6\x03\x0e*\x17\xbf\x04\x18I4\
\x02\x1e\x0f<\x1a@\xd9\x86\xe4\x9a\xc7\x90x2OR\
\xa5h\xcc\xd7\x1a,Z\xc9\xc4\xa0A\xb9\x00\x0d\xcan\
\xa0\x9f6\x1c\xa5\x91\xbfl8\x02\xc8\x13\xe1\x01\x80\x1c\
\x9e\x93\x14L\xaa\xc0\xdc\x89\xe9\x7f\x80\x09\xe0\x81\xf2\x01\
=\xb8@\x22F\xb9M\xe7M\x09$\x19y\xe6'h\
\xb4\xcc\xbd\x95\x14HK)\xa3\xa3\x8aj\xe2\x06\x8e\x06\
\x5ct\x8d\xf5\xe76\x9c;-\x01\x83\xfb\xc9\xb6\xa1\xd5\
i\xbdl\x88T:Cf\x81O\xcc\x98\x0b\xfc\x1eI\
\x01&\xdf\x17#\xe4\x88\xed\xc3*.{3\x95d(\
\x94-\x10\x95\xe78h\x04\x99\xad%i\x22F\x9cH\
 t~\xfa9L\x8eR\x80\x08*\xa6P\xafP\x8b\
\xd6\xaf*\xe1\xa1%)\x81\xf6\xa3\xcd\x01\x02\x03\xb4<\
\x9cz8\x1e\xf0\xae\x1e\xd1\x03FRc\xd0\xd6\x02\x98\
h\xcb\xf8N\xaa+@\x17O1f\xba3g\x05\xa7\
\x82\x11sRF,\xcah)\x04\x97\xe3\xc9t(;\
\x08\xf35\x98\x5c\xf8\xfc\x9cI\x88\xa5\xbc\x98\x96r:\
\xb2\xc4\xc4{\xa2U\xabBBy\xb3`\xf4\xed\x89\x85\
,\xc6\xa8E\x17Wf\xa4\x80\xccR\xcb\x960\x19\xd1\
\x92\x08o9\x9c\x00`\x03\xa9\xf3\xb0\xdd\x9c\x9e\x8d\xaa\
\x84\xb1,\x0b\x19\xe4\xb1\x8b\xac\xcb\x9b\xb7w\xe5\xea\x9b\
\xef\xca\xe2\xeeu\x95\x08\x96j\xcf \xbc\xca\xe4\xe7M\
\xfbK\x0a\x13\xa36\x98\xdb\xa5\xd8\xc6|9\x0c\xc8\x83\
m\xa4\xb6\xd2\xbc\xfb\x11v,\xde\xb7JX\xa7\x17\xca\
\xab\x17W\xf0ZxM\xae\xc5M\xd9-\xaf\xcb\xf2\xbe\
\x82\xd7\xdd\x95\xa5\x12\x8c\xf3\xb1>W\x0b(f\xf6z\
O\xa9\xbe\x02@\xf6\xc0\xa4\xb5\x85\xec_\xd79\x8fk\
\x98\xa0\xd8\x18\xf3\x05*)\xfd$\x88XZ\x01Ll\
S\x09\x10i$\x92G\xa4\x11\xfd\xef\xe4\x05\x85>\x08\
\x1d\xd08\x02\xc8\xe3\x81\xaetl\x99\x83\xf0\xc1\xe0\x11\
@\x81D\xe1#\x7f\x120\x1co\xd4V\x1d\xc0h\x97\
\xf9\x80\xb1\xd5t$\x8d\xc6\xf6\xd0\x01\x0d\x1d\x1d\xf7H\
\xbb\x95,\xd2\xc6!\x06@|`\x09\xc2\x80\x92\xd7\x86\
M\xa0\x01\x13\x97g\xe4\xe9\xb5\xa7\xecI59\xa9\x0c\
\x03\xa3x\x7f\x22&,\x86\x8c\x11\xd6\xecV\x1d\x15]\
9L\x1cI\x04\xb7P\xec \x18\xbc\xf5\xfc=\xca\xa4\
g\x8c;\xa6\x18wtj\xbbd\xd2>\x1e\x15KO\
_\xac\xfaR\xdb\xd2>tc(\xb1\x87\xf4Ql\xf4\
\xedcS\xa9\x12\xc4\x96\x09\x17\x82\x11\xb7\x8b\xe2=K\
*;0\xda^Y\xbb\xfa\xfch\xf95\xe3B\xe5x\
g\x8f\xbe\xa9\xb7?\x04\x14YZ\x84vI\xa9\x8d\xb6\
\xb1\xadG\xb6\xa0\x9e\x97\x1a\x19\xb1\xdc\xfb\x105\x12\xd2\
Im\xff\xf1\xa8\x9c\x9dT\x06[\xa5\x8e\xd3\x93ay\
y9\x91A\xfd\xd9\xb4W\xceF|O\x98v+\x81\
,\xea\xc9\xed\x92\x19\xe6;\x01\xc0\xdd\x1d^Q\xb8\xf7\
\x9a\xa9j.\xc6j\xab\xc9\x82\xf35\x92\x8a\xbd\xb9\xfc\
\xce\x95\xc9\x8f\x91\x06\xc7\x92\xe6X\xad\x17f\x0e\x13\xbb\
z}U\xae\xdf\xbe\x15\xe8.\x17\xcc\xf3`\xc5_\x98\
-\x80\x8d\x14b\xa6\xca\x91\xc9\x84\xfe\x0eVQ!\xf1\
\x01\xdeHX\xb4 \x80\x81\xfdH\xcc\xb1\x96\xc3\xc9\x80\
\xf9:\xa7\x17/\xb4\x9c\xcc\xect\xa6\x85,\x91*V\
\xcbE\xb9\xbf\xb9\xd2b\x8f\xbb\xd5mY\xdf~_\xee\
\xae\xbf/75\xed\xfe\x1e\x97`\x988\x8c>V,\
\x0e \xd8\xc8\x88\x1e\xf1.8\x84\xe4\x81\xbb\xb3\x06\x15\
\x01 \xad\xb7V\x96m\xed*\x92V\x1a\xa9\xc4\xf7H\
\x89$\x81\xe5\x81\xad\x84\xf6\x10\xa8\xfc\x19 \xf2\x08h\
\x1c\x81d?\x1c\x01\xe4 <\x00\x0f'\xee\x9f\xaa\xd9\
H\x06\x10\x12D\x0e\xc1\x83\xd1=\xcc\x0b\xa6\x97\x80a\
\x15PJ$\x8d\x94!\x86\x0f\xc33\xb3j$\x10\x98\
~H\x17\x8dQ<@\x22\x81#\xd5U\xa8\xa5R\x02\
Io\xabV\x1a\xe9\x94\xefc\x14\x1f\x97\x93\xd3\xf32\
\x9a]\x962<5c\x15C\x1e\x9a\xb1\xa3\xc6\xa8\xa3\
Y\x98\xdc\xa0\xac%e\xb0\x98 \x9d\x9e\x11,\x1d\xba\
\xc8\xeb\xc9{lp\xbd&\xca\x89)X\x1a\xa0\xf3I\
\xddT\x98'\x81\x91\x16\xc6\xc2Y\xfcj\xf94tJ\
\xc5\x12 \x03\xf8\xc9H\x0e\x13\xe0zMx\xc3>`\
\xd5\x9b\x99\x1f h7h\x83\x83\xdd\x91\xf5Yh\xdb\
\x00\xa6\x04m2\x80\x15\xd8\xaa\xfe\xd6\xf4\xe1xj\xc3\
9\xa3\xf0*m\xc8\x95\x97I\x90#\x18\xe9Dkq\
\x81O\xcc?\xc1\xcd\x16\xbb\x10.\xbd#\xd4J\xc3~\
\xb9\xc0\x162\x19\x94\xb3i_\x93\xfe0\xac\xd7,y\
@\x01$\xab\xfa\xbbY\xee\xca\xf5\xfd\xb6\xcc+B\xc8\
h\x0e`h\xf6<\x92\x0a\x8b)\xaeetGu\x84\
w\x14F\xf4\xc9\xc9T.\xbd''\xa8\x08\x07\x92`\
\xe5\xadV\xaf\xbf\xbf[\x94\xdf\xfd\xf3W\xe5\xf5\xab\xd7\
b\xbc\xd7o\xbf\xb7\x9a\xaa6\x02*'\xb5)LU\
\x8c\x11\xd5\xd9\xca\xa4\xabA\x0cIH+\xd0\xdbP\xef\
\x82\xc1^\x80\x10\x8c\xd5\xb4\x83\xda\xaeW\xa6'\xe7\xe5\
\xe4\xfc\xb9&\x84\x9e\x9c\x9e\x94\xb3\x8b3\xb55\xf3y\
n\xafn\xcb\xd5\xab\xaf\xcbn\xf1\xa6\xcc\xaf\xbf\xa9@\
\xf2\xaa\xdc\x5c]\x95\xbb\x0a$\x8d\xa4 \xc9\xc7\x80 \
\x00h@\x03\xc6\x0f-D\x1a\xbf\x9d\xd5{\x06\x9c\x00\
\x90,/\x00\xe9\xa8\xc9\x00\x08\xd5\xbd\x15\xcd\x18h:\
\xea\xab\x00\x12\xa5\x09DsP\x93e\xfc\xae\x09\x18\xa9\
\xeeJw\xe0\xbd\xf0\x04X\x1cA\xa4\x0dG\x00\x89\xf0\
\x008\x9e\x04\x0d\x03\x05\xa1\xb1w4\xa0\xe14\xeb\xe3\
{\xea\x88\xb0,K\x15\x01 bj\x8c\xb2\xedq\xe4\
\xf9\x1d\xa4%\xf3O\x00\x09\xa6\x9fRE\x03*-H\
8?\xc1\x81r\x91\x97`\x11\xa3j\x03\xc8P3\xb6\
g\xa7\xa7\x959\xbc(\xbd\xd1\xb3\xb2\x1bL\x0a\x9f\x1f\
;C\x0f\x837\x1d\x98\xd9\xcf[\xab&\xee\xe7\x95\xd9\
U\x06\xc5$=\xc0\xc2\xa3]{\x0e\xd9\xe8\xcd\xfd\xb8\
/@b\xc9\xc6\xd2\x85\xf8^\x91ZJ\x1d\xbdvx\
\xbd3\xa3k\xc0\x84\xc9v6\x96\xcb\xb0^\x99E>\
\xbbG\xc3\xb5=|P\xa7\x06\xa0rti\xd0`\xa9\
\x11\x03&u\x22}\x98\x92\xcd\x1c\x80\x22\xb59\xdf\x80\
'Ee\xe37-xj\x99\xe4\x01\x91\x0a\x1c}/\
t\x08S\xe5=s\xb3)\xec\x1f\x9a?R\xff\xa3\xba\
:\xa9\xd2\xc7t2,\xb3\xe9\xa0\x8c\xeb\xbb\x9eNi\
\xd3\x0a\x1aU\xfa\xb8\xa8\xf1\xb3Z-Nc\xbc\x92\x8c\
\xe4;{d\x01\x1a\x00\x09\xc6rV\xe1\x9d/X\x02\
\x05O\xac\xca\xdc*(\xacP\xd10\xf7\x02\xe6_\xeb\
=9\x19KM\x88\xba\x0a\xe9\xe5\xfaf^\x16w^\
\xe2\xfd\xf6\xe6^\xb3\xef\x97\xf3\x9b\xb2]2\xbf\x06\x8f\
(o^\xb5\x0dI\x04\xa03\x88[\xf5\x08\x982Y\
\xd2K\x8e0\x0fdkW\xec*q\xce\x99\x9d\xce\xca\
\xbf\xcb\xca\xf87VQ\x02\xdeHa,\x95\x8fd\x0a\
\xed\x9c\x9e_\x94\xe7/?+g\x97g\x92fq9\
\xe69\xee\xefn\xcb\xfc\xae>\xcb\xe2m\x19\xac\xaf*\
\xb0|[\xde\xbc~U\x16s\x0f>R\x9a\x10($\
\x90\x08\x1cB\xb5E^\x80\x88\xed\x22\x1d\x95W'_\
\xf4\x03\xdd\x05\xa0\xb4F\xf5\xac/\xcf\xfd\xb3j+\xa4\
\x94\x00\x97\x04\x10\xd9@D&\xa6\x15\xd1\x05y\x8e4\
\xe0\xf0@\x229\x00\x8d#\x888\x1c\x01\xa4\xfc@\xf0\
\xe0\xa8Qm\xa4\x0b$\x0c \xfa\x09$R2\x09\xf0\
\x10@$\x80\xd8\xce\xd1\xba\xe4\xda\xc5TR\xc6\xa1\xb4\
\xd0\x01\x90=\x89#\x00!]x\x15\xcf\xf2\xcd\xd1\x00\
3\x18\xc0\x10'e2;/\xb3\xb3gUp8\xaf\
\xcf<+\xe8\xc0{x!\xd5N\xb8Z\xdcI}\x82\
\xfb&\x1dg\xd8\xa7#1\xf3\x1a\xdd\xf7\xbd\x98n\x9f\
M\x9c\x98\x94\xc6l\xef-s\x0dX\xfac\x0aw\xb6\
\xb1\x99Y\xe7\xe2\xcb\x96,DTtv\xd89\xef\xd9\
C\x1a\x83\xb1\x01\xae\x96\x1cv;\xaf@K\x07N\xfb\
\x10#\xd1\xb4M4@;\xa4<m\xcf\xb5\xc8\x12\xc5\
\xd2\x12`\xc7'\x08`6,\xb8\xdd\x01\x0d\xea$\x8d\
\xbf\xaaKmm\xdb\x097V\x19\xf2{\x80\x09\x0e\x01\
\x18\xe0\x0d8\xd8>X\xd6\x848\xee\xc4\xd3\x9a\xcf|\
\x10\xf6\x19\xe1\x88\x042\xa9\xc01\xaa\xd7~rfU\
\x16\xcf\xc5\xfd\xe0_2\xa0\xef\x00\xc0R\xee\xabpp\
%\x10\xd9\x95\xc5\xd2\x0b)z\xa9\x13\x98\xe2N\xb3\xc9\
\x01\x1b\xdd\xbf\xbe;v\x94\x15j\xa7\x9d\x8d\xed\xec'\
\x82\xeb\xee\xf2n^\xc1cY\xae+\x93\xbe\xbb~+\
\xa0`\x82\xe0\xba~?\x98\xefJ\x1bXqG3Y\
\xb5\x93\xfe\x00\xb0\x06g\xd4{\xdad\xac\xd2\x05\xd7\xad\
\xd1\x9d\x01\xcc\x05P7\xa3\xe6\xe3h\x0e\x0c\x12_-\
7\xae@rv\xf1\xbc\xccNX\xcf\x0cZ\x9a\xd1\xa2\
\xb6\x91\xf0|\xabz_&$\xde\xbd*\x9b\xc5\xebr\
\xf7\xf6\xdbr\xf5\xe6\xb5T[\x1b\xd6\xe1B\xe2\x08@\
hm \x09\x1e\x07\xf1F\xf20\xf0\xec\x97\xc7\xdeb\
\xc3x#\xcd$\x984 \x12G\xf2$\x8d@\xcbV\
u\xb5j\xae\x90@\xf8/Z5\x0bL\x89\xf8CA\
\xc4I\x0f\xd3~N\xe1g\x0f \xef\x03\x0f%\x05@\
\x90g\x06\x95\x8c\x0a\xc0H\x001\x13\x13\x80\x04C\xcb\
\xc9|]\x00\x81\xb9\xcbx-\x86\xd6U-\x85\xca\xaa\
\x91DB\xfd\x04\x08\x04\x18\xd8\x9ea\x800h\xa0\x82\
i\xd3\x0e%\x93\xf1\xa8v\xf6\xda\xe9''\x97\xb5\xe3\
\xd7\xd1\xe4\xf8\xb4\xe0\xb6\xaaw\xday+V\x00\x01\xd5\
\x89&\x8e-\xaf\x0b\xee\xad\xf2\xc6\xe1\xd9k>+\xbb\
\xc2\x11}\x1fl\xe5\xe8\xf4=\xbf\x03\xe6\xaa\xdf\x005\
\x10\x9b9\x99\xd1K\xff\x5c\x18\xedq\x8b\xad\x80\x0e\xa0\
b\xfe\x85\xd4t\x05\xc3'\x93\xd7\xc4\xad\xddn\x80\xad\
\x9a\x1ec8v!/9\xa2\xb6\xa5^<\x86\x04\xb2\
n;\xca\xc0<$\xf1\xd1\x96\x02\x0b35\xcf\x0b\xa1\
\xed\xeb\xb3i!F\x1b\xa1Q\x7f\x89\xda\xe3[\x1a`\
S*\xe4=H\xc3>2\x90D\xa5\xfdI\xe4\xc6K\
|\xa0\xe7\xc3\x13\x8b\xf3\x0bv0\x9c\xd8K\xea\x19\x9e\
X\xb3\x81\xf6\x12\x19\x83\x01\xc5j,$\x11TY\xd8\
8n\x96\xdbr_\x9b\x1c\xcf+$\x0b\xb9*\xcb@\
\xecU}\xbd*\x00\x12\x8f\xddxi\x07I15\xef\
\xed\xdd\xa6\xdc\xd6\x1f3\xce\xefo\xee\xca\xdb\xef\xdeT\
i\xe4Z\xdeR\x1aYK\xcd\xb7\x964\xc0.\x870\
\xd3u\x95XD\x9f\xb4\xab\xe8\xa2J\x17\x00\x0c_\x86\
\xef\xc9 \x81\xe7\xab\x8c\xbfr}\xd1\x84\x5c\x89\xf5\x09\
h/$5\xda\x1e\x0f\xb6Xv\xbfJ%\xd3\xd3K\
\x19\xd9O\xce\x9f\xc9S\x0d;\x1am\x7f\xcb\x1a\x5c\x18\
\xd5\xe7\xb7eu\xf3MYa#\xb9\xfa\xbe\xdcV\xa0\
\x93\x8dD\xfb\x96$\x88$P\xb4\x92\xc7\x1eXH\x22\
!\xce{E\xfa\xd6\x12\x88$\x9a\xa6\x9e6\xde\xaa\xae\
\x5cVi[\xd4\xae\x91\x07h(\x9e@\x02<\xf8\x98\
\xc0\xd0\x02\x8b\xcf\x1b\x8f\xadnx\x040~\xce \xf2\
\xb3\x05\x90\x07\xc0\xe1\xc4\xfdS5\x0f\xfd#$\x0e\x01\
\x87\x8d\xbctt\xcf\x98\xce\x11p+]\xa4\x14\xb27\
\xb7C\x00b`H\x09D`\x22\xa0\x00\x0c\x0e\x01\xc4\
\x1eR\x0dHt@ER\x07\x0c\x8f\x11t\x02\x8a\x8e\
Ng\x02\xdc\xec\xe4\xbc\x8c\xa7\x17\xa5\xe0\x8a\xdb\x9bJ\
M\xa39\x1c\xac1\x85x\x8f\xfb\xec\x8e\xc9k\x96*\
\xcc\x88\x98\xf9<\x07/\xd4)`\x8eK\xcd_\xf0r\
!\x92\x02`j\x94)\xac'\x85\x0a\x88\xc9\x84\xdcs\
\xa6\xe75\x83\xa2\xad(\x01T\x0cC\x02(R\xd3\xe4\
,p\x98\x83\xf4\xf1\xb4G\x8f\xf9r\xb4'#c\xab\
\xba\xd2-Y\x99\xbbP\xf7!\x80H7\xc6:Y\x9e\
\x03\x22\x89l\x88\xc7\x95\xf5\xd8R\x09j\xdc\xcf,\x14\
\x7f\xad\x04v\xd4K\xb2\x83h\xf2\xe3@\xe0\x82=\xc3\
6\x166\x9a\x1aX-GYV\xe7\xadh\xc0d>\
\xd4e\xdc\x9f\x97C\xfa\xc0\x90\x0e\x90\xb0o\xc8\xb4\xe6\
\xa1\xd6:\xab`r\x12\xb3\xd3\x99\x1b\x02\xf3\xe7)0\
\xff\xdc3\xb1\x10u\xd4b[\x01\x84\x91\xb1\x89\xc9T\
\x85\xaak'&\x0cuQ7@M{\x90\x8c\xea\xeb\
\xae^s3\xf7^$o\xdf\xcc\xab\x04r]\x16s\
V\xda]\xcamW\xa3\xfc\xfa=\xe7w\x80\x0a\x8c\xda\
\x92\xa3\x03\xc0\xc9\xb3W\xa0B\xed\x85{\xae\x06=\x8c\
\x0b\x00\xb0\x8d\x06\x0aH2\xd0\x81\xda\x8eI\x8aR\xe1\
M\xd4\x1e\x04\xb5\xd7p\xa2]\x1f\xa7U\x22\x19M\xcf\
\xcb\xd93\xc0\xe4L\x8c[k\x91!\xb5V\xb0X\xf0\
\x1c\xf7\xfc\xde\xd4\xdf\xeb2\xbfy% \x01`R\xd2\
\x80\xa6\xb4O|\x17H\x90*\xc2\xc9@\xb6\x13yx\
%\xc8\x84\xed\x83\xbcPe5`\x04\xb8l\xc2v\x12\
\x00\xd2\xa8\xb9B\x12\x11\x18H\xfa\x88\xdf\xd6\x0bh\xda\
y\xc3\xa0\x02\x9d\xed\xbc\xe4\xa5\xae{R\x12Q\xe2~\
\xda\xcf\x15D\x8e\x00\xd2&\xec\x9f&x\x04\xf3i\xd2\
\x0eTVb\x04b\x821\xda\xa3l\x1c\xfd\x0b&)\
\x86\x18@\x10\x92\x89\x0c\xdf\x1a\x05[\x05\xe5\xb9\x19\x94\
\xe1:\x97\xf5\x888\xdc-u\x9ee\xcc8\x13\x94H\
G\x7f\x8f\xd1\xf3\xf4\xfcE\xe9W\x89Cs8\xeaH\
\x12\xa6\xc22\x160C\xea\xb0*\x88%\xcd\x99\x85\xbc\
\x92\x9a\x84\x8e\xca*M\xe8\x9b\xb5}*\xa3R\x90\xa4\
J,\xda\xe7\x9bW\xed\x03\x10\xcc\x15\xc0]tU\xf9\
\xf8\x89\xa4\x1c\x18\xf1\x10\x09D\x9d\xb1v\xd6\x9e\xed\x07\
\xeaSH[=TW\xa8Q\xcc\xdaa\x90\xa6:\xab\
\x98$q\x002\xd1\x9e\xd8c\x06\x03\xe6A\x8cuO\
\xb5\xa9\xda\x5c\xa5u\x1d\x93\x0e\xfd.\x00\x02 \xe5m\
j\x95\xabo\xe2{\xf1\x15Sm\x06\xf6\x90/\xf5\xe1\
\x10\xb5\x94\xdb\x98\xf9+\x18\xaci?\x8ab\x5c\x07l\
P]YB)Z\x0dW6m\xec\x1eC<\xde*\
pL\xbc\xf9\x14\xf1\xf3\x0a\x22\x97\xd3\xa2\xc9\x85\xdc\x87\
)&\x00\x00kei\xbd\xaczr\xbd\xb2M\x84x\
\xe5wZ\x12\xc5T\x85M\x84g.\x02!\xda\x8dg\
\x97*k\xcb\xf5\xbb\xf2\xfa\x16)dU\xbe\xfe\xe6\xba\
\x5c\xbfy[\x16\xb7wV'\xca\x95\x97eO\xec\xd9\
\xb5\x9c\xdf\x899\xf3=9\xe7\xfd%m\xc0\x1c\xeb\xcb\
1Q\x10\x87\x06\x0f\x12\xc2}\xba\xfe\xf5\x9c\x1cT`\
\xd0\xc4R\xaa5\x96\x95\xd7L|\xedA?U\x1a\x0c\
\x9aE3\x01\x98\xe9\xd9\xf3rz\x06\x88T0\xb9\xbc\
\xd4w\xa0\xbc?\xefV3\xd9\xdf\xbc~]\x96U\x1a\
\xd9\xdc\x7fWn^\x7f]\xae\xde\xbe\xae\xe0\xb74\xe3\
\xdf\x85\x81<\xc0\xc2\xaa+\x1f\x05 \x02\x9b\x90D\x1a\
i#\xaf1\x98t\xed%m<\x01\x04P\xc1f\x17\
\xd2G\xe6\xa5D\x12R\x8b\xe3!}H2\x09\xe0 \
O\x916\xad\x09G\x00Q\xf8Y\x02\xc8\xfb\xc0\xc3I\
h\x85\x1518\x88\x83\xf2\x83A\x99\x01\xeb\x08H\x90\
\xdf\x01\x11\x8f\x96I7@X\x8d\x10RF0D\x0c\
\xdc\xa8sl\xcb0\x08h\xed\xa7\x94<\xe4fjU\
\x8a\xed\x1c\x01\x1c\x09\x1a!\x9dP\x16\x066=9\xa9\
\x1d\xf9Y\x19\xce\x9e\x97\xc1\xe4RLj\xb5\xbc/}\
\x18\x09\xa3\xcb\x15\xf3.0\xaa\xe2\x22:\x934BG\
\xf4\xb6\xa8\x96\x15d\xaf\xc0.\x11\x93\xc9\xd8\x94\x08)\
\x83\x8e\x06\x83\xa1\x0cv\x8f~\x7f\xeby\x0d\xc5{\x8f\
k\xef\x8d\x11u\x1aD\x18\xc3\xd1\x9f\xb2\xf3\xf1\x8c\x9c\
I\xdd\xc4s\xd3\x86\x09\xb0\x03\xef\xfb!\xe6.\x03\xfb\
N\xa0\xd1\x0b\x1d\xbc\x5cn\xfba\x03\xe9Y\xc5$\xe9\
$\x00J\xaa-\x01.m\x0f\xa0X\xf7O\x1b\x01L\
\xfa\x0e\x01\xc0H\x1b\x5c\xe4\xfb\xfa\xbb1\xff\x83\x9b\xeb\
^d\x17\xcf#aU]\x82\xe2}\x8e\x06%\xd4L\
\x18\xceY\xe6}\x5c\x8f\xec\xd3\x81*kZ\x8fg\x93\
^9\x1dc\x1f\xc2{\xcb\x9d\xcb\xc6sU%U\xd6\
\xf5\x12o,\xda\xc2\xf9~y\xab\xbb\xfc\x9e\xbbr\xb7\
`\xde\xc8\xb6\xbc\xa9\xa0q}[\x99g-xs\xb3\
,o\xab\xe4q\x7f\xc7\xfc\x0b\xd6\xc1b\xd3(\x80|\
\x19\xdfe\xa8\x11=\xdf\x9a/\x89M\x8bo\xce\x1aW\
\xec\x0f\xc2\xe8\x1a\x9a\xd1\x04\xc3-\xe7<C}\xc8-\
\x8b(\xae\x04r\xa8/\x07e)`b\xc9\x17\x19\xe6\
Y\xe2\xa4\xb6\x13K\xf4\xeb\x1e\x00\x9dh\xae\xbe\xff\xe9\
\x8b\xf2\xfc\xf3\x7f[^~\xfe\xcb\xf2\xcb\xcf/\xcb\xf3\
\x8bI\x99\xd4O}6\x1by\xb2d\x05\xcc\xbbZ\xf1\
\xab\xb7\xf7\xe5\xbbW\x15\xf4\xde\xfe\xa9\xdc\x7f\xfb\x9b\xf2\
\xa7/\x7f_^}\xffF4\xd6J\x11^\x9a\xc6\xd2\
\x05\x00\x12\xd2FH\xc0\xb2\xa3\x04\xc8\x18X\xec\x14`\
`q\xd9\xd6{\xcb`c\x95\x96\x81*\xd5Y*'\
@iA$\xdb#\x0d\xec\x22,\x9aC\xe7\x01\x1dG\
\x10y4\xfc\xac\x00\xe4C\x80\x83\x91\xacZ%\xc0\x22\
\xe4\x8d\x06H\x128\xd2\xce\x91R\x87\xcfa\xf2\xed\xb9\
\x80Ai\x96\x1e\xcc\xb8\x12\x00Z\xc9\xc3*\xa8\x00\x07\
\xca%80\xfa\xdbSa\x91\x8f\x9a\xcae4\x97c\
2)gg\x17e|\xf6\xa2l\x87\xe7\xb5\xccT\xcf\
H\x07a\xf2\x97\xf6\xd3\x8e\x0e\x05\xd3_\xceo\x0b@\
2\xd3\x1aP\xde\xd4\x08\xaf\x1fh_\xe3\xad\xadG\xa5\
\xf2\xcf\x97\xcf\xfdN\xed\xa0\x99\xe5\x95\xa1\xb0\xd1\x11\xcf\
\xcc$8$\x0d\xce\x99\xb3\xd0\xaf\xc02\xac\x12I\xee\
\x0b\x22\xb7L\xa9\x1f\xd0\xabc\x07\xa9\xccj0\xd13\
K\x22\x91jh\xe66\x17\x0eW \xa1\xdd\x92$a\
\xd4jK\x036O\xd5\x80o\xb6/\xed\x8f8\xc37\
\x88Of;\x02'\xa8\xb5\xc2\xf6\xa1\x114m\x19\xf9\
\xaa\xcb\x92\xe3`\x14\xeaF\x9e\xc7\x02\x8d\xa8@\x80\x81\
\xabp\x0f`\xa7\x8c\xd0J\xc0\xc2\x12\xf2\xa8\xae\xa6\x15\
,f\xf5\xfdO\xa6\x8e\x9f\xb1\xd0b\xadc6\x0c)\
\x8b\xb03\x88\x00\x1e\xd8C\xee\xeb\x1f\xda.G\xbd4\
<6\x11\x81G\x9f=?v\xe5\xe6~\xe3Y\xea\x1b\
\xbeIO+\xed\x02(\xf7\xf7\xabr7_i\xcf\x0f\
l!H\x8b\xf7\xb7\xd7v\xc5\xddZ\x1a\xd1R\xf2\x1b\
\xe6\xf0\x0c\x94\xb6]\xdd\xea\x1b\xf0\xed\x00\xcd\x0am\x05\
\x17h{\xa4\xd5\xf35\x80t+\x09\x88k4\x7f\xa4\
\xd6\x97\xf4\x8c\x81\x9c\xcd\xb1z\xac}6DUyV\
\x9b\xa7~\xf3Z\xc7\xe5\xf3\x97\xe5\x97\xff\xfe\xff*/\
~\xf1i\xb9<\xe9\x97\xcf\x9eO\xb5>\x18\xedA;\
\xf2\xdd\x90\xa8\xb8\xfd\x9b\xbbm\xf9\xfez-/\xad\xef\
\xbf\xf8\xe7\xf2\xe5\xaf\xff{\xf9\xea\x8b/\xca\xf5\xcd\x8d\
\xbd\xc8x\xd6\x00\x8c\x94D\x04\x1a\x02\x8b\x0ePt\xc0\
\xa5q\xfd\x8d4\xa9\xbb\x22\xadk+I\xc9\xa3\xf5\xca\
2]\xdb\xe0n\x10\x91\x01]\xaa\xae\xf8.|:\xd2\
\xf9\x80\x9c\xea[\xf1\xff\x08$\xdd\xf0\xb3\x01\x90\xf7\x81\
\x87\x19W\x94\x0b\xb08\x94:\x5cG\x8cj\xd5\xc1\x12\
@,q$\x98\x18\x14\xe2\x88\xd1X\xa0`\x00\xb1\x04\
\x11\x80\x10\x00bU\x15\x12\x07\x8c8\xd4T!u(\
=%\x90\x06t<\xc9\xec\xe4\xe4\xbc\xcc\xce_\x94\xe1\
\xf4Y\xf1\xbc\x0c\x0c\x9a=y\xd7\x00\x14\x85\x0eE\xa7\
a$Y;\x98\x18\x17\xc7\xc5\xb5\x8e\x9aLW\x998\
\xea\x19\xbci\xe80\x8cX5\x0f\xa3XG.u\x08\
lLFuf\xa1\xef\xb4o\xb9\x8c\xe2\xf0\xf9\x01\xfb\
\x81\xa0\xd2\x98\xda\x0e\x22F\xedwwg\x8d\x8e\xba\x03\
\x840:\xc7\xb6\xae,\xc8([\x84%\x07\x83'\xcc\
\xcd\xa0A`\xef\x13/\x95\x22\x841`\x04\x00\xc8\x16\
\xb2\xb3W\x17\xcc\xd0\xfbj\xc0\x88\xa3]\xf5\x0af\xcc\
2\xb2\xef\x90\x84\x902r\xd68\xd2L\x00I\xc4i\
;\xa9`\x90HP_\x91\x17$\xe0\xe5?\xbc\xc5,\
\xf5`\xab\xe0\xc7zU'\x00I=^L\xeby\xd8\
@\x04F<\x81\xde\xdb\x00\xc2\x0f\xe6S1@v\x0f\
lL\xe0\x12\xdf\x08\xdaH\x09H\xde[;l\x1f8\
,\xec\xca\xf77k\xdb@\xeah\xfe\xe6\x86\x0d\xa5\xb0\
w\xdc\xcb\xa6\xb1@\x85\xc5h{\xc3\xb2\xedwZf\
\xc4{\xa20\x81o\xed5\xac\xb0m\xd5<*\x97\xca\
j\x87\xd5\x9ewfe\xe2\xca|\x97w(\x0d\xa5\xee\
\x84\x89n\xd6\x8b\xd2\xdf2\xffg\x22\x06,i\x9c\xb9\
1H\xbag/%y\x0ev\xcbrz:-\x17\x9f\
\xfc\xabrz\xf9\xa2\x9c\x9c\x9f\x95\x7f\xa8R\xc8iE\
O\x5c\x9c\xcf\xa7\xec\xaaX\x0aX\x02n!\xf9\xf0\xfe\
\xaf\xeac|\xf5\xfd]y\xfd\xcdW\xe5\xd5\x17\xbf.\
_\xfe\xf6\x7f\x97\xef\xbf\xfdV\x9bc\xf1\x9c\xfb\x80\xc1\
\x0f\xf5U\xaa\xb4\x028:@\x92j.\x01H\x80I\
\x03.a?i\x8d\xeb\x06\x12\x81\x07\xc0\xb2\xeb\x18\xd9\
)\x93\x12\x07?\xfe\x89P\x22\x1e`\xefoz\x04\x91\
\x0c?\x0b\x00y\x00\x1eN\xdc?\xe5\xdfS\xe0\x01\x8b\
\x09N\xd2H\x1c\x92B\x00\x88\xbeF\xc1)\x954R\
F/TY\x1d\x90H\xd5\x93\xa4\x0a\x81A\x02EH\
\x16\x1c;\xd2\x06\xe7RaE\x9ck`\xba\xb3\x93\xd3\
rr\xf6\xbc\x0cO\x9e\xd5{N\x0b{L\x8cG|\
FF\xea\xfd\xb2\xbc\xbf\xab\x0c\xe3\xba0\x9b|\xb9\xc1\
[\xa9v\xaa\xe5\xbd<]\xe8#t\x94\x956\x1a\xda\
\x88IH\xc5\x14\xaa$\x96\xbb(\x8c\xc6\x98PV\xd8\
\x8e\x15\x95\x08z\xf9\xbeA\xa3\xfec\x92\x1d\x8b\xed\xa1\
j\xda\xf6P\x0d\x8d+v\x9dx9\x94`\xc0\x9a\xbb\
\x01\xeb\x07x0\x9a\x17O\x88\xd3\x9e\xdfj\xcfh\xaf\
\x81W\xbc\xe5\xfd5\x9b^m\x15\x08\xc2H\x17\xc9\xa5\
\x84WU\xb1a\xdc\xb3\xcb\xe9\xd0\x80\x01\x5c\xd1\x12\x04\
\x8c\x1b\x95\x16\xf7\x19\xc8\x18\xed\xef\x04\xfe\xf0\xde\xb6\x01\
YM\x84\xc1W\x00\x8d\xb1_U\xb8\x0ey\x8cA\x0f\
\xfd\xbc>\xe2\x01l\x00\x05\x1eY\xda\x02\xb7\xfeNY\
\xe2d\x82\x0d\xa4_\xa5\x11l\x18\x95i\x82\x83&*\
\x01\x04\xf5\x03\x0a\xcb5\xf4\xc3j\xbd\xac\x7f\xc5\xf3\xec\
b\x02\x9bUX\xf0+\x80|\xbe\x82a\x95\xb2\xa8e\
\x00\x0e\xf6D\xbf\xb9_kI\x94\x9b\x1bTW\x1b\x01\
\xc7b\xceR\xee\xb4NO\xe0\x81\x0d#\xdb\x19\xf5\xa5\
\xecY\x1b<\xb2n5\x88\xd0r\xfa\xcc\xf9\xe0\x99\xb6\
\xcb\x98\xf4\xc8\x04P\xbf\xbfF\xe6Z[\x0b\xdb\x09\xed\
F\x81\xb0\xa3`T\xafm5\x9a^\xca\x80\x0e\x08I\
\x0af\xed\xb0:\x089}\xfeI\xf9\xd5\xaf>/\xcf\
\x9f\x9dj\x22$\x13+\xd9\x9c\xcb\xab\x17\xf4\xaaT\xc2\
\xfc\x19\xda\xbc_\xee\x16U\x1a\xb9Z\x97Won\xca\
\xab\xaf\xffX\xbe\xfe\xcd\x7f/\xdf~\xf5\x87*\x9d\xbc\
\xa9\xef5\x97!\xdd\xd2CH\x1b<\xb7\xe2\x1d[H\
\x80\x08v\x9eTe\xb5\xea\xac8\x0f)\xa41\xae+\
-\xc0\x04\xd0@\x0d&i$\xed\x22\xe4\xa9qD#\
]\x95V\x17D>\x04@\x9c\xf40\xed\xa7\x16\xa0\x8d\
\x9f\xf4[\xfe9\xe0\xa1\x94\x00\x0f\x8d\x7f\xe1\x1c=\x1f\
\xbd\x14\x89\x81B\x8cK**\x18O\x1a\xc1\xf1\xb0\xc2\
5\x15=:j\x1b\x03\x05q\xb9\x956`\x11\xc0 \
\x89\x03)#\x01\x05}}\x02L\x94W9&\x02N\
\xcb\xe9\xf9e\x19\x9f\xbe\xd4|\x0e\x00\x0c\xcf\xa9ee\
&\x8c\x0e\x19]n{l\xe2T;\xce\x0a\xf7[v\
\x9e\x9bk\xd2\x1a\xae\x9e\x8c\xf0VK\x86\xc1k3\x8e\
\x0d\xba_\x80 \xdc1Yq\x17n\x06\xff\x96Q\x97\
QX(\xf0\xe9Lj\x1b\x0c\xce\x06E@'\xf7\xdc\
\x18W)\x88}+&,\xfd1DU5\xd2\x88\x9d\
\xfa\xdc>\x00\xa7\x0d\x03\xbc#\x06]:\x9d\xedHx\
\x0ay?\x11y\x8b1\xca\xaf\xed\xb2\x03Lx\xc7z\
W`\x84\xc5\x06\x1b\xf5\x02\x8f\xc9\xb5\xfa\x5cf\xfa\x9a\
k\xd2\xf7{\xc1\x98)\x83\x83\x00|\xd0\x9c\x96\x09\x88\
\xe2\x9aj\x13>O2\x0f\xca'\xa3\x10\x1dp\xf0\x85\
\xa2\x05I#<\x1bK\x8ch_\x146\x98\xc2\x06\xc4\
w\x19\x95\xb3)\x0b,\x8e\xe4\xde{6\xe1\xdb\xd9\x90\
\xce\x8fZ\xb4\xf2\xbcj\x03H\xf8\xbb\xd3\xccu\xad\xf1\
\xa53\x0fZ0T{\xbf\x90\x9d\x01dQ%\x90\xeb\
My{\xb7*w\x15D\xde\x5c\xcf\xa5\xcabnH\
\xea\xee\x99\xb8\xc7R#\xb6\x110\xaa\xc6\xcb\x0d&\x09\
\xf3\xf5\xee\x83|G\xc0d~{U\x98\xbd\x8ed\xa7\
\xcf\xac\x91\xb7\xe7\x9e\xc0\x8c\xfb\x15Xh+l(r\
{V+\xd2v\xf5-*\xb3e\x91M\xaedB\x22\
`\xed\xfd\xecO%\x85\xf2;\xbbxVN\x9f\xbd\x90\
\x84\xfc\xec\xf2D3\xea\x01\xd9\x17\xe7\xdeKe\x82\x93\
\xc0\xd6;*\xe2\xda\xfc]\x15I\xbe\xfd\xe6O\xe5\xcd\
\xd7\xbf/W_\xff\xae|\xff\xf5WRk\x01\x16\xbc\
OW\x8d\x95\xe0 i\x84w%m\xcf.\xd2\x95R\
b?\x13\x00D`c\x89\xa4\x01\x1a\xc0\x22@\x86@\
\x1d{\x06\xf5\x94Vx\xff#\x88<\x19~\xd2\x00\xf2\
\x00<\x0e\xcfI\x92\x02c\x07W\xf3hS\x89\xee\xf5\
bK9R\x16X8N\x9a<y\xe8H\xa1\xaa\xf2\
h\x1a\xc6\xcayW\xc2\x80\x09v@#\x18i\xaal\
4\x8ak\xd4ZH \xad\x94\x92\x12\x09\x13\xf5N\xce\
\xce\xca\xc9\xe5\xa7U0\xb8\x14\xf3\x87\xcfK\x15\xb4\x86\
y\xdc\xaaSb4\xd6\xa6E\x0cw\xeb\xf50\xca\xcd\
\xda;\xcd\xadwR\xdahUU\x8d\x5c\x0b\xc6\xe4\x9e\
\xbc\xb0\x18e\xe2E\x854\xa1w\xc1\xb8\x0a`\xa2b\
\xd9Z\x85\xa1\xbd\xc5\x99P\x88dE\x13\x0cX\xca\xdd\
\x06n\xdac:;\x17\xc0\xb1\xba+m\xa9\xf6\x12F\
\xecB\xaa\xc2(\xee\xba\xfb#\x83$\x81\xb6\xe0]\xe4\
\xb5\x15|\x8a\xc6\x17.\xf0=\xa4\x96\xeaW\x89\x87%\
F`y\x06%\xde5\xfb6\xd7\xcb\xa3h\x8b\xaa\xad\
\xc6a\x06x\x911B\xd5.{x)Y\xcf\x8e\x84\
\xe5\xcd\x9200PQ\x8c>\x83A\xb9\xc3\xf3\xa3\x22\
\x1f\xf5,}\x0f*,a\xa2\xc2\xe2\x1d\x98\xff\xe2o\
\x08\x00\x9f\x9e\xce\xb4\xec\xc7\xe9\x09\xf3&\x00\x94z~\
\xc2\xaco<\xd5&e\xc6Q\xdf\x17\xa3\xbb]~G\
\x03\xc9w\x92\x0a\xc0sl\x11\xec\x13\x02\x18\xe2\xf6\xfb\
\xe6\xdezyf\xb0\xdf/Ve>\xf7\x22\x8c<\xd9\
\xfd|%\x8f&\xde\xf1\xfe\x8eY\xe5f\xa8\xacE\xc5\
>\x1e\xcc4\x97;\xaf\x98\x9e\xf7\x1ba\xfd\xac^m\
\x1b\xb7-M\x00\xd8\xac\x94\x07\xdd@\xf3\x0c\x1cp\xe7\
\xd6\x98!\xe8;W\xcf\x95-k\x83\xf4\xc2\xdc \xbc\
\xe4X\xb9\x98\x858=\xc7\x88\xe5\xff\x9f\x7f\xf6\xaf\xb4\
\x10\xe5\xd9y\x95FN&\xe5\xe2lV\xbf\xf3N[\
\x03C;Z \x93v\xaco\x81\xd7\xda}\x1d\xf0|\
\xf1\xa7\xabr\xf3\xe6\x9b\x0a\x22\xff\x5c\xbe\xff\xe27\xe5\
\xbb\xef\xbe\xd7\x1e2\x8d\xea*\x01d\x03\x10\xb2\xa6W\
\xbe\xeb\x01\xb8\x08X,\xb1\xecI+\x87\xd2H\x02D\
\x1c\x93\x1e\xecy\x15\xcb\xf5\xc4\xe0\x82\x86\xa2\xae\x0c\xed\
R\xf2P\x0a\xd4w\x10\x0e@\xe3\xa7\x0c\x22?Y\x00\
y\x1fxt\xa5\x0e\x82F\xb3\xcah\x19\x85\x9a'\x99\
F\x80DW\x85\xd5]\xdd\xb6Q]\x11\x97t\xb1/\
AxY\x91\x04\x92\x00\x13\xf6\x9bh\x80\x02\x06\x1b\x00\
$\xe6\xe4t\x96\xd5`\x16\xf0\xe4\xfc\x17u\xc0\x7f.\
FI'\x11\x08\xd4\x8e<\x1cx\xcd#F\x8cb\x96\
\x80\x85\xd9\x80F\x90\x02\x1b@\x84\x85\xf4`URo\
\xb0~\xd2BLj\xb5\x85q\xd3\xb1V\xb6\x89h\x8f\
p\x9eC\x82\x81\x02\x1eP~\xcf\xb1Trx\xf5\xd8\
X\xce>\xde\xcc\xc9(e<;\xad\xcf\xca>\x1a\xb3\
*\x85L\xd5)\xd5|\x01\xa8t\xca\xd6\x06\x14\x92\x05\
\x80\xdcC\x1dE3\xdbF\xd1\xdb\xd9\xe8J7\xd6$\
\xc4>\x93\xf3\x98E\xcd\x0a\xb6HN1:\x06\xd3\xb4\
|\x07s\x1b*\xa3Y\xddI\x97/\xb0d\x9fo\xed\
\xe6g\xd0\xa0}\xbc\xab\x1d\x8c\xc1 \xc1?&\xf2e\
hF\x94\x99\xf4H\xcfPs4dd:\x11\xb8\x88\
&zzW\x0d\x0e\x06\xde\xa7\x9d5\xc7\x00\x16-\x91\
\x7fR\x81\x05@9\xc3\xcd\xfa\xbc\xccf'\xe5\xe2\xe2\
\xa2\x9c\xd7\xf8T\xeb_\x8d\xcb\x05K\xc6\xa3\xe6)\xec\
1\xe2\xbb`+\xe1\x1e\xb7\xcb]y;\xdf\x95\xdb\x0a\
 \xcc\x0ba\x19\xf8o_\xdd\x96\xbb;\x96\x9d\xd9z\
G\xc3\xbb\x1b\xcd\xb5\xe0\x8aM\x95<\xef\x99\xd8'&\
\xccr%s=3\x0e\x14\xeb\xc5\x8d\xde\x0d\x87\x00\xa4\
\x0f@\x05\xe0b\xa9\x15hA\x92I\xa8\xb3D?\x0c\
\x02\xf8>C\xe6\xc5\x90\x89G\x9f\xbf\x13\x92\xe6\x90U\
\x08D\xf7\xc4\xad\xd6\x9a\xcc.\xca\xe9\xe5\xcbr~\xf9\
L\xee\xd1|\xb0S\x96\xd1a\xcf\xf9\xe9X\xeb\x8b\xb1\
E\xf0dH\x9b\xf5\xcaU\x95\xb0\xbe{}_^}\
\xfbmY\xbe\xfdc\xb9\xfa\xf6\xb7\xe5\xdb?}]\xa5\
\x11\x96\xac\x07\x0c\xa0\xf1\x90.\x04\x1c11\x91x\xa3\
\xea\xf2\x0f0\xd8\x07\x1d\xc0/\xc0\x06`\x11\xbdS\xc6\
\xef\xdb\xee=\x12\x83\x898\x1a`4<\x11\xddY\xfa\
\xe04\xd4[\x04\xa5\x01#\x8f\xb0\xd1\x0ep\xfcTA\
\xe4\x91n\xf2\xe3\x0f\xef\x03\x0f\x02\xe3\x9f\xe4\x90]\x9b\
\x87\xc1\x83t3\xb7TW\xd9M\xb7\x05\x10\x81\x04q\
\x98\xad\x00\xc3\x8c2%\x8fF\xf5\x94R\x87@\x22\x8e\
RS\x99\xc17 sp\xa4\xd3\x9d\x9c\xe1_\xffY\
\xe9O?\xa9\xa0\xc0R\x22+1\xce\xc5\x0a\xb5\xc4]\
e\x18\xac\xca\xba\x8ag\xa9\xd2Ee\x9a\x8b\xfb;/\
^\x18\xef\xd6\x09\xc4\xd63\x00\x00 \x00IDAT\
\x1fxYv:\x0f\xcc\x045\xc6p`5\x07Fq\
}~TQk\x1bc\x07\xa3i\xac\x115\x90\x0dE\
n\xb1\xa8\xed4/\x03\xb5\xd4\xc0\x12\x06\xbb\xdca?\
\xc1x\x8e.\xbf2\x91\xd9\xe9\xf3\xca\x0c\xcf\xc44y\
\x0f\xb9\xc8\x96\x18\xbde[\xc6\xd1\xb6\x09l,<%\
\xcf\x03(X\x1a\x14\x80l\x01\x8a\x8d\xdc\x90\x01\x0af\
L\xafV\xf7\x02\x09\xbc\x846\xf5\xc7\x16\xac\x00\x06\xee\
\xaa^{\x09\xe6\x90\x8c @a\xaf\x13wF\x8b\xc1\
\x0b$}\xe6\xf9C2y2\xec\x15=\xa0\xafT\x83\
RgJ.$Y\xf2\x1chk`\xe6\xcf\xcc*\xa0\
0J\x7f\xf6\xec\xb2\x5cTF\xfb\xec\xf9\xb3rY\xe3\
\xcf/\xcf\xb47\xbb\x19sm\xe9\x0a\xf2\xa8\xbdn\xee\
\xd6\xe5\xf6\x9e\xe5\xdd\xb7\xe5n\xbe\x96\xc1\x1c&\x88Q\
\x9d6\x96\x14\xb1\xc4a\x82\xb6[i\x15_\x14\x800\
L\xf6<\xa7]z\x9b{\xed\xe9\xb1\xddA\xcf\xd0\x04\
\xc6x\x0c\xd8}/\xec(p\xb0J\x07I\x8d\xf7\x80\
\x94\xe4\x07\xd7\xc7N\xe2U\x08d`\xd7(]\xfa8\
\x9d\xf3\xcdiM\x00\x93I\x87\xb2\x89\xd58v\x93\x09\
\x8b3^\xd4_\x05R\xbe=6$\x5c\xc9\x91BP\
\x01\xf2\x9dp\x1f\x9e/6\xe5\xed\x9b\xab2\xbf\xfa\xa6\
\xcc\xdf~Q\xde|\xf7e\xb9z\xfdJ[\xed\xa6d\
\xd1\xd8B\x90$;*\xac\x04\x1a\xab\xbdZ\x09$\xc1\
$UV)\x91\xf8\xbc\xa5\x99\xb4\x8f4F\xf5\x04\x14\
\xe8\x86\xf3 \x1a\xd3U\x00\x0a!\xe8\xec\x81J+\xf2\
\xda\xe8#\xf9?\xf2\xf0\x93\x03\x90\x0f\x01\x0f\xc1\x05C\
[\xe2\x09\x1ett\xfe\xa9\xb3[U\x95\xc7\xb4}\x18\
$Z\x00\xd1d\xc0F\xe2H 1h\xec\xdb5`\
\x1c\x1e\xd9w\x8d\xe2\x0d\x80\x84\xdaJ#\xb8z\x9c\xcc\
\xb0uT\xa9\xe3\xf4\x932\x9c>\xd7\xc8_\x93\xa1\xd6\
\xb7\x966\x96\xe8\xc0\x01\x0aF\xde,\xf5\xbd\xd6}\x18\
)\xc2@\x98\x0b\x90\xc4\xaf\xc9y,vX\x81\x81\x8e\
\xb4\x9c37\xa4\xca(\x9a\xe7\x00\xa3\x018\xeb\xbd{\
\xee\x90\xde\xde\x95\x11\x22\xcb\x99\xf7e;\x113\xeec\
\x04\x0d\x80d\xf2\xe0\x00\x1b\x08;\xfe\xb5\x93\x1c\x91@\
\x98\xa5\x8c\xcaF\xcb\x81\x08\x0cC\x92\xa3\x92\x00\x90\xca\
\xe7\x8a6sb4\xbc\xf6'23\xdfX\x82\xc2\xd0\
+\x90\xa8\xef8\xaf?\xdcL\x97\xec\xd5=\xd7;k\
\xd2\x9b\xd48\xd1\xe1a|\xfa\x9a;IX\xb6\x5cs\
\x9a\x9d\x9a\x0e\xee\xf3&\xdet\xf7 \xffGzA^\
\xc2\xf3=\xa0\xa2&A\xd4\xe3\xa3\x22\x14n\xe3\xca\x8d\
s\xad\xdd%:#\x0b\x9a\xb2\xe4\xcb\xf7\x97\xc4R\x01\
w\x86\xa4\x82[ve\xb8f\xba\xcf\xeay=\x9e\xb2\
\xc1\x97\xb7\x10F\xd1\x84\xd4\x01x\xb0\x97\xc8\xfc\x0ep\
\xc5`\x8e\xca\xcev-\xecbl\x00%\xfa\xec\xdb\xbe\
A\xbb\x95\x95'\x1ab\xd0\xdfj\xc6\xfa\x8d\xed$\x1b\
$<Vaf\x85\x02\x0f.\x04\xa8=\xbb\x03\xcb\xbe\
\xa4\xb6\xe6\x83A\xff\xd8G<\x93;? \xb4\x80\xea\
T\x83\x0f\xd1640)#&\xb7\x9e^j\x92\xeb\
\xe4\xf4\x5cn\xd5\xf2dc\xa0\xd1\xc75:\x1c%\xa0\
\x8fJ\x17\xec\x07\xcf\xc2\x91\xf77\xaf\xcb\xe6\xee\xdbr\
\xfb\xfa\xcb\xf2\xe6\xfb\xafk\xda\xad\xbf}\x82\x83v_\
\xdc\x07\x0aK\x9b\x1ePx\xfe\x08\xe5\x00\x8av)\x15\
I\xa1\x02\xa3\x00\x10\xa5w\x00$$\x8fF\xcd\xd5\x91\
JDQ\x10\x05*\xe3\x8c\xf3\xf4[\x0fN\x1e\x80\xc8\
\x01h\xfc\xd4@\x04\x12\xf9\xc9\xbc\xd1\xfb\xc0\xa3\xe9\xcc\
\x9c`\x14E\x0a\x09\xee`\x83l\x0b \xa9\xa6z\x08\
 q\x04@\x90(H\x17ptTVq\xf4\xcf\xe5\
\xb4\xf9\x92\xc0\xa2\x030\xc4\xfba\x03\x19X\xf4\x87Q\
\x9c\x5c|ZF\x15<z\x83\x93J\x98<\xefB_\
\x89\xce\xc3\xe8\x11\x15\x04\xa3F3\xe2\x91\xd6\xab\xd2\xb2\
\x0f\xec\xb5\x01m\xf3B\x1c\xd7^^\x1b\x80\x18\x8c\xd1\
C\xc3x\x98\x0f\xc2\xa4\xc0\xadT\x18xW\x09h*\
\xf3^\xcbP\xba\xd6\xb3\xd2\xb9\x01\x12\xa4\x8e\x95T\x19\
\x9e\x10\xa8\xcd\x95&H)\xb3\x82.\x7f0f\xee\x87\
\xed!\xac\x91\xc4\xacd\x0c\xa8\xc9|i+uB\xd8\
\x1ej\xab\xc2R(\xa1&\xd1\xe8\xaf2\xb5\x8d\x17\x04\
\xdc,o4\x93z5g\xe7\xbb;13\xed\x8e'\
&a)E\xa0\x10?uWu\xee\x88\xabN\xab\x1c\
\xfc\xbf-\xa7\xff\x9d8a\x0fB\x9e\xea\xd8$\x1f\x90\
\x95B\xd2\x11\xd1\x8c\x19\x19L\x87\x19/\x1e\xc1kR\
#\xff\xa0%\xb2\x92\xfeb\xe0\xa2\xb2\x92\x1am\xb0G\
5D;\xd2\xd6\x80\xcaI\x05\x95S\xc0\xe4\xf2\x85\xd6\
7c\x07A\xb6\x15\xd6\xb2,\xa1\x0a\x5c\xdc\xb3R\xef\
B6\x06\xe6\x8ep\xceh\x1df\xc9\x12#Z\xf2\x1d\
\xdb\x10\xc6\xf5\x82\x97\x9d%\x10<\xb4\x16\xcc\x92\xc7\xe1\
\x02O\xae\x15t\xc37\xe3+\xb9\xdd%1\xaa\xad\x91\
\x82\xe9+\xd10BX\x15s\xdbC\xff}<\x10q\
\x94`\xe0\xc4@d\x5c\xa6\x95\xae'\x93\x13-\xea\x89\
\xbdD\xeaJ\xe8g\xc42;\x06\xd3\xc9\x18\x97p\x83\
\x0b\xe0\xb8\xa8\x03\xa5\xbb\xeb\xeb\xb2\xb8\xf9\xb6,\xaf\xff\
T\xae_}]\xde\xbcy\xa5\x8d\xac\x0c\x1a\xa1\xd6\xc2\
K\xab\x91D\x0c\x22\x8d\x0a\xab\x91L]\x86\xd5\x8b\x05\
\x18\x01:\xa9\xd2\xb2T\xf2\x14\x80X\x8a\x93$\x12\xb4\
\xd7\xf5\xd0B6Q\xc7\xd3\xa9\x81e/\xfc\x84A$\
>\xfdO#\xbc\x17@\xe8h\x91\xde\xd8<R\xf2\x10\
\x11\x1b<\x1a\x00I\xc0\xd0\x88+\x0c\xe5\x02\x10K\x16\
\xb9\xb8a\xc6e\xc3h@\xc4 \xa1\xd1\xb9\xf4\xc4\xa1\
\xd2\x0a\x832\xf9\x06\x0eK\x1d0\xec\xb3g/+x\
\xfc\xa2\xf2\xfbs\xcd\xe6\x96\x87W-\xb7\x11`0\x01\
\x90\xb5\x95X=\xf7\xc6\x0cW\x86s\x8b\xff0\xf6\xc5\
\xfd[\x81\x83\x1ceC-\xc5le3\xa5\x9d\xeeE\
}H\x1dt\x00F\x95\x1a5\x8a\xa9\xb2w\x04#A\
\xbaCO\xee\xb4ZL\xb0\x02\x85&\xf8\xf5\xb4\xd8H\
a\xe9v@\x05U\x84\xf6\x14\x1f\xcc\xe2\xfd\xd0\xf5W\
Fw~\xae\xeb\xd4\xf6\xf5\xb9\xb8.U-\x80\x90:\
\xafl\x16\xb7e[%\x8b\xd5\xfcZ\xf3R\xd8\xe1\x0e\
\xc0\xc0n\xe1\x8e\xee\x11\xa1\x18\x18/\x1e@\xa1\x0eJ\
g\xd63\xf3?%\x10N(\xcb%\xad~\xba\x0b\x22\
>8\xee\xec8\xbat\xe4}@\x08\xbaJ\xeaj\xe9\
\xae\xa7<\x9f\x1a\x0c\xbc<\x8b\xcfM[.\xefkL\
c*I\x1aLUiA\x93*\x83\xba\xc8^|\x18\
\xee\xb1\x89\xb1\xfe\xd4\xb4\x02\xf5y\x05\x93\xb3\xe7/\xb5\
X&\xfb\x9b\xa0\x96\x02\x9c\xd7+\x8c\xe8\x18\xdc\xbd\x1e\
\x16\xe0\xab5\xce\xc2\x16\xa2m\x84\xfb\xb8\xa0\xd5A\x07\
\xd2,\xeaAl ,\x84(\xe9\x8e\xfd\xcfc\xf9\x1a\
Z\x18u\xa7F\xdff\xae\xd0\xadG\xe35\x17\xc6\xbd\
\xf3<!\xa4\x0f\xb5\xf7\x96\xebj\xda\xd0{\xd2\x03\x0c\
\x0ct\x00\xbc\xe9\xec\xa2\x82\xc8\x99\xf7[I\x00\xec\xdb\
\xa5\x9aI\xa9\x00\x08R\x0f\x0bV\xd26\xacB|{\
sW\xee\xaa4\xb2\x9b\x7f[\xee\xaa4\xf2\xfa\xbbo\
\xca\xdd\xadW\x12\xb6\xca\xcaR\x86\xed\x22\x91&\x89+\
\xa5\x10\xce\x130R\xed\x15R\x0beb\xbe\x88\xc0\x22\
\xa5\x94\x06D\xf0Z\xb4\xf4!\x9b\x094%Z\xf4\xa0\
H\xc4#\xba3\xb8\x10\x1e\x80\xc8#t\xf5S\x01\x11\
(\xf4'\xf1&\xef\x05\x8f\xec\x90t\xd4\xe8\xcc\x12@\
\x22\xbdQY\x05xt\xed\x1e\x1eQA\xd0!Q$\
\x88\xa4J\x87_?%\x8aL\xb7\xd4\x91q\x03\x87\xc1\
#\xd5V\x18\xad\xe9\x8c'\xb3\x93r\xf9\xf2\xf32\xbd\
\xf8\x07/\xb7\xde\xc3 \xce\x84\xbfy\xed\xa0v\xc7\x95\
{'\x9b<U\xf0\xc0\xbd\x13\x8f#\xd6\xb7\xd2:V\
[|\xf2\xfb\x1ay\xb1\xc0\x9e\x18,\xf3:0\x80\xb2\
{\x1c\x22{\xed\x08\x9eE\x8e\x9b\xed4\xda$$0\
|\xfa\x99J\xc6\xbe\x1f\x90\x04Lbl\x00\x1cN\xcf\
\xcb\x845\xa2(\x86\x11}x&\xf5S\xaeT\x8b\x8a\
\xa2D[\x010\xdaodj\xbbK\xaa\x06\xa4>A\
\xe56\xbf*\xeb\x0a\x18\xab;Vh\xbd\xd1\x08\x19\xc0\
h\x8c\xa3p\xff\xe8\xa0\x966Be\x80\xf4\x81\x06:\
\xf2xw \xc4\x9d\x17`\xe2\xb2P!\x04\xe84\xe0\
\xa0kT\xb0\x99s\x11\x19-\x03(\xee\x08\xdc\xedC\
\x02l\xbe))&\xdb\x82\x84\xf2\x22\xbe\xaf\x1e\x8d4\
hKQ\x83\x87\xa2\xbd\xb4\xbbQO_\xa0c\xdb\x09\
\xf4gZ5\xd0\x98~\xbdt\x8bm)\xd8\x19N+\
\xa0h\xf3\xa7\xb3\x97Ure\xe5\xe5\xd3\xda~}\x01\
\xb2\xde\x93\x81\x08\xdfo\xcbdC\xe8\xc3j\xa8\xd5\xfc\
\xc6\xf3G\x98OSij~\x7fe\x09p\x8d\xd4\x82\
1\x1e\xb5\x14k`\xe1\xa9\x07s\xe6[,\xf5\xfc\xb2\
\x87\xf0o\x8bw\x97\x19\xad\xfb\xcf\xd0\xef\xbf\xc3\x01\xc2\
\xfd\x84g\x1e1\x11\xb1>\x17@\x87\x04\x82:k8\
=i\x06P\x80\xe4\x88\xfe5b9c\xdbGX&\
\x87\xfb\xc0\xfc\xe7\xf5\xb9o\xae\xea\x00\xe9\xf6\xdb\xb2\xb9\
\xfd\xba\x82\xc8W\xe5\xea\xed\x95\xa5\xe3\xb0\x85\xb4\xc6\xf4\
\x94LB\x85%\x9b\x09j\xad\x94<r>\x89\xfbE\
\x93.u\x96\x01C\xd7\xa54\xa2\xb9\x22\x96BR\x22\
\xe9\xaa\xb4 \xaa&\xde\xd0\x9b\xa8PG\x9f\xec\xd3\xd6\
\x11@>\x92\xf0A\xc0\x11\x9dX\x07\x93\xbfU\x08\xea\
\x9c\xee\x94\xdd\x89\x80\x1e\x052\xb1\x0d\xe0H0Ii\
\xc3\xae\xab\x02\x88!\xf1PI\x09@0\x0e\x8e\xa4\x96\
J\xb5U#\x81\x84\xca*\xd5UR\x07U\x86\x8d~\
\xfb\xf2\xe5?\x94\xf1\xd9/K\x8f\x11Y\xcfk\x10\xa1\
J\x00\x08\xeeo^\x89\xe0\x01\x83\xc5\xfd\xadV8\x15\
C\x18\xd8\x0d\x96\xd1\xbdFJ\x9b\xb9^\x1d\x1f\x9e\x95\
:\x0bs\x1bx5\xdb\x19\x98\xf70\x19\x9a\xc07\xbd\
\x896\x15\xf2\xb4<{\xf9@\x049\x07\x05iD\x1d\
\x1b\xb5\xd7\xc8\x9b+\xa1\xee\xa2\xf3\xa3\xb2b\xe2\x1fj\
1\xae\xc5\xde\x81\x14D\x19$\x05M\x9c\xe4\x9daX\
\xb8\x18W\xe9b]%\xa3E\x05\x8d\xf9\xdd\x95\xd7r\
\xc2;*\xdcB\xc5\xb6\xe9\x9ct\xa8\xe8\xa8\xcd\x9e\x0e\
\xe2\xef\xee\xac\xcd\x08\x8f\xb2q\x8dA\x83\xfc\x00\x03\xce\
\x04<\xd9\x81)''Y\x9d7\xf9\x041\xd4\x96\xf4\
uIC:Ou\x09\x17H\xedM&\x89\x86\xe2\x92\
\x04\x05g1H\xb1k\xac\xe9\xd2\x00\xa2<\x81K\x02\
C\x11\xd3LzT}\x01\x18\xe4\x0ftnIX\xb4\
\x0aS&\x8f\xb2A\xb3\xf6\xfa\x9a\xc8\xdd\xfb\xf4\xe2\x93\
29{Q\xbf\xddy\xfd^S\xd1\x0a\xe0\x0c\x93\xf5\
~ \xbc;kUU\xc9c\x83[\xecN\xc0\xc1$\
ClL\xa8\xb2Puim-\xbc\xad\xd6\xac\xa1\xb6\
\xd6+b\x13C\xba\x10S\xe5\xb9a\xaa\xbba\x80\x8e\
\x0d\xed||\x96E\xb1\x94\xcf\xf7a\x0e\x0f6\xb2J\
;\x93\xb3\xc2\xf2\xf0\x18\xd7\xc7S\xe2\xd8\xdb\xbc\xd4\x0c\
\x90\xc4 \xa6\xa7\x8d\xce\x8a\xbc\xd8\xb0\xa5\xb1\x86\x19\xfd\
p>\xaf r}[\x96\x15\xe8z\xf7_\x97\xabW\
_\x94W\xaf\xac\xd2\x92\xda*l\x1e\xdaQ\x93\xe5y\
\xc2\xee\xc1`\xccRI\x94\x91M\xc4`\xe1\x89\x88\xad\
\x0a,\x07=\x92\x5c\xa4\xda2Pt\xdd|S:\xa1\
\xff\x98$M\x97\xa68\xe8\x8f(\xc4+\x0a\xd4\xbb4\
\xe1'\x06$\xc9;~\xb4a\x0f@\x0e\xc1\xa4@\xcb\
1\xca\xce\xb8#\x06\x8c\x00\x8f\xbd5\xacB\x0a\x91\x94\
1D\x95\x13FA\x81\x84gK\xa7\x94\xa1\xb9 \x01\
\x12\x8dtA:byJ#\x99\x06ce\xd5\xda`\
\xd20\xde\xf3g/\xca\xc5\xcb\x7fS\x86\xb3O\x8af\
~\xf7\x18\xe1A\xf06\x16\x03 H\x14\x9c\xb3f\xd1\
\xd5\xdbWR?`Le\xf6\xb9\xe6q@\x80\x1b\x0c\
\xa7\xee\x14\x10$\xaf\xa5\x89aK&\x8c1\xa9\x11c\
8#G\x1bX\xe7\x95\x81\xb3#\x1d\x1eS\xb9\x95'\
G\x19\xf2\xa5R\x80A\x15y\x821YN+\xedj\
\xad+\xde\xd7\xab\xe0j\x16\xfa\x16\xcf)\x03$j\x0a\
X\xa5\xc0\xae>\xebvYG\xb3\x150\x16\x80\xc6=\
Kl\xb0\xcak\x00A\x82\x86:\xa2u\xcb\xb9\xe0\x9d\
Fr\x8as\xcc\xf3\x1c\xf1yt\x97itF=\xbd\
\xa2\x9dsaD\x96\x0d\xf2n\xde\xb3\x08\x01\x94\x9cy\
.\xfd\xc1=\x81bRMe\x10\x0d\x91a\xe9\xa3\x05\
\x0c\x0e\xd0\x93b%US\xde\x17\xc5\xd7\x18d\x9cn\
)\xd8\xc0\xa2\xfa\xbb*\xadF2\x09\xd0\xd1y\xd0i\
\x9c']\xdb\x11\x83e\xd7\xcf\xb52\xf3\xe4\xecy\xa9\
DV\xb4\xde\xd8\x0e\xd6\x8eg\x9d\xdb\x14u\xe5\xfd\x02\
\xd7\xde;\xbd\x19sA\x16\x95A\x03\xfe\x9a\xd1\xae\x95\
\x9c\xad\xfa\xc9I\xa5\x8c\xec\x09\x83:8\x01h\x04B\
\xdb\x81\xa4d\xea@e&\x97\xf0\xe1X\x92M\xc1{\
\x90;\x0d\xab\x142\xbd\xd0\x92\xf0x\xed\xa1\xf2\xa4\x1f\
hu\xe3J\xd3\x85w\xa2\x1f\xc9I\x83\x01\x0c\x03.\
\xab\xbfXE\x80-\x02h\x1dh\xe9\xee\xfau\xd9\xce\
_\x95\xdbW\x7f,\xdf~\xfbu\xb9\xd3<\x98PO\
i\x00e\x80\x90\x9d$\xe3\x92H\x00\x95\xb4\x83\xd8\xf1\
\xa0\x9d\x90\x98\x92H\xf4%\xdaG\x92J\x0eh\x82.\
\x05.>\x17\xcd\x89~\x83~\xa03\x13\xe0~\xbc\x1b\
:t\xe7\xd3\x0f$\xbc\x8f0\xfc\xa8\x01\xe4\xfd\xd2\x87\
;\x9f\xb3\xdc\x09\xd5\xb7\xc9a\xa4\x14i{\xe0\x01(\
\xc4\xb9\x98\xbe:h\xab\xbaj\xbc\xa8\x90&\x00\x97F\
\x8d\x15z\xde\x90L\xac\xb6\xb2xn\x95U\xd8;j\
\xda\xc9\xe9\x99TV\xb3\xe7\xffP\xc5\xfaK=i\xaa\
Y\xd8\x08H\x13\xa8 R\xbc\xac l\xe6qT\xc9\
\xe3\xe6\xd6\xcbP\xd0\xd1\xb6\x8c\xf0v\xf6\xf9\xc7W\x9f\
\xce\xcd\xb8\x0f\x02g\xb3(\x98\xa5\xd2wm\xb302\
\x03tP[\x10N\x9f}\xee\x09\x84\xab[\x8dp{\
xU\xe9\x1d\x06\xaa\x0b\xa9\x03\xc9B\xb3\x8c5\x92\x95\
\xe9]FO\xad\x93\x15\xc0K\x07\xaarOe:\xf7\
RQ-\xe6\xb6i\xe8=\xd41\xe9\x5c\xeep\xd6#\
\x07h\xe4Hn\xe7\xbd\x19\xb2C6\x86\xcc\xe8\x9c0\
\xf7\x16\x5c\xa8+%\x16\xe54e}\xce\xc1\x9d6\xd3\
hWG\x93\xd4\xe3\x18\xe7M\x078<?\x08{\xd4\
%F\xdf\xc6#\xa2\x9f\x80!A#NT:h\xcf\
R\x08G\xfe\xc6@\x06\xe6\x0f\x98\x88&\xa1O\x0a\xb7\
\x03\x1a\xd3g\x00Hsn\xfav\xdc\xeaVy\xbd\x85\
\xea\x0b\x9a\xe5\xfb17gv\x86\x83\xc3\xb32\x9a]\
z00\xc0\x06\x12[\xedV)V.\xdb\xf5\x9a\xc5\
\x1c7\xe9[\x01\x91V\x5c\xae\xb4\xc7 \x05\xa6\x0c\xfd\
@\x1f\xd8Gp\xd0\xa0\x0a\x16p\xf4\xfc\x9c\x98\xbf\xb3\
e)\x15P\xc3\xcf\xa5\xf5\xb5j\x8b2\xf1\xb0~z\
\x01\xc5h\x8am\x04\xc9\x83\xd9\xebvW\x1e\xe1\x98\x81\
\x0by\xad\xdf\x1bz1\xd0\x1aW\xa9\x85\xa5R\xc6Z\
v\x05ID3\xffG}\xa9\xb4\xf0\xca\xba\xbb\xfaN\
 \xf2\xfdw_\x95\xb7\xaf\xdf\x84\x97V\xa8\xb4\x02@\
\x14\x8fs\xab\xb5\x18\xccXZ\xf1<!\x97k\xc1\x22\
l\x22\x91o\x8f\xad\xa0\xd7X\xfa\xa41\xb8\x8bf\x89\
\x9b\x16\xf5?\xe9\x947W\xfaO\x17D \xf3\x1f\xe5\
\x93\xbf\x1f<:\x9d7;p\x8e\xf4\x9a\x8e\xe8Q\xbc\
;d\xda6\x18\x05\xf9\xbc\x9d\xc7\xe1xc\xef\x90\x9a\
&$\x0b\x951@\xb4\x00\x12\x12\x08\xf1\x18\xd5\xcbP\
\x8e\x97\xd5\xd9yy\xf6\xe9\xbf*\xd3K\xc0\xe3\x84\xae\
%b\x14\xa1\xcb\x88\x8c\x87\xc9\xda\xf6\x0e\x19\xc1\xe9\xac\
\xb8\xaez\xbe\x03\x92\x06\x02G\xce\x91\xc8\xf7\xe6\x00`\
H!\xbb\xf1\xc6Ae\xc0.\x81\xd8\x22\xf0\xe7\x8fB\
\x05}7s>V\xda\xe2v:;\xd3\xfb{\xa4\xd4\
\xd7\xa8Q\x9bR!m\x14\x0c\xed}ux\x0c\xe7\xb0\
8\xef+A[\xd6w\xe4^\x9a\xe9~cc\xb8\xbc\
\xa78\x87\xa1\xc0\xd8s\xe4\xe6\xe3!0$\x804q\
:^\xe6S>\x01\x05\x12\xd5\xb9zg\xd3A\x13t\
}\x0d/\xe8\xb4Lwg\x8e\x8e\xed\xec\xa6\x93'\xd9\
7\xc4\x9f\x1d>\xcf\xdf\x11\xa2\xc5\xf3\x7f\x9b\x9a\xe7\xf9\
M\xba4\x18\xe9\xdds\xab\xaf\xe2\x5c\xb4\x19 !`\
\xc8xK\xaf\x96\x9a\x914Z\x00y(9'\xedB\
\xcf-mk\x87\xc5J\x7f\xd3\x93Sy\xcbMO\x9f\
kb\xea\xb6?\x09\xaf83X\xe8\x8d\x95v\xf9f\
\xacp\x00\xd7\xd7\xfc\x90\xfa\x9d{\xbb\xcax\xd9 \x0c\
\xb0Io\xa6`\xa8\xec\x8f.\xa7\xde\xde\xc8\x8e\x1c1\
\xa9\x06\xff>9o\xf4\x11d\xb0/\xb0\x1c\xccH\xaa\
\xb51\x00\xc2\x9c#\x80c\xc4\x8e\x87\xf6\xd8R?\x1c\
X\x92b\xaf\x991\xaaSI\xef,\xd0\x08\x88\xd8S\
\x0b\x87\x92\xb7Wu\xb0r\xf5\xaa,\xae\xbf*o\xbe\
\xfdcy\xfd\xe6M\xa5\xc5yH\x1a\x80\x83\xd5X\x06\
\x92LCe\x95\x92\x88\x81\x02\xe0\xc9\xf9$i\x1fi\
\x81\x84\xb8\xa5\x91\xa4\xd3\xd6[\x8b6H\x1a\x84R\xa1\
U\xd3\x5c3\xa8\xe9\xd2`\x86\xa0\xb7\xf6\xf4C(\xef\
\xe3\x0b|\xe5\x1f\xdd\x93\xbf\x0b<\xa2\xabFG\xa5\xd3\
E^\xaf+u\x90f\xc3\xf8\xe3\x00\xd2QW%x\
tUR\x02\x85P[\x09(\xda9\x1e\x1e9\xa5*\
\x8b2\xce\x03<.\x9e=\xaf\xe0\xf1\x8fet\xf6\xb9\
\xe6P\x8c\xfa\x10\xe5Z+\x95\x0a<\xb4V\x15GF\
J\x9eU\xce:G\xcc\xb6\xe6yQ\x11\xc8\xf0\xb7c\
\x12\xfa\xbd\x80e\xd7\xf7n|ZYV\xbacF\x8b\
\xe8\x81\xe7R7\xd9\xc2\x81T\x82\x84B\x99\xa1v\x19\
\xa4\xb3L'3Mf\xd3\xa40*\xdd2D\x9ch\
\x92\x1b\x12\x87\xf7L\xdfI\xdd M>\x00\xc5\x82z\
}X\xc5Rv\x0df?\xa33\xd7\xde\x0e<\xf7\xae\
+A$p\x18\x18\xa4O\x96'\x0f\x12Dt\xc6\xa6\
C\x9ai1\x8cU\x87L\xc9\x03[\x09@\xa5N\x1a\
\xe9\xdd\x8e\x19\xaa\x18\xbe\xbc\x8f\xa4\xf3\xc1)g\xf2n\
:\xa7\x8e\xd1\x95#\xad\x89\xff\x90\x9e\x90e\x13\x18\x94\
\x16t\xa7?V\x95\x9a\xce\xa0\xaf,b\x9at\x99\x90\
2\xf4U\x02@\xb8Nu\x1a0\x0c\x1a\x5c\x93RF\
\x0b0Z\xf41@Cy\xca\x0f\xfa\xcd\xf3\xa4\xe7\x94\
NH\x1b\xc4\x9c\x13\xdc\x83OY\xcd\xf9y\xe9\xb1<\
Na\x1d4\x836O\xc5\x84\xcd*\xf6\x16\xadYV\
\x07\x0b\xbb\x15K\xa2\xa0\xba\x81NV\xa2\xbb2\x7f\xa5\
6^o\xed2lg\x08\xdc\xcdwZ\xf6F\x0b[\
\xd64\xd6N\xc3\xae\xe1\xd5\x9d\x97\xb2\xc1p\x8e\xedC\
\x93\x0eG\xd8F\xd8Of\x1asC\xbcI\x97\x07o\
\xa3\x987B\x1dH\xc3\x13\xa9U\xb5Kd\xad\x17Z\
\xb9\xbd\xbe-\xf3\x1b\x0c\xec\x7f*\xd7\xdf#\x8d|\xa3\
~\xa3\xc9\xa5\x01 ^L\x12\x83{\xa8\xadB\xeaH\
\xf5V\xaa\xb3\x04*\x8dt\xe2\xfe\x99`b\x00I\xe9\
9\x01$l\x22\xa2\xcb\x18\xf0\xe8X:\xf1\x96\x06\xdf\
\x05$?F\x10\xf9!\xdd\xe6\xa3\x09{\x00\xd2\x8ds\
\xaa\x0e\xebN\xd7H\x1e\x19W'\x8b\x0e\x18#5\xa7\
\xa3\xaa\x8a4\xc0!Fp\x8d\x07UJ\x1d\xa9\xba\x12\
1\xa7~\x96|\x8e\x06\x97\x5c\xce!'\x09\x02<L\
\x10\xbb|\xfeY\xb9\xf8\xec\xdfj!D\xd4@,F\
\xc7d-{!m\x05\x18\x10\xebr\xcd(\x10)d\
\x19\x1e1\x18\xef\xacC\xde\xd4N\xc9\xa9\xec\x06\x1a=\
y\xf3\x1f\xed\xb7\xd1\xf3\x9c\x10VF\x85HQ-\xc0\
\xa0\xc4\x0e\xb4L7\xf5ld\xb4\x84\x89\xe1\xff\xcf3\
\x9f\x9c\x5c\xca\xf3\x05\xb5\x06\x9dA\x13\xbb\x86\xd89,\
Mii\xf0\x1d\x83^\xbcd\xb6e\xb0\xbd\x95\xbb\xf0\
\x1c/*\xe6\x1cHE\x95\x12\x04#6:U\xe8\x8f\
\x1b)\xe3P\xec7\x10\xb4\xd7\xc1\x94b$\x17RH\
\xdb\xf1\x9c\xdf\xb8\xf0\xf2Oz\xbcHW\xa7K\xd0\xc8\
\xf2D\xa3\xc3F~7\xde\xf6\xd3?\xbf\xf3\xee\x0fb\
\x1cwR\xd0_\xa4g\xdc4\xc91\xd4W\x99\x0eM\
*\xc3e\x12$4\xd8\x89r\xb9\x80\xa7\xd2\xc9\x17x\
\x10\xe7\xa2.-\x1bX\xec\xf9\x94\xe9\x9d\xbc\xa0\xf3\x5c\
=\x1a\xdaE\x1a`\xfb\xe3\xd9\x19\x1b\x91\xbd\x90d\x80\
W\x16\x92\x08\xaaN\x06)\xb8\xf0\x0e\x87\xdcO\x83k\
\xd1*\xcf\x84+6\x93\xf9\xb0I\xa0\xee\x82\xf9\xd6L\
MJ\xc4U\x5c\xb3\xda\xf9\xde\x92l\xa7r,\xc1P\
\xce7\x97\xc2\xae\x8fq\xbd\x82\xc8\xec\xc2\x03\xb0\xdaO\
\xa6S\xbc\xfc&\x8d\xfa\xb4@\xd3}\xafB=\xd4\x04\
U;l\xb0\x22\xb2\x8d\xef^\x82\x9eY\xf7Wo\xdf\
\xc6\xc4\xc3\xdf\x96\xef\xfe\xf4\x95\x5c}[\xf5\x94\x0d\xe6\
\x8d$\x92\x92IG\xe5\xc5\xa0\xaa\x05\x97\x00\x0e\xfa&\
\xf1F\x95\x95@bz\x17]\x22\xa9t\xe8Z\xc0\x02\
m%\xddf<\xe8w/t\xe8\xee\x87\xd2\xe0\xc7\x10\
\xa0\xe2\x1f\xd5S\xbf\x0b<\xfa\xd2!;\xdd\xe0A<\
A#\x01\xc4?Md\x22\x1e`\xb1\x07\x1e\x1d\xc9c\
\x1fD\x00\x85\x902D\xd8\x16\xb1S\x12\x11\xe3UZ\
z`\x8d\xb4\xce\xd1\x8bO~UN_\xfe\x9b*t\
\xd4\xd1^mn\x98/*\x01\xd9\x12$\xf23\xf2\x8e\
\xadI\x01\x8ez\xce\xe4@mW*\x22\x84\xf9\xaf\xf1\
\x9f\xe1\x0dE\xb8[\xf1W<kX\xba\x82}\xaey\
~\xbf\x07\x9dM\x1b\x0a\xedP\xff\xd0\x91A\x9d\xb5:\
\x224\xca\xf3\xb2&\x12\xcc`z\xf6L\xcf\x89\x9a\x00\
u\x02\xfap-A\x02U\xc00\xb8Q\x95f\xfa\xbb\
\xfb\xb2\x028\xeen\xb5\xc9\x90\x0d\xe2t\xa0\x8ez*\
:V\xd7\xfd\xb1\x91>\x22\x8d\xd1\x1a\x1d\xde\x92Jt\
\xb6\xect1\x8a\xd3sS\x0eIE\xb3\xcak\x1a.\
\xa4b\xfe\xe4\xf3e\x0dl\xfc9\xf4\xc1\xe7\xe1}\xea\
N\x9b\xa1\x8dSg\x97\xf0;]\xe0}\xbda\x8f\xe4\
\x02\x04\x9a\xd3\x9e\xaeO\xb0p\x92\x082H\x15\x1al\
\xcb\x08L\x90<v\xa4\x93k\xf5\x94\xf3(c\x10a\
)y\xa5\x87\x94bZ\x1e\x08\x04\x1a\x89#\xc1$\xc0\
A \x92t\xad\xa3\x81(\xe9\xdb\x12w\x9b\x87\xc3\xc4\
l\xc6$\xd6\x17ex\xf2\xb2J\x0fS\xdb@*H\
\xb0\xec<\xf4#\xa9\x1d\x86]\xe9\x01\x9ac\xfd,F\
\xf5\xda\x9f]\xf3\x8d\x90\x92a\xb4\xccl\xaf\xb4)U\
\x16sP\xaa\x04\xdd\xf3\xdag#\x0d\xaa\xa0\xcf\x9e\xd4\
c\xac\xe0,\x15\x16\xcb\xe2L\xab\x14\xc2\xc6U\xb2\x8f\
x9\x1c~\xdaZ\x17\xb0\xa8\xf4\x89;0F\xf6\xb1\
\xd6\xd4\xe2\xdcGH\x82~tw\xcbn\x8d\xdf\x95\xf9\
w\xbf)_\xfe\xe6\x7f\x957o\xdf\xc4\xdc\x22\x06j\
!\x81\xc8\x0bp\xa5g\xd5\xee\x8b\xe4\xf1\xae9G$\
T^Ri\xb1\xb2uH v\xfbm\xed$-\x88\
\xc4`I\x83\xad\x16@Do\x8f\xa8\xb3\x08{@\xd2\
\xa1Q\x9f\xbe\x8f\x08?\x9e\x00Y\xffh\x9e\xf6]\xe0\
A\xe8\x8e\xda\x08\x8dx\xaf>L\x07\xec\xab\x93f\xa7\
\x83\xa85\x9b::T\xd7\xce\xd1,I\xd2\x00H\x80\
\x87\xa4\x8dTQ\x05x\x84\xcaJ\xb6\x8f\xc8\xb7\xb1\xfc\
\xb4<\xff\xf4\x97e|\xfe\xaf\xe5\xfb>\x9b\x8e4\xa2\
a\x82\xd7J\x13\xbb\xb6Z\x87Jk9\xb1\xa4\xc4\xc6\
\x0b#\xaeX\x08PKJ\xa0A\xe6\xf3\xc4r\xdb\xb5\
#\xc2D\x82\x16\x8b\xc8\x10\x1f}\x98\xa8\xb58t\xe1\
\xc2$\xc2\xf1\xf4\xbc\xe0\xb5\x82q\x13\x82d\xff\x0e{\
i\xf5$=\xd9\xe0\xbe\xa9\xa3\xbfs-\xd1\xcd\xbc\x0e\
\xf6\xbd\x06\xbcT\xbe\x0fh-k\xafD\xd2\xb8\xaa\xcf\
\xcc\x92\x22\xb1\xe1O\x02D\x8e\xbc\x124rdF\xe7\
\xa2Ce'k\xca\x06x\x80\x5c\x09.\x01\x18V\x8d\
\xf8\xde\xcd\xc4\xc1\xecp\x09,tF\xa9\xac\xa23\xd2\
6z\xf7]P2\xe5i\x88 j\x95\xf11Z+\
3|\xeeC\x1b\x1e$<\x11\x0eh\xaf=\xed\x82\x85\
34\x8c\xd1\xff\xee\xd1\x05L\xaf\xa6\xd3\xf6\xdc\xf4\x9b\
6\x11\x01\x0ct,\xe0\xa0l\x80HH\x15\x06\x01\x0f\
\x86t\xe4\xbcI7\x80d<\xcb\xa4M\x8fty\x12\
v\xcab\xebb\xbf\x99\xe9\xe9\xb3\xd2\x1f_\x16v\x91\
\x14\xf8\x88v\xb0\xb9U)Tt\xc9\xfc\x0f\x18\xeeF\
Ft\xabE\xad\xfa\x82\xd1\xb2^\x9b\x96\xc6)\x8c}\
p\xea\xe0\xf3b\x5c\xf7*\xbeZ\xa3\x8d7\xa4\xee>\
\x8b2b\x5c\xb7[\xaf\xdc\xc7\xb5OM\xbf\x02\xc5\xac\
Lg\xd32eP\xc6\xdc\xa3z\xce3\x02&c~\
\xd3\xb1W?\x9e\x8d\xab\xa4\xdf\x97\xf4\xc4\x9aao^\
\x7f[\xbe\xfb\xdd\x7f-_\xfc\xaf\xffV^}\xff\x9d\
\xa4\xa4V\x85e\x89$\xbd\xb6ry\x94\xd6\x8b+\xd5\
V\x99\xdf\x02G\xae\xf2\xdb\xaa\xb4\x00\x0b\xe2\xd0vJ\
\xe0A\xe7\xeac-\xad\x8a\xbaD\xf3\xcdY\x1b:\xb4\
w\x04\x90\xbfp\xd8\x03\x0e'\xec\x9fF\xa7l$\x8d\
\xec\xa4=\xfa_H\x1a\xdd\x0e\x86\xf4Q\xc2\xe6\xc1\xfc\
\x06@\x82y\x0d\xfdPU%\x88\xa4z\x0au\x15L\
\x97# \x11`!UUH\x1a\xe9\xba\x9b\xab\x93\x9e\
\x9d\x9f\x97\xcbO\xffu\x19\x9d\xfdB\xfae\xdc&q\
W\x14\xb3\x958\xcd\xe8\xcc\x224\x13\xe3\xb0!0\x8a\
\x83\xd0\xf9$\xa8\x09(+#\xb8h0F:\xc1d\
s$\xaa\x97\x84i\x86k\xaa\xd2\x07\x9e\xb9\xacN\x1a\
m\x85\xee\x19pQ\xd1\x013\xc5\x81\xa6\x9e\x0c\xabx\
\xe9\xa0\x93\xd6\xfaFH&K6 \xb2\xbf\xfd\xe2\xce\
kn\xa1f\xb3\xea,UV9\x0as\xe7\x914\x92\
z\xe3\xe6Y\xfd\xd3u\x02\x0ew.I\x0c\x99\x17 \
\xd1\xaa\xb6\xf2g\xd0P\xe7k\xceM\xaa\x92N\xd4\x09\
y\xb1\xec\xa0\xd9\xf1\x5c^\x8c\xabst\xa0\xacJ\xc4\
i;\x07&N;gO\x87=\x17\xde\x1a\xe4T@\
:\x7fz@\xb3i\x92d\xee\xd0\x0eh\x5c\xca\xa4)\
\xe2\x0cZ\xe5?\xb4\xd9\xc9\x87V\xe3\xda\x04\x8a\x86\xbe\
\xc3\xcb\xca\x83\xa0\xb0\x8f\x04\x88\x98\xceS\xf2\x08\xe0\x88\
\xbc\x94P\x9d\xe6\xb8\xbc\x0b\x95g\xe9[}\xa0\xcfL\
p\x5c\x81O\xa4\xda\x1aN.\x0b\x1ezxY\xe1\xf9\
7\xd8\xce\xa5\xfed\xb0a\x15\xac\xdd\x7f\xbd4\xbc\x97\
C\xf1\x9e4+\xb5\x0d3\xdb\xf9\xbe\xf2\xf4\x826d\
K\xab\xef1\x9ci\x80\x83W\x95\x9ee\xc4\xb2\xf0'\
\xda\xb0J\xf3C\xe8oc\x80\x0150Rr\x18\xd8\
G\x18\xdeg\xf5G\x1e^Z\x83r~6-\x9f<\
\x9f\x95O\x9f\xb1/{\xaf\xbc\xae \xf2\xf57o\xca\
W\xbf\xfeo\xe5\xb7\xff\xf4\x9f\xcb\x97_~\xe5\xf9\x22\
\xe1\x81e\x95V\xaa\xb3R\xb5\xd5\x82\x89\x01\x06\xd5U\
\xe4\xa7d\x22z\xa7\x0ft\xbd\xb3*E\xa1\xae\x8b\xc1\
QJ&\x10T\x1a\xd8M\xa3\xa6M\xc5\xe3|/4\
t\x9a\xa7\xef\xa7\xc5\xbfw\xe8\xf6\x9f\x8f6\xbc\x0b@\
\xd4\x01\x95\xe4\x0e\xd9\x97\x1a\xcb\x9d\x92x#\xf6\x1f\x8e\
\xc6\x04$\xee,\xad\xe4\xe1N\xd4\x05\x8ff\x9d*\x00\
B*\xadV\xdahTY\x8d\x14\xc2\x1aR\xa3r~\
\xf1\xac<\xfb\xec\x1f\xcb\xe8\xf4\xf3\xc2\x1e\x09h-\xd2\
\xbdP\xa3\xa0\x0d{l\x14\x11/\xcbG$0,\xe7\
\xd7H\xf5\xf5\xc1\x91\x10 \xa0\xad\x0c\x91\x8c\x80z\xac\
~\x8b%\x84Q\x1c\x8c\x0ff\xb3\xe5\xc8\xbbX?\xed\
6\xf0\xe4F:*\x9dl:\xc4?\xdf#(\xef\xf3\
\x0d\x83\xc3\xe5\x12\xd5\x16+\xa7\xa2W\xf6V\xb8\xc3\x82\
\xca\xe2\xba\x82\xc6\x1b\xb9\xe1\xa2B\x93\xc4\x81\xb4\xd0\x88\
\xed\x01\x18a\xe7h$\x10\x9eK\xf9\x06\x88=\x00\xe9\
\x00J\x02A\x9eC~\xeax\xa8\xa8\xe8t\xd1\xc9\x9a\
r*\x0b\x89\xe6\xc8\xad\xb8CFp9\xc5|\xe4\xa5\
t\xa6\xcc\xb6\x93Fg\xccN\xb9\xdf9\xdf\xdd\x05\x1e\
\xed\xc8$5d\x98T\x98i-h\x88Q\xb6\xb9\xa2\
;''x8/\xe7+\xe5u\x09\x0e-h\xc4\x80\
\xa1\xd7N,\xcctK =\xd3t3PB\x85\x15\
\x8c9\xe9\xbd\xa1\x7f\xdbB\x92\xee\x05F!\x85\x8b\xf6\
c\xa2*e\x01\x12\x98\xfa\xc9)\x0b<29\xf1\xa4\
J v\x1f\xef\xd5A\x09\xc0\x81\x13\x08\x1b\x97!\x89\
 %3\x0a\xc7[\x0b\xfa\x96\xadn\xeb\xd9\xdd\xd0\x8e\
&(j\xb0\x00\xf9\xf6\xe5)\x98\xcb\x96p_&\x0f\
\xe2!\x86Z\x0aww\xa4\x0c\xd4YL|en\x0b\
\x0d\xcfdV\xb6\xd8\xa5\x9dY\x06\xff\xb4\x82\xc7l2\
,\xbfx>)\x9f?\x1b\x95\xe7S\xb7\xef\x9fn6\
\xe5w_]\x97?\xfc\xfa\x9f\xca\xff\xfe/\xff\xa9\xfc\
\xfe\x0f\x7f\x94q]\x8b0\x06h\xd8\xd0\x9e\xe7\x96B\
\xdcG\x13d\x0c\x22\xb2\x8b\xe0\xbd\x15\x00\x92\xb3\xd6\x93\
\xf6\xb3o\xec\xd19G\xd2!\x16\xd1f\xa8[\x15%\
M9m8\xa0\xb3G\xe9\xee#\x0b\xe2S\x87\x89\x1f\
[x\x1f\x80\xb8c\xb5\x1dM\xfd\x92\x7f\xeaXm\x87\
jF_t\xc2\x902Z\xa9\xa3k\xeb\xa0\x03\xa5\x84\
\xd1\x82F+m8\xad\x01\x11\x95\xf7\xde\x0f\x17\x97\xcf\
\xcb\xf3_\xfc\xbb\xd2?a\x8e\x85\x17\xac\x93\xca\xaa\x8e\
~\xe4\xfa\xb8\xc3\x93\xca\x9d)G2\x18\xb4Yq\xd6\
\xa2>\xcf1\xb2\xf1[\xdd\x94\x11\xb7\x09\x93w\xe4\x1d\
\xa0+yU\x05\x13\xc8\xd1)v\x129\x04H\xc2\xda\
\xc9\x07_k\x0e\xf1|;\xd4c\xb8\xf6\x8e5\x1bx\
\xc9\x16\xb7u\x84\x887\xce\xa8\x8f$t\xa3\x89\x7f,\
1\xb2\xdeSU\x85\xce\x17\xc9\x84Qf\xd3Y\xc2P\
\x1e\xf9f\x10\x96$|\x1d\x0c\x9d\xf7k\xa5\x8b\xecX\
\xea8\xd1\x99\x1a\x80\x00\xa4\xd4\xa9\x124\x12\x5c\xd4\xf3\
TO\xc6\x9b\x8e\xd5\xe9\x90\xd9\xf9\x1e\x00D\x9eg'\
\xcex\x86,\xa7\x16k\x81\xe9\xb0l\x0b\x02\x9dk3\
\xe5 I\x83\x96\xb8\x9d\x18?e\xa0M2Az\xd4\
\x88\x9c(\xadC\xbb\xdd8\xdf\xd4\xb5\xb5\xe7|\xff\x88\
\x97\x00\x14yX\x89\xf9r\xadi\xbd\x05\x14\xc0\xa0o\
\xa3\xb9@\x84>\x00\x0d\x19,\xf4\x13\x80\xf8\xa8kE\
\xcb\x80NH\xe5\x5c;`\x85fl\x0d\xb3rz\xc1\
\xfe\xe7\xcf\xcb\xa67\xd3\xd2\xf0\xec\x19\x82\x9b/[\xec\
\xb2\x0b\xa6\xf6\x1d\xa9\x83&\x00\x84%B\x00\x10h\xcd\
#\xf2\xad\xe66ao\xa0\x81\xa0Ulu\xa8\xab\xb0\
\x8f\xe0y\xc5\x0a\xd0\x97\x17\xcf%\xc1\x9f\x9d\xb1!\xd5\
\x89\xee\x8bZ\xad7\xae\xf7d\x1eR=\x1f\xe2=X\
\xdf\xf1\xd9\xf9\xa4|\xf2bRf\xa3^\x05\x8e^9\
\x19\xed\xcal\xe0\xbdN\xd8K\xe5\xfb\xbbR\xfe\xf9O\
w\xe5\x9f\xff\xe9\x7f\x94_\xff\xd7\xff\xbb\xfc\xe1w\xbf\
\xaf4\x8e\x9b/\xae\xf1\xeb\x00\x06\xdbG\x0c\x1e\xb6\xe1\
\x00\x22Z\x02HRI\xa8\xb3\x04(9\x98\xb2Tb\
\xc7\x11\xc0'\x07M\xee3-\x88D<\xe8O\xb4\xad\
>\x10t\xfe(-v\x93\x1e\xa6}L\xc1\x5c\xea#\
\x0d\xef\x03\x0e\x1d\xa3\xb3\xf0!\xfa\x12\xff\xe9p\x00\x06\
>\xe9v]\xdc\x03\x90\xe8p9!\xd0R\x85\xe3\xb2\
w\x04\xa0\xecK\x1a\x0f\xc1C\xd2\x09\x06t\xae\x19\xd6\
\x11R\x15\xa7\x9f\xbdxY.\x7f\xf1\x1f\xea\xa0\xeaS\
\xa5\xc3\x98\x19\xf1\x5c]\xdd\x94\xf9\xcd\x9bJp\xb7\xb5\
3N\xb5d\x09\x9d\x09/+F\xd6|\x82\xcd\x82\x95\
S\xd7r\xef\x0dJ\xd3{x\xddZ\xdcimH\xe7\
\xb5\xe9\xd0\x5c\xcf\x09\xc0E>|I ([\x07\xde\
-\xe8\xae\xd9\x9c\xbb\xef\x19\xe7\x95\x90\xef\xefo%y\
\xe0\xbe\xe9e\xe0\x17\xb5;.\xaa\x14\xf4\xb6\xdc\xdd\xb2\
\xa8!\xa3\xc5\x046\x03Az\x9d\xb0\x7f\xba]o\xe3\
\x97\x1dFi\xee(\x00\x89F]\x02\x86\xecL\x09\x14\
1\x22\x8b\x8ec\xc0\x89s\xbd\xaf\x01\xa8\x01\x89N\xa7\
\xa3\x8dx\xa7\xccS\xe7#\xb9\xdb\x09\xa3\xa3\xb5\x1d\x8e\
<\x9a\xc8u\xf8\x9e\xdd\xee\x1a\xb1&a\xaf+GR\
7\xa5s\xe5\x83\x82\x07t\xda\x09\x0d\x0d\xeb\x90@\xd1\
\xc6\x93\xa6-\x81\xe8\x02\xd1\xb6\x07BQ>iZ\xc5\
-Ed\xba\xe4l\xd1x\x96Iz\xf7\xafK\xf3>\
O\xf0\x08\xb0\x88\x01U\xc6\xad\xca\x8ar\x9dA\x96\xfb\
\x8aU[\xa7\x95\x99\xb3Y\xd4\xe8\xe4yY\xb1p#\
F\xe9\xfa\x81\x98\x84X\xb6s\x95e\xa5\x04\x8d\xd0\x8b\
=\xba\xd6,\xd0\xb8F\x12\xd9i\xf1FV\x8e\xe6>\
\x1a\x171\x18cU\xde\x01\x83#\xabz\x01\x8cY\xa5\
[\x8e\x13\xf2\xab\x14\x94\xfd\xb17>+}\x96\xd4\x19\
\xb1\xfc\xfd\xb8\x9c]\x9c\x96g\x97\xb3r6\xed\x97\x8b\
\x8a\x1e\xbf:\xaf4>\xeek\xf3+\xea\xff\xf5\xebm\
\xf9__\xdc\x96o~\xf7?\xcb\x97\xff\xf3\xff)\x7f\
\xfc\xfdo\xb5\xa4NW\x85e\xa9#%\x12k\x0bZ\
\xf5V\xa8\xb3\xc8\xa7o\x08P\x0c\x1c\xcd\x92\xf1\x02\x15\
\xf7\x83.\x80xpEZ}\x96\x1e\x7fJ\xd0\xe1N\
*0>\xea\x03 !t\x88\xecc\x06\x91\x1f\x0f\x80\
<\x06\x1e\xd1\x01\xdd)\x1d\xcf\xd1\x97\xe3\xd1A\x94\xe6\
Nc\x039\xa3\xb2\x00\x0a\x8d\xd8\x01\x01\xec\x06^\xc6\
C\xd2\x05y\x01\x10\xfb\xe01\x8e\xb4\xa1\x01d\xc0\xfe\
\xd8\xb3\xf2\xfc\xe5g\xe5\xa2J\x1e,KB\x1e\x94\xc2\
\xa6G\x8c\xf2\xb1\x1f\xb0\xd1\xd3\xfd\xfcV\x84\xd7\xe7Y\
wH&,f\xc7\xbaS\x9esb\xc6]\xfc\xbc\xc5\
+\xecj\xb1\xc4J}f\x18T\xbb\x94'\x0a\x1d\xd3\
\xb3\xc1\xcdDp\xd8E\xdcg\xd5]T\x03\x00\x0b\xcf\
1\x9b\x8d\xe3\x00\x00 \x00IDAT\x87qZK\
\x92\x8c\xa7e\x81\xb1\x93\x89b}&!\xd6\x0e=\x8f\
\xf5\xa9\xeeY\xb6\x82{\xa3J\xf2\xe8J\x1dD\x1d\x05\
f\xde\xa65\x86C\xa5q\xaf\x04\x14\xab\xb0\x0c*~\
\xe6Te%h\xb4\xf1\xc3#$H\xbe\xd3\x08\xadz\
\xcb\xe4\x99\xe9{@\xd0\xe4\xb5\xe5|\x8d\x8fMyG\
\x1et\xd2n\xdea\xfa\xc3N\xdb\xed\xd0\x9dd%\x14\
\xf7\xa4\xc3@A}\x9f\xf8v\x0a\x19O\x001=\x8b\
~\x05\x02A\xdb\x0c\x1c\xc2F\xa2o\x9ftMN\xdf\
\x12H\xb3v\x16\xe7\xc5j/\xe8\x9c\xe5\xe0\xa5\xc2j\
$\x92Pw\xc9C\xab3\x90j\x00\x22\x81\x05\xba\xb1\
\xe4\xe1\xad\x95#-\x06UZ\xe7\xac\xd8\x83q\xc4>\
\xf0g\xcf\xca\xe4\xfcee\x8c'\xb2\xd9i.\x90F\
\xe5+\xd1'\xf7\x94\x87!\xcf\xbdc\x17E\xdb\xfc\xc4\
Pa\xdarC\xf7\xf2\xf0,k\x924\xce\x11\xf0\x98\
\x9ez\x95\xe1\xd1\xe8D\xf3N\xb0\x83\xa8\xcfMO\xe5\
\x94rZ%\x94\xf1lR.+x\xfc\xe3\xe7\xa7\xe5\
\xa4\xbe\xf2\xc5\xacW\xaaPRF=\xb6\x0b\xb6\xc0w\
\xbb\xda\x95?\x5c\xed\xca?\xfd\xe1\xa6\xbc\xfe\xea\xb7\xe5\
\x8b\xff\xf1\x9f\xca\x1f\x7f\xf7\x9b:h\x8a\xfdu\x00\x86\
\xf4\xcc\x0aP\xf1\xfc\x10\xd6\xd4\x0a\x9bH\x00\xc9\x1a-\
\x82<\xb6R\xf2\xa0\x5c\xb7o\xb8\x7fx\xf0\xd4\x1dH\
\x99\xd6m\xffki1\xd3\x15\xef\xd2\xe7#4\xf91\
\x06(\xf2\xa3|\xb2\xa7\xc0C\xa7\xd9\xf9\x88\x8b\xd9\x8a\
\xea\xa23qlG]9\x1ak\xf4\xbe\xea\x14\x80F\
\xa8\xaaB\xf2\xb0\xea*\xc1\x81\xcec\x15U\x82\x84m\
\x22\xf6;\x97\x04\xa2\x99\xb1\xa3*^O\xcb\xb3O>\
/\xcf~\xf1\xef\xcb\xf4\xfcSu\x5cF\x1d\xd8\x0f\xb4\
\xbd*:\xe0\xe8Xt\x965[\xaf\xe2\x06[\x89n\
\xb1\xa8\xa3\xff\xb5\xb7r\xa5\xd3\xf3!\xb8\xa6\xe9\xcc}\
\x8c\xee\x1b\xe9\xb2\xc9\x84\xc0Xf\x9ds\xab\xb0\xbcZ\
)\x06z\xb5A\xdf\xee\x98\xac\x9a\x8b\xbd\x84\xb5\xb5\x08\
\x10\xf1\x84e\xd9!\xfa\xe5M\xfd\xbd\xad\x80\xe6\xd5p\
\xb5\x08\x9e\x08\x9e\x8ebB7p\xb4\xc0`I$T\
V\xa9~\xa3S\x08\x00\x12P\xa2\x83t\xe3\xea,\x1d\
\x00y\x0c88\xf2\x0f\xc0\x10\x9f\xd9\x9a \x1b&\x9e\
\xef\xd0-\xef\xd0\xe4+/\x12\xa9\xcb\x15t\xcadV\
\xa4\xb91}\xec\xa6\x1f\xe4?Z\x87\x13\x9ag\xf0y\
{\xd8\xa7\xd4\xf6\x1e\xa6\xd1\xa4\xeb\xa0\xdd\x88\x9b\x94;\
4m.jz\x8et\x81\x84\xaa >P\x0di\x17\
i\xa4\x92F\x0aq\xf9\x04\x0b_\xcb\x92\xfe\xf4\x81\xc8\
\x0b:\x82\x9e,a\xc4/TV\x5c\xdb\xa8x\x91\xb2\
SJ!\x0f0\xe91\xe0\xeak\xf6\xf8\xf4\xec\xb22\
\xf2\x17u03)\xa8I=\x92\x8f\xd5\x0f\x8a\xe9\x9a\
6dN\x93\xd7\xd8\x82\xf9BKf\xd6|\xf3\xecW\
\xa8\x81\x99,\xc8~\xf2\xb3\xd9Y\x19\x9f\xb2\xf4\xca\xac\
>+\xe9'\x88\xd9\xa2\xf1\x93\xf3\x0a0\x15@&\xb3\
Q\xb9<\x1d\x97_\xbe\x1c\x97*t\x94\xb3\xf1N{\
\xcd\xdb{\x915\xe1\xf0\xf0\xf3\x96\xc0_\xbd]\x97\xaf\
\xbe\xbd)_\xfd\xf6\xd7\xe5\xfb\xdf\xff\x7f\xe5\x9b/\x7f\
\xa7I\x88\xde\x98\xca bW_\x03\x88\xbd\xb6\xfc.\
)\x89\xd0O\xd2\x8e\x99\xc6\xf8\x04\x12{\x1a\x06\x80\xd0\
\x974\x80\x8a\x81\x16\xfdX`\x12\x80!\x1a\x22\xae\xc6\
Q\xda\x01U5t\xe9\xe8A\xdeG\x12\xa0\xc3\x8f\xf2\
\xc9\xde\x05 \x12\xf7\x95N'1\xe3\xd4)\x9d\x84\xbc\
`\xc0\xd91\xd2\xe6\xd1\x8c\xb0\x90.\xf4\xf3(\xab1\
\x82\xa7\x94\xc1y\xa3\xc2\x0aPI\xb5\xd5\x100\xf1\x11\
\xf0x\xf1\xe9/\xcb\xf9\xa7\xff\xae\x8cN_j\x82\x13\
\x8f\xc2j\xb3\xecY\xce\xbaV\xd2\xa32\xc7\x03\x00\xd9\
\xb0\x97\x07\xfb^xKQ\xebF\xc3\xda!\x06\xca\x16\
\xaf+\xbd\x9f\xde\x7f\xe7\x95Se\x14/\xacy\xb5\x93\
\x8b\xa3\x96\x18\xa9\xc4\xa8\xe5\xe0\xb5\xb3 \x06\xf2I\xd9\
\xea]\x19=\xb2\xa6\xd5\xb8\xe0\x19\xa2\x8e\x5c\xbf0\xdb\
\xe1\x96\xf5M\x15\xdd\xdfx.\xc7\xd2\xab\xfdJ\xf4\xa6\
\x034\xee\x89\x10\x7f\x8e\xa8B*Q<GR\xed(\
\xabUUu\x8e\x1d\xc0\xa0\xc34RE\xcfR\x85\x88\
M\xd7\x11\xc9\xceD\x9a\x14Umgj:\x8c\xed\x1f\
*\x10i\xd9\xd1\x9a2\x99\xae\x22\xedu{e\xb2\x80\
r|\xcf\xbd\x0e\xbbwONS\xe2\xd1\xdf\xa6L\xe7\
\xe02\xfaNN\xe0\xed\x02\xb3\x1f\x04\xeee\x9c0\xed\
6\x80\xd2\x1cC\x85EJ\xa4\xa7da\x90 1\xc0\
$A#\xd2\xd2mw/O\xe7\x1e@\xb5\x12K\xf4\
\x0bI\x22\xee\x1f\x9e\x0f\x95\xd2F\x82\x88\x8f\xcac\x80\
\xa5\x01\xd7\xfe\xe0K\x03\xaf\x00\x14\xcdlg\xbf\xf7*\
\x8d\x0c\xa7\x97\x95\xceGuptWX\x93\x8d\xf7\xe0\
\xf3\xc9#Nv4\xa4`\xe6\x91 \x99\xb0T;\xbb\
\x22\xb2\x92tO\xfd\x0a\xa7\x8e)\x8e\x1d}\x0c\xf8\x93\
29\xb9(\xa8}\xb5\xfb\xa5\xa4\x11$\xfe)=\xa0\
\x0cO\xd9*wV..f\xe5\x17\x9fV\x89d6\
(\xcf\xa6\xbdr9A-\xb4\x95\xeb\xfb\x5c+Q\xef\
\xca\xb8~\x98\xdb\x05\xbfM\xf9\xb2\x82\xc8\xab?\xfd\xa1\
\xbc\xfa\xed\x7f)_\xfe\xfe\xd7\xe5\xe6\xfa&\xa4\x8e\x04\
\x0a\x8c\xea\x9d\xf3\x8cK\xdah\xa5\x93F\xbd\xa5\xf4T\
\xf7F\x9f\x89\x81W\xab\xce\xf2\xb1\x90\x075@3\x12\
F\xec\x14#\x1a\x81\x06\x0fh\xb2\x8d>AX\x7f\xe7\
 \xdeu\x98\xf8\xf7\x0e\xef\x02\x8f\xecXY\x86\x8e\xe7\
\x91W\xfcbt\xd5z]\x0d\xd4Y\x0c &\xf8\xd6\
X\xee\xb8=\xad\xc2h\x1e@\x91\xa0\xd1\xf5\xb6\xf2\x92\
\xec\x1d\xf0\xf8\xec\x97\xe5\xe2\x17\xff\xa1\x12\xf1\x8b\xfa \
\xe1!%\xa6\xcd\x12\xd9xU\xddY\x0aa\x94\x85\xca\
\x0a\x035z\xe2\x1e\x93\xaa\xf0\x82\xa2\xe9w:\xe2\x7f\
\xc4\x1b\xe1_\x9fs=`\xb4\x8c\xdf\xf2=\x18\xb5i\
a\xc3a\xaa\xe5`^\xb8GV\x80\xc0\x15\xb7\x8f\xf1\
\x9d<\xdc\x8e\xbd\x8f\xc2ns_z\xdb;-\xa9~\
\xc7\xea\xb8s\xd6\xc9j%\x0c/\xdd\xd0\xda:\xac\xaa\
r'\x90\x91P\x00\x92?:\x84\xf3\x12<\xb4W\x07\
\xe0\x013\xd5\xf9V\x93\xba\xc4\x5cw\x9dN\x91\x0cZ\
\xe7\xd9!\xda\xf3\xb6\x13uTU\x9dr]Py\x00\
\x1c\x07\x9d\xaes\xd6\xdc3\xce\x22\xcd\xf1<fV\xb7\
\x03w\xaf\xf3\xbd\x0dnq\xe5\xfe5\x9d\xfa\x9bh\x16\
h\x8eA\xc7D\xa5\x9a\x22)\x8e1\x91\xd0\x7fL\xf2\
0\x7f\xea\xb2\xd7\x1cL\x1f\xda\x88\xfcF\xcaNPi\
\xc1\xa4\xb1\x81(\x8d8u\x87\x0a\xab\x01\x14\xce\xe9\x0b\
Q6\x81#\xf2\x1a\x10\x89A\x97\xbd\x13\x1382\xdd\
\xaa^\x97\x87\xde\xaaD2\xa9\xfdbv^&g\x9f\
T\x82<U?h\xa4\xd5\xcd\xa2J\x08\x0c\x97XJ\
\xc7\xd2\x87\xec\x05\xf5\xc8s3Y\x91}f\xb4\xe3\xe5\
\x18\xcf@\xee9\x90'!\x9e_\x85\x15\x16*\x88 \
11\xbfj\x8b\x04T\x81\xe4\xfc\xf9\x85\xbc\xb0.\xcf\
F\xe5\xe5\xf9\xa8\x9cU\xf08\x1d\x8b\x00\x05 \xb4\xaf\
\xbc\xc4X!\xb80\xb8\xdb\x96\x9b\xc5\xb6\xfc\xf1\xeb\x9b\
\xf2\xcd\x1f~S\xae\xbf\xfco\xe5\x8f\xbf\xfd\xdf\xe5\xe6\
\xc6N,2\xa6#\x89\x080\x1cOo\xad\x94H\x1a\
\xef\xacTyi\x10F\x1f\x0a\xef\xad\x0e\x80\xa4$\xe2\
\xbe\xd3N\xa4mi\xca\xf4$\x1a\x0ap\xd9\x0b\xfb\x04\
\xd5\xa1\xb5\x8f#|t\x00\xf2>\xf0\xd01G[\x9c\
C\xf4\xd1y\xb2\x13x\x04\xd6\xe9\x10\x02\x8b z\xc4\
\xefP[\xb5{s\xb4\xb6\x8efn\x07*\xaa\x04\x8f\
\xccg\x92S\xa8\xad^~\xf6\xabr\xfe\xd9\x7f(\xe3\
\x93g\xf2PaF\xab:\x0cK\xb1\xc3\x90!(\xbc\
R\xaax\x8c\xfdC\xdb\x8529p\xbb\x90\xce\xb7\xf4\
\xd9\x88i$\x02\xe4}d\xd3`\xd9\xf6\x9a\xaf\x8e>\
dyk\xde\xb7gi\xa2\x98\x99`8\x1c\x8fX\xda\
\x81\xf5\xabX\xe3\x0a\xfbH\x91!_\xfb\x9e\xb3\x89\xd4\
\x86t\xe6\x97\xd4\x91\xde\xeaJ\xbb\xb9a4L\x91[\
\xc4\x1eRF\x8e\x9e\xba\x0b\xc9e<GOmGp\
'h\xbd\xa7\x900\x0c.\xc9<\xed\x15%\xce\xaao\
\xf5\x90\xf1w\xe3\xfbi\xd9\x99\xb2\xaeHh;\x98/\
p\xe9\xf6\xcf^\xa7\xda\xef`\x0f\xf3\x9b\xf3\xbd\xfbg\
Z\xdb}\xbb\x00\xa8'\xe0\xbezO\x9du\xae\x89\xb2\
\xcdum\xdd\xcd9\xc7\xa6\xe6\xa0c\xfd\x0f\xfa\x0e:\
o\x06E\xa2mh\xa4\x05\x1a\x95\x16\x08\xf8\xd7=\xb7\
\x84\xe1\xfe\x90\x83\xa8F\x02Q_\x10:5\x80\xd0\x95\
L\xf6\x06Z]\x00i@\x04F\xdew\x1f\x92\x0a\xcc\
@\xa2\x0d\xd1\xd4\x9f\x22\xbd30CB\xc0Skt\
\xfaiYm\x07\x92\xbaY\xe2_\x0e\xe4\xac\xd7\xa69\
W\x95N\xd9,m\xc7\xc4\xc2I\x19Tz\x1d\x0dX\
jg$-\x02\x13\x05\xe51V\xdfg\xc7\x8a\xd5\xe3\
\xe7\x85\x01\x92\x16W\x9c0\x07dT\xce/\xcf\xca\xc5\
\x8b3\xf5\xa7\xb3I\xbf\xfc\xe2r\xa09 \xa3\xfa\xba\
\x8b\x0a\x1a\xd8\x0f\xcfG=\x01\x06\x92\x08\xdfE\xf6\xb9\
\xda?\xae\xee\xd7\xe5\xeb\xef\xee\xca[\x16`\xfc\xfd\xff\
[A\xe47\x8d$\x92\xea\xac\xbd#\xe9\x11\xcf~\xd4\
\x80\x8c\xfa\xbb\x07^\x8dMD\xfd(\xfa\x8e\x00\x05\xdb\
\x90\xfb\x8a\x803\x9e\x05\xd0H\xdaP?\xe2\xf9:\xb4\
\xa2\xf0\x08=},\xe1\xa3\x02\x90=\xf0pB\x1b\x8d\
\xce\xa1\x8eG\xa7p\xc4\xa3\xb1\xf0D\xe9\x8a\xe6\x9e\x18\
\xc8\x92\xd6\xd9\x01P\xedt'\x04\x1aL\x86\xcc\xd3\x80\
h\x19E\xc5\xa2m\xb6o\x04`4*+:\x07k\
\xf5 y\xfc\xaa\x5c\xfe\xe2?\xd6\x91\xd6K=\x03\xc4\
\xe2\xdd\xdfb&9K\x5c\xcf\xef\xebh\x03\xf0\xb8)\
\xf3\xdb\xab:\xc2\xb9i\xc4x\xed\xe4\x87'\x96\xe6\x88\
\xf0\xfc0\x9d\x8d\x965\xb1\x98\xbf\x94D\x04(h\x1e\
I\xbd?\x84\xc6J\xaat\x5c<Xp}d9l\
\xe4`\xady\xd5\x9b\x88\xd0\xa4[^W\xa9cse\
\xef\xaa\xeb+\xef\xc5!pH=n\x078\x94f\xd0\
x8z2\xd1\xef{W1\xd2J\xe6*\x19\xbc\x82\
V;\xaa\xca\xd00^\x9f4\xe9\x91\xeb\xbf\xdd\xf2m\
rDz\xaa\xb3M\xa6.\xa7=\xb8O\x14\x8f\x94\xf6\
o2\xef,C\x1d\xbb \xfa|>hJ\xef\x16\xf9\
\x14\x94s@t\xe6\xfc\x91\xce\xffLW]J\x08\x00\
\xcd\xfbd\xf7\xef\x94\x7f*\xe8\xdb7'\x0d}\x17\xd1\
w\xa6e9\xe2\x00\x05\xee\xaf,\xc5\x1e`\x11?.\
0\xed\xab7x\x1bbzF\x80\x89U\xbd0\xfbP\
gQ.\x80\xc2\x80\x12@\x02hp\x9e\xe0\x11qK\
\xeb-hX\x85\xd5J%\xb2\x93\x04\x90h\xed\xaa\xd1\
P\x92\xc2\xf4\xfc\xf3\xb2\x1d\x9c{\xc4\xbe\xba\x13\xf3\xd4\
\x9e2Z\x8a\xc6\x12;\xed5\xac\xc02\x06@\xe8\x1b\
=T\xb5\xec`\xc8j\xbd'e\xdd\x9f\xcamxz\
vQ\x9e}\xfa\xb2\xd2\xf3Zsa.^\x9c\x97g\
\xcf\xa6\xe5t:(\xd3\x0a\x14c&\x05\xf7\xb1\xfe\xd9\
+\x91z\x97\xeb]\xb9\xb9\xdfH\xd5\xcb\xab\x0bJE\
\x04\xbdr=\xdf\x94?\xfe\xe9\xa6\x5c}\xf7Ey\xfd\
\xdb\xff\x5c~\xf7\x1b$\x91\x1b\xd9(\xd3C\xcbR\x87\
\xd7\x9c\xb3\xb4\x9e\xaa-\xc0\x83y/\xabfN\x887\
\xae\xaa\xfd\x86\xed\x14$\xe5\x1b0t\x9d\x80#\x00\x04\
\x1aN\x10\x09\xd0 ti\x8e\xb0\x07$\x91\xd6\x9e\xee\
\x9f\xff\xbd\x82\xfa\xd2a\xe2\xdf#\xfc`\xf0 \x1d\x1d\
\xad:IL\x9ajFV\xa1\xc2:\x90<\x1aW]\
\xa5\x87Z*%\x0e\xc0\x05\x00\x91\xd4\x01\xd00\xda1\
\x80\xd8&b\xf0`i\x92\xcb\xcf\xff\x8f\xda1>\xa9\
#\x9d\xbe\xed\x1dZx\xce\x13\x94 bt\xbc\x88\xc4\
K\xbc\xac\x96wZ\xe6a\xa5\xa5@n%\xca\x0b\xc4\
\x00\x06:d\x0fU\x85;\x04;\x05ro\xcd\xd8\xe5\
YG\xac\x0d\x04PL\xc4\xe4\xf0<\xd1\xa4\xbf\xb2.\
\xc3\x1e\xcb\xac\x9f\x08d\x86\xf59\x16\xac\x9fU\xef\xd7\
\x97\xd4\x01p u\xc4&;\x1d\x90H\xe0\xd0\x8cr\
\x88\xbe#\x8d\xe4H\xa9\xb5}\x98\xd0\xf7m\x1e\xa5\x03\
&f\xe6\x87j'\x07\xe2\x0f\xc9+\x19\xa3\xe0\x80N\
\xce\x84F\xca\xe8\x84z\xba\xdf\xdd\x01\xc1^z\xb1d\
\xcdb\xd8\x9d\xf3\xce\x9f\xb6\xd3\xa9\xf2\xc8pY\xa9\x0c\
\xb3\xd2.\x08PF\xef%\xb3\xa6\x18\x0cG\x03\x89\xdf\
\x8f{\xca#8\x9d\x06T\xaf\xeb\xec\xce_qU\x01\
r\x1df\x10\x0f\xe8G\x8a\xa0u\xb1\xda,\xd1\xaf^\
\x93<#G\xd3/\xac\x92R,\xfaB\x17@,a\
\xb4\x12I\x82M\x00\x08/\xddg\x02\x22\x1c4\x07Y\
\x1eX\xa5\xc4\x92\x00\xe2\xbe\x13\xa0!O\xad\x00\x93\x8e\
\x0a\xcb\xea_\xe2\xa6\xe1\x94<\x88\x9b\xb6\xa3\x9f\xd5\xb2\
\xf4\x99\xd3\x8b\x97\xa57}Y\x07\x1aC1gV\xd2\
MP\xc2\xf0\x8d\x9d\x90W\x1a\xf4p\x0c\x19\x96Q\xcf\
\x1b^\xadk\x7f\xe8c@\x87\xe6\xeb\x91\x15{g\xe7\
\x17U\xe2\x1f\x97\xd9\x19\x8b3\xa2\xb2\xad\x92\xc7'U\
\xe2\x99\x22\x95[\xed\x87\xcaj\xbb6}-\x99%\xbf\
\xac\x00R\xbf\x1b\xae\xbd\xfcdKDM\x5c[\xed\xea\
fU\xbe{{_\xde|\xfd\xc7\xf2\xfdo\xffK\xf9\
\xe2w\xb6\x89\xac\xe4v\xdc\x82HzkmX4\x92\
\xa5\x86\x94F_\xf1Qy\xf4%\x01\xc7\xda^[\xe1\
x\x92\x13\x105H\x8c\xbe\xd3H\xf5\x0d\xed\xb9\x0f\xd9\
&\x02\x9dti\xb9\xec\x13\x8eN\xf7\xcf\xff^\xa1\xed\
\x85\x7f\xe7\xb0\x07 \x9dx\x03\x1eJ\xa6Sdg\xca\
\xceb\x89\xc3\xf1\x18Q\x891\xf7l\xb3\x08\xc2N\x00\
i\xd4V\xa8|t\xb4\xfb\xae\x96\x8c\x06P$\x8d\x04\
\xb8H\x8de\xc9\x83e\xa7?\xf9\xfc\x1f\xca\xf3_\xfd\
\xc7*\x9a\x7fR0Hj\xb5\x5c\x96G(xO\xad\
\xca\xf2\xfeV\xcb^C,\x0b6SZ\xcd\xcbrq\
_\x189\xb3\xac\x88\x16\xa0cop$\x82`\xce<\
\x0b\xc44\x88e\x1e\xe4\x8d\x85w\xd5\x80\xd5Fg\xde\
\x04\xa8\x8e\xc4\xfc\xec#\x8d\x98\xb5\xb5,\x1d.$\x99\
\xf5j[\xeb\xbd)\xbb\xe5\xdb\xfaLo\xcb\xfd\xcd[\
\xcf\xb8\x0d\xa0h\x0d}\xad\x9a*GM\x92F\xd4\x11\
\xc2\x0e\xc2\xc8(\x01$\x18g\xa3\xc7\x0e\x86\xd8\x02H\
\x90\x0e\xc7^\xd2\xb8;n\x13t\x12\x90\x7f\xf0]#\
\x12\x81\x8b\xbb\x17\x12\x02\x5c\xa2^\x07\x9e\xa1{\x9e\xd9\
>\x7f\xd8\xaf\xda\xeb\xdb\xcb\xb2l\x0b \xcd\x92\x13\xce\
\xf0;\xea^\xfc\xdc\x0e\x19\xcf\xd1d\xf7\x5c\xd7P/\
N\x03\xfc\xd3\xf5\xae\xab\xfb\xcc\xdd\xe7k\xde6\xdb\x05\
\xda\x8e\xd4\xb6?@\xe7\x1cB*\x09\xbao\xd3Q\xf3\
\xe0\xb2\xab\x9e\x22\xb5\x97\xdd{\x03@\xb2\xaf(=\x01\
\x84s\x03\x06c\xf2\x5c\xc1\xf7\x10H2M\xab5t\
A\x84\xfeD\x1a}#UZ\xea_N\x93]\x91\xf4\
\x98_\xa5y\x1dg\x97Ub\xffLs8x\xb6\xe9\
\x90etj?CU\xd5\xc3\xed\x16\x15\x96\xbf\x12\xed\
\x89\xedp\xbe\xac\x83\xaa\xc1\x89\x06[\xecf\xc8\xa2\x8b\
g\x97\x17Z\xcad4\x19\x97\xd3K\xb6W\xae\x92\xce\
\xa4\xfef\xa32\x1d\xf7$q\xc8\xc6\xb2\xd5\xab\xea\x1b\
`\xe3\x1b\xd4\x86\x1fkE\xe1\x9d@d<\xc0\xdeR\
T\xe0v\xb1-_|{S\xbe\xf9\xe3o\xca\xb7\xbf\
\xc1\xb0\xfe\x9b:\x00\xbc\x96\xfa\x19\x97\xddVU\x85J\
\xcb\xb3\xd6\x0d \xf6\xa6\xb4\x0a+\xcbd?3\x90\xa8\
\xbfi\x0eU\x0c\xce\xa2?\xe5\x00\xac\xe9W\xe9l\x22\
r\xe5O\xd0\x9e\xa9\xc8\xa1C<G\x009\x08\xef\x04\
\x90\x1cEE\x07\x93NW}\xc5\xc4n\x9d\xef>\xe1\
\xbbS\xe4\xc8(\xc5m\x8f\x8cr\xa5\xdcCC\xb9<\
\xaeF\x06\x0c\x1b\xd4\x0d*\xcc\xafx\xf9\xd9\xe7\xe5\xd3\
\x7f\xfd\x7f\x96\xf1\xf9\xa7\x85\xb5|`\xfe\xab\x0a\x0es\
\xf6A\xd0\xecT\xf6\xf2\x98\x97\xbb\xbb[\x11\x8f\x9c\xa3\
\x0a[\x82z_\x0f-J\xc7\xc8Tk\xeb\xac$\xb1\
\xe0\xdb\xces@8\xdan\xb6J'\x80\xcc\xaa\x00X\
\x15<&\xacJ:\xd5\xa4)\xa4\x10\x9e\x9b\xf18\x00\
\xc2\xbba\x18\x94\x9b\xef\xfa\xbe\x12\xfa\x9br\x7f\xfd\xea\
\xff'\xefM\x9b\xe4\xb8\x92l1\xcf\xca\xaa\xdc3k\
/\xa0\x00\x10 \x096\x9b\xbdO/6\xa372\xe9\
\xc9\x9e\xc9L&3\xe9\xdf\xcal\xbe\xc9L\x1fdR\
\xf7\xf4\xbc\xe9\x99\xeei\x92\xcd\x1d\x0bQ\xa8\xbd*\xf7\
\xdaR\xf7\x9c\xe3~#\xb2\x00\xb0\xb9\x00dS/\x0a\
\x81\x88\xb8\xb9E\xdc\xeb\xee\xc7\xb7\xeb\x97\xbf\xcf\x9cv\
\x07\x06Mt\x02\x91\x97\x00\xa4d\x89\xc8\x9d\x85\xfbw\
@\x01a\xb3=\x00\xa4l}8Q#\x16B\xb9x\
\x8dt*\x08\xfe\x0b@\xe6@\xdf_c\x1b\x05\x1d\x1b\
|\x98}\xacy(\x84d\x90\xa5\x18\xa5L\xa6\xf8}\
|\x8f_\xe7\xc3s\xc8\xd8\xef\xaf`6}\x17\xaf\x9d\
9\xf5\x1c\x12\xf6\x04\x90x\xc6\xd23\x93\xc9\xd9\x1f\xde\
\x8e>\x09P\xc9\xfd\x84\xef\xd0\xf7\xaaX\xa4>\xab\xfb\
\xbd\xf6,\xfcm\xde\x89?+{C\xb7\xc8\x8b\xe8\xbb\
\xa2oD\xff\xfe.\xef\xcb\xdc\xc6\xf7y\x9b\xbbt\xa3\
\xbd\x9c\xa1\x85\xb6\xc2\xeap\xde!\xc0\xc8r\x97\xab\xcb\
\xdb\x9d\x7f\xc2\xe2\x90\xcb\x0b\xd6E\x00\x88\x00\x22\x80#\
\xf8+\x83\x09@\x04\xd64i\x1c@\x835\xd1\x9b\xd6\
Z^\xb3\xc5\xc6Z\x1a\xea\xa4\x04a\xbd\xf84\x8e\xa8\
u\xc5\xe4\x11\xc3\x9a5\xe8\xb1\x8a\xdc\xa4\x098P\xe8\
s\x96@\x07\x81\xf4\xee\xaaV\xefl\xb613\xbd\x9e\
\xac\x9bd\x894\x11\xc87k,a\xc1\xac\x0a-\x8e\
\xe9\xb9\x8f\xab\xf7\x15\xe8\x1c\x00\x82\x8cF\xf0e\x0d\x0e\
\x8b\x19\x00\x06m\x88\x99T\xac?\xbd\xb4\xc7\xbb}\x1b\
\x1c\xec\xd8\xd3\x8f\xfe\xd5>\xfe\xe0}\x1b\x0e\x107\x94\
\xb5Q\xc4@p\x0d~\x0a\xeb\x04\x80\x22+>\xe2'\
\xe4-\xb7@\xe6\xdd\xc4\x00\x0c\x81\x88\x5cX\xd7\x94\x91\
LC\xa2\xe7Ph2m\xe7\x87*\xd3\xf4w\xbb\x95\
9\xf3;\xdb\xbe\x08<x\x0c\xa2\x17'\xf9u\x10~\
\xc1\x08\xe5\x80\x9f|\xb1%\x00\xa1%Q-,\x0f\x12\
\xb8Rt5\xa3<\x00\x04\x81r0\x87\x5cZH%\
\x5c[\xdf\xb0\x8d\xd7~j\xf5\xf6&\xbf\x1bE\xe5@\
\x14\x89Jl\xd4?NB{@\x02\xc3\x00sQ\x1a\
\xa4\x7f\x5c\xa2\x90\x9c\x96~E} \x10\x01\x84x\x15\
Z\xd6\x95\x96\x9fEj\x0db\x19\x10\xf8\xb8o\xbc\x86\
\x89\x82\x97W(,\xd7H\x0c\xb2Ha\x80\xd4]\x00\
\x08\x981\x9e\x13\xae'\xf8c\xed\x22\x01\xc6$\x01\xc7\
\x00\xf5\xab4!\x10\x04M\xd3:\x13oX\x1eN\xdc\
\xb06\xc2\x12qMI&5\x889\xb4\xa4\x10\xa0x\
O\xd97K\xd2\x16\xc1s\x8c|\x9c0nl\x00\x80\
\x94\x85\x1a\x04\x13\x07\x8dBH\x03\xa8\x91\xcdc\xea\xae\
\x9c\xb8~\x96 \xe7\xc9\xb4\xe0\x1d\xf4\xa1\x01S\x0b&\
{\xce\xa73\xff\xe5\x13\x1d3 \xb2\x1d\xcf\xee\xd7s\
\x8c}\xc5\xa0\xeb\x9c\xeb\x01\xfdsY\x08\x80B H\
{\x16\x10\xb9P\xe0\x11?v\xc5\xe7\xa6\x96\xc9\x9b.\
\xee#h\xbe\xcc\x07A\xfb\xd1\xaf\xea\xce\xe8\xd7\xd2{\
\xbdm\x0eD\xdc\xfa@\x0b\xe8\x0at\xc8\x9e\xad\x94\x01\
\xc4A\xc3\xf9\xa8|\x1d\xa0\x11m\x01$\xa0;\xc5\x15\
eY\x94-\x8f\x1c\x0f\x01_\xc1bXR\x9b\xf6x\
\xff\x22\xe7y\xa0\xaeV\xa3w\xd3l\xb1\x93\xfa\x11I\
%\xe8\x07|\x8f\xe5\xb1Bu\xe8z\xabk\xadn\xcf\
z\x9b7\x13\xefu\xac\xdbC\xa9\xf7d\xb9\xd4\xab\xc9\
\xda\x00#\xcd\x98\x058sw\xd4\xe4lf\xa3\x09\xe6\
[!\xee0#=\xa3\xfe\x1bS\xd0S[\xd2\x0d\x93\
\x95\x03\x8e\xc2l\xf7\x85d\xb9`\x85\xc3\xaau\x9a\x09\
\xdc\x12\xf8\x8c\x13;\xed\x9f\x9e\xdb\xee\x83\x8f\xed\xc1\x9f\
\x7f\x9b@\xe4#\x1b0\xf9\x04\xde\x04\xf0\x90\x03\x86\xcf\
\x17a\x1ao\xc4K\xc8Kz\x9d|\x151\x93P\xd8\
J\x19i\xe09\xd2E\x89v\x94\x98b\x8a\xc7\xe1\x0f\
\x17s\xf4\xe9[A\xfcz\xcfw\xbc\xcds\xe6\xb7\xbc\
\xbd\x088x\xe9\x04\x8f\xf6b\xdeG\x89\x09J\xc4\x1e\
\xe7\x22f\x01H\xb8\xacx,\x81G\xc44\x8a\x09\x82\
pU\x85\xd5\x81R\xd2ra\xd1}\x95\x00dm}\
\xdd6\xef\xfe\x84\xc1@d\x8b\xc8z\x98R\xd3\xa7{\
j\x86\x19\xe7\xd0B\xce8\xa0\x98\xa3\x91\xf3\xc3)+\
\xe0\x97M\xc2\xc5\xcd]\xba\xe1\x13p`A\x1c\x12H\
z\x1d+\xb8\xd9\xe5(1\x1e2RT\xe3G\xab\xaf\
5\x0c\xc5\x14\x11H\xacA\x9b\x03\x03W\x96\xb8\x02\x1c\
V$\x5c\xb8<\xb5\xe9`?\x99\xdb\xa7\x5c\xc7\xa3p\
S\xf91\xee\xc3A\xa3 d\xb76R\x1b\xbe\x0b\x02\
\x92D\x9d\xad\x8d8\x16\x82\x94\xe2\xd7\x09\xb6\x0c\x1e\x1a\
\x96b\xac\xd8\x06I\x80\xb1\xf1\xb1\x836\x8bwcl\
\xb2\x90\xe3\xb8q\x94}\x8cu\xc4\xefD\xdb\x0b\xb7\xb8\
\x8f\xf8\xbf\xcc_s\xe4\x5c\xfe\x8e\xe2\xde\xf3\xe7\x9dA\
\xe3\xd92hf\xc6.\xfa@\xa0!\xa0\x15\xa0\x14\x02\
!^\x07\xf3\xa3o\xf5]\xf8\x9d+\x0a\x06\x8e\xb3\xff\
n\xae\x0c\xcc>\xd4\xb9\xf7Z\xd1\x7f\xf9\x1c\xfd\xe0\x97\
\xa5\xf7\xa8Y\xd7\xb9\xdf\xd9_8\xe22\x00\xc4\xfb<\
\x7fW\x09@\x1c\xd0!N9\x0e\xa1\x88a\x5c\xc8K\
r\x03\xd3\x85\xe5 \xa1\xf7\x14\x16\xbe\x5c[\x02\x86\xe0\
=\xc5>\xe4:&x\xd0\xa5\x15`\x02\xe5M\xe7\x8d\
V\xcb:\xab7\xad\xda\xdcH|\x82\xf9OX\xaff\
\x81An\x94\xe3Yb\xf1\xc4\x0e'*n\xde\xbd\xab\
\xf8Gc\xc1:-\xd4\x9cCJ\xfb,\x09\xfc\x99u\
\x10\x12L\x9f;\x99^\xd9\xe11&\xe7\x9e\xdb\xf0d\
H\x81_O@\x83\xb5D\xd0'X\xac\x0aG\xacD\
RK\xc0\x81\xa5\x15\xda\xe9\xd8m\xa6{\xa9\x0bL\xf0\
z\x7f<\xb3\xcf\x0fF\xb6\xfb\xc9\xfb\xf6\xe0\xdd\x7f\xb6\
\xcf\x1e<\xd4j\x8b>\xd9\x90\xee+\xf2{\xc9*\xc1\
9\xe7\x8e\x008\x0aWV\xf0!y1[\xfd\xa2\x9d\
\x22\xc3Q\xfcV\xf0ZA\x9fs\x89\x1c\xd7\xc5t\xd0\
\x11O\xaf\xbd\xf6-n\xa0\xba\xef\xe4\xd7\xe7\xc0C\x0d\
\xc5i0G\x10\xbb\x13\x7f\x06\x94L\xec\x0e N\xf0\
\x99\xb8\x1d0\x04 \x22\xe6b>\x87b\x09J\xd5\x95\
\xabj\xce\x85\xc5s-h\xd3[^\xb1\x8d\xdbo[\
s\xed\x1e-\x11X\x1c\x93\xe9\x99\x8d\x13A!\xcb\x0a\
\x00\x82\xefC;\x08\x02\xd6G\xa2\x10Z\x1f\xe7\xae\xb5\
rmr\x04\xc6\xc8\xd4\x0b\x06M%\xfb\xa0\x93e\x01\
\xa1\xc3\x15\xdfj\xfa\x1e\xae'\xb2\x00\xa2\xc1\xb3\xd5\x92\
v\x85\xe7\xa9\xa9\x14\xbc\xbb\x8e0\x9b\xd7\x90\x9e\xdb\xdf\
g9\x86bb\x13\xe2\x18\xca\x00)\xac\x0eiB\x8c\
o\xb0\xdd\x85\x1e>\x83\xa3_\x97\xd79\xc8B\xd4\xb5\
hi\xf8~~M@\xcb\xbd\xe8\xe3\x99\x05\x94\xc6M\
~s\x09\x22093xJ\x02,\x8f/\xfa\x86\xff\
\x040\xfe\x85A\x05d\x1e]9\x1b}E\x86\xd1\xbb\
\xd1q~^\x16\xe6\xce\x9cxn\xa0\xfb<p\x06\x93\
\xab\x9fp-\x8b\x0d`\x12@\x5c\x80\x09\xfb\x8c\x96\x09\
\xaegY\xb3\x0c!\x90\x7f\xd3\xef\xe1\x19\xa1P\xda\xe2\
\xe9s?8\x7f\x88\x17\xe6_\x8f\xeb\xe0\xa9\x0c \xbc\
.@#\xda\xf8G\xde)\xc6*\xc0\x22\x142\x05\xd0\
\xc5[\xf1^Y%\x18\xc3\xc2\x02\x891.\xb2\xb0d\
\xbd\xc8\x22q7q\xf0\x22\xce\x19_\xd4\xfb\x90\xee\xdb\
[\xdb\xb2\xf6\xda\xed\xc4\x8bJ\xc7\xc5{\xaf\xc0\xcf\x08\
\x947[I\xc1\xb9\xb2\xed[[\xd6Y\xee\xd0\xc9\xb5\
\xb5R\xb7V\x02\x12\xf0\x17\x80\x07\xe0\x87j)'\xe3\
K\xebOP_\x0e\x8b\xb1%\x81~\x864v\xacY\
%\xb7\xd8R\xdd\xef#\xf59\x5c]\x8d\xc4o\x8d%\
\x00\x09f\xe8W\x98\xfe\xdb\xa8\x89\x02\x9f\x1eM\xed\xc1\
N\xe2\xaf\xfdO\xec\xe1{\xffbO\x1e=f\x1a~\
\xd9mE\xb7\x96\x83G\x80\x86R~\xa1\xa4y\xf6\x96\
[%\xe1\xce*\x14\xb9\xb2\x02\x22:+\x94\xb7\x82V\
\xf8\x97\xaf\xaf\xe6\xa9\xe5\x1a\x0f|W \x22\xae\xfc\x0e\
\xb6\xbf\x06 \xd7\x09\x1en\x0eZ\x22\x15\x01\x085\xa8\
9\x82\xd6u\x98\xd3\xdc\x19\x10\x07\x91+\xce\x91\xd3q\
\x1d$\xe2\x9c\x96\x07\x83\xe8rka\xfd\xf2n\xafg\
\x9b\xaf\xfd\xd0Z\xabwY\x1a\x04)z\x88q@ \
c\xb0H,\xe7c'\x12\xcd\x0a\x87\x10\x07\xa8 \x8b\
\x87\x04\x05\x01\x93\xb4\x15\x88@jl\x8b\x0d'8\xac\
\xd0\x06S\xbc\x9bvT\xecE@\x1c\x8b\xe3\xa0\x1e\x90\
\xd3\xc6\x8c\x9e`\x83\x9b\x0by\xf3`\x84\xcb\xf4\xfbU\
K\xe6\xf4\xf4\x98\xae3\x96\x5c'H\xcck<\x19P\
(\xf4|\xd2\x13\x85\xe0E\x06\x8e\x0c$\xaeU\x17B\
\x12\x84\x1a\x9aQY\xe8\xe9\xbc4H\x1c\x83\xb2\x80\x22\
 `\x1c(t\xc2\x0d\x82\xfe/\xc6*|\xf2\xf9\xb8\
\x10\xc2\x0e\xdf\xc1o\xcb\xe3.\xea\xf4\xe3\x97\xdap\x8f\
\xd7\xdf\x1c\xa0\xe3\xe7\xfe\x0cbL\x22\xa3\xc5l`1\
3\x80\xd3\x999\x98\xdd\xfb\xa8\x88\x159\x90\xc4\xd1_\
c\xf2\x01\xc0\xe7\xc2A\xb8d\xc1\xe9\xb7\xae\x01H\xf4\
\xebu^\xb8\xb6\x91\xfe\xc9\x07\xd1\xe0\xe7\xfe\xb9x]\
M\xdew\xfe\xba,\xbb\x85\xccC\xb488V\xbe\xb3\
\xdf5\x1e\x85u\x82\xd7\x5c\x19\xc3\xf8\xf8\x91\xe0\xef\xed\
\xe0\xaf\x18cY$\x01$\x88I\x84\xc5_\xb2Nx\
\xc4\xfb\x1dT\x18C\x81Kk\xc9\xd6\xd66\x92\xa2\xf6\
\x86\xb5W\xb7\xb9\xc42\x16i\x86\x02\xa7\x18\xe5\xa2u\
;\xa8(\x8dE\xd5\x16\xe8\xd6\x85\x0b\x8beT\x16Q\
q\xb7b\xc7c\xd05\xd2u/\xec\xa4\x8f\xb4\xe0\x99\
-y\x97\xa0\x16\x1c\x9e\x1a\x01sdi1if\x01\
i\xc3\xc6\xd8\x07\x5cY\xe9\xb6\xac\x95\xc0c\xa5UM\
V\x89\x02\xf1\xc7\xc9\x12\xf9\xe4I\xdfv>\xfe\x0f{\
\xf4\xee\xef\xed\xe9\x93\x9d\xc4\xdb\x9a\xd7\x15%\xe0\x15\xff\
p\xab\x84\xe7(_\x14\xae,\x01K\xb6@|\xd7\xb9\
\x14\x8b\xac\xb0q\xf7X\x9b+mA\x9f\x19L\xb0\x97\
Eu\x99\x17y9\x7f\xfdmmd\xd1\xeb\x8d\xdf\xc6\
\xf6b\x00\xc1p\x8b\xb8\xc3u\x15Z\x12y\x00D\x19\
D\xef\x84\xcd\xdcu\x12\xb1\x884\xe6z\x88X\x95e\
U\x00\x88[\x19\xd7\xe6z\xd0e\xe5\x05\x08\xb1\x0e\xc1\
\xe6\xed7\xad\xbby\x9fB\x1f\x9a\xcfp(\xb0\xa8-\
-f-\x83V\x08\xe2\x1b3\x146\x84\xb0\xd72\x9e\
0qauH\xab@v\x15\x0c\x0d\xc4?\xa0\xa5\xc9\
\x5cGY\xeb\xa5z\xc7\x9a\x9d\x1e\xcb3\xa0\x04\x09S\
v\x97\xb4\xd8\x13\x04\x0f\x98\x12\x84\x82\xa5E1\x9fd\
a\xd6\xb7\x8b\xd1\xb1\x0d\xfa'\x5c\x1c'4\x9b\x5c!\
4\x13\xaa4!\x0a8\x7fO\x06\x0f\xd7\x98\xc3\xe2\xe0\
\xd1\xc1C\xab\xaa\x89he}H\xc0\xcao\xef\x82\x0a\
\x0d\x88Y@\xee\x11\x080(\xa1\xb9\xca\xc2\x08a\x12\
cE7G\xf9\x9c\x82K\xef)\xbbO@\x03\x22\x03\
\x091~77\xd0\xc1\xec\x1a6\xe8b\x9e\x8aJ\x02\
\xbah\xca\x9b\xee^\x0c\x09O\x01\x9e5\xac\xac\xc2u\
\xa5~\x98[ \x8b\xa0+\xc6\x87\xe2\xf0\xbc\xc4\x04]\
k\xbc9\xee\x117! \xa9\x0a-\x7f\x87\x00\x8d\xdf\
\xc65N\xd4\xb7\xc5\xe6Ot\x9d=\xacx\x14\xe9\xc9\
\x18\x07\x00\x8313Ogxc\x1e%\xefS\xe6\x00\
r\xec\x10+\x10X\xe0\x1d\x02~\xbc_ \x13\xe0\xee\
\x00\xc2\xb1\x02\x9f\x81\xaf\x04.\xb9\xbc{E\x82\x98e\
s0\xd6\x04\x06\x8do\x80\x85\xe6\x5ca\x5cu\x1e\x80\
\x11\xe0\xa1\x09\xba\x02\x17\x94\x00Bv\xd5\xda\xcd\xd7m\
\xfd\xd6[\xb6\xbc\xb9\xa9\xdam\xe9\xb66\x96\xeb\xb4\xbe\
\x11w\xec\xb50\xc3\x03\xf4\x06\x9e\xae\xb0\x84;\xc2\x8d\
{c\xcd\xf5\x80%\xc2\xb4\xdd\x09\xc6@\xfd-%\x0a\
O\x8bO\xce\x12\x7fW\xd9?X\xc4\x0aq\x14\xac\xf5\
\x8e\x95\x0cQ\xc9\xf7f\xb7j\xbd\x86\xfa\xaf?\x9d\xd9\
\xce`f\x1f|\xbao\x8f\xdf\xffW{\xf8\x97\x7f\xb3\
\x83\xfd}N\x06&\x88x\x9d;\x05\xd6}>\x08\xdb\
\xe7\xad\x90\x00\x0eY)\xa0\x0f\x81\x0a\xdc\xa0T\xfe\xdc\
\x02\x01\x8d\xb0\xaa\x03\x94F\xb7\x84\x03$\x22>\x22>\
t*\xf8o\x19@^\x04\x1e\x1a:\x13\x11\xbb\xa6\x84\
\xa6\x88qdm)\x0b)\x08\xa3\xc2}\xc5\x09\x82h\
cL#\xb4 \x00C\x80\x87\xf6\x9c\xae\xeb\x80\xc16\
\x02H\xdd\x9a\xadf\x02\x8f\xd7\xad\xb5~_\xf1\x08\x00\
\xd2\x22\xd6\x10\xe7\x12\xce\xc9\x0a\x98\xda\xf4l\xcc\x01D\
\x06\x16M\xdbDHpC\x81H\xf0\x04\x10b\xcc\xbc\
\x82&\x7f\x090\x91\x80\xc2\xbd\xc3\xf2\xc1c\x81\xf0\x90\
]\xd5\xect\xad\x89\x99\xb5U0G\xd2\x8cP\xba\xa1\
\x8a\xdaW\xd8\x14\x80?\x9f\x22E7Y\x1c}\xc5;\
`\x9eS\xf0S\xf3\x09\xc2\x0c\x22u\xa1\xe6\xc2-,\
\x14\xa5\x12\x86\xe5!\xf0\x90P\x0cs\xda5n\xd7\x94\
C\xa0\x8a8\xf0\xbf\x04K1>\x18\x98J!P\x08\
\x0c\x0e\x1a>\x1eL\x99v\xc1\x11.\x0c\xbeF\xa1$\
\xd0\x08\x97\x89\xc6\x15\xc2A\xc2N\xd6&\x7fM\xf8\x81\
\xd69J-\xeel\xfe\xe49\x1b\xa9\xdc\x01\x88\x82\x05\
\x8d\xc1\xa4\x05`fff\x9f\x09\x18\xb2\xe5\x81\xbe\x0e\
wD\x08\x06h\x98%!\x11\x16\x09K\xc8\x10\x8c\x00\
<! \xd4\xbf\xd2$\xfd~x#_t\xe3\x96y\
\xe3y[\xe6\x17\xf2I\xf0\x10\x1b\xf2k\x00{\x8d\x15\
\xfe\x15\x16\x06\xdf\x13`\xe2\xe7\x05\x9f\xf9kU\x1c]\
\x19\xe0X\xe1=\xa5k\x07\x8f\xb08\xe6,\x11\x07\x87\
P\xea\xe4Vv\xd0 \x1d\x84+\x19\x9f\x91g\xa0\xdd\
\xea\xd8\xad{o\xd9\xed\xb7\x7fa\x1b7o\xdaV\x02\
\x8f\xad\x15\xccs\x82\x8b\xc9\xacYS\xb0<\x0d\x01\x01\
\xe5|\x06\xc00;N\xc2\xfed4\xb3Qj\x1fM\
P2\x08\xae\xe4+\xba\xb9\xce\xcf06\x98\xdb#7\
1'R\xe2|\x11V\xc9\x82\xd5\x92\x05\x82\x89\x88H\
!N\x86N\xb2B\xb0\x06\xbb\xe0\x06\xe2\xfa\xc1\xfe\xd4\
\x1e<\xdc\xb5\xfd\x8f\xfe`\x1f\xff\xe5\x8fvtx\xe4\
\xe0\xe0\xc1s(\x8cn\x89\xa00)\xe9!\xc0\xc3i\
C\x895\xee\xd2\xf2c\xb6\xfea\xed\xc65iD\x8a\
\x1bi\xd2A\x84\x7f\xe4\xc7\xa0\xf9\x12\xcd\x94\x80\xe3\xbb\
\x00\x11\xb2\xd6\xf5\xc6W\xb9\xbd\x08<x\x8a?\x124\
\x88\xd8\xafI\xb4\x05Q\x17\x00\x22\x81%\x02,\x88V\
\x19W2\x93ia\xd0\x0aq\xb3\xd9]UE\xdc\xc3\
\xe7~\xb8eRk\xd4m\xf3\xe6][\xb9\xfdSk\
\xf6\xd6\x92\xc6/\x8d\x16L\x03\x9f6LXh\xfe\xe3\
\xe1\x09\xd3p\x95\x0d\x05\x22\xbaH\x96\x88\xf2\xc3!8\
H~\xb4FP\xba\x04\x96Iz8\xcc\x1e_jh\
9N\x08G\x08\xced\xdd\xa0\xeeO\x0d\x84\x8d{\x81\
\xd0M\xd7X\xbf\xe3l2\xb4\xf1\x08\xf5y\xd2>9\
\xb4\xe1\xc9~\xb2\x82\x90\xed\x05M\xa5,\xc4\x5ch\xd1\
\x8d\x85\xf4]\x80\x8a\xdc)2\xa5e\x09\x15\xc0!\x8b\
\xa3pa\x81X\xcb\xe7\xd2rB[.\x06\xc7\xc7\xc6\
\xa4\xd9b\x1c\xd8\xe6\xc2D\xbe\xee\x10\x18\xa51X\x04\
xk\x1c\xa4\xa9b\xbc\xf4\xbe\x00\x90\x0c$U$\x09\
\xb8\xa0\xe3o\xe8w\xd5\x81s\xa4\x927\xc7\x82/\xde\
2c\x09<\xc8\x80\x01\x92\xce\x98\xb1\xb2\x22\xf6\x00\xe7\
pY\xb1o\xdd5\xc1\xac\x9b\xe8\x7f\x0a\x0f\x08\x04\x17\
\x16\xfe\x99\x00q\x01s\xd1\xaf\xb2H\x01\x22\xba\xa72\
\x80\xe0\xfc\x19\xde(o_\xf0Z\xe6\x9b\xdcP\x5c\x0b\
<\xa2\xffJ\xe0\x81\x06\xf4\xbb\xbf\x1e|U\xf0\x9f\x5c\
\xc5\xd1\x16\xe0!`q\x9e\xbb\xa6\x08h\xfc\x03H \
\xac\xa5<\xc4\x98g\xba\xe0\xd1\xaf\xf39\xe8c\xd1\x9a\
\xcd\xa6\xdd}\xfd\x0d\xfb\xc5\xdf\xffwv\xff\xfe=\xbb\
\xd5\xabrr.\xc1\x0c\x93N+\x98].K\xe3,\
\x91'2\xa7\x9e\xf6/\xac?\xbe\xb2\xe9\x05\x16\xb6\xba\
\xb4\xf14Y\x8a\x17\xe2\xc3Kd\xb9_\x22M\x1ek\
\xe4\xc0\xfap\xc1\x5cA&W\xc5\xd6W\xeari\xa5\
}\xab\xbb`\xcb\xcdEC82\xe1\x8b\x01\x87P\xc5\
\xf7\xe1\xde\xc4>\xfb\xf8\xa1=\xf9\xe8_\xed\x93\xbf\xfc\
Y|\xe8c\xafZw\x1e`\xf76\xd1H\xd0C\x89\
6\xdc\x92%\x0f\xbbE\x1b.\xd2\xc8v\x14}\x94\x14\
8*q\xae\xf48\xb0\xbc\x08@t\xf9\xd7\x98\xe1\xe5\
n\xa0\xa3o\xf5\x17\xaf\x13z>\x0d& q\xeb\x1c\
B\x04w\x18>u\xb5A\x9b\xa92\xc8\x975\x1e\x08\
\xa6Rp.2\xad\x98\xf5\xe1\xd6\x88,\x0d\x8fu0\
\x80.\xcbD5\xaf\x90\xd9Q\xb7\xd5\xcd\x1b\xb6y\xef\
\xef\xe8\x8b\xed\xb6\xb1\xb0\x93\xd9$Q\xe5\xc9)J\xa0\
\x8f\x8d\x13\x01\xb1\x80N\x1ax\xcc\xef@\xcfa\x02\x1f\
\x83v\x89(0\xd3\x5c\x80\xa5l\x13\x00\xc8\xf9\xf9\x84\
ZI\x15\x1aTsY\xc0\x91\x06y\xa9\xd1\xa6\x1b\x05\
`\x86/\xc2\xdc\x0e\x0a\xdb\xf4y,\xf1y6\x1a\xb0\
\x14\xc9\xe5\xe4\xc8\xfa\x09<F\xa3\x91k\xb8\x12X\xf2\
\xc3\x0aL(\xd0\x9c`\xb3\x1b\x8b\xc4+@+\x0b4\
\x9e\x93h]\x98\x85\xc0\xa4v\x1c\xd6G\x89HA\x90\
\x18\x96\x88M\xc0\xb5\x88~w\x00\x11(H\x08\x08\xbc\
\xe1\x92\xa8e\x8bO@\xa2~\x96\x06\xea&\x8e\xf6\x18\
\x00\x00 \x00IDAT\xc2\x04\xef\xcfB\x07BJ\
\xe3I\xa1\x16\xbey\xfd\xb0\x1fKt\xf3U7g*\
\x01\x87\x8e\xf3L\x1a\x00R\xd2\x0c/\x95\x14\x11\x1a\xa5\
\xdcW\xee\xa2\xf06X\x87!Hd\xf5\xb9\x7f\x9c\xc0\
\xe3\xe3\xc1\xefs\xdf6\xad\x92\xf0sC\x1e\x04@\x07\
\x98\x14\xdbW\x05\x13\x87\x04\x9d\xc7\xeb\x18/\xe7'\x7f\
S\xee\xcb\x0c&\xf9}\x05P\x00@\xc2\xad\x15m\x02\
\x10X\x86\xee\xaa\xac\x0aL\xc2}\x1c\xf1\xae\xec\xb6r\
\xba\x90\xb2P\xb2HJ\xc0A\x1a\xc9 \x22\x9e\xc5\xfb\
k\xf5\x9a\xdd\xbc\xfd\x9a\xdd\xfd\xf1\xaf\xed\xe7?y\xdb\
n\xae6i}`\xf2!,\x11\x00\x05\x80\xe3xj\
v4\xba\xb4\xcf\x0fQ\xed\x1a\xd3ye5\xe0\x14q\
\x0c(W\xe8h=\x0b\xfaW)\xbd\x88\xa7,\xd5`\
\xf1,Y\xb7Ue\x1d-N2L\xe3\xd0\x5c\x02\x98\
T\xec\x22!\x15\x8a?N\x13\x10\x9d\x0e/\xec\xe1\xce\
\xc8\xf6\x1e\x7ffO?\xfcg\xfb\xec\xb3O\x992\xaf\
\x94\xde\xc8\xc8\x9a\x0f\xac\xcb*\x09%\xce\x15\x0eW<\
\xb2\xa5\x1aJ\x86\xf3d(z\xa1l\x88Fg%\x10\
\x01\xd1\x5c\xe3Ol%\xda\xb9NG\xafz\x03\x05}\
k\xbf\xf8\x22\xf0\xc0\x16\x02)\x13\xbc\x13n\x00\x89\xcc\
\xed X\x09\x9d\x22\x8dp\xded\xce\x82\xcb\xad\x0f\x06\
\xcb\x93\xe6\x1f.\xac\x98\xf7\xa1\xd7\x94q\xb5\xb6\xb1i\
\xaf\xfd\xf0W\xb6z\xe3\x0dZ\x01WI\xe3\x1cO\xa6\
\xac\xde9\x1e\x0eY\x1a\x04\xb7|\x09\xed\xe7\x02\x95\xd9\
*6\xee\xef\xdbdt\x9c\xbe;\x81\x01\xebW\xe1\x9e\
\x1b\xee\x06\xba\xe4$@,W\x8b\x1d\x1a\x0e\x97\x93]\
\xc4\xdc\x8e\x0ag\xd5\xe2\xb7\xa1\x89\xc0\x5cFeQ\x80\
\xdblV\xe5\xfb\x97,}n\xb4o\xa7\xc7\xe978\
\xab<\x88\x10\x04*SXD\x08\xed\x07\x80p\x0d@\
\x5c\x08\xca//\x01X\x16fA\xb4\xd2\x92\xaf\x98=\
v\x99\x09T\x9aNl\x1c*\xb7\xfeh<\xc1eA\
\x8bA\x96`h\x9a\xd1\xef,k\x8f\xd9\xc2\xb0\xf6\xd0\
\xd7^cLn\xc3ya\x81cQ.CB\x88\xfd\
\x03A\x863\xa7\x93/\x14\xa8\x7fm\xab\x80\x09u\x1a\
Z\x7f0f\xc4z\x22\x0bF}\xa8~\x8a\xb5!$\
\x10\x5c\xbbD\xd9\x1a\x0a\x0e\x5cO}\xdd\x97\x10\x18\xfe\
\x9e\x18\x07\x08\x0b\xef\xf3\xec\xcar\xd0\xa6\x08p?\xfd\
\xf3\x00\xe4y\xdb\x0b\xfb\xe0\x05\xed\xe4$\x0d\x9e8\x1d\
g~]\x06\x10\x1e\xcb\x00\xc2\xfe\xc7\xeb\x9a\xe1\x9e\x01\
$\xac\x14\xdf\x15x\x97\x22\x90-\x91\x0c(\xaa\xa6\xa0\
\xc0\xb9xV\x0aR\x00\x06>\xe3s\xb2\xa0\x10:\xbf\
\xe2=\xb0D\xb1x\xd4\x8d[\xb7\xed7\xff\xe9?\xd9\
o~\xf1C\xbb\xbd\xaa\xea\x0b\x08\x8aO.0\xd1p\
f\xc3\xf3\x8a\x1dL\x12\x7fN\xafX\xaa}\x92\xac\x92\
\x09\x5cX\xc9\x0a\x99\xa6\xb6\xb33\x09d\xf4/\x9e\x14\
|\x02\xd0Bz/*\xff\xb6\x9b\x02\x10\x04\xce[\xa9\
m\x9cL\x1axQ\xb1\x9e\x08g\xc5\xcf\x00BR\xaa\
\x902\xfc\xe9\xa3c{\xfa\xd9\xfb\xc9\x12\xf9\x83}\xfe\
\xf8s\xb9\xafi\x81@\x89+\x94\x8b\x00\x96\xa0\x05\xb9\
\x99C\xf1\xb8\xc6\xa3%\x00\x99\xa3\x15\x8f\xa1\x82,(\
Op\x1b\x91\x099\x93\xcbun\xfb\x8e@\x04\xfd\xfa\
\xad\xfd\xda\x8b\x00\x84\x84N\xc2\xd5{\xa0\x0b\xe4`^\
&\xde\x92\xc5\xc16\x10\x01\x887\x80CD+WU\
I\xfb\x05Q\xba\x10\x0b\x00\x89\x0c,M\x1c\x5c\xb2\xe5\
\xe5U\xbb\xfb\xf6\xcf\x93\xf5\xf1ck4Z4y\x87\
\xc3\xa4a\xa0\x8c\xc1%jLMY\xb6\x04\xe5\xd8\x11\
8\x87\xaf\x13\xc4\x08\x0b\x03DA\xcd\x19D\x9a\x8e(\
\xa7n\xb3\x0bZ\x19\x04\x85t_\xc3\xfe!3\xa8\x96\
\x1a\x1d\xcf\xfa\x10\xf3 \xdeA\xa2\x80\xa0\x9a\xa1\xc8\x5c\
\xcb\xb8\x06\xc3E\xdf.\xc7\x07\xc9\xf28,\xc0\xc3\x85\
\x99f\xbdK\xab\xe1\x91\x16\x09\x80\x22\xb4\x1b\xd7\x80\xa9\
\xcd\x14\xc4\x1a\x84)\x01\xe6`\x92\xaf\xdd\xff\xef\x9a\xb1\
H\xa2L\x16>\x0e\x04p\x017-A\x0a\x031\x7f\
\xcc\xab\xa1\x8b\x10V\x1df\xce\x07h\x03@\x96`Y\
\xa1\xdf\x95]\xc3b\x91\x14\x1e\x01F\x18\xcb\x92\xa0B\
?P\xf0\x85\xc0+\xdd\xceW\xdc\xf2#\xe1?\x00\x07\
\xce\x00\xa2|f\x07\x92\xe8\x13\x0a\xfe\x12\x93\xd3\xea\x90\
6\x09\xab3\x02\xa8\xe7\x18{\xa6\x8b*\xa8\xcakN\
6s+\xc4\x83\xa9\xe5\xfe\xcf\xc1u\xcf\xfb\x97\xc1'\
A\x10\xc7/\xb3=\x17H\x9e\xd7f\xe2-\x1e\xe3u\
\xf2\x17\xfa\xd5_+\x03\x09\xfa\x9e}\x8d\xf1\xc6\xd1\x95\
\x06\xe7\xc3\xb8\xd6\x1a\x22\xe2A\xf1\xa7\xf3&\xc7\x11\xde\
\x00W,\xa0\x1cx|Dt\x821\x0e\x1eu \xc1\
\xb8\x83\x17I\x0f\xe0O\xbcO\xaeeL:\xdc\xde\xde\
\xb6\xbf\xfb\xcdo\xec\x97\x7f\xf7c\xbb\xb5\xde\xe6x\x1d\
'\xab\x03\xd9WpR=\xed_\xd1K0H@2\
9C\xdf\x9a\x0dG\x17t=c\x5c\xc1\xbf\x98g\x05\
\xba\x82\x0b\x0b\xb3\xd7{\xdd\x1a?\x9b\x0c\x10[\xef\x82\
\xfe\xbc\x08#v\xf0q\x05`\x83\xcfT\xa8X1\x91\
<}\xf1\xfe\xc9\xb9}\xf8\xe9S;x\xf8g{\xf2\
\xe9{\xb6\xb7\xbb\xcbE\xe1\xe6\xb2\xb1\x1c8\xe6\xac\x13\
W&\x0a\x05P4V\x06\x10\x9d\xbbg\x80\xe0!\xfa\
\x04\x91\x14\xbc)\x9e,[%y\xfbo\x0a@\xae\x11\
;\x89\x96\x04\x1a\xc4\x0d\xa2tB&p\xb8@\xa1\xcf\
\xd5\x05\x8d[\x1d\xb48\x9c\x08\xb3\xc5\x01b\x5cB@\
\xbd\x10^\x85\xe5\x01\xc1\xe6\xd7I\x88w\xba]\xbb}\
\xff\x1d\xdbz\xfd\xa7\xd6\xee\xae\x92\x18'#\x04\xc9\x8d\
\xcbq\x82\x18\x10\xfb\x00xLG\xa76\x1c\x0c8\xb9\
\x0f\xbfM\xbf%\x05\xc5\x99aMg.'ZE\xc9\
\xf5\xba\x04\x06\xfd\x9aI\xf0\x8cO9\xc0\xb5V\x97\xcc\
\xc5\xb4^\xac\x01\xbd\x88\x05r\xaa,\xb48\x1a\xf5\xe9\
\x1eh\xd6\x93\xe64<\xb4\xc1\xe9Q\xfa\xdd3\xe5\x8f\
\x97\x84\x91\xdc*.\xa4\x9c\x08\xb1\x03\x84\x04. \xc4\
h\x87Pt\xf0\xa0\x7f\xb5\xd0tB\xe3\x0em'\x0b\
\xd3\xf4\xdc\xaaV\xaa\x91aGT\xe4\xb6\x0a0\x8f1\
\x98\xb3\xf2\xd8\xb7\x0e\x1e\xacU\x94\xc0\x13\xab\xcb\xa1\xbf\
qL\xbb\x92\x19\xe4b\xc4{\x02\xe8\xc3\x05\x82\xef-\
b^\xa2\x07\xd2\x0a~?\x84\x9c\xdfR\xc6\x03\xbf\xcd\
LQh\xc0\xb5Su\x107\x99\x0d\xcf\xc5\x7fxN\
Y\x1f\xe6\xcfM\x10f\xec\x03c\xee\xc0A\xebNc\
\x9c\xfd\xddpK\xd2\xea\x90\xf5\x81*\xcc\xb1\xe67\xc0\
\xa4\xec\xbe(\x5c[\x1a\x93\xb2%\x92\x05\x04\xee\x8d\x0c\
\x1f\xe0\xfd\xe5\xb6\xe7\x82Hl\xcfym\x0eHr_\
\x06\xbf\xf9u9\xe0\x0e\x1e\x84\xb9I\x1e\xc4yE\xee\
W\xd2\xc2<\xd0C\x89\xa3B\x81\xd7\xdc\x02)\x14\xbc\
\xe0Y(l\xb2D\x0a^E[\xbc&\x00\x09k\x84\
<\x9d\xaeA7\xeb\x1b\x1b\xf6\xb3_\xfe\xd2~\xf9\x9b\
_\xda\xad\xcd\x9e%\xce\x13P$\xab\xe0d\xaa\x19\xe8\
\xe3\xb4\x9f&\xe0\xc09f\xa2\x9f\x9d+\x13\xeb\xfc\x0a\
u\xeaP\xe5w\xd1j\x0d\xfcn\xc5:\xedZ\xe23\
\x15V\x04h`C\x09x\xb8\xbd\xd0\x13\xe0{\xd0A\
%\x8d\xd3R\x05KBWX\xfad\x92\xbel\xe7`\
\x94\xac\x8f'\xd6\xdfI\x96\xc8\x83\x0f\x18T\xe7\xd8\x93\
F\x04 E\xf9\x93\xb0D\x02@@\x13\xa0)\xe7\xe5\
\x0b\x8f\x85\x84\xc22\xc7\x9b%Z\x01}\x828\x1c4\
\x9e\x0b \xd8J\x00\xf3mm\xce\x8e\xaf~\xfb\x22\xeb\
\x83\x02\xc2\xb5\x9f ^\x1273|B\xb3\xc1\xb9\x0b\
\xae\x10^\x8b\xa5Z;\x00\x0c7\x81c\x02S\x9eY\
\xcev\xd7~)\xe0\xd0\x96\x88\xa8\xd1\xb0\xed\xbb\xf7\xed\
\xd6\xdb\xbf\xb2\xd6\xf2&3tF\xe3)k\xe0\x80\xa1\
1\xe8\xa3d\x89\xa0\x8b 0\xa6(\x9ex\xae\xd2\xed\
L\xcf5\x05\x94!\xbc1\xd9\xaf\xd5]\xb1\x8b\xc9\xd0\
\xc7Q\x83\x0f\x82\xa9#\x0e\x93^\x87e\x83\xe0\xac\xf1\
\xfe\x93`\xad#Eq\xd1F\x83>\x83\xe6\xf5\xc5$\
p\xa6'\xc9b\x89\x99\xe5\xf3\xa6/A\xa1\xac\xc5\xe0\
\x1aZ\xaf\x07\xc7\xe74\xde+\x99\xef\x12Z\x01,\xba\
\xa7\x00\x91\x0c (\xad\x0da\x06\xc2\xc4\xd3\xce\xb0\x84\
\x11\x84\xc7L\x02\x04\x7fe\x01\xe1\xfdK\x10_\x94e\
\xc1\xd5\xe4\x00\xd6LE\x16\x80\xa8\x92\xb0\x8e\xe8sT\
\x13^\xd9\xd8N\x16_\xcf\xda\xcd\x86\xdeO\x81!\xc1\
\x12\x09\x11\xb4\xd2\x16\xdc\x85\x85\x8c\x18V\xec\xd5\xed8\
\x89p\xc7\x86#\xca\xc9\x13\x1b\x80\x073i\x90\xfa@\
\xf1\x1el\x91\xe2\xabo\xc3\xfb\x0b\xed?\xd6w\x07\x93\
\x02\x88\x87\xe3\x89\x1d\x1c\x1e&-\xf3\x89\x9da\xbe\x0d\
\x04\x02\x00\x83\xc0\x81\xd8\x16\xb2\xe3 8\x92u\x0a+\
\x04{\xb6V\xa0\x95bl\xdc\xa5\xe5\xe3\xa2R1\xb2\
^c\xb2!\xfb\xfck\x00Hl/\x04\x92\x17\xb4\xfb\
h\x16\x9d\x020(w\x14y\xcf(0Q\x12\xbe\xe0\
KW\x22\x02P\x16\xdc\xbd\x95=\x02\xa1\xe0\x95\x01\xc4\
\xcf\xd9\xe6\x8a\x1e\xf7\xc2[ \x97\xb3\xf30y\x1a\xbc\
Y\x5c\x83\xae\xc0#\xab\xab\xab\xf6\xf3\x04\x22\xbf\xfe\xfb\
\xdf\xd8\xf6\xe62\xfb\xeat\x9a\xf8u\xaa\x95\x07O\x86\
\x17<G)\x13\xc0\xc0ht\xc6x\x08\xcb\x09\xa5\xf7\
6\x9a(fzE\x85\xad\xee\xb1\x0f\xc4U\x10\x90\x07\
O\x8c\x87(\xde\x88LI\xf5\x05\xaa\xf7\x22&\x82\xb9\
&\x98\xd8\x0b\xf7\x196\x14j\xdc\xd9\x1f\xd8\xee\xe7\x8f\
\x1dD>R\xe1\xc5\xb0<\xe8\xc6\x0aKU\xbc\x1b\xf1\
\x91\xf0\x12P\xb1p\xe0\x10\x8f\x03\xb0\xc0\xc7\x05\xbf\x96\
\xf9T\xb1I\xd1\xa8xt>C+o%\x02\xfa\xb6\
@$X\xed\x95n\x7f\x0d<\xa8\xd5dm\x07\xc2\xca\
\x89\x94\x1a\x8e\x03H\xe9\x9c\x82\x86\x9a\x8bk\xbf\xae\xe9\
\xc4\x1c\x0f\xba\xa7\x5c#V\xa9\x12\xb4\x85;E`\x82\
\xf9\x16\x1b7\xb6\xed\xee\x8f\xfe\xde\xba\x1b\xafY\xa3\xbe\
d\xd3q\x02\x8cd}@xc]\x00\x98\xea\xd3)\
\xca#`\xa1\xa7\x0b\x9a\xbd \x00\xac\xaf\x81\x98\x07\x06\
\x89kC/\xc0\xe4\x15!\xe0\xf7f\xe7\x132\x0f\xe2\
\x19\x90\x83\x8bvfK\xcde\xc6N\x18\xc4[lR\
0\x82@\xb1\xd8\xce\xc5\xd9\xd0\x1a\xd5\xab\xf4\xfb\xc7\xc9\
\xf28\xc9\xa0\x11\x13\x96Dh\x0a\xa0\x97\x01\x84\xa9\xa5\
\x9cy.\xb0\xa0\x9b\x0b\xc0\x81\xd7\x82\x18a\x9d$b\
\xbbD\x9ey\x198\x90s~\x85 \xa34\x990\x97\
\xb1Q\xf6\xfa\x04>\x06Nq\xe2\x82\xa2\x1c\xbb\xa0;\
\xb0dy,!\xae\xe3\x05 \xebu\xd4\xefj\x08H\
\x96\xb0\x9eu\xc3\xde\xfc\xd9?\xda/~\xf5\xf7vg\
u\xc9\x96\x9bU\xa6Pjb\x17\x96/\x85\x1b\x01\xc0\
\x81\xb1W\xd1;\x08\x02\x9c\xe3~Tj]\xa9\xd4\x04\
\x0b\xec\x16\x19\xbe~1\xc3\xda$\xd0\xce\xe82v\x1a\
3f\xee\x94\xc1%\xd6\x90G;\x9f-s\x80N\xf0\
\x1b\xd46\x8f&\xf6\xdb\xdf\xfd\xce\xde\xfd\xd3\xbf\xd8x\
\x0c\xe5\xe1L\xe0\xc1}\xe2G-\xc9\x1a\xa0B\x00\x81\
\x8b\x0b\xd6\x08\xac\xc2\x92\xf5H+\xe7\x1a\x90\x93\xd1\x1d\
D\xbe\x8a\x1b\xeby\xdbs\xc1\xe4ym&\xde\xcb\xef\
\xf7#y\xd0\xaf\xc9\x9bdI\xc1KNb\xc1\x1fh\
\x81|\x8a\xd7\x04\x1e\x04\x10\xb6;\xa0T\x0b7\xa7\x02\
\xeb:/\xc7@\x8a\xcc<\x81Ia\xd1\xcaB)&\
\xfd\xc2J]\xb4\x95\x95\x9e\xbd\xf3\xf3_\xd9\xfd\x9f\xfd\
\xca\xd6\xd6VX\x14\x11\xb1\x10\xb8\xa80\x89\x10@\xa2\
\x90\xc5\xcc\xfa\x09P\x90\xe2\xab\x9bG\x05\xeb%\xba\x1c\
1\x7f\x04EH\xe1\x96\xd6<\x8c\xaa\xf5z\x0d\x9b\x02\
ILAz\xd2yR\xaa\xc2\xad\xd5L?\xa4\xea\xc1\
Rt\xe1.{\xf8\xe4\xc4\x0e\x9f|f\x07X\x8c\xea\
\xe1\x03U\xbf\x86+\x93@!eC\xe5Md\xb9\x16\
\x19{\x1e\x13qK\xa4\xbcG\xecM\xf4!:\x09\xd7\
*-\x0e\xa7\x13\xd0K\xb9\xc2\xc1w\x09\x22\xe4\xaf\xeb\
\x8d/s{\x11x`\x0b\x82\x85\x10\xe6K\xee\xb6\x8a\
\xac+\x11f\xb8N\xdc\xfap\xf0(\xb2\xaeB\x83q\
\xed\x85\x00Rr\xa9P\xc8\xc9\xfa\x08\x7f<\xce\x97W\
\x97\xed\xcd\x1f\xfd\xda\xd6\xef\xfc\x90\xf5v\xc6c\x09l\
X\x1c\x1a`\xd4\x892\xfa@\xb9\xde\x07@\xc3\xad\x0e\
0\x00\x84\xf4\x19\xd67g \x0d\x93\x0c%\xecQ\xb3\
\xa7\x9e\x04'\xe7\x7fT\xeb\xcc?\xc7:\x07\x0b\xf5\x9e\
4\xf2D\x95X5\x10\xf1\x93\x09\x8a0\x9e\x8d\xacV\
I\xc4<\x85{,Y\x1e\xd4Z@L\xee6!P\
H\x08EF\x87~\xcb\xdb\x1c\x5c\x18(w\xe0\x90\xe5\
\x01\xc0\xc0\x11\xae\x1a'\xce\xb08\xa8\xcd\xc84\xce\xf1\
\x0f\x88\x5ch8\xb1\x85\x15\xe8`\xae,\x1b\x08\x86\x10\
\x00E\x0c\x89.+\xf4+R\x92iy8\x80pW\
r@gy\xc5\xfe\x87\xff\xf2\xbf\xdb\x7f\xfe\xfb\x9f\xd8\
v\xd7\x123\xa2\x9c\xb6\xcaH\x00,0\xfe\x04\x0b\xbf\
\x85\xb9[\xb9&\x03\x9d\x87\xb8Q)\x8bv\x02\x87\x98\
\x8at\xe4\xef\x0dX\xc4yX\x1f\xd8H\x9b\xce\x01\x00\
z\xbd\x8eKX=3\x9b^.\xd8\x9f?\xd9\xb7\xff\
\xe3\x9f\xfe\xc9>\xfe\xf8c\x02\x08*\x0d\x04\x88\x9c\x9d\
\x8di\x85\x10L\x12\x1d\xd0*\x09\xf7\x16\x04\x86\x0b\x0e\
\xad\xb1]\x06\x10\x09\x0a\xb9!\xc2z\x82\xb4{yL\
\xff\x5c0\xc1v\xad\x9d@\xe1\xed\x01\x10\xfa\x17\x83\xa2\
s\xf0^\xa6\x09\xeeau\xf8\x91|*+%\xf8V\
\xae\xab\x00\x0fW\xfcr\xccr\x1eH\xb2\xe5\x91yY\
\xae\xae\xf2$`\xbc\xde[^\xb6\xb7\x7f\xf23\xfb\xd9\
\xaf~m\xdb7\xd7\x0dK\xdcb\xbe\x07J\xb2s\x22\
!\x96\xacM`\x02K\xe3*i\x08X\x95\x10\xaf#\
\xb5\x97\x13BS\xdb\xe4\x1c3\xd1g\xd6n\xd7\xe8\xf2\
\xa2uq\x89\xb8\x0aJ\xbe\x9b\x16|\x03p$\x1a\x05\
\xbf\x22%\x1f|L\x0b|\x01\xf3P\xae\xec\xe0dj\
\x9f?\xd9\xb7\xe1\xde\xc7\xb6\xf7\xf0]\xdb\xdf\xdd\xa5%\
\x1a\x16FN\xef\xe5\xb9\x00\xa3\xec\xda\x0c\xfe-\xe6\x17\
\x9d\xd3\x02\x11\x90\x84\x82\xe1;'\xb5\x16\x00\x220\x01\
\xad\x88f\xbe\xcb\x80\xba\xab\x1c\xaff{!\x11\xdb<\
\xe1\xce\xb9JH\xb1\x22L\xec:\x0f\xadFZ\x0e_\
s\xc2\x84\x95 \x82\x14\xc1\x86\xf9K7\x8b\x9f\xcbt\
v\x9fl\x15+\xa55l\xfb\xb5\x1fXw\xebM\xab\
7[\xc0-\x127\x04G\xbdQOm\xcd$\xfb\xe5\
^\x81\x86\x83\x12#r\xc94\x8cy\xe4\xd4\x1eTs\
\x87\x8bDq\xa0a\x82B\xf3@\x8d\xac\x11\xa5\x19\x8a\
\xc2\xd5\xd3g\x9b\xbd-\xeb\xad\xac[\xbb\x9b\xb4\xa6f\
\x8f\xf7\x8d\xb5B\xb0\x84mm!\x81\xd3\x04+\x16\x0a\
<b\xa2Z\x19<t\xae=4\x9aL\x84ywM\
\xc6?/\x9f\xaa\xef\x0e29\x13\x8b\x1a\x0e\xac\x10\xd7\
nH\xa0\x1e\xd8\xe5.mX\xa6s\x99\x005j!\
@\x8a#\xc6\x03\xd6\x83\x0b\x0cg\xfe\x08\x96\xa2\xcf\xbb\
\xed\x8em\xaf\xd5m\xb3\xb3@\xff3\x5c\x03H\x97\x04\
\x01\x02\x04\xa0\xf5\xa7\xdbd\x0a\xa6\xac\x8cB\xdb\xc2\x18\
p\xbf\xc4\x8e\xb4c\x07=XM\xb4\x0b\xf1\x81\xb4W\
b\x0e\x8e\xf1\x9a\x93\x03\x09\x1fj\xc7x\x90\xbc\x9c\xf4\
\x14\xc8\xc6\xf3\x81)\xc3\x0a |PP4\x93Ux\
\xff\xf6\x8a\xfd\xf4\xc7\xefX\xaf\xdb\x93\x95\x15\xc9\x01n\
\xc9\xca\x02\x0b\x01\x886\xd0$\xe8NB\x934K\xed\
\x9d\xea\xbc\x90\x0a\xfd\x18\xd7y{1\xaf|\x9d-\xf7\
\xdf_\xd9\xa4\xbf\xaa\x9f\xb1k\xcc\xd5^\xb4I\xe3U\
\x7f\xf9\x8e\xbe-\x0b9\x8f\xf1\x88\xfe@wq\x0eA\
\xe9\xf4I:<\xf7\xc4\x0f\x1dI\xd7<F\xdc \xae\
\xf5~\xc4\xfcB\xc0\xe2\xfb\xfb\xa7\xa7\xf6\xde\x1f\xff\xdd\
\xfe\xeb\xff\xfb[\xfb\xf8\xc1\x9e\x8d\x930O]n\xdd\
\xe6\x02g\xa67\xebU[n/9}i\x8c\xd3\xcd\
\xd9J\xb7f\xeb\xeb\x1dkt[\x89'\x17i)O\
/*\xb4\x82kX\xd1\xb0S\xb3\x95\xe5\xa6u;\x0d\
\xeb4k\x8c\x89\xe09\xb1P\xdbp8\xb5\xc1\xf0\xdc\
N\x87gv:8\xb3qB \xc8\x8cv\xa7e\x95\
\xc6\x86-\xaf\xdf&\xb0\x05\xbd\x97\xe9>\x12\x08T\x19\
\xc3\xe5P\xd0\x07\xe8\x82G\xd0H\x09l\x1d\xac\xb3\x1c\
Db\x0e\xe9\xc6D&%\x99\xa9\xa6\x17\xd3\xce\x17\xc9\
\xe0\x97\xb1\xbdR\x00y\xd1\x16\x0f\x9c\x85\x10\x19J\x9c\
\x1d\xc2H\x9dZ\x98\xc7Y\xab\xe1Q\xd6Hq.\xcd\
\xa6\xd0vb\xe04\x882\xa35\x80\xf5Z\xcd\xb6\xb6\
\xef\xda\x8d{\xef\xd8\xda\xfa2g\xa16\xb9\xae\x00\xb4\
\xe7\x1ac\x0a\xe7g\xf0\xabbeA\x05T\xc1L \
\x98\x8b$\xf0'\xa3>\x03\xeaX\x0b\x04\xae\x10\x89\x9b\
\x0a\x85\x84]a\xd0q\x1f\x15\xc6C\xda\xdd5\x16\x8b\
[]\xdfL\xc4\xd66e\xaf\x800\xc1\x1cS[\xb4\
\xa4\xc5\x8eO\x12\x81\x9eJS\x0d\xed$3\x9c\x83F\
\x5cs54\xd7V\xca\xa0QriE\x10\x9dL\x8d\
\xa0:\xda(pK\xcc\x1eZp\x19LJ;\xad\x11\
\xd7j(^\xe7\x84Q\x10$\x9e\xf9\xda\xd8 N\x85\
~\xc7X\x94\x98\x05\x1a$,\x93V\xea\xe7:4:\
t\xe65\xa2g\xbf\x88\x04\xb8\xb9\xec\xd2\xae\xbb\xe09\
\x80\x04G\xb8\xa3\xb8\xc3\xb5\xe5{\x00\x0e\x92\x00\xf05\
\xf8\x19\xb8\x091!4\xbe\xa3\xbc\xeb\x89\xe2\xd9\xf4\x99\
\xbc\x81?\x17fI\x98,\xda\x0f\xdf\xbcg7n\xde\
t\xe0\xc0\x0e\x97\x9d\x1f\x03<\xb8\xe3\x99\x95]V\xd0\
\xaa\xef\x0c6/\xc8-K\xdaV\xff\x89\xf6\x83'\x9c\
\x0f^\xe2\xf6\x0c\x88\x94;\xb6\xdc\x1c\xfd\xc0\xbe\x95\x86\
\x0b\xf0\x8d\xea\xb0\x01\x1cA3\xcf\xdfK\xaf\x95i\x91\
Z\xb5\xd3j\x00\x83\xd37\x15&\x8f\x15d\x9a\x8es\
*T%\xbep\x90\x19\xf4O9\xa1\xef\xc3?\xfeW\
\xdb\xdd;`\x00\x1du\xad`\xd1\x22\xfd\xb6\x95\x00b\
\xb9\x8d\x85\xa60\xcb|\xc1\xbaiG\xc6U\xba\x09\xce\
6\xdf\x5c\xad\xdb\xc6Z\xc3\xba\xddzR&U*\x05\
\x15\xb9\xcf\x93\xf52\x1c\x9d\xdb\xd1\xe9\xd8\x0e\x8eF\xb4\
2\x8eN&\x094\xa6\xd6'x$ \x19]0\xdd\
\x17c\xd7\xa8-Y\xa3\xbdb\x0b\xad\x1b\x09DnX\
\x0b\xcah\xc8\x22\x979\xa4\x05ZR~^\x92W\x90\
\x07Y\x86\xe5\xf3\xa0\x1bY}yw\xb9Hzq\xaf\
\xc0\x9c\x02W\xa6\xde\x97LC_\xb4}{\x00r\x0d\
-\xd1\x198\xe55;\x02\xae+\xef\x1cg\xa4\xdcA\
\xb9\xc3\xd0\x91!\x98B\xc3\xf3\xd4A\x00D\xa0\xbf\x83\
E\xb4\x856\x0cf_\xdb\xd8\xb2\xdb\xf7\x7f\xcac=\
}n8>'a\x8c\xc6\x13\xc66*\x8b0}\xaf\
X\x97\x86ZV\x22\xda\xe9p\xc82\xd1pO\xc0J\
\x90\x9bib\x08\x88B0\xd2\xbcN\x02\x05\x8b\xe5,\
'Kcy\xfdV\xb24V\xac\xd1l\xd3\x94\x86&\
1C\x1d!\x14ELZ\x14b\x1e\xd5\x19\x5c!'\
6\x1e\x22\x00'\x8dk^\xfb*\x18&\xbf\xe6&q\
\xe1\xba\xc2\xfb\x8b\xf3\xeb>UZ\x1d\xd0\x04\xcb\x80q\
\xcd\x0a\xa1\xf5\xe4VG\x16\xac\x10\xc6\x18$J\x11\x00\
I!l5\x5c \xeeb\xdc\xb20,3\x005+\
1\x0c\xfb~I\x99:\xf8<\x92\x9e\xe1\x22\xf0\xaf\xe0\
^\xc85\x07\x06\xdf\x19\xd3\xe0\xda\x0e\x8a\xd3\xa0\x8d\xc9\
\x08\x00\x0d\xbcf\xbaE~\x16\xca\xa6\x95>{%k\
\x06\xdf\x81\xcf_\x22F\xce\xa3\x03\x8e\x83\x8e\xbe\xcb\x7f\
;\xc0\x88O\x9b\x84R\xb2Zn\xdfX\xb3\xfbo\xdc\
euX\xc6s\x08 \x85[4OJu\x10\xc91\
:\xd729\xf9\x8e\x13\xf0@\xbfA\xe3\xec\x8a\xcc\x17\
\xb3W\xc8\x89/\xb4F\xae\xb5\xe1\xa9\x01\x1aEg\x12\
V4\xfalB\xefj\xa0\x8aL\xb2\x12]e\xda\xf2\
\x98\x9c\xd3^Vr\xe6h\xb3\x0c\x18\xda\xb3\x85}m\
W\x9b\xbf\xee1\xa5\xd3d\x89\xbc\xff\x1f\x7f\xb4?\xfd\
\xf3\xefmg\xef\xc8\x06g\x98\x04\x88\x99\xe4U[k\
Ul\xab[\xb5[\xcbU{\xfbF\xcd~p\xabe\
w\xd6\x1bvg\xb3i\x1b\xbd\x9a\xf5Z\x89\x1e\xe1\x96\
J\xf77\x1cLl\x98\x00\xe3\xe4``\xfd\x93\xa1\x0d\
\xfb\xa3d\xe5\x0cm\x92\xf8\x1d\xf3\xc0\x10\x1bAv\x16\
\xb2\xb9@g\xa4%$u\xa4\xbei4\x96ls\xa3\
g\x9d\xb5m[\xea\xde\xb6U\xc8\x94$\x0f\xc2\xeb\x11\
\x0aE(\xb2\xe5\xc4\x81\x1c\xcf\xa5\xe2\x15\xf4!\x1a)\
\xf8H\xb2\xa3\x90\x85.\x07C\x86J\x80:!\xf9\xf5\
\xb7\xbc\xbdB\xb2-m\xce$\xc5%!\xa2\xd40\xdf\
.p\xf1\xceB\x87f\xab$\xe2!\xb8v\xe6\x8c\x1d\
\xae,\x1e\x01\x18\xdeFw\x82\x06\x09\x83\x87\x94\xdd-\
\xb8\xae6n\xa5'\xaf\xdah\x0a\x1f\xe2\x02\x85\x1bx\
\x06\xb3\xcc\xc7#\x04?\x13\xd1\x8c\xfbL\xaf\x85\xd0\xc2\
\x82Q\xa8~\x8bl ,/\xcb\x19\xeeXb\x93\xc2\
1Y/\xede[Y\xdf\xb6\xd5\xcd;\xd6[\xdd\xa2\
p\x1d\x0f\xb5\xd0\x14\xc0\x06\x015\xae|V\xab*K\
kz\x92@\xe9\x80\x01s\xf8\xd5\x8b\xfaJ\x11XS\
* \xad\x0a2\x9a2{X\x06\xe1R&=\xdde\
\x00\x86\x0bet\xd0}\xe0.\xab\x82\x99e}d\xb7\
\x03\xf6pC\x84K\xc2\x85\x03\x85B\x96'\x128.\
:46<\x13\xb5JK\xf6\x9d\xa0\xeec\x14{h\
M\x14\xa4\xea{d\x5ca\xe9\xd1\xf4\xb2\xea\x18\xa1\xc4\
DbH,\x85\x12\xd6\x03\xf3\xed\xfd\xb7u?\x01\x06\
\xb2<\x90m\x157\xc4\xe0)\x81\xc5\xad\xa6\xb8_\xbc\
9\xee\x9fV\x94>\x80k\xb9\xbeJ \xc1\xdf\xd6;\
\xe2w\x18p\xd7OhK\xed\x9d$p~p\xffu\
\xdb\xd8X\x97\x10`\xf6\x98'd \xfeS\xaax\x90\
}\xfc.\x1cX\x9e%\xfa\x03t\x0d\xdae\xbfi\xcf\
4_\xe2\x87\x97m\x85\xc4\xf6e@\x84M\xa6~/\
\x8fC\xa6\x04\x82\xad\xe8F\xee.\xef\xffL[\xca \
\xa2\xf2\x05\xfa\xf4\xf1\xc9\x96/iS\xca\x0d\xda\x82\x96\
\x0b\xab;h\x1f\x89*\x01\x1eJZ\x09EI\xee\xac\
\x0b\xba\xb3\xde\xff\xd3\xbf\xd9\x7f\xfc\xfewv\xb0\x7f\xc4\
\x00x\x17\x93\x02k\x15\x06\xd8\x97j\x0bT.Q\xf2\
\xe4tz\xc5\xe0\xf7Q\xff\x8cV\xc5\xde\xfe\xd8\x8e\x93\
\x951\xea\x8f\xc9\xf3\x00\x8eQ\x7fH\x10\x99L\x92\xd2\
\x08\xf0\x18\xc3\xe30ay\x14\x00\x09\xdcY\xb0R\xe0\
F\x85\x12\x83\xb5\xd7\x11G\x81'\xa3\xb3\x9ex\x7f\xfd\
5[Y]aL\x16r\xa8\xbc\x1acam\x080\
\x0aK\x05G\xe7\x15\xb8\xeaC\xd9(\x01\x87@$v\
\x5c[\x96\x99\xd8H=\xd7i\xa6t\xfd\xcck/q\
\xfbv\x00\xe4y\x1b\xfb\xa1B5\x14,\x15e\xa7\xc1\
`\x10\xb6!\x94\x18\xb8\xc2\x91\xe0Q\x06\x0c\x07\x8b@\
\xf3\x8c\xf2\x0e\x1a\x19\xe9\x85\xfc\xf5z2[\xb7_\xb7\
\xf5\xdb\xf7\xd3\xa0\xb7\x926\x89l!\xc4\x22.\x98\xb6\
;\x18\x8c\xedp\xff\x80.\xaaq\xff\xc4.\xb0\xe4,\
nsQ\xf3\x19j\x8df\xb2(:\x8cc4\xda]\
[l\xb4\x93\xc5\xb1e\x9d\x95M[^\xbba\x9d\x0e\
b\x1bF\xf7\xd6\xe0x\xd7\x06'\x07\x0c\xbcAkE\
\x0a\xe1$\x81\xd1\xe0\xf8\xc0\xceF{6\x19\xec\xa7\xdf\
\xc4\x9a\xcb%\xcd\x8b\xcc\x02\xbfqdl\x08(B\x03\
+45i`\x85\xcb\xaa\xd0\xf2\xc8\x9c\xb9-\xb4\xc2\
\xc2\xfa\x08\xbf5\x19\x1d\xafA0P\x90\xba@\xc0\xb9\
\x0bs\x0a\x16\xc9b\x17  \xd2\x12]r\xe8\x04\xf2\
\xa1%\xc5u\x11\x9fRe\xe4\x22\xf1a\x81~\xe9\xf0\
`A\xa0# \x89\xd4H\x16\xbe\x03S^x\x8c\x03\
\x02\xfd\x0a\xcc\x0a`T[\x04D\xd1\x16@\x98\xdf\xc3\
v\x07\x08Z\x8f\xbe\x03xp\x9d\x09O\x0f\xc5\xc0h\
E\xaeI0\x01o\x89\xd9Y\xfe\x8c3\xb5A\x19\xa8\
-\x5c\xd9\xeb\xb7\xb6\xec\xee\x9d\xdbL\xb8`R\x06@\
\xc4\x81$2\xd1r\xc6P<\xb3\x03\x095L\xa7_\
Yl\xa0k\x9d\xf3\xc7\xdc\x22\xd1V\x9c\xbd\x8a\xed\xb9\
\xd6H\x8c\xf7|\xa3\xbf\xe4\x96\x08?\xe7\x0a\x07\x11=\
\xc0]\xaa\xf9e\xd4S\xf31\x09\x90(\xe80\xe84\
\xe8W4?\x97\x10\x92\xado\xb5\x95i_<\xa29\
\x15\xb9=}\x06\xd9\x92\x1f\xbd\xf7'{\xf7\x0f\xffj\
\x1f<>\xb6\xc3\xb1\x04;g\xac'\xe48\x1a\x5c\xda\
q\xff\xdcN\xfaS;:\x9d&\xab\x023\xd5\xa1X\
\xa8\xa7U\xc5A|\x82g\x06= \xc6HP4\xa4\
\x00#\x85\x1f\xbfy\xc5\xf9%\xaa\xb5%\xab\x04\xbfq\
\x9e\xae\x01\x00\xac:\xb1\xd0N\xf2\xe0f\x92\x05m\x8e\
{\xa6}\xca\xa1\xb0N]\xc1\xc8\xf4\xe1\xca\x06h\x84\
\xf12\x80\x89\x8e\x91\x94\x10\xbc%\xa1\xe9\xf2\x90|\xe7\
\x8aG\x90\xcc+\x04\x8a\x17m\xaf\x04@\x0a\xe4\xf4=\
\xda\xf1\x07)\x9b\x1f\xdc\x8f\xae\x99\x85\x96\x86\x81\x83P\
*|\x80\x8e\xd2s\xd7\xb1\xe3Z\x03\x14\xfeF\xae\x88\
F\x81%\x00\xc1\x8c\xd6\xf5\x1b\xdbv\xf3\x8dwl}\
s\x9d\xab\xfb\x1d\x1f\x0fmo\xafo{\x87\x03;9\
\x19\x90`Pj\xc4`Y@\x18\xd4\x9a\xac\x8f\xc5\xa5\
5\x13X`B\x13\x99%}g\xab\xb7\x924\x8dM\
\xeb,\xaf%\xeb\xa3KM\x14\x81\xf3q\xb2R\x00\x02\
\x95\xf4=\x00\x19\x10\x154\xb0\xe3\x93\xbe\x1d\x1d\xec\xdb\
\xf8\xe4\xa9]$\xcb\x03\xd9V JiR\x85\xf6\xc5\
k\x8f\x85\x84\xa6\x05f\xc9\xa0\xc0\xf7\x17\xc0\x11\xcc\xc7\
`{\xf8\x9a\x83\x81\xdd5\xc5=\x0b\xdaH\xe5\xbd\xa2\
\xab\x07\x8c/P\x810\x86h\xd0\xfb\xb36\x8f?\x0a\
\xda\x10p\x05\x11\xe7\xf1\xf3!\x0e\xed\xba<Fa\x8e\
K`:\xc8\xcc\x04<`T\xb8\xb1\x16\xb9.6\x14\
Y\xa4c^R\xcb\x03\x93N\x92\xc6\x07f\x9f\x9e9\
\xb0\x5c\xca\xe28O\x8c\xcbbz<b\x1e\x00J[\
\xa0>\x12\x02\x9e\x02\x91\x08\xb2\xcb2\x89]B2\x04\
hX=\x02+\xbdG\xd8\xa2\x18\x0a\xffx\xd4\xd6k\
/\xd9\xdbo\xde\xb3^\xaf\x97\xe3\x1e\x85\xdb\xaa\xe4\xbe\
\x82\xf5;\xa7\xd8<K\xbf\xe4\x01\x80Fh\x95\xa6\x94\
\xe2BS|\xf5\x82\xe0\x0b\x81\xc4\xdb\xd5\x0b\x11\x0bA\
?\xcdt\xf4?\xd2\x8f[$8\xcft\xe7@\x12}\
\x1f\xee,\xbd\xeet\xeaJ\x90\x80C\xb1FV\x8d\x9e\
{\xfdY\x10\x11\xbf\x94\x02\xebW\xb2D>L \xf2\
\xc9\xfb\xef&^\x1b\x90\x0e\xfa\x93D\x1f\xe7\x9aT\x88\
\xeeD6\x15v\x14I\xac/!u\x5c65\xac\x14\
(\x93\xad&\xe6,a\xcc4\x07\x09i\xb9(fJ\
\x00\x04\x9d\x5c\xc2\xfa\xc0\xefb\x92\xe2\xa5\x94\x9e\x04$\
\xa3\x09\x5c\xda\x17\x5c\x1a\xb7\xdeY\xb7Js\x83J%\
\x14\x8d\x0c\x12\xa0\x8d\x88}@\xb9u\xb7n\xa6\x0d\xca\
\xac\xb2\x5c+\xf3\x91v+\x9f;\xd31\x96\xe8\xbc(\
O\x8d\xf3el%\xf9\xfb\xaa\xac\x90W\x02 /\xdc\
\xe6\x1e\x06\x0c4\xbfG\x1b\x03H\x0e \xec\x98\xcc\x84\
>\x00s\xbb\xf2\xcci&2\xfdNmZ\x0f]i\
\x80\x9d\xde\xb2\xdd\xb8\xf3\x03ku7\xec\xe8hb\x9f\
\xef\x1c%36\x99\xab}\x10\x08JT\xc0u5f\
\xa6\x95\x11|\xa0]68)\x0e.\x08\x80H#Y\
 \xdd\xe5ej\x17\xa8\xd3\x83\x8c\x1e\xcc\xe1\x98&\x8b\
\x05)\xb9X\xee\xb6\xd9]\xb5v\x02\x17\xccJ_\xaa\
\xf7H8\x93\xb3\xb3d\xd5\x0c\xadz9\xb4\xab\xe9\xa1\
\x9d\x9e\x1c2\xf5\x93\xcc\xe1\x16F9\xc6\x11\x96G\x00\
\xc3\x8c\xd7\xd8\xe1\xderFrm\x8d\x0cH\x8b\xc2\xb5\
\xbc\xcc\xbcJ\xe1-\xdc\x09\x85[!\x0b\x0e\x02FY\
\x88\x94\x04GI\x88<\x9f\xee\xe6\x1bI\xb6\x1c\xc3\x02\
0h=\x12DJc\xe6\xaa~\xfe~\xddFqO\
&0\xc1\x9b&\xe7\x15\xce2>\x18\x99\x1d\x0dgv\
4F\xe1<\xb3\xc3\xd1\xccN'\xa8M\x84j\xa9\x15\
\xd6E\x1a\xa5\xf7\x0e\xcf,\x1d\xd3~\x869\x1c\x98\x9d\
\xac#@F\xbf\xe1\xf7Zz \x80\x88\xff\x1c\xb7\xb8\
\x07\xe8\xa7\xe5'\xc4y\xbd:\xb37\xee\xdc\xb0\xdb\xdb\
[T&rz8\xb3\xb1$\x10\x04*\xb0D\x5c\xd3\
\xf4\x18\x103\x07\x99@\xe1}\x12\xc0\x91i\x1f\x00+\
f\x8f\xfb{U\x0c\x7f}{.\x90\xe8\x85\xf9K\xa7\
\x8fx\xaf\xc0\xd5\xdb\x08\x16q.\x1a\x0c\x0b1\xa7\xa3\
fK\xe4J\xe0\xe0m\xb2\x9c\xb5G\xec/x\xe2E\
 \x12\xbcQ\xb6D\x0e\x0f\x0f\xed\xfd?\xfe\xab\xfd\xe5\
\xdd\xf7m\xe7\x18\xf3\xb0*\x0c\xa0\xf7\xda\xd5\xb4c\xf5\
\xc1j\x9e\x14\xb8p\x85UAU\x81\x17$\xc9\x92\xef\
\xa0\x05\xb7\x0a\x19\xabK\xaf\x8cF\x13\x1b\xf6\x07\xbcg\
\x96\xe8O\x8f\x88\xe3t\xa2\x09\xc6\xc8\xc6\x02\xa0\xe03\
pQu\x90\xa9\xd7X\xb5Zg\xc3\xba\x90\x03\xa4\x87\
\xb0\xc0\x05&\xb4>\xdc\xc5\x1e\x96\x88J\x03\x81^\xc4\
'a\x95\xc4\xfdP\x0e:oIF\x16\x8aG\xc8\xcd\
\xd8\xbe\x88n\xbe\xe8\xb5\xaf\xbb\xbdt\x00y\xd1M\xf2\
aq\xc4\x00\xf1l\xa6\xe7\xf6k\xfe\xb1\x83\x9c\xd1\x9c\
\xe1\xa2\x06V\x08\x22\x0c\x02\xeb&\xf1\xe8h\x0e\xeb#\
\xa7OB\x13\xf4\xc1I\x8c\x8c\xb4\xdc\xf5\x9bw\xad\xda\
\xd9J\xc2\xa4\x223t\x0a\xa2K\x04\xe3\x01\xaefK\
\xd9\x13\xc8\xed\x87@\xa8\xb7\xda\xc9\x82h[\xbb\xdbM\
{\xc7j\xf5f\x02\x13X\x13Z\x89\x90)\xaf\xb8\xdf\
\x99j\xec$\xb3\xc1*\x9e\xc2;:=L\xdf\x7f\xc6\
5\x9f\xdb\x9d\x0e'\x95-\xccF6\x9b\x1e\xd8\xf1\xd1\
>k\xe7P\x83*1\x82\x98\xc3\x99\x22\x83GX \
\xf1\xba\x18,\x82\xe6\xca\xaeR\xdc\x83\xa5\xdb\xaf\xc2\x95\
S\x06\x13\xb7,\x82\xc1\xd1\xeb\xc1\xe8\x01\x1eq\xcd\xb6\
\x10\xa2\xa5M25oytC\xf8\xa1\xc5\xc7\x5c.\
,\xb8$A\xec\xfe:w\x09K|5\x85y\xc5\x7f\
\xd6\xbf\x98\x9f\x0eKd&\xd7\x034\xc8\xa3\x11\xf6+\
{zzi\x9f\xed\x9f\xdb'i\x7ftxa\x9f\x1d\
\x5c\xd8\x93\xd3+;\x1c\xa6=\xbd~<\xbc\xb4A\xb2\
D0q\x0c;\x80czYa\xd5\xd6\x09\x8e\x97\xb0\
P\xf4:&\x91!\x06\xa3\x09g\xfe,\xd1\x0d:\xb5\
\xf2\x5c\x91x\x132\xee6\x96\x1bv\xff\xdek\xd6N\
\xb4\xa1\xf8\x87@#\xe6\x1b\xa9TKX\x1f\xdas\xb2\
G\x08\x05h\x91\xe8\x13\xd7\x18\x8b\x1e\xbd\xce7\xd7\xaf\
_\xed\xf6\xcc\xb8\xabq\xfe\xd2\xfb\x05\xf4T\xd0\x8cz\
\x0d\xe7\x11\x1b\xc1k\x04\x11\xa7I\xcdG*\x05\xd4y\
]\x06\x8e\x02\x08\x18\xd7\xe3\xee\xebk\x94@\x84;\xe7\
\xd78\x8f8\xaf\xf0<\xf1\xd9\xee\xd3\x1d{\xef\xdf\xfe\
\xc5\x1e\x7f\xf6)-\x03\xd0>\x92\xf3c\xc9\x02(\x01\
(\x9a\x88\xb9\x1e\xf5\xc5\x99-U1\xef\x03\x8a\xa7\x84\
3\xf8H\xe9\xde\x88\x8b\xc2\xed]\xa3uqt\xb0G\
%\x10\xbf\x8bD\x1bv\x0b\xe89\x1d4gCsD\
\x900\xd3L\xb4Q\xa9\xadZg\xf5\x86\xb5p^\x85\
\xb5#E\x22\xcfuq9\x161\x10$\xd7p\x11<\
(\x1baI\xb8\xbc+\x02\xeb\xceK\xf1:h'\x1f\
]\xbe:\x1f\x92'\xbf\xa5\xed\xa5\x03\xc8\xf3\xb6\xfc@\
x`\x178\xd4\xca\x14\xfd\x10p\x90\xb1\xc4\x5c\xe1\xe3\
+L~7\xeb\xbcMK\xd8\x0a<*\x8b\x02\x94\xd0\
\xf6\x08,~\x84f\xb8\xbey\xd3Vn\xde\xb7Z\xa3\
\xcb4\xbfz\xad\x9a@\xa1\xcd\xb4\xddF\x13\x19TX\
\xd3\x03\x069\x08\x00\xa5\xc8\xfd7\xd3mriR\x0a\
j\x98\xef\xa6\xefN\xf7\xa0\x19\xe9W\x8ck\x80\xa81\
\x1f\x04\x13\xf9\x9a\xf5d\xa94\x9b\xb6\xb2~\x83B\x86\
\xc5\xd4\xceP\x18q\xcf\x8e\x0f\xf7|\xb6\xaa\x08>W\
\xcf\xcd\xcc\xe3;\xce}>HX\x1a\x0a\x86\x83\xa9\x9c\
\xf1<X\x9eW\x15t\xad\xae\xec>\x10x\x84K\xa1\
\xb8\xce\xf1\x0e\xf2\xbd\xa4fY\x9b\x9c\xdb($J\x97\
d\xaf8s\x11\xe7D\x8c~\xd1\xd0V\xdc=\xa3\xb1\
\xe6\xf8V\xe0\x96T\xfc\x02\xb2\x07\xffin\x87\xd6j\
\x90\x0b\xa4b\xc8n\x81\x95\xb2\x944E\x94\x99@\xca\
%\x82\xa1Hy\x87\xb5\x00\xd7A\x7f|\x99\x00\xe3\xc2\
\x0eN/l/\xedG\xa3\x0b\xae\xd9\x80\xf6!\x0a\xea\
\x9d\x03(f\x9cI\x8e\xf5\x1c\x00\x22\xa3\xf4:\xaa\xb5\
\xe2\x5ckI\xa8\x5c7\xca\xe4)\xabFOF\x8f\x80\
\x9e*\xf7\x85\xc4\xa3\x1e\x16kf\xdf\xbd\xbde[\x1b\
k\xb2@\x5c\x01\x91\xdb\xca\xdd\xa6\xa0;\xb6\x05\x88\xb8\
U\xec\xb4\x1c\xf1<\xd1\xb6\xac\xedl\xb5\x81\x0fB(\
xO\x7f\x9b\xdbs\xad\x11\xd2H\xd1&J\xf1\xf7\xe1\
\xfd\xe4\x0d\x9cc\x0cqP\xec\x0ac\x9c\x83\xe9\xd7\xe8\
\x90\xb4\xe8\xcaN\x04\xd3e\xa5H1\x0a\x0b\x84K\x15\
\x94,\x91\x00\x99\x88\xa1\xe8\xbd\xa5\xf3\xc4\x87Owv\
\xec\x8f\xbf\xff\x9d\xbd\xff\x97O\x188\x07\xdfb\x81(\
\xb8\xac0_\xa8\xdd\xacR\xd0+\xa8\xad\xd5A1\x93\
\xfd\x0c5\xf0\x92r\xc7l\xcb\x0b\xd67q\xabr\xd1\
\xa08\x9e\x1c\x1d\xd9\xe9\xc1S;\x9f\x8cY\xd2h2\
\x1a1\xd8~\xc6\xf7\xe3\xfeg\xfc\xceZ\x0d1\xb2\xa6\
\xcd\x16{\xb6\xb2\xb6\xce\xf5~\x98\xc6\x8b\xef\x22(\x14\
\xc1\xf5\x00\x91\x08\xb0\x17s\xda\xd0^\xd0\x84\xb2\x1c\xd3\
g\xa9L\x836$\xb6\x19\x07I[\xb6L\xc4\x80j\
\x0b:\xe6\xc5\xab\x03\x94o\x05@\xb0em5\xae\xc1\
\xb4\xec\x18\x89\xa2\xf0\x91\x87\x04{\x85&\x00\x00 \x00\
IDAT\xb9OI\xe2&],\x93\x1a.*\x99\
\x7faq81\xf0<\xaeu\xbe\xb2\xbcb\xb7\xef\xff\
\xc4\xb6\xef\xde\xb5\xad\xcde\x0a\xf7z\x02\x0e\xf8;\x11\
\x17\xd1\x80\xd7\xac\xd5i[we\x95\x96\x0760E\
01\xac\x12\x0e\xdae\x22\x96\xd1I\x22\xa0\x81M\x06\
'i?d\xb9\x83v\xb24\xba\xcb\xab\xe9\xf3\x88\x89\
\xac'\xcb\xa5\x97\xac\x8f6\x89\x7f\xd4?\xb0\xab\xc9\x81\
\x0d\x8e\xf6\xb8z\xe13\x81\xc4\xbc\xe3\x1a1\x8e\x0bO\
S,\xdeG\xb0 \xb0\x84\x167\x1f\x98T\x96\x8b\x18\
P.\x03\x07\x090nT}\x0df\xe7Q\xcf\x07\x06\
\xa1\xd6\xc8h\xc8\xb3\xc2*\x04\xc9<\xe9\xcd\xbf\x0f\x96\
D\xde\x9e\xa1Q\x113q\x05\xddw\x85\x80%\xee\xc1\
\x83\x9c,4\x89{\x17\x90P{\xc59RmM\x1a\
?\xf2\xf8\x97[U\xdbZ\xae\xda\xdd\x8d%{s\xab\
f\xf76\x97\xec\xd6\xca\x12'\x8e\xb5\xea\x15k\xd74\
)\x11\x7f\xb02&\x17\x88\x95\xe0NQ\xb2B\x80\x01\
y\x80#\x01\x04\xd6\xc8\xb9\xda\xe2u\xa5l\x87\xf0\x9c\
\x7fF=\x96\x80\x140xs\xa3\x97@\xe4\xa6&\x9b\
\x12@@G\xd8\x0b\xa1\xa0v\xd1h^n\x99\x9a\xa4\
\xae\x8d\x0a\x0a:&\xdcY\xba\xff\xcc!\xfc\xef[c\
\xcdg\xb6g@\xe4\x05[\x19p\x94R]X&\x8c\
\x1b\x5c\x9f\xa0J\x1a-\xe8\xb8pm\x81\xc6\x9d\xb6K\
ey\xe6y%\xdab\x07p\xb8\x02\x06\x10\xf06\x80\
\xc0\xe3\xcf>\xb3\xf7\xfe\xf0{\xdb\x7f\xba\xcb\xfbh,\
b\xb5\xc1\x05\xf2\xcap\xa8\x009\xee\x13\xfd\x0e\xfa\xc3\
\xe4O\xd6\xc8\xa2B\xb9\xe4\x80\x00\x11T\x95,po\
\x08\x0a\xa9\x1e\xee\xed0{r\x9a,\x92\xe9xd\xe3\
\xc4\xd7pg\xc1\xeb\xa0\x18\xc99\x15\xd1\xf4\xad\xb6P\
[\xb1\x95\x95\x15W$\x5c\x99\x98\x93S\xba\x96g\xa5\
\xd8#\xb5\x17k\x1e\xb1\xf8*\x8e\xa0\x13?\x8f9\x22\
\xe2\xaf\x05\x15?ur!\x0d}\x01`|\xd1k_\
g{\xa9T:ws%$\x0c3K\xbb\xae\xcb\xf3\
=\xe6\xd0\x96\x0c\x05\xb4U0K\xbe?il2\xf1\
B{+1\xa7\x0fH\x1e\x80\xb4\xc3-u\xfb\x8dw\
\xec\xce\x1bo\xdb\xf6f/\xedm\xee\xdd6\x98\xbd\x92\
,\x92\xa5\x04\x1c\xcdt\xc4\x12\xb3\x02(\xc4:\x08,\
\xe9\xde\x90\x85\x05\x82\x19\x8f\x06\xd6?\xdc\xd7j\x84\xb0\
\x0c\xd2#\xc0\x14\xc5\xaa\x81\x08\xa2c\xa6\xf9\x12\xea\xec\
$\xe2E)\x83f\x02\x8fN\x02\xa8\xe9\xf8\xd4\xce\x06\
\xfb\xd6?\xdaMD;r&\x90\xb6$\xad\x09\xd7\x1e\
\xd7\x00s\xb8Y\xce%.\x09\x1aa\xde\xe3\xbd\xb00\
.\xe5\xae\xf2\xf8F\xd6\xe4\xbcL\x89\x98\xb9\x00\x0fY\
\x1f%\xf0p!X\x8e\x83\xcc\x01\x87\xb0%\x0b\x80\xf2\
\x16\x9f\x9do\x8b\xff\xfc\xa4\xfcz\xbc\xc8\xef\xe2\x81\x00\
\x81B\x94\x08>F\x0a-E\xceLYX\x98\x0c6\
\xb9D\x85U\xe3\xb9\xac\x05e\xba x\xceB\x8a\xa6\
R\x13\xddf\xc56{U\xdb\xe8Vm\xbd]M \
\x93\xc0\xa4\xa1Ic\x98A\x0c\xab\x02\x98_\x83\x1e\x92\
\x8e\x00:,\x18\x04\x9f7-\xc9\x8a\x97\xeef\x16\xd6\
\xcci\x15\xc2D\x96\x0e\xfb\x96\xcf<\xbf\xe3&\x96\x13\
\xfd\xbcy\xe7\xa6\xad/#\xc6\x05\xa5FZ*\xd3x\
\xe9\xce\xaa\xba\x8f[I\x1dt_T\x83VE\xcf:\
\x06_h\x97MW\xdc\x0b\xce_6\xb3\x7f\x95\xad\x0c\
\x0e\xdeP\xec\xb8,\xff\xb9@\x16p\x14\xe7\xb1+&\
\x82\xf3\x12mB\xc1!}\x16 \x12\xf1\xbbP\x8e\xc2\
\x9d\x15\x96\xb9&\xc6\xe2\x5c|\x84vY\xe9\xceO\xb4\
\xec/l\x9a\xf8\xf0\xc1\xc7\x9f\xd8\x1f~\xfb[\xfb\xf4\
\xc1\x8e\x9d\x8e\xcf\x99\x98A\xa5\xe2\x02 \xa2b\x97!\
\xfc\xce'\xa8e\x86:gp{]\xb2N\x1e\xba\x1e\
n+\x8c\x01J\x13A)\xec\xacl$\xa2Y\xb2\xb3\
\xf4\xfe\xd1\xe0\xd4\x86\x09H\xfai\xc7\xfb\xe0\x9a\xee\xf7\
G\x06\x8b\xa2\xd5[\xb6Vz\xef\xe5B\xc7\x96\xda\xab\
\x9cD\x1cr*\x94_\xb95Cf\xa9]q\x8f\x92\
\x1c\xcc\x96G\xc8\xc5\x90\x9d\xa5k\xfc\xb9,\x15-Y\
!cy\xf1\xec\xf62\xe9\xea\xa5\x01\xc8\x8b\xc0\xa3\xdc\
\x96\xaf\xf1\x9c1\xedx\xeea\xc3}\x856\x01G\x01\
\x18\xde\xc9\x19\xcde\x12\x96\xd1\x5c\xe0\x01\x10\xa8\xdb\xad\
;\xaf\xd9;\xbf\xf8\xb9\xfd\xe0\xcd\x1b\xb6\xb5R\xb7:\
\x0a\xa1\xa5\x9f\x80v\x90\xdeHa\x81\xff\xf8\xd9$Y\
\xaeP\xbfh:\xb6\xc9\x10Z\xc6S;><\xa4\xbf\
\xb3\x9d,\x8bV\xb20Z\x9d^\xb226\xd2q\x85\
\xe5,P\xa9\x14\xe9\xbd\xf0\x83#-x9i\x1a\xcb\
\xab\xab\x09@\x1aI#9\xb5\xf3\xd1!\xe7z\xa0\xb2\
nA\xe0\x9a\xe7\xa1:W\xa5\xba8pu]\x22\xd7\
\xfd\xc2'\x15\x16\x1aV\x00O\xe1\x1b\x0e\xb7\x95\x98.\
\xc0\xa4\x08\x92\x8bA\xc1\xd8\xf8Gf\xce\xe7bdl\
l\x9b\xdb\x0a\xe1\x90[\xf8Y\xbd4\xbf\x95\x09\x10/\
\xe2\x1a\x02\x22\xbeB\xbfG\x0b\x85\x0d41\x92\xe5\xa1\
4]dR\x9d\xc3\xd5t\x8e\xcc)Y\x06\x83\xa9\xd9\
\xe9D;\xe2\x19\x03\xcf\xdb\xc7bA\xfdt}8\xbc\
\xb4\xbd\xfe%\xd7\xbe>I\xed\xc3\xf1\x153\xb0`\xcd\
@\xe8\xebV\xa4\xf9\xc2\x929C-3h\xb3W\x00\
\x091Y\xb5\x82\xd2\x15\xb2n \xb2\x016\xd8\xa1\xcc\
\xc5\x93\x88\x0f\xf5|\x19dg\xfe\xc43\xbd\xff\xf6\xd6\
\xaam\xdf\xd8\xe0\x84\xc2\x0c \xa0C\x1e#\x1b\xcb\x95\
\x9a\xc8\xca\x0aaAE(|\xdb\x12\x18r\xdb:\xcd\
\xeb\x16xN\x0ez\x89\xcc\xfeu\xb6\xeb\xca\x847^\
o\xd1\xfb\xca\xb4\xc5k\x8c\xbc\x03J\x89>\x95\xe4\x11\
\xe0\xe0\xcaP\x80\xc5UX\xdf\xe1\xce*\xf8@\x81s\
\x07\x8f\xdc^\x00J\xc4R\xf0=X\xc1\xf3\xe3\x0f\xff\
b\xef\xfd\xf1O\xf6\xe0\xf1Q\xa2%\x00T1\x8e#\
\x16N\x9d\xf2\xbe\xe1F\x05\x9d\xd0\x15\x8d\xef\x98\x8e\xc4\
\x93\xa4!\xc5W \x1f\xe0Uh`\xe2p\x1aCX\
:\xa8\xa2}\x8ee\x1e\xe0\xd2B\xd6\x86\x81\xb6\xe0\x86\
\xad\xd2\x85\xddhumV\xedPf`\x1a\x01\xad\x8d\
\x08\xa6\xc7\xba(Yv\x05\xb8\x14\x16\x0a\x15\xe6\x90\x83\
\xa4\x93\xeb \x12\xf2\x13\xe7\xa2[\xfe\x95H\xa6\x90\xb9\
\xaf\x86\x8e^\x0a\x80<\x0f<\xb0\x81\x9c\xf2C\x8a3\
\x85\x96\xe9\xc8R\xd1\xd1)n}\x08(p>?\xf9\
*\xd0\xb9@\xed\x12C\xb2\xad\xd0\xf6\xe8\xbaJ\x82\xfc\
\xcd\x1f\xfd\xdc^\xbfw\xdbV\xda*\x0f\x8e\xa0<\xd4\
N\x9c7\xeb\x8b\xac\xce\x09D\x99&\x13t8\x18&\
\xad$\x81\x87\xa7\xe41\x0d7i\x1c\x08\xa2\x81\x90T\
\xacq\x81\xa5N*\x95+\xc59VW\xac\xbb\x0cw\
U\x13\x85\xb4\x08J\xf8\xfc\xee\xceS;=|l\xe3\
\xfe\x9e\xf5ON\xec<\x0b}\x81\x02S\x15\x83Yh\
\xb2;H8C\xe4\x12\x10\xc1\x5cd0\x10?\xf6\xc2\
\xf2(\xfb\x95\xc5\x94\xf3\xfb\x5c\xa0\x93;\xde'\xe6~\
\x06<\x9e#\x10b\xc3\xe74\x92\x12\x0a\x12(\xd8\xcb\
\xdf\x0f\x8d\xb2t^\xbe\x17\xfc\xf9y0*>\x0f\xa1\
\x8fE\x81P\x8fh|\x8e\x98\x04\x82\xdfZ\xf9\x8d\x01\
\xf4\xe1\x95\x1d\xf4/\xec\xc9\xc9\x85=<8\xb7\xa31\
\x00%\x01\x09\xd6\xbf\x1e!\xc8\xaex\xc7ijg\xec\
\xe3\x0c`\x848K\xfa\x0e\xa4\xf7&+f\x80L,\
\x06\xcf\xd5\x8ebyp\x97\x010\xb0\xab,\x0a\x84\x9b\
\xee\x1f\xf3v\xb2\xe5\xc6#^\x9b\x7f><\xf7r\xa7\
a\xafm\xdf\xb4N;JW\xa8\xd8\x1fi\x91G?\
'\x9d\x16\xdae\xb1\x97i;\xb4M\xed\xbc1\xf2\xd0\
\x8b\xc7\xe4\xdb\xde\x9e\x0b\x22\xa5-h*[\x1f\xecO\
\xd1%\xae\x9f\xa1M\xb6\x81\x9e\xae\x9c\xbe\xe7A$\x5c\
\xb2\xe4\x97+X\x22\xc1\x03\x1eT/\xbb\xb2\x08\x1a\xa1\
\x98\x05\xa0\xc8\xf5\xdb\xef\xf7\xed\x93\x0f\xde\xb3\x87\x1f\x7f\
`\xa7\x831\xadN\xc4\xd7(\x8ap\xc7\x0ej\x01\xe0\
\xc8\xe6D\xd7\xe3\x9e \x07\xe0*\x827\xe2\x1cE3\
\xcf`\xa5Lx?x\xd6\xa5Z\x93O\xae{\xc4R\
\xb9XD\x0e\xbf\x0d\xa0\x81\x0f\xf5\x8a\xc97\x95j\xd3\
\x16j\xbdd\x85t\x05 e9\x96eY\x99F\xca\
2O\xc7\x88\x9f\xcd{i\x0a\xfa\xc1\xb4\x07*\x1c\xd2\
<\x0aY{\x9d\x8eJ\xb2\xf9e)&/\x05@^\
\xb4i\xf2K\xa0`\x0c\x9c\x10\x13\x0f.@\x89\x0e)\
\x5cYx)b\x1d@\xdf\xb2\xc9W\xf6\x1dr'h\
\xe8\x1a\xc1\xf4f\x12\xee\xf7\xdez\xdb\xdez\xfb-\xbb\
\xb9\xd2\xb0\x15\xceL\x85\xbf|\xd1:-06\xd6\x00\
\x00Q\xc2\xa5\x02\x0d\x164^!\xd3cBX\xad\xd1\
\xb0v\x17\xee\x89\x9a\x80,\xdd9'\x126[\xd6[\
YN\x16F'\xbdGk^ \xf5w\x80I\x88'\
\x03;=9\xb5\xa3\xa3#\x1b\x9e\xec\xda\xc5\xf8\xd0\x06\
\xfd#V\xf1\xcd\xa6\xb6\x03\x04\xb5(\xd6\xb4\x92\xd6\x14\
\xc0\x92\xf7Y\x9c\x17\x9a\x18vh?\xe5\x18H\x0eP\
:\xc3\xca\xbf\x5c\x00\x07\xe5\xbd\xff\x91\xa9\xb1\x97\x89\x09\
\x1b\xdf\xf7<\xe1p\xad\x9d\xc3(\xc1\xcf3\x7fY\xdf\
\x8d\xf3\xd2o\xe4\xbd\xb0\x86(\x1cf\x88+\xe1\xbb\xb4\
\x1c)m\xa4\x99\x5cI\x88e\x80\xb1\x99V\xb9\xa0\x18\
\x08\xf7D\x17\xe7W\x0b\xb4T\x108\x07X\x8c\xce\x00\
\x16rq\x09\x14\xd21}\x0f\x8e\xc8\xb6b\x06\x0db\
b\xe9\x08\xabS\xc1S\xb9\xad\x82e\x10#Q\xecE\
\x80\xc2'\x83\x85DA\x95\xee\x0d\x93\xe4B\xd0\xe9\x11\
\xd5\xee\xa0\x82\xb2\xde\xb7o\xac\xda\xeaJ\x14\xd0\xc3R\
\x02\xb2>\x98R\xee\xb4\x19\x19Y\xe1\xe7\xa6\x1b\x0bG\
\xd2\xb838\x19_\xf4?\xa7A\xe2\x86}{Y\xcc\
\xfeM\xb6g@\xe4\x05\xb4\x93\xdf'\x02\x99\xa7\x0d\xa7\
O\xee3\xad\x16H\x1a~\x06D\x82'\xa4`\x11\x18\
\xae)Zs;\xdb\x8b\xac\xacH>\x815\x7ftp\
`\x9f\xbc\xffg{\xf2\xf0\xa1\x9d$3\x17\xe3\x09\xfa\
@\xfd;(\x88\x12\xce\xb8\xd5+\x1f\x13T\xcb\xd6d\
BL\x0a\x1e\xf75g\xebr\x06\xf7\xd7Ej\x83u\
r\x0e\x82\xe1\xfa6\xa8L\x01k\xeab:L\xfb\x88\
\xee-\x80\x08D+\xa6\x05\xa0J\x05\x00\xa4\xd5]\xe3\
T\x80\xc22\x0dO\x8a\xcb\xb6\xa0\x17wy\x16\x0a2\
d\xa2h&\xbb\xf2\x9d^H;\xa6D\x0c\xd2\x90\xcb\
X\xfcv\x01\x22\xafT\xc4\xbfZ\x00\xe1\xc6\x07\xd5s\
\x899\xf4P\xc10l\x9dk\x03\xf3{\x87a\xcd\x0c\
2\x5c\xa0sa\xfa\xabc\xe7\x19\x15L|s{\xdb\
~\xf5\xcb\x9f\xdb\x8f\xef\xad\xdaf\xcb\xcb\x1a,BP\
\xc9\xcfLB8'f\xdbR\xc3K\x90'\xd0i/\
w\xe8\xfaBj\xefR\x22,T\xda\xec\xadb^\x07\
f\x98\xa3\xfc\xfa\x99\x9d\x1e\x1d\xd2\xc558M\x80q\
\xdag\xf9\x03\x10=\xee\x91\xa9\x85\xd3\x81U.\xe0\x1b\
=\xa0e\x935&\x00\x85\x03\xc9\xbc\xe6\x84]L \
\xcdK\x16HvOa\xcf\x8cUrU\xc1\x05\xe0\xee\
(1c\xf8\x98\x0b\xa6&\x5c\x94\x98\xf7\xcbn\xfaL\
q\x8d\x11\x8a\xaf\xe5\xd7\xf0\xbf\xeb\xd6M\xdc\x07\x8e\x02\
\xb2\xb8W\x05\xf7/\x93v\x86\xf5\x15T\xf0\x0e\x0c\x0c\
w\x12]I\x88A\xb8\xa6\x8a\xd7\x911\x83\xb5\x17z\
\x8d\xaa\xad \x80\xdeC\x00\xbdf7\x96\x97l{e\
))\x05K\xb6\xda\xad\xf2}\xc8\x86\x03}\xe1\x96\xb8\
\x12$\xca\xc3#\xbe\x85\xef\xa8\xe9\x1a\xc2\x015\x92\xea\
\xc8\xc0C\xfa&J\x5c\xc0`\xac\xa0\xa4\xbcgA\x81\
\x09\xf9\xd9Pd\xf0\xe0|r\xde\x9b\xfa/\xfaU\xb1\
\x93\xad\xb5\xae\xdd\xb9\xb1A\xd7\x043i\xc0\xf8\x8b\x9e\
\x11H\xc1 a0\x1f$u\xad1\xe8\x1bt\x5c\x06\
\x0f\xe7\x95b\x13\x7f\xfc\xadl\xcf\xa5\xa3km\x99\xee\
\xf8\x92\xd3\x89\x90\xa4D/\xa1\xe8\x80N\x82\xbeE\xe3\
x\x9d\xb4\xce@\xb6\xf3\x04A\xc5\xc1\x22\x5c_\xce?\
\x02\x0d\x81\x88J\x02\x89wd\x85\xc0\xa3pfOw\
>\xb7\x07\x7f\xf9\xa3\xed=}j\xa31\x16x\xab0\
!\x02w\x89\xc4\x0e\xb8:\xb1\xfa\xe7()\x83X\xfb\
\x87nd\xf2\xa3!\xe0i\x18\x03\xdc\x17\xb2\xebp\xef\
Z\x0bF\x19\x95\xca\x16\xd3\xbd@\xa1\x1c\x8d\xe1\xce\x1a\
\xdbBR\x04{\xdd\x96uV\xd6\xacZ\xefX\xb5\xb9\
j\xdd\xe5\x15\xa5zgw<d\x1ah'\xce\x05\x10\
\xc5k\x02\x8b\xb2E\x12\xd7\x85\xd2\xed\xf25hH\x1c\
\xeb2W\xb4\x13\xc7\xeb\xdb\xcbPL^\x19\x80\xf0\xa6\
3H\xa0!\x98CL\x01\x1a\x0b\xc4g\xa7\x9444\
\xecD\xe9\xb0>\xbc\xc35\xbf\xa3\xf0\x19\x02\xcd\xa3\x90\
\x22^\xefu:\xf6\xa3\x9f\xfc\xd8\xdey\xeb\x8em\xb5\
\x17\x92 \x9aq\xe6)\x82\xa9L\xbdM\xbf\x5c\xafa\
u\xb3\x04\x18\xdd\x9a5\x9aK\xe9\xd8d0\x1d\xf3E\
\x90\xde\x8b\x8c,T\xec\x9d%-bxrl'\x09\
4N\x0e\xf6\xb9\x06\x04j\xe3\x80\xd8\x91\xb1\xd1\xebu\
lmc\xc5\x96\x13\xf0\xa0<<\x00\xa6zyj\xa3\
\xd3\xbdd\x95\x0c\x9d\x90#sD\x01\xf0\xb2\x8bj\xce\
\xeap\xabB\xb1\x8fK\x9a\xc0\xb4X(\x88\xfd{\xa8\
\x01\x83\xc1\x5c@\x83\xd1 \xa4\xc1ldD\x09ql\
\xd0\xee\xb9\x05\xc3\xe2\xb4\x8c\x0a\xe8\xfc\xeb\x8c_\x12\x92\
\xbc\xe6\xee\x9f\xca\xef\x0f\x01@\xde\x17h\xa0Wq/\
x\x0d\xf7J\xe1\xe0\x1a\xa5\x03\xa1\x9eO\xdf\x0d\xe0\x00\
\x80\xd4j\xd5\xc4\xc8*\xc1\x8d\xb8\x02\xc6\x08\xdf\x8fG\
\x00\xd8#\xb3\x0a\x96c\x0f\x95T\x9b\xc8\xc4B\xf6U\
\xd5n./&0Y\xb4\xd7\xd6\x93\xb2\x80@zG\
@\xd3A\xdao\x0d\xd6\x074L}\x87b\x1e\x8a}\
\xe1\xbb\x83\xc9\xf0{xO\xd4\xcdbr\xf2U\xbcn\
\xa2[\x7f~\xcdB\x96\xcb\x05\xef\xe4_\x02\x90n\xb2\
f\xef\xdd\xd9\xb6.\xaa,{\xe0\x5c\xd9Wr_e\
K\x99\xb4+\x10AVM(C\xc8\xfd\x970\x90\xfb\
\xc4\x7fX\x80\xe2,\xff\x12\xf8\xfb\xa5o\x01\x02\xd7\x1a\
\xe7/\x9dN\xf4\xd2<\xdd\xd1\x92\xe3q^\x01\x0aE\
#\xc7DpM\xfaqK\xdc]\xb8\xd9\xc2\xe0{!\
\xbcKV\x8a[.\xe4\x1d\xe7)|\x0e\xe0\xf0\xf8\xe1\
\xa7\xf6\xe8\xc3\xff\xb0\xc3\x83c\x16O\xe5\x5c\xb0\x0b\xac\
\x1b\x92h\xa4\x8e\xf5}4Y\x10\x05S\xd1\xef\x88o\
\xa1t\x11&\x16\x83L`\x15\x9d\xc1\x85u\x09)\xa2\
\xf1\x12\xf8]$K8\xfd\x8e-\xf9\xfaAW\xac\x9f\
\x85\x04\x9c\xd3\xe1$Y\x1du\xeb\xf4\xd6m\xa1\xb1n\
\xcd\xe5\xcdd\x91\xb4D\x0b9\xfe\x112\xac\x90k\x8a\
},*\x0b\x0b\xd7\xa0\x09\x82\x88\x94\x8f\xb0^\x91l\
\x84L>,\x7f\xc5-d,\xe9\xd7e\xaf\xd3\xf2\xab\
\xda\xbe1\x80\xcc\xa1\xd8\xb5\xf3@\xc4\x8c\x96\xde\x11x\
\x1b\x98\x88\x0f\xef\x1d\xa3\xd7\xab\xfe\x1e\x05\x8d\xaad2\
t\xaa\x00F\x80Rt|1s\x13ixK\xf6\xda\
\xebw\xed\xa7?\xfd\xb1m\xf4\xea~+\x15\x16R\x83\
\xaf\xbdS3\xbb\xd1\xa9$a\xb3`\xed\xc4\xfc\xadV\
\x8d\x02\x061\x11h\x15\xe3$\xf4O\x8f\x8f\xecto\
\xc7v\x9f<\xb2\xc1\x10+\x05N\xc8\xdc\xe1\xa2\x805\
\xb2\xba\x96,\x9b\xadd\x99\xb4\x9b\xd6[n\x0b<\x12\
Q\xdb%jh)\xee\x91\xcdjj&\xce\x00\x04\x04\
h,\x0e\x0e\x01,\x04\x0c\x11~\x98\xf2<\x07Sy\
\x86\x8aR!C\x18\x8b\x01\xb9\xc0\x0c\x98\x8c\x82[\x12\
]\x02\xef\x8aD\x1c\xda\x9c \xc0\x998\x03A\xb1\x95\
\x05B\x99\xd9\x9f{\x16\xdfG\xe0\x10L)\xef\xdf\xef\
\x91\x8c_\xa4oF\x0c'\x5c\x0c\xbc\xce\xdf\x86\x99\xc0\
\xd2\xa00\x06\xedz\xb2:\x9a\x15\x16\xc3\xeb\xa4\xbd\x01\
\xc6\x06\x18,\xc0jH\x80\xe2B\x1f\xd6$,\x94\x84\
\xfd\xd6i\x98\xf5\xeaI\x98\xd7\xd3\xb1\xa1y#\xad%\
\xa5\xf6\x02P\xda\xb8NJD\x8d\x13\xc6\xe4.\xc3B\
B\xb0|\x00*\xda+\x9a\xd8\x88c~N=+\x12\
=\x02T@N\xd4\x8e\xb9\x83\xbcg\xb6\xb9\xb9j\x1b\
\xeb\xab\xac\xca\xabY\xe8\xa0\x13\x17\x0e\xbe+S\xcb\x95\
\x9cl\x8d\xc0\xe2A\xce\x7f\x85\xfc\x80\x1b\x8b9Nt\
E8\xfd\x07\x0f\xe1\xd7_\x86\xb6\xf82\xb7\xe7\x82\xc8\
\x1c\xfd\x88\x16\xd9gTx\xdc\x92s\xebCJ\x8f\xd3\
(\xf7\xa2\x8dt\xc24o\x00\x80\xd3\x92\xa7\xf7\x86b\
\xc2\xc9\xb3\xa4-\x07\x0d\xa6\xd0\xe2\xb5(\xc2\xa8\x84\x14\
\x82K\xfa\x0cV\x1a}\xf4\xe9_l\xf7\xd1\x876L\
\xe7\xec\xcdt\x1fpG!\xf6\x05y\x00\x05\xb2\xe1%\
\xd9q\x9f\x00\x07\xc9cL \xc6Bs\x17\x1a\x17*\
\x01\x85\xa0\xe7\xf3^N\x93R\xb4hK\xe9\xf37n\
m\xd9\xf6\x9d[\xb6r\xe3\x06\x17\xae[Y\xebY\xb3\
\xbb\x92\x88w-Y!\xeb\xcc\xf6\x94\x95\xe1\x8a\x85+\
\xc0\xe1\xee\x8c\xe2\x8bZ#\xa4\x90}\xf2\xbeH\x9eB\
\xeeIf\x8a\x90\xa5\x94\x88\x8e\x028\xb8\xf9y\x86\x91\
\xf2k/a\xfb\xc6\x00\x92\xb7\xd2M\xc5\xed\xce\x91X\
<\xc8\xf3\xf60\xc9h\xd6\xc7y\xf8\x8a\x03dp\xed\
\x0cX6\x01\xbds\xd7\xd7\xd7\xec\xe7\x7f\xf7w\xf6\xfa\
\x9d\x0dk`\xfcg\xc5lc\xa4rBX \x9b\x07\
\xc1WT\xdd\x1d\x9cN\x98\xce\x87\x9aXG{\xc7\xd4\
\x1aP\x18\xad\x92\x04\x01\xd6\xf2@\xe5\xdeF\x1bs<\
z\xb6\xb5}\xd3\xb6n\xac\xd9\x9d;\xebv\xeb\xce\x9a\
m\xdf\x5c\xb1{\xb7{vk=Y+I\x90]N\
O\xed\xec\xf4\x09'\x0b\xc2\x8a\x10q;\xf1f\xe1\x89\
#\x08\x5c\x01\xbe\xbcV\x07\x88\x9f\xe0!B\xcf\xc7|\
.F\x0cf\xa3}Af\xd4\xb5\x82\x91.\xd8)\xd1\
K\x800?\x02\xcfl\xcf\x08\x01\xdf\xd0\xca\xd1\xcc2\
\x81_\xec/\xc6\xf7\x03\xb8 \x0c\x04`\x11<\xa7\xdb\
\x8d\xd9O\x0e\x1e\xfe\x9cd\xe8<\xef#4\xd1\xf8~\
|\x9b\xdcW\xdd\x04\x0a\xcb\x0dTUE\xee\xbe%0\
\xd09\xdcO\xac\xb0\xba\x80]\x00\x00\xeb\x92\x81\xd1\xd4\
\xdeH\xe3\xd0\xc2{\x1b\x00\x90Y:\x9fq\x0d\x08\xb4\
\xc3\x12\x85\xeb\xaa\xbaP\xb8\xde\xf48\xa2R\xd2+\x99\
,\xb6\xdc\x03\xfc?&\xfc\xa9\xc8'hi!\xfd\xe6\
\x82\xddYk\xd9\x8f\xde\xbc\x9b\x14\x92\xa6\x94\x1f\x07\x09\
\x81\x85\x12;\x0a\x1a-h7\x04C\xa6q\xa7}\x80\
Xf\xa3\xb9\xfb\xf9\xdb\xdcB\xf8_k\x9c\xbf\x0c\x22\
r\x1a-\xae\xf5Z\xb8\xb3D?RB\x82\x96\xb4\x12\
\x9f\xac\x8d\xe0\x07\x81\x86\xac\x0c\xf1V\x80\x88&\x13f\
\x85\x8d\xbc\x13\xbc\x07W\xf2e\xe2\xf9S{\xf2\xe9\xfb\
68xB\xc9\xd7N\x04\xd3\xa8K`\xd7\xb0\xdc\x00\
\xb3\xf30\xb9\xd0\xab:\x5cL\xadr\x85\x85\xdf\xc6\x04\
\x19\xb8\xbd\x10\xb0'\xd5\x5ci\x912(qX\x15\xb1\
\xdd\xc4\x92\xd9\x89Pm\xd1\x8e\x87\x15\x1bNR\xfb%\
\xca$a\x19\xddd%\xaf\xad1\xa5\xb7\xda@9\xa4\
\xe5\x0c\x14\xa0\x83\xc2\xe5\x09Z\x01`\xb8\xb5\xe1\xf1\x8f\
\x90u\xe1\xf6\x84\xe2\x1d\xb2\xb48\xe2T\xd7$R\xdf\
x\x96\x89\xea\xe5o/\x0f@\xaeo\x15\xf8\x19\x9d\x09\
\xc9\x0c\xfaSC\x01\x14a}\x84?8w\xe2\x1c@\
\x88\xf9\xb8\xb6r\x89Q\x89\xde\xe95\xf8\xa1\xef\xff\xe0\
\x07\xf6\xce\x8f\xde\xb2\xe5&\xbe\x8f\x1e\x09\x06\xc3@\xab\
\x00\x10\x80\x09v\xa6\x8e^\xaa\xac\x05\x84\x02f\xa4\xaf\
\xc0\x15\x954\xc9\xb5\xa4Q\xae$ \xbaqk3\x01\
\xc5M{\xfd\xfekv\xff\xfeM\xfb\xe1\xfd\x0d{\xeb\
\xf5u{\xedF\xc7no\xb6ls\xa5n\x1b\xab\xa8\
\xd2[e]\xab\xc9\xc9\x8e\x1d\xed\xef\xb0\x04t1\x83\
\x5c;K\x92\xc4\xb5[&\x0c\xa4S\x9brBwm\
]\x9f\x11\xa3\xc8|\x97\x16Tf\xacb\x0fA\x08K\
\xa0\xcc\x90b`\xb6\x95\xb7\xeb\x8c}\x9d\xf1\xe76\xbc\
\xa6=H\x0f\x96C\xf9\xbbs\xcc#\x98\xdd'4\xca\
\xb5P\x80F<\xf7\x19WQ\xbc\xe4\xb8\xf0;\xfc\xfe\
]\xb6\x90\xd2A\x0bpo\xc1\x22\xc1\x92\xb7pq\xc1\
\x12A<\x03\x16\x0a\x5cZh\xc3*r82\x96\xb2\
\xe0\xb1\x0f\x0ab\x17\xf0\x14\xf4b,)\x1fj\x17P\
\x80\xfcdm\xe0w\x0b\xde\xd2\xbd`\xcb\xef\x0b\x06\x8d\
\xb7\xa0?J\xdf\x83\xb2\x18\xa8\x8f\x85\x99\xe9\xb462\
x\xb8&Y\xba\xd6\xdc\x10\x5cK{\x14\x90@k\x94\
\xe6XV\xa8\xb2\x00\xc0!\xee\x03\xa7\xc5\xcd~\xaf\xb6\
L\x97%\xe0\xc0\xb9\x14\x0f\xd1\x10\xe3%|\x1fh]\
\xca\x87\x14)\xd1\x15\x95)\xe7\x0d)V\xc1;\x05\xa8\
\x94\xe9m^\x81\x8b\x14\xe0\xab\xc4\xa7{\xf6\xe4\xb3\xf7\
\xec\xf4h\xd7\xa6\xc8\xc4`\xf5\x83\x19]\xaa\x9aw\xe6\
\xb1\xb0t7\xa8qw6\x19\xf2\xf7\xe1\x9a\x9cA>\
q\xec40|\xaf\x97\xb2\xa96:\xac\x9d\x07wX\
\xbdzIw\xf7\xc9\xf1\xa9\xf5O\xc7\xf0\x7fq]\x99\
F\xa3m\x8b\xadMN\x07`\xec,\xe8\xe3\x9a2<\
w\xee\xbbde\x5c\xeb>\x0b\xef\xcd<\xfd\x88>\x83\
v\x0b\x9a)\x9f\xbf\xac\xed\x1b\x01H&\xe8\x12a\xc7\
\xcd\xc7\xcd\x0a(*\x8e\x9e\x0e\x1a\xb1{[t\xc4\xb3\
\xbb:+w\x1a\x8ed\xc4R{\x1a\x80\xb5\xcd-{\
\xeb\xc7?K\x82\xbdkI\xde\x90N\x13\xdd1\xc3\x86\
\xfeK\x83\xebB\xee\x91\x8d^\xb2V\xba\x8b\xf6\xdav\
\x9bV\xc4k\xb7:\xf6z\xda\xdf\xb8\xdd\xb1\xb7\xdfX\
\xb5\x9f\xfdp3i\x95+\xf6\xc3{]\xbb\xbb\xdd\xb1\
\x8d\xe5d\xda\xb2~\x0e\xd2\x7f1i-i\x13(\x87\
\x90\x88h0N\x16\xcc\xee#;\xdc\xf9\xcc\x06\xfd\xbe\
\xc0\x81D\x1d\xdaP\x108\xce\x0b \x99c\x002\x89\
\xae\xb3\xe5\x91\x19\xc7\x99'\x9f\xcf\xef\x11\xf3\xc8L\x88\
6\xff\xcb[\x96\xd0q\xe9\xcc\xfc\xc2ML\x1e_\xa1\
\x8f{\x8ak\xec\xb4\x1e\xd4\xc9\xf3\xf7\x14\x8c\x7fQ\x0a\
v\xa2<\xfd\x19g\xec\x9e\x8e\xceYb\x04\xef\x8d\xad\
\x22O\x0dg\xda\xc2\x9a\x08&\x80{Q\xe0\x80\x12\xf0\
\x01\x16:2\xcb\x0a\xe7x\x9dt\xe0G2\x92v|\
1i\x84\xdf'\xed~\xc1\xbf?\xc0E$*F\x13\
\x98\x84\x9b\xd5\x99\xaf\x22Y>\xc7\x9c\xdc\x01$\xf8\xb2\
\x99m\xaeu\x13\x1d\xdd\xa2\xaf\x9bLO\xdf\xb6\xbb\xaf\
\xca`\x92-\x90\xa0\xdd\xe7\xecq\xff\x9e\x96\xa9\xf3\xd2\
}\xfe\x8dn\xcf\xd0\xd45\x9ac\x93\x83\xc8u\xe5\xe7\
:M\xbfx\x07]\xc1zw\xfe\x98S\xc0\x82\x7fJ\
)\xf2\xa1\xac\x91\xe7\x14P\xc7\xe7\x90\x19\xb9\xb7\xf3\xd8\
v\x1f~b\x03,\xe6v\xa5\xec@\xa4\xed\x22\xcb\x0a\
\xdfC\x17'\xe8,\x8da\xbd\xd9\xe6\x92\xd6\xb0(Q\
$\x15;d\x16je\xa1\x1dU\xb7\x91-\x88\x89\x84\
p\xa3!\xde\xa2\xec\xb2KZP\xa8\xf0\x0b[\x05n\
\xcce\xa6\xfd'\xeb\xa3\xb9\xcc%p\x0b\xab\xa3\x04\x16\
\xf9\xdc_\x9b\xa3\x11\x81F\x94y\xe7\xb9\xd39\x95r\
\xd2j\xd0\x8e\xd3x\xc8c\x9e\x976\xbf~\xa6\xfd+\
n\xdf\x08@\x9e\xbb\xe9)J\xe7~\xcc/\x03L\xf4\
\x9e\x82!\x05\x06a\xd2+\xee\xa1s\x05\x96\x821\xbd\
c\xd9\x86\xeb%\xae\xb7\xf1\xe6[o\xdb\xdd{w\xe8\
\xee\x80h\x02p`^\x01,\x10Z\x22W\xba\x0d\x80\
\x00\xaarv\x1a\x0b\xb6\x82\xbd\xbd\x90\xc0\xa4j\xb7\xd6\
jv\x87\x99>\x8b\xb6\x99\xaeQ\x88\x00n\x92&\xfd\
\xedp\xa9T\xf8\xde\xb5\xb4\xb7\x90n\x9a\x88\xebx0\
\xb5\xfd\x9d\xcfm\xff\xd1\x87\xb6\xbf\xbf\xef\x01\xf0\x12`\
\xf0<\x5cW8\x87I\xec\xef\x09\xe1\xca\xdd5\xf6\xd8\
K\x80\x11\x01\xf39\xeb\xc3\xaf\x83A\x01\x198\xffb\
P\xf8z\x9b\xbeS\xdfO\xcb\x81<\xef\x02\x80\xae(\
\xdc\x8b\x98\x85\x13\xc3<\x03&\xbb\xac\x22S&\x81\xc8\
h8\xb0G{\xa7\xf6\xe0\xc8\xec \x99\xf8\x9888\
\x8c\xfdL\x93\x07\xe1bD5]\xee\xe7z\x8d\xef;\
+vV\xe1-\xbdG\xa5\xdc\x17T\xf7\xea\xb2\xc2x\
\xd7\xe5\x95\xe8N\x8abAg\x04\x0e2T\x90)\xc5\
\xb3\x17\xc5\xd4g\x02|\xe3u\x9c\x94{6\xc8\x19;\
\xbe\xaf\x9b\x14\x8a\xfb\xf7n\xd8\x1aRz\xab\xf3u\xb0\
\xa2Jo\xb6\x96\xc3\x1a\x09\xdf6v\xba)\xe0W\xd7\
u\xc1\xfc\xce\x9a\xf8\xa1\x12x|S\x86\x7f\x95\xdb3\
4\xf8\x02\x10!\xbd\x92\x98\xd0\xe1\x0e,\xcf\xd0y\xc4\
\xd4\x9c\xa6\x02H\xc8Wa\xb1\xeb5\xf1\x18\xf8+\x02\
\xe8\xb1\xbb\x22\xe7<\x18\x0b\xb6!\xdbj\xef\xf1\xc7t\
eA\xb1\xd12\x01\x97\xe4k\xf45\xe8\x1a\xde\x8eF\
\xab\x97@\xa2\x03\xf1O\x05\x04\xf3\xbf\x16\xebi\xaf5\
I/\xe7\xc9B\xc9\xf5\xed\xce\xce\x09\x22\xe3\xe1\x88 \
r\x05)\x92\xee\x0f_\x89\x80<R\x86\xebI\x01m\
a\xf9\x87\xfa\xaa\xb5\x967\xac\x05\xd7gY\xc9\x08\xfa\
\x98\x03\x96\xa0\x97\x90\x8d\xa0\x13\x0f\xac;\xad\xe0\x9e\xa1\
\x5c\xd1\xb5\x15\x1b\x89\x94/\xe5\xebgh\xc7\xaf\x9fi\
\xff\x0a\x1b>\xf9\xb5$\xcf\xdc\x8f\xc6\x8d\x909\xc5]\
\x81\x8c\xc1\x0c,\xc9^\x91\xbf/\xfczE6UT\
\xa9\xc4\xd2\xa7(\x8f\x8dr#Z\xf1\x8d\x95NY>\
[K\x89\xa2\x84v\x1ckKu{\xed\xde\xeb\xf6?\
\xfd/\xff\xab\xfd\xc3/\xde\xb4\x95\xban\x054\xaa\xca\
\xab:\x22\x90\x8e9\x02\x98+\x007V\x00\x0b\x1e\x1c\
w\x0e\xbf:\x03\xd1\x15\x81\x06&\xb2\xa1v\xcer\xb2\
X0)\x0d\xfew\xbcO\xcbZ\xaa\x9c\xf8\xbb\x1f\xef\
\xdaG\x7f\xfc\x9d}\xf8\xe7?rQ\x9bb\xf9Y\xcd\
\x5c\xbd8\xf7\x92\xedQ9\xd4\x85i>\xa7_\xb6 \
\xf8`\x040M\x04\x0bs\x0a/\x85t0\x98\x98\x0d\
[\x08;0T\xf9:o\xd7\x19\xf8:\x83?g\x0b\
\x82,[\x86J\x9b\x1613\x81\x81f;\xc6\x09s\
g\xb4\xb8\x92\x96y\xc5\x9a\x0a\x18\xaf&M\xf4\xc5z\
\x83\xf3e\x98*\x9d\xc6oy\xf3\x96\xdd\xfb\xc1O\xec\
\xd6\xc6\xaau\x9a\x18\xdf*i\x02\x92>\xe8\x85\x7f\x08\
.\xa3\x9d\xd4)M_\x89\xd7\x96_\xd3\xd8\x89\xdeT\
\xcaA\x99W\x0dd\xd9uj\xb6\xbe\xdcL\x8a\xc2\x12\
\x198\x04\x16\xbf\x8e\xae\x12\x9c\xf8\x03\xbbP\xa3\x16\xc7\
s\xb5\x05s\x16\x16\x88n'2`\xf8\xeb<T\xec\
\xe9\xd1\xd4\xfe\xe9\xff\xfa\xbd\xfd\xcb\x9f\xdeg\xe9\x1b\xcc\
\x05@\x9d$\xac\x11\x83Y\xcag\x931]!H\x11\
=\x9b\x8eY:\xe3\x1cA\xd9\xb3)\xd3L/\xcfP\
Z\xc3\xe9\x83\xc2\x0e%5\x8aJ\xb6\xa1\xb1\x07\xa0\x7f\
\x99q\xfc\xae\xb6g\x84\xd1\xb5k\x8d\x94\xbf\x8f\xe3\xed\
\xaf\xa3\xafC^@X\x06=\xb8b\x99\x15\xc9\x85\x22\
f0?\xeb_2\x84\x0b}9mf\xf9\xc1so\
\x07\x9d.\xaa\x16\xde\xf6\x9d{v\xf7\x9d_s\xfd\x0e\
\xac;\x83\x14}\xf4\xed\xc5l\xd1\xce\xb0^O\xea\xff\
qj\xc3\xe4P\xdc\xc3Y\x02\x1b\x943\xc2\xad\xa3T\
Q-}?Xq\xb1\xd6`\xfa\xb6\x92i\xce\xad\xdd\
[\xb6:\xc0\x07\xeeV\x94Gj4\xe8\xbd\x00\xed\x8c\
\x93\xc6s\xb0w`\xa7{\x9f\xdap?)\x9f\xbbO\
Y&\x09\xf2B\x95\x86a\xc1\x9c1\x1b\x0c\x96;\x97\
x\xc82D\xf3\xca\x8a$\x1c\xcfBs\xf9\x019\xc1\
s\xc8\x0a$\xd9\xc0\xc2\x03\xad@\x86\x80\xee\x83\x8e\xca\
r\xc2i\xe9\xeb\xd2\x14y\xeaz\xe3_\xdb\x9e\x07\x1e\
\xd8H\x0cA\x04.\x84\xe6\x08\x82Z\x98\xfc\xbe\x5c\xc5\
\x0d\x04QA\xe6\x8a\xcf$'x\xa0]%\x228\xd8\
\xe5\x1d \x92\x06~\x89\xebu\xd4h\x06\xfe\xfa\x1f\xfe\
\xd1\xfe\xe1\xbf\xffG{\xe7V\x9b\xd9:\xb4<(\xe8\
5\xc1,\x00\x84\x80\xe2\x00\x82=n\x1b\x07d\xfa0\
8\x8b,\x9f\x05\x05k\x11\xa0e\xed\xa4\xd4=\x9c\xb3\
`\xaa\xd5\x84R\x1b\xef?\xc2R\x9a\xffn\x1f\xfe\xf1\
\xf7\x89\x00v9\x981\xd0\x1ad\xd5\xd5a\x8e\xba\xb7\
I@@8\x08X\x8a\x98\x87\x03\x08\xcdg\xc5\x10\xca\
s?\xc2\x0a\xc1r\xae\x198\x00$\x186\xc9\x13\x12\
\xca\xcb\x00\x0fls\x00\xc2\xb1\x03\x80\xb8\xf5\xe7;\xce\
\xc1\x84\xaa2\xeaL\x1a Rs\xc0\xe0\x9a(:\x8f\
v2x2\xe5k\xf5\x96\xd5\x1bX\xb0kI\xf3&\
hUB\x10H\xb1\xe0o;m\x84\x86N\xb7N\x09\
h\xf0]\xe6\x8a\x89\xd6S@\xdb\x12K\xd5,w\x9a\
\xf6\xd6\x9dM{\xeb\xb5M[n/\xb1\xa47@H\
Ld\xe8@>#\x81\x02\xff\xa3o\xf0\x0f\xe4\xeb\xfd\
\x80\xb7Q\xc6Q\xb0\xe9w\xa5\x1c\xa9]\x14\xaeo\xc0\
\xac\xf7\xff\xe7\xdf?\xb1\xff\xf3\xff\xfe\x1d'\x93N\x09\
\x18\x05x\xe8\x08@\x19\xcf\x01\x08\xe2g\xa8\xc1t~\
\xa1#\xdc,\x12\x16\xe1\x06,h\x01\x1a\xcf\xf7\x01@\
\xb0=\x03\x22j\x9c\xbf\x8c\x1e\xf4xC(\x9e\x84\x14\
\xd0\x9d\x83E\xf6LP\xf9\x14=(n \xc53[\
z\x04\x95\x00\x08\xa5S\x138j\xd7@\x04tJ\x05\
\x15ET\x9bv\xf7\xfeOm\xf9\xd6;,\xc3\xce\x1a\
xH\xe5M\x96\xecd\x8ce\x17\x94\xd6\x0b\x90\x07\xcf\
a\x0c\x99\xaa;\xf3\xa5\x07\xf0 i\x9c\xf0\x9dW\x89\
\xc71\xf3|\xb1\x0ew\x17,QT\xaeX\xb2z3\
\xd1z\xd2@\xe1\xfd`\xec-}\xbe?\x18\xdb\xde\x93\
Gvv\xfc\xa9\xed?\xf9\xd8NON\xe6\x01$\x03\
\x87v*\x19\x94\x11~\xee\xaeq\x94\xbbW\xc2\x0ev\
\xd1L\x8e\x9b\x128\xe0F+)\x9e\x01&eYQ\
\xa2\xa5\xafCW\xc1/\xdfx#1\x108\xfc\xdc5\
\xb5\xac\xc9Q \xe1\xdc5\x0b\xb4\xb1]B#\x9b\xf4\
\x14\x1e\x22\x1c]C\xc0\x14\x9a\x07s\xe9\xabJ\xdb\xdd\
\xd8\xbcao\xbcu\xdfV{M\x95\xc2\xb8\xd4,\xe3\
\xd1E\x12\xf4\x09=\x86(\x8b\x81\x92\x16\xd3+\x96\xb4\
\xc0\xcc\xe5\x11\x8a\xaa\xcdT\xde\x02\xc4\x80\x00;\x0c?\
\x10\x04:#v\x80\x07\x80\xa4W\xabX\xb7\x96\xde\x83\
T\xd2*\xcam\x5c\xda\xc9\xd1\x9e\x1d?\xf9\xc4\x8e\x8f\
\x0e\xc5\xe8\x18\xbc\xc8\xaa\x0a3\x9a.\x9d\xf9\xa3\xd6~\
.\xf9tc\xd09\xe0\x12\x14\x85\xd5\x11\xa6\xfcL\xc0\
\x11&S\x1c\xb9\x83(\xae\x81\x07\x85\xe1<Q|\x1d\
\xc2\x88\xef\xd0g\x9d\x08\xb9\xe3~<5\x93\xf7\xef\x04\
\xcb\xe7sM\x08Z\x12S\x96]\x8b\xc2~\xe6\x16Y\
\xea'h\xe2\xc3\xa1&c\x22v\x84\xbd\xdf?e\xe9\
\x09\xec\x83\xfe\xc0\xdb\xd2~\xeam\x03\xec\x03\xe6\xd7c\
\xef\xb3\xfc\xcc\xc0F\xc3\x11\x8bUb\x12\xd7x4\xb2\
~:\x7f\xba\x7fb\x1f<\xdc\xb3'\x07C\xd6\xdd\x12\
\x95\x83\xe3\xc1\xc0\xb8wUa%?\xcd\x94\x11v\x91\
\xdaP\xe6\x1d\x0bT\xe1\xc8n\x9e\xa9\xdc\x09\x82\xaf\xf0\
kK\xa0\x17\xcfO\x17^\xea\x1b\xcc\xa2\xdf\xde\x5c\xb3\
\xf5\xd5Ui\xb9%\xa16\xb7\x93\x96\xe5\xce\x128V\
\xb3\xeb\x8a\x16\x90\xf3G\xe6\x1b\xaad\x01\x5c\xe2'!\
Xi\x9c\xfe\x06\xb7\xe7\xd2\xdc\xb5k\xd2,\x9e\x03\xb4\
\xcd\xbe\xc6\x7f\xa04\xfd\xc9}U\xf0J\xcc\x15QE\
\x00\x8c\x85\xd3]h\xdf\x9e\xd6\x1e\x13\x093M:O\
\x86\x8bK.-\xc5D\xc6\xa3I\x12\xe4\x1f\xb3bv\
\x1a.\xaeL\x88%\x1eVz\x0d\x0a\x7f(#\x9aO\
\xb4\xc0{C5\x8aVKk| \xa3\x10\xb7L\x05\
h\x09\xa5\x8f\xbaV\xa3\xcb\xab\x95>\xabe\x8fAo\
ZC\xe4\x92E\x1c\xe1(\x00\x0f\xc0*\xc6\x84\xe6K\
kZ\x13\x9f[\xf2\x8c\xbd\x90w\xf4\xd6\xb8\xc2F\xd9\
\xa7\xd7\xc2s\x93\xb3\xf7@3\x0b\x11\x17\x91|\xcdq\
\x12trVz\x1c\xaeK\xe7/k{i\x00\x927\
\x12\xb9@D\x8cP\xdaK\x1ad0\x89\x1e\x1e\xaf\x95\
;\xc7;\x8fZ\x85:NZ\x07\xc0E\x1d\xdaI\x1a\
\xc3\xeb\xaf\xdf\xb5\x1b\x1b\xabV\xab\x5c&\xc1qn\xfb\
\xfds{p0\xb5\xc7\x87S{tp\xc6\xfd\x09\xce\
\xf7\xa7\xf6\x14kG\x8c\xaf\xechx\xc9\x85\x8a\xe0C\
\x071z\x9f\x12H8\x09mA;\x06\x99\xee\x0f\x03\
Q\xcb2A-\xa5\xfd\xc3c{\xf2\xc9_\xec\xf1\xa3\
\x87I;\x01!B\x90\xba\xeb\x81`\x22\x82\xa6?\x96\
\x04|N\xc1\x93\xe3\x03\x0e8\x04\x1d\xce\xed\xc0\xe7K\
\x8cB!\x1d\xae\x0b\x81H\xae\xc3\x84\xa3\xff\xf1\x9c\xd7\
/w\x0b-\x97\xe7\xf1\xed\xe2\xed\xe2\x1e(t\xddG\
}\xe9\x19c\x04P\x8f\xf3`/iO\xf0\x15\xa3,\
>g\xf0Nc\x976>\xb7gM\xbd\xac\xb1\xbb\x0b\
\xc8?\x87\xc9\x5c\xa8z\x8c\xcf\xe7\xeftW\x10\xb53\
?\x1e\x9c\xf4\xed\xc1\xd3C\x16\xd1\x0b\xd9\x05~\x93 \
\xd6\xb5J\x99\xc0jU\x0c\x055\xb9\xb0\xca!\xe2,\
\x88\xad\xa0\xc4\x0d6\x80\x09\x01\x03\xe9\x9d\x1c\x0fv\x03\
\xfb\x04\xf2\x0f+\xc4l\xac\xb4\xec\xe6\xcdM\xfa\xbaA\
\xa3\xb4\xdaJ\xb1\x10\xd2\xb2O8\xcc\xe7T\x8a\x04&\
\xa1e\xcb\xe2\x03\x98\xe8>\xc9'\xba\xdd\xef\xdd\xf6\xd7\
@\x84\x16!\x9b\xa5!\xe7N\xe5\xee\x0aTh\xd0\xd8\
Aw\xa05\x0ao\xf0\x99\xf8Di\xb7\xee\xd2q\x1e\
\xcc\x96=_\xc7\xd1y\xd4\xb3\xb3\x82OO\x8f\x8em\
\xef\xe1_\xec|t\xca{i\xd4Q\xc2\x1d2@\x19\
~\xa8\xb2\xdc\xeatX\xcb\xaa\x96\xacf\x10Q\xb7\xd7\
\xb3\xe5\xd55\xeb\xad\xaek\x09\x87V\xc7\xea\x09\x08 \
\xc7\x90m\x88u\x82\x90\xbe\x8b\xf5kP\xb0\x11\x0a\xcf\
\xc9\xd1\x89\x1d\x8d|\xe96\x00\x00 \x00IDAT\
\xec\xee\xd9\xc1\xc1\xb1\x0d\xfbC&\xa5\x5c\x5c-\xd8R\
\xb3\x9b@\xab\xed\x80!\xe5\xa2\xc2\xdaj\x0e\x1e\xb4\xf8\
\x1dP\xb2\xb2]\xc8\xceP\xcaq\xaf\x00\x0c\xd1M\xec\
.\x87_!\x05\xbd\x14\x00\x89\x1b\xc4\x83\xf8I\xf1\x9a\
?\x0c\x1f\x8e\xa0\x82Su@\x99a4qF\x1d\xa4\
\xf5?\xb0;\x1a\x83\xb9\xd8\xb9Q*\xa2j+i\xf0\
\xd6\xd6o\x1a\xd6r8\xedOX\xe7\x06\xc7\xd3A\xda\
O'Ik\x9d\xd8\xd1\xc9\xd8F\xd3Dd\x86,\x09\
\xd5PB*\x1e\xc8\x16s\x04b]d\xc4\x9e\xe0\xbe\
\x82f\xc9qp@\x89\xf9#\xd8!\xc4\x1f%p\xfa\
\xf0\x83O\xec\xc1\xc7\x1fj\xb6\xf9\x95\x07\x8a\x830\x83\
pI\xb4\x0e\x18s>J\x10\xba\x88\xba\x08\x0e:X\
8\x93\xc8\x0aqpp\xa6)\x83\x87K\xf2\x12s\x96\
\x98\xf2\x1a\x83>\xc3\xc0_k\xbb\x06X%\xc6\x9e\x9b\
\xf8E\xc6\x85\xdb\xce3_\xc2\x1cg\x99l\x98\xe7S\
\x17\xfe\x1e\x07\x08\x10q\x17\xcf9*\x9a\xb2\x0c\x84\x5c\
?\xd9\x0d\x04\xbf\xb3\x9f\x07\x90\x10XP\xe0n\xea\xc0\
D\xf3_ \x82\xdf\x84\x0b\x11\xeb\xaf\xec&f\xddO\
t\x00\x90`\xc9\x14\x93;\x0a\xc7\xe8\x19\x80A\xb85\
\x113c\x8d\xad+\xad%2\xb9\x10X\x88tE\x18\
L\x1e\xa0k\x11}\x22:\xc7w\xb5\x1a\x8bv\xe7\xc6\
\x96-\xf7\xba\xa2\xdb\x0c\x1aN\xb3\xa5\xc9\x84\xf3\xc9 \
\xae0\x95\x84\x01\xb3l2\xdf\x80\xbb\x5c\xa3\xf4\xdb\x98\
_\x88\xe5\xfb\xbde\x1a\xcd\xf4\xed\x0a\x8a\xd3|\x8e\xff\
\x11HtNe\x8bn>Y\x85\xe2'\xf1\x96\xac\x0b\
\xf1\x16y\xcd\xc1\x82\xe0\x82#\x94\x9c\x0c*r\x03\xed\
\xef>\xb1\xa3'\x9f\xdae\xa2)\xc4\x0e.\xd2\xef\x22\
>\x07\xaf\xc3\xcaJ'\x01D\xc3\x1a\x9d6]\xe6\xed\
\x955[\xaac]\xa1&]bi\x00Ik\x93\x09\
\x94\x9adYc2\xf2QR\x5cN\x8e\xb9\xa6:\x92\
G\x06''v|\xb0k'\x87\x076Jr\x034\
\x8ey'\xd5Z\xd3f\xd5\x965\xdb].\x09\xa1\xb8\
p\xc8\xbe\x02 \x04$ne8\xad(< \xda\x01\
\xa8\x81He\xa1\x82X\x9d\x96\x82jH\xf2\x0e$\x01\
.\xf9\xb5\x12-\x95\xcf\xbf\xe4\xf6\x95\x01D7\x99/\
\xf2\x11\x0f\x04\x02\xd0M\xe2y\x0aM\x0a\x0f\x17\xa6\x15\
\x1e\x16\x8f&s\xcd\x19\xa7\xb4\x97\x03\xb6\xea0ik\
yE\xb7\xf4z\xa3\xd1\xb0[w\xee\xdaFbXX\
\x0dQ\xa0\xf0\xecLAhdTL\x93\x04\x00\xc2\x8f\
\xa73\x16\xe2;<\x1e\xdb\xde\x1e\xdc\x1egvt8\
\xb4\x9d\x83\xb1}\xfay\xdf>?<\xb3\xdd\x93\x0b{\
zrn'\xa3Kj\xa2po\xd1\xad\xe5\x8f\x88'\
\xebO\xcd\x9e<=\xb0\xcf?\xfd\xc0\x0e\xf6\x0f\xb29\
\x1c \x91s\xd4A\xbch\x87\x09\xedD\x1e\xbb|\x97\
\x85\xb5Q\x98\xe8\xc5N\x06\xc1\x1f^w\xed+\x98\x8b\
<\x05\xf3>\xaeC\x0c:\xb3\x95\xb7o\x0a\x1e\x02\x0b\
\xffj\xdc\x17\x7f\xf7\xd9\xfb\xcd\xcfB+\x04\xcf\x9c\x18\
\xf8\x5c\xcb\x91\xc2|\xcf\xd6\x07\x84=wY\x12\xd3)\
\x80#\xed\xb40\x10`\x1e\x1a\xd6\x98\xe7\xf9\x18\xc0\x81\
\xa3\xda\xa7h\xe3{\xdc:q\x00:;\x1b\xf1\x88\xb5\
[pD0Z\x96\x08~7\x8d\xe7\xc9i\x02\x91S\
\xba/\x83\xc1\xa4\xf5\x07-Q\x1a\x1bj[\xa9\xec\xcd\
\x8c\x00\x017\xa8\xe8\xd6]]\x04tv\x0a\xfb\x05\xc2\
\x0dk\x98 \x05\x14\xc3\x03\x90\x81\xcf\xfb\xc6\xc6\x8a\xad\
\xafb\xb5B\xb7<|\x9fK\xe9\xf5xO\xd0xA\
\xfb\x05/P\x11#j\x05\xa0\x08T\xc4{q\xfc~\
lY\x01*\x1a\xe6hUtM\xc2\xf6\xbe-\xe8=\
\xe8\xffYz+v\xbd^\x80H\xe63oSM+\
Y\xfdq\x9e\xe3\x8d\xce\xbb\xa3\xe1\xd8v\x1e}lG\
\xfbO\xd8\xbe\xd6k\xd8\xdar\xcb\xd6\xd6\xba\xd6\xed\xb4\
\xb8D\x03\x14\x80KD\xd3fU\xca\x19d\xeeU+\
([\x82E\xa5\xce\x12\xad\x0e\xe8b=K\xf4zu\
1\xb5\xe9\x08\x93\x93\xfb\xa4\xd7qjG\xe9\x14(\xaf\
\xe9\x07\xe9\xe1@\xb9\xf7\x8d\xad\xad\x04N\xab\x5c\x84\xae\
\xde@\x99\xf8\xc2\xca\xc0\x0cw\xc9>\x1cK\xd6\x07e\
\xa9\xd3MI\xae\xc6\xb4\x08\xd24\xe9\xa5\xb4\x93\x9eL\
\xbb\x83\x08ev\x80\x88o_\x87\xaa\xbe\x12\x80<\x17\
<p\xea\xc7\xa8\xe9\x13\xb7\xc6#\x986\xda*\xeeO\
\x04j\xc2$s\x8dK&\xbc\x97-\xe1C\xab\xb3\x04\
\x1a\x01(\x91\x89\xb1\x90,\x8f5\xdb\xbc\xf5\x1a;\x1d\
\xa5=\xb0\xac\xe4p<\xb5\xc3\x93\x91=\xd9KBc\
\xef\xc0\xf6\xf7\x0em\xef\xe9~\x22\x8cG\xf6\xf9G\x1f\
\xd8\xa3\x8f?\xb3\xa7O\xf6\xed\xd1\xa7;\xf6\xf8\xb3\x1d\
\xdb\xdb\xc5\xe0^$m\xe0\xc2\xc6\x13,\x93z\x89~\
\xa7%\xd2\x5c\xc4d\x22<\x90\x9e\x0b\xe9\xa1\x0f\x0f\xc7\
\xf6Y\xb2<\x1e?|\xc8t\xbd\xf0\xf9S\xbb\x89\x18\
\x075\x1e'L\x08\xd2\x92\xf5\x913j\x5c\xd8\xd2\xed\
\x13\x82\xd7\x09\xbf\x5c 1\x84\x15\xe5\x16\xb9\x0b'n\
\x9d\x04p<g{\x86a\xbf\xf1&\x86\x8f\xef\x95U\
$\xc6U\xbcF\x16H\xc4}\x94\x89V\x8a}8\x80\
\xc0\xf2\x80\xbb),\x90\xec\xa2\xa2\x052\xe6\xc4+Y\
\x1e\xee\xbe\xe2y\x09L`} \xb3\x09;-\x12\xec\
a\x8d\xb8\x1b\x0b%\xb7i\x8d(ia\x984\xc3\x9d\
\xdd\x03\xeb\x8f\xce3\xfda\x0b \x01\xfdA\xf0cR\
\x22\x0a\xec\xb5\xebX\x05q\xc6#g\xae;\xed\x82\x92\
\xa3\xec\x0a>\xb7T\xd5\xbc \xba;\xab(\xb9\x82U\
\x11\xcd\xb6\xd7\xdb\xf6\xc6\x9d[\xd6n\xb5E\xab\x0e\x1c\
\xd7c!\x85o\xdb\x85\x05\xac\x10h\x98U)MR\
\x9c\x16\xa4uf6s!\xe0\xdb\xf7\x09D\xb0=C\
\x93\xd7@\xe4\x0a~\x01o#}\xf3\xd2\xafKVo\
N\x1b\x07\xd88\xfdi\xd2mL\xbe-\xf3\x9c\xf8.\
\xa7\xd1\x97xq\xee\xf5t\xc4\xfa?GO>K\xdf\
;\xa1\x00nb\xc1\xb9\xd6\x1236!\xa3\xb0\x14v\
3Y\x99\x0b\x86\xcf\x9c\xd9\xfe\xc1QRH\xf7\x93\xc5\
\xb1og\xfd\xa76<\xddM\xe7{\x89>O\xedb\
2\xe0\xef\x81fg\x89.9\xb9\xb0\xd1\xa2lD\x86\
\x15d\x04h\x00\x89(\xa8\xe6\xbb\xd8\x5cI\x96+J\
\xe2\x14\xcaEQ`\x11t\xa1\xe3\xfc9h\x06\xf4)\
9J\xb9K\xb0p\x9au\xba\x0d\x0fPHd\xeaL\
<+m%Z\xfa\xaat\xf5\x95\x00\xe4y\xdbu\x14\
c[<\x80?\x84\xce]\x9b\xe2\x03\x05R\xfaC\x13\
q\xc50b\xec\x08\x12\xc9DC\xe0\x1c\xe7\x00\x1e,\
\xe8\xd2[\xbfm\xa7gu{\xff\xd3#\xfb\xfd\x9fw\
\xec\x0f\xef>\xb6?\xbf\xfb\xa9=~\xbcg\x07;\xbb\
v\xb4\xf3\xc8\xce\x87'6\x1b\x1f\xdb\xd2\xc5)3q\
\xd6z\xf5t\x5c\xb0\x95\xe5\xb6\xdd\xbc\xb5n\xdb7:\
\xb6\xb5\xde\xb0\xd5\xf6\xa2\xad\xb5\xab\x9c\x03R\xa7P\x90\
\x1b\x0b\x1b\xe8\x17\xae\x8c\xdd\xc1\x95}\xf4\xc9c\xfb\xf4\
\x83\xbf$\xad\xb6\x9f5\x9a\xb2\xd6#KDB4\xda\
\x0b\xf3z\xfe\xbd\xf4\xdf\xba6/\xed\xab\x00\x0c\xb4\xc5\
\xb9@\xa3\xccD\xcf\x01\x86\xe7\xb5}\xc3-\xff\x0e\xef\
C\xb7\x91\xef\x03;5r\xd7\xfe\x08\x8cz\xe6\xa2\xbc\
\x04\x80\xc4\xd3S\xdd}E\xf0p\xb7\x15\xac\x0f\xba\xa2\
\xe8\xa2\x12hL\x12X\xc0\x855\xc5Z\xd3c\x9c\xfb\
5w\x00\x0c@$\x5cZE\x8c\x04\x19MrkE\
lD\xbfIk\x04\x93\xc6\x0e\x92\x22q<d\x90\x5c\
l#\xf7\x95\x145w\x9dV\xa0\xd8h\xed\xec\xb6\x97\
>\x81U\x82z\xbf\xc8\xde\x02\x97\xe0yA\xeb\x04\x91\
\x8a\xe2c\xf2E\xebkq\xc4\x92\x01\xf7\xeel\xd9F\
Rp\xb2\xd2C\x90(\x04C\xac\xa2Yd\xb5\x856\
\x09A\x80\xef\x16\xb0\x05\x9fd\x01\x10B ~\xf0{\
\xb8=C\xbf\xd7\xaeE\xf3\xa1\x00\x81\x0f\x8a6-[\
\x10J\x0cv\xd0\xdd\xacP\xc4\xf0\x9e\x00\x94Y\xa4@\
\x83g\xfcu\x00\x0cx\x92\xef\x97\xa2\x973\x96\xd2k\
\xa0\x95\xdd'\x0fm\xf7\xe1\xa7\xac\x95u\x9e^\xc3L\
udc\xa1\x04\xca>\x94\xd1\xa4<\x1e>}\x92d\
\xcb\xc0.FG6>\xd9O\xf46\x94\xd5\x9b\xe8p\
Fp\xd0\x9a\xea\xa4\xc5\xc9i\xb2J\x8el:<J\
V\xf9\x88s\xd6\xda\xbd5\xc3\xaa\x86p\xb3V\xa1\xa8\
.\xd5\x13H-\xd9R\xb3\xc7\x85\xe9$\x1bK\xca\x05\
\x8fh+\xac\xd5\x1c\xffp\xb9I\xda@\xbb\x81<t\
M\xc9\x9ci%\xce\xb1\xf99\xf7\xe8y4\x7f=\x9a\
\xfaz\x002\xf7c3^\xcf\xdf4\xcft\xeb`2\
+=(\x8e\x01\x1c\x0e\x14@R\x02Ft\x1e\x99\xac\
\xd0\xd4\xf4\x1e0\xe3\x22\x17\xaa\xef$\x00\xe1\xd2\xb1\xc9\
\xbc\xect\xdbV\xeb\xf4\xac\x91\x06\xa6\xbd\xdc\xb3\xe5\xb5\
\x15\xdb\xb8y\xdbV66mu}\xc5\xd6\xd7Vm\
\xa5\xd7\xb1\xd5\x04\x1c+I:\x10D\x9a\x8bV\x83\xbb\
\x22\x11\xd1RU\x81t\xb8-\xca\xfeq\xech\xc7\x12\
\xab\x9f\xec\x9c\xd8\x83\x0f\xdf\xb3\x9d\x9d\xa7\x12\x8c\xae\xb5\
\x84vSh2\x0e$\xde&\xe2D\x9b[\x1e\xb4Z\
\x04$9\xe6Am\xca\xddC\x99Yt\x0d`\x816\
Vf<jg/\xd8\x9ea\xd0\x97\xb59Sg\x06\
\xe6y\x80a1o%[c\x0c\xa4\x9fQ\xdb\x8a8\
\x08\xe3\x13\x14\xea\x10\xf0n9D<\x03\xfb\x18` \
\xeb\xa2\xb0D\xc2R\xc1y\xbc\xb7\x1c\x0b\x91E\x13\x0b\
\xfe\xe8\xbb\x95COK(\x1dO\xfb\x03{\xb4\xb3\xc7\
T[\x10;c[\xd0\xdc\x00\x1e\x0e\x06\xb2,@_\
\x9a\xfd\xae\x84\x0aT\xf2\x05MV\xe4Uv\xed.h\
:x\x80=\xee\x04\x03\x97\xc6\xd6z\xcfn\xdd\xda*\
JUp\xa9[\xec>\xd7)RNK\xf4\x9d\xad\x10\
\x17\x18\xe2\x15\xec\xf81\xdc o\x12\x17\xdeF\xea\xcc\
\xbc\xf6\xff\xa7-h\x98\xe1\xf5\xb0t\x01\xdeW\x05_\
\x842\x15\x19\x8b1\xa1U@\xe1|X\xa2\xc7\xb0>\
\xc2\x02)\xac\x8fx]\xe7\xfd\x04\x14;\x0f>\xb2\x83\
\xdd\x1d{\xba\x7fl\xfd\xc1\x94\xee)\xb8\xb8H\xbf\xf0\
.`\xf2`\xb22l\x06\xab\x16\xbe\xceKZ\x0e\xac\
\x8b\x85\xfb\xaa\xa8\x14J\xd5\xb0P\x95\x04=\x92m\xc0\
\x07\xd3\xe1)i\xb7\xd5j\xd8r\x92G\x9b\xabM\xbb\
s\xe7\xa6\xadl\xde\xb6j{\xd3:\xbdp\x7f\x86\x0c\
t9\xe8\xf4Q\xc8Byk\xe6\xc0\xc6\xcf\xcb\x0a\x07\
\x88\xa5|.\xf9\xf6r\xb7\xaf\x07 \xa5\x0d\xecU\xd6\
\x8e\x0a\x90\xd0Nm\x8a\xda\x1a\x18\xafh\xe3_\x9c\xd3\
\xdfWtF6\xe1\x03u\xbd\xf3P.bm\xeb5\
[\xdb\xbc\x91\xc0\xa3\x9e\xcc\xc2\x9a\xb5\xdaH\xadkq\
\xf1\x96\xabJB\xf6\x85\x9a\xcd\xd2\x0e\xa2Aw\x81\x1e\
+\x89\x98\xc0\xdc\x0bWg\xb6\x00\xc1\x06-8i\xba\
\x98=z\x99\x84L\x924\xb6\x98\x08\xe2|zf\xe3\
\xc9\xb9\x0d&\x97\x5c\x0d\xef\xd1\xe1\x99\xfd\xdb\xc7G\xf6\
\x1f\xff\xfe\x9e}\xf6\xd1\xc7\x5c&\x93ZK\xc46\x02\
$\x9cp\x8b6\xf7\xd1\x86\xb6\xe3\xc2\xb6\xf0\xd9\x16\xbb\
];\x17s\xe0\xc6].\xb9\xb0\xe6\xb1\x0c\x1e\x0e6\
\xc5\xe5\xcb\x06\x0f\xff>\xfc\xaewd\xc4A\x08v~\
\xcf\xc1\xe0e\x0dO\x00\x82\xb8\x14\x12\x0b\xc0<\xb2\x08\
\xc2\x9d5\x1f\x0f\x99\x16\x96\x09&\xe0\xd1\xaa\xd0\xce\x89\
x\x11+9\xf3\xc0\xfau\xe0\xe1g\x8b@}\x11P\
G\x1e?2b&\xf6\xf9\xd3d\x99\xf6\xc7dn\x12\
bII\xc0yq\x0dEFt\xac\xee\xd5\x0cu\xd0\
42\xb2\xc8\x87.\xb8\x83\xce\xf5\x15\xf8\xbc\xda\xbaI\
9y\xe3\xce\xb6-\xf7zne(h.\x97D\xb8\
\xb0\x16\x8bl,\x06L\xcb\xf4/\xda/\xbb\xb2\xc8c\
\xf8\x1dWp\xf2\xef\xf2\xa7_\xbePx\x95[( \
\xa5\x86\xe24\xfe\xc0\x0b\xa4\xb7\xe2-W\xb4H\xca\xbc\
\xe3|\x95\xe9\xd1\xf9\x10m\x04\x09\xe7\xc7\xf2\xee`B\
p\xe1\xfb\xf5\x99\xf0\x14 nw\xb0\xf7\xd4\xf6\x1e~\
dG\xfb\x87vxp\xc2trT\xe2\xbdJ\x00P\
\xb9:w\xe5\xa3bK\xb5\x06\x97\xb6\xc6\x11c\x8a\x80\
:\x16\x98Z\xac\xb58\xef\x09\xd3\x0c\xd0\xd6j/s\
\x0e\x14\x9e\x0eq9(6\xe31f\xb0'\xe5+\xc1\
L\xa3YO\x8a\xee\x865:\x9b\xd6\x5c\xd9bl$\
\xe6?\x05-\x14{a\x85\xc4n\xbe\x83Vp\xbc\xfe\
z\xd9\x8a%\xad\xbb\xac\xce2\xbb\xbc}\x0dZ\xfa\xea\
\x00\xf2e~\x84\xef\xc1\xf0_\x03\x15\x7f\x18!j0\
\x88\xd0\xb3\xbc\xa8\x8a\xb2\xb0\x1cH\x1c\x8d\xe1\xab\xc6\x82\
,\x9d\xf5\xed\xa4\xc5\xd5)\xc8\x91\x22w|2N\x9a\
\xc3(\x0d\xf4P\xfb@\xab\x04B\x9b8<<\xb5\x83\
\xf4\xfa\xd3\x03\x04S\x07vp4HD\x01\xdf\xe5!\
}\x9e\xa3\xfe\x89\x0dO\x91b7\xb0\xe3\xa3\x13.\x14\
5\x18L\x12\x88\x9c\xd90\xedO\x0eF\xf6\xf0\xb3\x87\
\xf6\xe4\x93\xf7m\xff\xe0\xa0\xb00PW'\x88\xb1\xa4\
\xd5\xc8\xf2p\xd0\xc8\xed%\x82vK$\xb4\xa5\xb26\
\x9fc\x0b\xe4\x16g$\x07\x09\x0c\xf43\xe0Q\xda^\
>xh\xcb\xdf\x8b\xdb\xe0\x7f\xc5\xce{u\xc0\xc8\x00\
\xe9\xcf\xcc,\x17Z\x22\x17>Qn>#\x8b\x81\xf5\
\xd8\x99M\x151\x0cX\x12%\xeb\x02\x13\xee\x12H\x00\
\xf0\xcf\xc7\x02\x0d\x05\xcf\x15\xf7\x80%\x03\xe6>?\xc7\
u\xc9]\x86L,f\x81)\x1esttl\x8fw\
\x0e\x98\xa6\x1b}\x07%\xbe\x00\x02\xb6\xccu+)X\
C\xe1\xcf\x8fL-Bhz>\xa5\xef\xe6\xee\xc9\x1f\
D\xe9x\xb3[[\x1b\xb6\xb9\xbeNA\x92\xddW\x9c\
p)\xcb#gc\xc5k\xc1\x07e-\x13{\x04\xd1\
\xf3}\xea^\x11\xc0\xd5\xf6%x\xf1\xfb\xb0=\x8f~\
Ic\xe2\x03\x9d{?\x07\xed\xe5#\xf8\x0b\xb4\x17\xca\
\x99\x14\x99\xac\xc0\xd1\xfa\x08\xbe-,\x0f\x02\x87\xf3\xab\
\xae1)\xef\x92\x19UG\xbb\x0f\xec|t\xc8\x89\xc0\
L\xce8\x87\xb5\xa1\x8d\x89\x11Ku\x835\x8e\x09\x8a\
\xb5\x04\x18\xd5\xa5\x86\xd5Z\xcb\x5c\xe6\x96\xb2,\xbd\xde\
\xecm\xd0]\xb5\xbc\xbe\xc9\xf2%\x04\x19.q\xbbd\
\x83\xe1\xc4\x8e\xfbS\xdb\xd9C\xb1\xc5\x91u\xda5z\
P*\xad\x04 \xcbk\x04\x1f*\xd5a\x89\x90V\x02\
T@/\x15\xa7\x11\xd0\x8b\xdc\x9e\xa4\x13\xca[j\xea\
\x0e\x0e%\xba\xe1kl\x9a\xdb\xe6@$x\xe3\xcb\xc8\
x\xdf\xbe4\x80\xe4/-\x0d6\x7f\xbcd\x16\x11\x11\
y\xb388\xe1\xf3!JL\x90\xcd,7\xd5K`\
\x92\xf7\x00\x920\xe3\x12Rc\xb5\xc0\xee\xeaM\xb3\xa5\
\x9e\x0dF\xf0m\x0f\xed\xe8tb\xfb\x87'i \x8e\
\xed\xe1\xe3={\xf4\xf9\xbe=\xf9|\xd7\x1e>\xda\xb3\
O\x1f<\xb5\x07O\x92\xe0xzbOw\x8fmw\
\xff\xc4\xf6\x8f\xc7\xb6\x7f2\xb5\x93\xe1\x85\x8d\xce*\x1c\
\xc8I\xb2B\xb0 \x0c~\x17\x0bE5k\x0b\x14\x02\
\x17\xe7\x97\x09hN\xec\xe0\xc9\x03\xdb}\xfa\xc4P\xdf\
\x869\xe6\x5cr64m\x07\x0c'\xc2b\xd1\x1b\x01\
\x86\x02\xeb.`)p/y\xd4Z\xdc\x90B\x0e$\
\xa5?m\x05x\xf8U\xee\xe3\xefd+$ef\xda\
|\x0e\xe0\x8bg\x0cFu\xeb#\x97\xe7\x88\xac,\x9f\
I+0QP=\x82\xdfg\x00\x02\x5cg\x80p\xb7\
\xd4\x14V\x89\x5cU\xc8\xb6\x9a\xfa\xe7\xe4\x0e\x0b\x17\xd6\
|\x1ao\x06+\x02\xc9\x05'\x1a>Ltq<<\
K\xfd/\xb7U\xb64\x0c\xae\x11\xf4\xb1R\xb5\xb5p\
\x94\x80\x82\xdc\x96\x0eW\x94\xda\xa2\xf32\xa0\xd0/\xef\
]\xe4\xdd\xc3qC)\x957\xee\xdda\xad#\x95~\
\x81\xebJi\xbc\xd9\xa5\x85\x5c\x7f\x0a\x00\x09\x09\xc5J\
*\xa2}\x80\x8ak\xa1s\xbc\xe3\x7f\xb0\x08\xbf\x0a\x93\
\xff-n\x7fM\xe9)\xc0B\xe3\x01\xd0\xe4_\x06\x0f\
\xc5\x0b\xb3u\x8ek\x9f\x8c\x9b]ZT\xd847\x04\
\x00\x13\x0b\xb4\x85r\x13J\x0f\xdf\xeb\xf3\xb4\xc0\xaf\xfd\
\x93#V\xd8\x86{\xbb\xd9\x82\x87\xa3\xc1\xf9=\xb8\xa5\
\xab\x8b\x093?\x17\x12h\xcc\xe0\xf1Hm\xf8\x8ca\
\x01\xa84n\xadv\xc7\xc0\x1eg\xe3\x81\xcd\xce\x87v\
1:e\xf5\x85\xd5\x8d\x0d[[[\xe5\x02d\x8b\x98\
\x95\x9e\xde\x8bL\xbe\xa7I\x8e}\xf6\xe8\x88\x1a\xc9\xf9\
\xacn\xad\xde:'3\x16\x93\xa9\xab\xa4\x85<W.\
\x94\x0c\x0f\x9eG\xbc8\x94\xed\xa0\x15\x10yY\xf1\x00\
\xfd\x86\xb7H\xe7\xde\xfe\x0d\xb7/\x05 s?\xe4\xe7\
\xb8\x81|#~\x8e\x01&\x9e\x84\xf9\x04@a'\xe0\
\x1c\x1d \xdfs\xbc\x9e\xcd,\x1c=\xa7Y\x1dTt\
\x9e\xda\x16\x94+\xdd\xd90\x8c\x15f*\x0f\x87c\x9a\
\x82\xe3\x04\x02\xe3\xa4\x9d\xe2;@<\xc3I\x12\x18\xc8\
\xc9\xc6\xc40,19P*\xdd\xc5\xe44i\xb1C\
\xce \xc5\x08C\xe8\x8c\xd2\xe7\xe1\xe7\x94\xf5\x92,\x94\
\xc3\xbe=|rh\x1f|\xb2k\xff\xf2\xef\x1f\xd9\xbb\
\xef\xfe\xd9\x1e=|`'\xe95\x0a~\x17\x8e2}\
c\x8f\xf4@\x05\xed\x0a\x8d\x5cD[h\xe7\xd1.\xe2\
\xc6=\x90\xf0\xbd\x0d\x04D\xb9\x8ck\x17Kb\x0a\x5c\
\x15\x02\x9c\xbbo\xc18\xafb\xd3\xf7:\x03g\x06\x15\
\x03\xeb9\x8a{\xcf\xe0\xe1\x80\x98\xdd\x03\x97>'\x84\
 \xe2\x02\xddK4\x14@R\x04\xd9\x05&\xe1\xde\xc2\
.KD\xaf\x15VFv\x7f\xf9\xfb\x15\xf7\xf0\xd7\xe0\
\xbab\xe9\x18\xd5\x0d\x82\x0b\x0d\x9f\xdb\xdb?\xb0\x83\xe3\
\x81\xc1\xb1\xc9G#\x1d{\xda\xb9\x9eT\x02\xbc\x82b\
\x99\xc8\xb2\xaa\xb2\xac<\xfd\xd9\x15\xf9\xb5\xb9\x9c\x00X\
\x06\xd5Z\xd1F\xed\xcf\xf9\xa0\xc0\x18\xab/\xce\xec\xee\
\xed\x1b\x8c\xbf\xd1\xf2\x80\xd5\xe1)\x99se[<\x1e\
RdfE\xeaz\xb1S\x10\x80G\xa8l\xf9\x91\xf7\
\x10\x02\xe0\xe5\x08\x82\xefb\x9b\xa3\xdd\x12m;T\xe4\
\xd73\x0d:\xd2\x97-v\xd1$\x143\xf0\x98x\x8b\
\x8a\x1ei\xd1\x15=\xd2\xa6\xe8Q\x96\x88\xd3jX%\
\x00\x14\xd0\xad+@\x88Y\x1c\xef=\xb6\x8b\xe1\x01\x97\
\xb7FE\xdej\xada\xedn\x8f\xb3\xcd\x17\x16\x9b\xc5\
lsS\x91\xc5zR>\x91\x15\xba\x94\xc6te\xa5\
\xcbd\x9dn\xaf\xcb\xa5\xb1Q\xce\xe4\xd2\x16\x93\xf2s\
aK\x8d\xa6\xdd\xbc\xb3m[[={\xf3\xde\xa6\xfd\
\xf0\xed[\xb6}{\xdd\xa6\xe9\x1e\x10d\xb7\xda\xaau\
\xba\xcb\x8a\x85\xb8\xec,,\x0f\xa7\x0b\x00\x07\x5ci\xd9\
\x8b\x03\x1a\x00e\xba\xdc\x8c\xbfL\x9b\x12\xf3s\x80\xc2\
\x06\xd1l\xf0@&`\x7f\xef\x97\xd9\xbe\x14\x80\xe4\xed\
\xda\x97\xf2*\xff6n\x03_\x177.\xb4#\xa0\xf0\
\xa6\x1dI\x89\x9azhiXb\xc4\xa8i$\x17\x96\
@\x03\x9d\x05\x0d\x0e\xf5\xaf\xb0(}\xb5\xde\x93\xe0\xba\
D\xee\xf6\x90\x93r `\xa0eN\xa6\x17\xd6\xef\x9f\
\xd84!\xfexpb\xc3\xd10\xed}\x9bL\xce\xec\
4\x81\xcd)\x5c[\xa7\xc7\xd6?\xd2\xaa\x81'\xc9t\
<8\x1e\xd1\xb5\xf5\xf9\xde\xc0v\x0f'v0\xb8d\
\xc5\xd7\xe3\xd1E\xb2n\xfa68\xde\xb7\xa3\xc3Cj\
\xd2e7T\xd6\xb4\x83\xe8B\xc3)\x09\xd1\xac\x1d\xf9\
\xb5\xd2\x0f\xd5\x06\xa4\xa0\x15\x83\xd7\xc9\x11\xae\xf1\x06X\
\x90Y\x18F\xfc\xdb\xd9J\x18\xc6\xfb\xf3TJ\xde3\
\x9fK\xfd\x12\x16YXe\xd2\xea\x00$\x12\xe6\xb0F\
\xb4\x87\xb5 W\x13\x82\x939FRrq)-7\
\xdcS\xb2<\xc2\xda(\xcf</\x8e\xf1}\x11\x83\x91\
\x808Nc\xfe\xf8\xe9\x01'\x93\x8a\xd9\xc48,\x11\
\xbf\x885F\x04\x1a\xb5%\xb9K5\xa1\xcb\xd7o\xc7\
\xb93\x1eW\x11\xa4\x9b\x00\xbd!\xe2\x17\x9f\x06sB\
?\xc2\xb2\x01m\xbb}\xeb\x96\x07\xd3A\xcf^\xfb\x0d\
\xd6\x06w\x8f\x8d\xd0\x85\x05+\x5c\xcaR\xd4\xf5\xa2U\
\xee\xbc\x12V\x08~Oq\x9c/\xc7\xdc\xdf\xcb\xad\x0c\
*\xb8$\xbf\x08P\xc4'No\xae\x80\x85b\xa6\x15\
:\xd5F\xc5&x\x91\x0aO\x11\xe7`)\xa1L\x9f\
\xc5\x9e\xdf\xef|\x8e\xd2:\xc7{\x0flv1\xa6K\
\xa9\xd7mZ;Y\x22\xb5\x04&\x88m`\x8cQ\xbb\
\x0f+\x186P\xbe\x04\xe0\x01PA\x11=\xc4k\xaa\
M.s\x8b\xc9\x82\xcd\xb6\x92|\xba\x88u\xb4P\x1b\
k\xc9\xd6\xb6V\xec\xd6\xbd\x9b\xf6\xd3\xb77\xed\xbf\xfc\
r\xcb\xfe\xb7\xff\xfc\xb6\xfd\xcf\xff\xe3\x8f\xed\xd6[\xef\
Xo\xeb\x0e\xc1(\x14jyi$\x1b\x83VB\xb9\
\x96R!\x9a\xca\xca\x86+\xeb\xe9\x8dA\x9c|\xff5\
\x81\x9d\xe5\xf5\xdcF:\xfb\xf2\xdbW\x03\x90\xeb\x1b\x18\
)\xb49\xd1\xf7\xfcM\x82E\xa91\x89\xb923\x84\
&E$\xc5\xd1\x17\xd7\x09\xad\xcb\xd7\x8bf\x07\xa6#\
r\xa8\x97Z\xabi\xa0QKf\x9a~3\x09/\xcc\
8\xc5`S\xe8\xa2\x08&\x02\x5c(\xa0V\xa5\x8f\x12\
Y/\xf5F\x87\xc5\xcd\x96\xeai\xd0\x13\xf8,\xb4\xd6\
\x93\x06\xb1F-\xa2\xbb\xb6i\xeb[7m}c\xcd\
\xd67\xd7\xad\xb3\xb2\xcc\x80<f\x98\x22\xe5\x13ZH\
?\x01\xce\x18\xb9\xdc$B\x00Fh\xdb\xae\xc5\x5c\xe2\
>\x1cX\x02$J\x00B\xe2\xf5,+\x112\x04\xaf\
\xb4&2\x8a3\x81\x98\xc3\xbb\xcc\x0a\x1eb\xfb\x0b\xb6\
Wey<\xbb={c\x19\xe4f`n\xdd\x0b\x99\
\xd9A33\xa3\xbb\x0a\xc2rSz\xef\xbck+\x8a\
\xc61S\xe5\x0c\x00\xe0`\x11@\x12V\x89[+\xd7\
\x81\x85\x16\x07\xce\xdd\xe2\x889 \xaa\x0c  \xc1\xfd\
\x8c\x93\xd5\xf2\xf9\xce\xae\x9d\x0c&F\x12[P6\x16\
w\x00C\x06\x80\xa0\xd5\xa0Wo\x8b>\xa0\xfcva\
^4\xb1Wpd\x06W\xfa\xee\xb5n\xd5\xde\xba\xbb\
m\xab\xcb=Y\x1cdz\x8f\x83\x84\xc5\x81\xec\x1d\x82\
\x8ak\x9b\xae4\xc95\x01\xebC\xf4/~\x89\xfb(\
\xdd\x0fe\xc3Wc\xf8\xbf\xb5\xed\x8b\xe88\xe8\x9f\xff\
\xc7\xfb\xe8CT\x9b>+\x80\xa1\xfb\x91<V\xe29\
\xf2\xa8\x94\x9b\xc8\xd8\x92\x9b\xab\x00\x0c-\xc5\x5c\x02\x0f\
\x7f\x1d\x19W'\xfb\xbb\xd6\xdf\x7fl\xd3D_\xc8\xe1\
k\xb4\x9a\x9c\x99\xbe}k\xcb6\x92\xccXY\xe9Y\
\xa7\x97\xc6wi\x91\xf7\x82\x0a\xbf\xedv\xb2:z+\
I\xe1\xedr\xd6z\xa5\x0a\xd7\xd7\x95-\xcc.8\xb6\
\xcdV]\xd6I\xb3F0;OV\xc9B\xba\xaf{\
\x9b5\xfb\xc1v\xdd~\xf4\xd6-\xbbq\xfb\x0d\xeb-\
\xaf\x88f8\x85\x01\xf4\xa0\xa3d\xa4\x03\x87\x89F\xd9\
N\xfapE\x03\xb4\x83k\x1e\xf4>l|?\x89F\
]\xe9\x8dz\xef\x5c\xe3\x97\xdf\xbe\x16\x80\xf0\xc7H\xb8\
\xd0\xe6D\xd0\xd8BK\x9b#\xf4\xcc\x84\xe2Z\x9e;\
\x80(\xf7]f{\xcc4\xcfn,\xef<\x98\xfa@\
\xf0Y\xb5\xc3\xc2y\xc7\x87\x07v|\xb0\x9f\xac\x0c\x94\
\x0a\x18X\xffx\xcfN\x8f\x9e\xa6\xe3\x8e\x8d\xfb\x87\xc9\
\x22\x81\xc0Ai\x8ca\x12\x1e\xe3$T\xb4\x1c%\xd2\
\xee\x00<@f\xd6\x8d\x99\xa9\xe8!\xea\xd5`\xb1J\
\xa05&,?=\x18\xdb\xe7O\xf6l\xff\xe9c;\
>:2,4#\xff\xa8\x13X\x98\xbd\xd4\x5c\x8a\xb8\
G\x04\xe8\x14\xc4+\xc0$\x9b\xdb\x04\x8f\xe2\x1a\xbf\x0a\
}\x8a\x8cAn\xc0\xb5\x04q\xf8{\xe7\xb6\x12\xa3}\
\x11\xd3\xbd\xaa-\xff\xe65\x10!\xb3\xc6s\x06s\x06\
3:\xa3\xe6\x80\xba\x83\x09\xd3{=&\x12{\xb9v\
VQ\x80\xd1-\x14\xa6A\xcaU5\xb7\xc7{J\xd7\
Z\xc0*@\xca\xddg\xf8\xcd\xd4\xb6wp`;\xfb\
\x87\x9c\xdb\x93\xddO\xb1U\xe8Yu\xe0\x00\xbd\xaa\x0d\
\x1b\x95\xb9\xd833\xfa\xcb\xea\x86y\x9e\xac\xcc8!\
\xf5V\xd22\xb7on*(\x8a\x18HL,\xa4\xeb\
\xca\xd3z\xb3U\x02\x10qE\xaa\xeaK\x1ed^\x09\
^\x02\x99\xfa/\x97o\xd0y\xed\xfb\xba}\x11=g\
e%\xceqt\x0b$\x140\xc6 \xe8\xc6R{1\
O\x04;xT\xde\x01\xc6C\xc2\xdap\xc5/\xca\x9a\
h\x9f\xb7FP\x8a\xa4\x7f\xf4\xc40\xd7\xe3,\xd1\x12\
*v7j\x09H\x92\xf0\xc7\x12\xd7\xdb\xdbkv\xfb\
\xf6\xba\xddym\x9b\x8b\xda\xa1\xba4\xf0\xed\xfc\x5c\x1e\
\x06\xdc[\xb3\xd7\xb5\xd5\x1b\x9bv\xfb\x8dm\xdb\xbe\xbd\
j76\xbb\xb6\xb1\xde\xe6\xaa\xa6[\xdd\x05\xdb\xecT\
\xb9\xa6\x0c\x16\xc2\xc3\xd2S\xa8\xc5\xd5^\xdbJ\xca\xed\
vR\x80\xeb\x94\x89R>\x5c6fE\xdb\xcf\xddR\
\x95\x5c\x05\x1dx\x9b\x03\x0c\xe9\xd5\xe9\x07\xf2\x97\xf1\xb3\
k\xf4\xf2M(\xe7+\x03Hf \xdc\x14o\x8e\x8d\
|\x08\x01\xc4<H\xe8\xbe\x03\x1c\x5c\xc3\xc2\x1e\xdaV\
\xee\x8c\xf2u\xb1\xd7\xeaukv01\x0b%\x93G\
6\xed\xef\xdb \xed\xd3\xc9\xc0\xa6\x09@ X\xa6\xa3\
\x13\xe6f\x8fF\xa7\xd6?9\xb0I\xff(\x01\x0c\xea\
\xd1\x1c\xda\xe8\xf4\xd0\xa6\xc3c\x9f\xb4\x06\xb7\x17\xaa\xba\
\x0e\xed\xe4\xf0\x84\x93\x02\x07\xe3s;>\x19\xd9\xe1\xc9\
\xd4\x9e\xec\x8f\xec\xd3\x87\xbb\xb6\xbb\xf3\xb9\x1d\x1d\x1d0\
\xb6\x92\xb5\xe9\xb9\xdd\xb5\x1bj\xdb\xbe\xe7\xf6\xd8\xcb\xef\
\x9d\xdfA\xe4\x95\x0c* v\xb8\xab\xe0\x9b\x0ff\xf9\
\xdb\x00\x8f\xb0,(%K\xd7Q\xdaC\x96\x94[\x1d\
~\xe4\xf93} `U\xa9\x93\x00d\x81\x8a,\x13\
\xb7H|/\xac\x14\x07\x849P\xf0\xd8\x06\x8eH\xc3\
\xce@T\x1c\xb9pP)\x06\x12\x16\xd0\xe9\x00sB\
\x0eX\x1f-\xba\x18\xe0\x10\xa0\x91]\xabdD\x07\x92\
\xec\x0e\x90\xf6Fz\xf6=\xbf\x97}SX$\x18K\
0\xd6Z\xb7fwo\xdddj&\x5cS\x8c\x85\xd0\
\xfa@<$\x14\xa5\xb0N\x82\x07\xca\xbcP\x9c\xcb5\
\x81o\xd5\xbd\x05\xa0\xe8\xbf\xef\xff6G\xd7\xd7h\x9c\
\xfc\x10\xbcB@\x01\xd9\x85\xc5\x0b\xcbO\xe7\xf6\x1c^\
\xd3{\xae\xd3d\x1cC!,\xf16]\xcbj\xc3\x84\
\xc0\xfe\xd1\xbeMN\xf7\x05F\x1c\xe8\x05\xce\x0b\x81\xfb\
\x9c\x0b\x91U\x90\x99\x95\x84~\xb7e\xdd\x95e\xdb\xb8\
\xb5m\x9d\x8d\x1bV\xed,\xdb\x85\xc7\xb4\x86\xa3\x0b;\
<\x1a\xd3u\xb5\xbaR\xb3\xe5\xce\x12+87\x97D\
o\x00\x1dH\x00X9\xb5\xd4\x8e\xb5DV\xb6\xeeX\
\xbb\xd3)\xac\xd3\x12\x0d\x04x\x906\xdc\x02\xc9tB\
:\xbd\xd6\x9e\xe5\xb1\xe4t\xd0\x0f\x1a$\xc3\xe3\xfc\xab\
o\x7f\x15@\xaek6\x18\xc0\xdc\xc6\x0e\xd5M\x14\xef\
r\xf3)\xefN\xf8\xcf\x00\x0b\xdaq\xad\xf7\x08Yc\
\xb1)\x5c\x8b\xc9\x1a\xcd\x8e-6V8\xd0\x95\x19\xca\
\x8dT\x98\xc6{\x96\x00\xe4|\xaa\x92\x01\xb02\x22\x16\
\xc2Y\xden\x0d@#\xc5<\x80\xe1\xf0\xc4\x86\x09T\
F\xe9\xc8Y\xcf\x9c\xd9<\xa2\x80\x99\x8c\xf1\x9e\xa9\xf5\
\xfbC\x96:9\xdc\x7f\x9a\xde{`\xc3\xc1)\x09H\
\xe6-\x84\x5caq\x14~\xfe\xc2\xda\x08\x10!aS\
\xfb(4\xf2\xb2\xcfV\xbb\x9f\xe3\x0f\x9a\x94\x81\x80\xdc\
\xd7\xfb-\x02\xc4\x97\xdd\xca Rj\xe4AqMp\
\x80?\x93?/\x9f\xdb\xc1\xb7pk\xa1\xef\xe0z\x94\
u\x10\xf1\x91\xb0P\x8as\x07\x86\x88g\xc4\xf95\x80\
a\x5c\x85mr\x8d\xc9-&K'\xafL\x07\xb0\xf2\
\xdf\x9aN\xceX\xda\xe4\xa8?\xe2\xd3\x90fK\xb4\xaa\
\x0d\xcc\xa4#\xf11\xed\x9c\x8cN&+\x04\x1d{\xc4\
\xc7\x8b\x1f\x8d\x8f\xe9\x94\x1b2\xfa\xee\xde\xda\xb0\xcd5\
\xb8#`\x85\xc0\xfa\x08\xcb\xa3\xb0B\x10\x1f\xe1k\xcc\
\xd0r\xfa\x0f-2\xb2\x15\xcb\xcaY\xec\xfeK\xba\xf7\
y>\xfd\xdeo\xd7A\x04\x83\x90\xf9\xa3\xfc\x9a\xe2\x87\
1\x16\x85\x92\x16\xe7ny\x5cy\x12\x8c+3\xe5X\
]\xd9\x22\x11\xa8\x14\xb4\x0b/\xc7\xf4t7Y\x1f\x17\
,\xef\x8e_F\xf9\xa4\x93\xd3\x89=yr\x98\xf6#\
\x1eQ\x8c\x13i\xba\xb3\xca\x22\x15\x86\xbb\xc9\xe2\xf8\xd9\
\xcf\xef\xdb\xebo\xde\xb0\xd7\xee\xad'\xcb\xa3\x03\x9f\xa9\
=z|l\xef}\xd6\xb7\x0fv\xce\xec\xf1\xd1\xb9}\
zta\x1f\xec_\xfe\x7f\xec\xbdi\x93\x1c\xc7\x92\xae\
\x17U\xdd\xd5U\xd5{c_I\x90<\xe7\xccbv\
M#\xe9\xabL\xff\xdfd\xfa$\x93\x99\xe6j\xee\x99\
9\x0b\x0f\x08\x82\xc4\xdakU/\xa5x\xde\xd7=2\
\xab\xba\x01\x92s5v\x87\x00\xa3\x11\xc8\xcc\xc8\xac\x5c\
\x22|w\x0f\x8f\xf2\xfd\xe1\xa2\x9c^\x02K\x8b2\xae\
\x9a\xcch\xfbn\xd9=\xb8#\xf8\xf0\x0a\xad\x04`\xf4\
\x84\x0b`a\x0d\xd8\x08_H\xfa\x97\x83\xc9X\xa0\x0f\
\xa0d\x9fM\xc0\x8f\xdau\xcc\x7f\xeeE6\xadW\xdb\
\xf9\x9f\x86\xa9\x9fd \xad\xf4\x11l\xa5\xb9q3j\
Ho\x0d)\xd3\x0e\xd7\xce\x99#.qT!\x0b\x1d\
`\x06c\xdb3\xb9b\xd6\xcbt\xe7V\xd9\x98\xee\x14\
LP\xcc0ny\x90\xea\x88\x9d\x92\xee\xe2\xe4Py\
\xfda \xa7U\xd38\xad\x1a\xc71\xce\xf4S\x98\xcb\
Y\xfd\xd9Ia!\x96+M\x06\x9a)\x1akv\x84\
\x06s(bG\xba\x0a\x08\x0ckI\x9c\xf1\x9b\x19\x9a\
\xcd;1\x9ez\x81%\xd8F\x00;\x80\xeb\xd4a$\
\x96d&\x5cw\x1e\x044\x01\x99m\xc74Dn\x01\
v:/p\xc1\x04\xb8c\x1eq\xd6H\xd4C\xa4\xff\
\x91\xcc\xa5C\xdc\x0eY\xf3\xfd\xd8\xb4\x08-\xb6\xc14\
\x94\xfa<L\x03\xee?\x8e#\x80\xe0\x92\xe85\xf7\x9b\
\xcdZ\xc18\x82)8\x97\x98\x99D\x9fqh\xdd\xea\
p\xc4sM\xbb6\xb4\x19\xae\xe7\xb8-\xb4\x93\xda\x8f\
\x9e}Q^\xbdyS\xfe\xf6\xb2j\xa4\x17\xd6>\xb2\
x\x9d\xf3\x80g\xfe\x00]\x84\x95\xa1\x1d\xd7\xb6\xb1\xbb\
\xff\x81\xd3\xf4\x83P\xdd5\xd1?\xfa\xbdOamz\
t{\xa7|\xf9\xe4a\xb7fz\xfa<\x9a\x16\x92\x11\
XQe\xeb\xf6\x16\xb3\xae\xb34\x18/x\xaf4\x13\
\xfbA~\xcf,?\x07\xe1\xff3\x97\x06W]Co\
?`\x90q\xf0\x81\x8eS\xf3\xf5q\x0ai\xc18B\
pk\xf8\x17Z\x8bj\xc3Q\xe3\xb5p\x5c)\xe2/\
d\x96\xb5\xc9\xcb\x93\x0b_\xff\xf0]\x99\x1f\xfdP5\
\x88a\xb9\xb5\xbfYvw\xb7\xcb\xf6\xeeV\x99ln\
\x08W\xf1\x97\xfc\xf8\xfd\xeb\xf2\xe2\xf9\x0f\xe5\x87\x1f\xde\
\x94\xe3\xb7\xaf\xca\x8f/^\x97W\xaf\x8e*\xa3\x99\x95\
\x93\x93y9e\xc5\xc3\xd9E\xd9\xda\xdb\xae\xf4l,\
s\xf9\x8b\xd7X=N\xcb\x9f\x9f\xbf/\xff\xfc\x97w\
\xe5\xff\xf9\xf3qy\xfbnV\xb5\x90:\x96\xeb\xd3\xb2\
\xb5{[!\xc4\xa9u4\x13\x96\x98Gj\x19\xa6\xa9\
\xcb\xcc#\xe0\x85\xad`\xb9\x073Q8v\x0c\xa2\xff\
\xd4\xd6;\xffs\xcb\xcfg Q\x00cJ\xbe\xdc\x22\
\xb0\xb0}\x84\xe0\xda/\xab\x0f'\x8dII\xb3\x80?\
*;\xc3\x1d\xb2\xae\x04\x8b\xb4K*k\xea\xd9\xc0\xd1\
\x0d\x9b\xb7\xe4\x87\x18\x5c\xce\x15\x11\x81\xac\x8eO\x03\x22\
\x22Bu1\xd3\xb5\xa8\x7fr\xac_\xa0\x89\x9c\x89\x88\
0\xd7\xe0\xb22\x90\x8b\xf9q\x95`\xbd\x9d\x9d\x1e\x8a\
A\xcc+\xf39|\x7fT\xde\xbf{[\xde\xbf}S\
^\xbf|Q^\x7f\xffme0o*#\xc2\x7f\xd2\
'z\x00UH(\x01X\xb2\x97\xb2\x8d\xf6\x0c\x03\xbc\
\x14P'\xa31\xd0r\xbd\xf5\xd4K\x9d\x13\xb0\xc3\x5c\
\xc4`L\x80E\x98\xdb\xff\xec\xf4\x90G\x87\xcb\xc7\xff\
#\xca*\x82\xe7q\x87\xc0%\xcc\x08Al\xe9+!\
nji\xfe~K\x85>\x16\xa2FMF\xd3\xfcK\
\x17];\xc7\xbaNL\xc6mb:\xed<5\x18\x87\
\x08B\x5c\x9f\xd7\xe8\x99\x8brt|Z\xbe}\xfeR\
\xa6K@YF\xa1\xa0\xf8l4\x06\xfc\xa7\x03\xc31\
0\x0d\xe1VB\xc5\xb5D\x19\x9b/\x88\xd4R\xa8/\
y\x8d`8\x82\x7f\xff\x9c\xf3{[\xeb\xe5\xeb\xa7\x91\
\xe6}\x18\x11X\x19\xc2\x8bS=\x8e\xdbj\x8c\xf2\x87\
x\x8b\xc4\xda\xa4K\xf0\x87g\xa7\x04*\xbc\x0b)\xd3\
\xaf\x1f\xa5\xed|\x1a%\xe0\x0d\xbch\x90\xa7\xd8\x8d`\
\x22\x98\xb0RpYp\xc2!\xf2\xc6[\x0b2M\x1b\
\xee\xd5\x06\x8f\x81\xb7\xfds2\xb1&\x13\xa98\xccz\
\x1e\xaf_\xfc\xa5\x0a\xa7o\x95\xb1\xf9\xf6\xfe\xb8\xdc\xbe\
\xb5S\xee=\xbc_\xf6o\x1f\x94\x87O\xee\x97\xfb\xf7\
v\xaa\xb0\xbb\xa9\xe5\xb7\x99\xc8\xfc\xe2o\xaf\xca\x9f\xfe\
\xf5e\xf9\xf6\xdb7\xe5\xf9\xb7\xaf+CyS\xeb\xbb\
\xf2\xdd\xf3w\xe5\xe8\x0dY{\xab\xb0\xc3\xa2RW\x95\
n\xd5\xed\xe9|QNf\x08:\x8bR\xf9\x87\xc6|\
4uH\xaf\x9d\xe9\xd0Sh(BG\x0a\xdfIC\
\x0d\x1bM\x08W\xb5\x10\xde\x9c\xf0\xba6\xefa\x181\
\x99\x0e`\x0dz\xfeK\xcbG\x19H\x93hr\xdb\x9d\
h[1\x14=<\x9b\xf3\xc5\xe3C\xf2\xe5\xc5!\xfd\
1\xc9\x1d[T\x96\xa4\xb2D\x0c\x8eA\xc8a\x99n\
W\xa4\xdb\xd8\x91vA*\xbb\xc2=XJ\x95\xdd\xc5\
L&-&\xe5\x01\x04\xf4\x82s\xc4\x80\xd4C\xe5\xec\
\xc76\x09\xcea{\x16\x83\x01hD\xf4\x87J\xcd|\
1?)'\xc7\xf8D\xec;\xb9<{[\x99\x0b\xa1\
\xbfg\xc1\x04,\x8d$QK\x80k\xea.\x0e\xe4\x00\
\xc6\x94|\x9a\xd9&\xa4\xa1\xa6\x85\xc8\xc9\x07\x131q\
M\xd3\x95\x11\x81k\xe8\xbc\x9b\x99\xc4\x7f\x06\xe6\xd1/\
~w\xb3\xbb|\xe7d$:\xd2w^9L@\x0c\
\xab*\xeci\x00\x00 \x00IDAT\xd4\x08nM\
\xc0D]H\xacm2\xe6`\xc4\xd1\xcf\x8d)\x84\xf9\
\xc9m\xde\x9aqt\xd7\x9b\xb9\xdcd\x96\x88\xd0j=\
\x8b\xfe\xbf\x92)\xec\xc5\x8f\xaf\xca\xcb\x8a\xc4zW\xe0\
\xc5 \xac\xff`\x00\xa2\xdd\xec\xb3\x05~\x0682-\
\x04\xd1N\x9e,\xc1\x96\xa4@~\xef\x08\xac\x1e\x12h\
\xc3\xfd\x89\xc8z|\xaf\x12\x99{w\xca\x08\xf3UL\
8ka\xbc\xbd\xb9 \xd9\xd6\x0f\xd9\x04\x1frA\xa1\
\x14\xd2\xfc\x0c\xf0\xc8\x8f4\xfe\xe9\xe1\xc5\xeb\x9e\xfc\xba\
\xcb5xo\xc7!\xb0\x08g\x02wJ\xf8\x0f\x14\xcc\
axK\x13V\xc3?\xe1\xbc\xf1\xb5\xafu\xa4EA\
\xf8\x9b\xb0\x14\x02N\x1f&\xd1B\xde\xfc\xf0\xb2\x9c\x9f\
\xbc)O\x1el\x97\x7f\xfaz\xb7\xfc\x97g\xdb\xe5w\
\x0f'\xe5\x7f\xf9\xc3\xad\xf2\xbf\xff\xd3\xbd\xf2\xbf\xfd\xaf\
O\xcb\xff\xfc_\x9e\x96\x7f\xf8\xc7\xa7\xe5\x1f\xff\xa7\xdf\
\x97'\xcf\x1e\x94\xfd[[J\xce\xcaz4\xaf^\x1f\
\x95\x1f\xbe\x7fU\xeb\x9b\xf2\xc3\x8fG\xe5\xed\xeb\xe3r\
|H\x06\xeas\x8d\xf1\x94\xb4L\x9b\xa32\xd9X+\
\xdbU\xe888\xd8)\xe3\xbd\xfbe\xe7\xe0\x8e\x820\
\x10\x1cZvr\x04\x91\x80\x8d\xb4\xde\x88nBS\xb5\
\x0dF\x02pJ\xa2\xa1\x97\x0c#\xa2\xd8\x01C\xc90\
\xf2\x0c\xfd\x99m\x1d\x1c\xc7\xf1\x07\xcaG\x19\xc8j\xd1\
Cx\x9f\xde\xc3\x19F\xed\xf3\xa0\xac\x94\xe0t\xcb\x1c\
1\xb7 \x84\x19I2\x14s\xc8<G<~\xed\xd0\
\xdd{u@\xc9\xabN\xa4\x05\xa6\x22L\x090\x02w\
:vn\x00G\x91Ru\xb0Y\xe7X\x9f\x04\xe0\xa0\
\xb1\x08\xf0xf\x91\x1d\xdb\xe9\xf4\xea3XKy\x80\
/\x05f5*3r)\x9d\x9f*r\xe6\x94\xe8-\
$_\x80(5\x89\x00B\x03V\x98\xach\x93\xdf\xc3\
\xeap\x93tb\xbfI\xeb\xc1H\xfaU\x08!\xa7k\
\x87((\xe6\xbf\xa6\xd2\xbe\xc5GQ\xbbvW5x\
_}Bw\x98\x81:\xfc\xba\xcf\x5c\xdd\xc7\xd9\xef\x8a\
\xebOdn\xd5\xdaEf\xff5\xf3f\xbf\x1b\x13o\
\xa3\x8d\xfb\xa8\xffs\x8c\xb8\xfe\xaa\xbcz{X\xfe\xfc\
\xfc\xc72;7\xe17\x94\xf4@\xb8\xbf\xaf\x03k \
)\xf9\x1b\x8e\xf3\xda\x80\xf7\x18\xd6\xec\x87\xec\x12\xdaX\
r\xf9\xeb/\x1fjR\x99\x99C\xf8>2\xa4W\x93\
\xc4b_\xc7=\x06\x92!\xee\x12\xc0\x86\x12\xd8\x12\xdf\
\xba\xbf~Y>\xfa\xb5\x96\x0e\xb6\x96\x8b\x88\x9c\xfaU\
jH\xc0\x97N\xf4\xe0N\x80\xb6tl\x1c\x0e\x1c]\
\xdaZS\xc9c\xe3t\xc2\x9ba\x138;<:\xd4\
:\xe6/\xde\x9e\x8a\xb6=>X/\xbf\xbf?\xa9L\
d\xb3\x1cl\xae\x95\xfdJ\xf4\x1f\x1d\xac\xa9\xfd\xde\xed\
iy\xf6\xec\xa0\xfc\xe1\x0f\xf7\xca\xd7\xbf\xbbW\x9e}\
S\xeb\xd7\x0f\xca\xa3\xcaT\xb6n\xdf*\x1b\x95Y`\
\xc2\x9a\x9d\xb3v\xd1B\xf9\xf7\xde\xbeg9\xe6s\xad\
z\xca\x12\xcaDc\x91\x1ae\xb4uP\xe1f+\xe8\
ch\x1b=\x7fG_\xb0h\xb4\xb5\xc1h\xd0\x5c\xfe\
\x00\xd6\x90\x94\xf2\x9cJ\x82\x0b\xa7\xa4\xd5\xfe\xb2\xf2\x8b\
\x18\x08\xa5\xcf\x91\xb4\x9f\xdc,^\xb4i\x1ez\xe9\xf8\
\x00\xa9Nf\x14\x89\x0c\xa9~\xd9\xe7A\x9bkv\x94\
f\x7f\x8e\xf7B2\xa8\x0f\xab\x039Z\x1c\x97\xe1\xd5\
I\xed\xf8\x0bM\xd2\xc16\x0dBju\xaf\xa1\xa31\
p\xc4\x03<$?ca\xa9\x0b\xd6\xb7\xc6|T\x7f\
/'|}\xe5\xad\xe9\xa6R\xa3\xc0pvw\xf7\xca\
xc]\xe6\x09\x98\x8eR\x96\x88q\xa4D\x0b@\x99\
`\x19\xc8Bz^\x22l=\x00Lf\x22\x00N\x02\
\x16\x94DD3\x09o\x12\x9a>!\xfe\xf5\x95\x9b\x19\
\xc9\xf2\xb7uH\xbd\x5cm\xde\x8b\xda\xae\xcb\xfe\xeb\x90\
\xb83\x81y\xbfI\x91!Q\xe6X$\x83`\x95\xca\
\xd4:\x1a3O\x02R\xdf\x8d\xa0\x89\xbf<\xff\xa1\xbc\
~?\x07t[IMdY\xf0\xa1v\xd7\xac\x16>\
E\xd6\xc9x\xff+Y\xf3\x18e\xf7\x02\xe7\x88\xb8y\
\xf4\xf0~9\xd8\xdf/k#\xe6\x828l\xb7\xdb\xba\
vQY\x1d#\x91i\xa2\x84\xa4\x19BW\xe2U\xbc\
lWU>\xf2\xb2\x9fHq\xefv[:\x9d}\xfd\
-1\x0e\xc6<\xf6\x05/\xc6O\xc1\x8e4\xd2\x08\x92\
IA1jj\xb7\x5c'\x1aP\xef?\x9f\xcf\xcb\xf7\
\xdf\xfdM\x13\x91\x99l\xcc\xc2s\x10\xfbYe\x00\xf3\
KV\xb24 \xb0\x1c\x00\xf6\x8eq\xa5G\xac33\
\xc2\xa1\x81/wk\xaaY\xe8\xbb\xbb\x9be\xf7\xd6^\
\xd9\xdfg\xa6\xfa\xb42\x93\x91\x82'\xf8\x14L\xa0\xb3\
\xd9e\x99\xd5\x1b.\xaap\xcc*\x97\xa3\xc9A\xd9\x03\
nd]I&\xd2\x09\xdeM\x08\x17\xe30m\x85&\
w\xcc#a%\xe0:\xfa\x90m\xd2\xe9\x9f\x82\x9d>\
\xcd_-\x1fd 7\xfd(\x81\xb6\xffP3\x8a\xae\
\x8a\xa8\x0fS\x95\xea\x80\xde\xdc2\xb6\xb9\xdf?N5\
\xacV\x96\x93\x9cl\xed\x97\xf3K\xd6'f\xa2\xd8i\
\x81=\xcc\x19\x5ca(f*\x10qR\xc7lM\x03\
\xac\xa9\xff\xa4\x98\x90\xca6*\x83\x0d\xec\x91L(\xa4\
S\x99\xe4C2\xb3\x9d2\x9c\xec\xc9\x1c\xb6\xc0\xac5\
\x1c\xcb\xdfAh\xefpH\x94\xceq\xd38\xbaj@\
\xeaBuW\xcf\xf7\xaf[nK\xa2e\xa0\xcd\xb6 \
\x9e\xfc%p'\x22P\x92\xc0j\xd7\xe7\x7f\x0d\xa5\xcf\
(\x1a\xf2.UK\x81\x1f\xaaM\x1aL\x13D\xf4g\
\xd7~\xbd_\xbb\xf3\xc1(V\xce/\xf5;\xcf_\xe0\
?\xf3\xfd_\xbe~S\xfe\xfa\xf2\x9d\x96\xb0\xa5\xfb\xd3\
IN\xae,\xf79\xdf\x90\xc3\x91\xe7\x16\x12J\xe6U\
\x80a\xc5K\x9c\xa2g\x9a\xf1\x8e\xa0r\xa5\xca\xbd\xf1\
\x83\xb1/\xf3*\xbf\xaf {w\x7f\xb7<\xa9Ld\
\x839!M\xdb\x18uZGh$9/d)\xcc\
\x1d\x18\x1e2\xd3\xb8#\x1a}\xc2\x91L\xce8\xdb\x8b\
\x92\xfc\x95\x97%\xd8\xef\xed\x0bc\x02\xce\x18S\xa8\x90\
\x05\x91\x0e\xde\x1al4!\xe3\x06XJ\x0b\x82j\xe2\
v\xe2q\x7f\xeb}\xe6\x85=\xff\xd7\xff\xb7\xcc/\xce\
\xc5(\xf6'\x83rk:(\x95\xce\xd7\xb1v\xff\x13\
\x8dux\xc6\xc4\xd5\xab\xf2\xe3\xdby9>\x9a\x97\x93\
\xc3Y99f\x9fh\xcf\xd3zLV\x8cS\xad5\
\x02<\xd5[\x97\xd1\x98I\xd0#\xa5\xda!\xd9\xd6t\
k\x5cv\xf6v\xcb\xf6A\xd5Zv\xef\x96\xe9\xd4s\
BVk\xa3\xad7U\x999\xe3\x1a\xe0$\x8f\x83&\
\xc3h\x0c8\xa6\xe3\xa2\xed\xbf\x10v>\xc8@~\xb2\
\xe8y\x09\xbc<\xd4/\xc6k\x9a\xa9t\xe7\x1a#\xe9\
1\x14E\x11\xf4>FL\x8764\x8a\x8d\x8d\xda\xa3\
\xdb\x8a\xbab\x99S\xa2\xa9\x8aLR\x83\xda\xe1^J\
T\x8b\x06\x81\xa4\xe7L\x10\x84\x00\xb0\xda\x97%\x86\xe1\
h\x5cdk\xab\xbf\x01{1{\xb1\xde\x87\x1dHE\
\xf7\xc0\xd9\xb5\xb5IV\xdf\xb3\xda\xb9\xe7\x9a)\xca\x8c\
\xe7\x94<\x96j2\x0f\xd9\xd4\xb9_\x02fO\xea\xa5\
J\xe21\xb1\x12\x10\xb3-\x89\x08\xcb\x08 \xcabT\
h\xedKH\xd2G\x9eO\xa2d\x1f\xdc\x5c\xe9/\xed\
\xb3\x8d~\xd36\x98\x8f\xce\x07\xd1P\xdf\xb0Mf\xa3\
\xdfw\xed\x964\xa3\xad\xdd\xb3\xfb=MG'\xa7\xe5\
\xbf\xfd\xe5{\xa5\xaf\x01\xf9U\xc9t\x00lU\x0d\xe6\
\xbcV1\x89\xb9\xd3\xe4\x9c\x9ey\xf5J\xad\x09\x01\x1c\
\x00P\x0b\xcc)~\x7f\xe4\x16[\x00\xac\x09\xb3/\x9f\
7\xed\xf5\xf8\xd6\xce\xb0\xfc\xfe\xcbGe\x9f4\xef}\
\xbf\xc7\x8a\x0f$\x99IKw\x02\xb3\x09g\xa8\xec\xde\
\x12\xbc\x8cS\x81\x84F|S\x01\x11\x09\xca/%\x04\
\xffY\xcb\x87\xf0\xc0\xe3\xeas\x86\x9d<\x910\x03\x5c\
t\x0cB\xcc&q\x15\xcb@\x9f9H\x1b\xe9\x8e\xad\
\xed\xf6\xab5\x15\xd2\xb1\xbf\xf8\xf6/\xe5\x87\xe7\xdf\x95\
\x97G\xa5\xfc\xed\xfdU\xf9\xb7\xb7\x97\xe5\xf5\xb1\x19\xc6\
\xc9\xe9y9\xae\xccc>\xbf\x929\xea\xdd\xfb\xf3\xf2\
\xfe\xe8\xbc\x9cW\x8d\xf7\xec\xe8X\xf4L\x94\x92\xc0\x8b\
\xa1\x83/x\x0f\x09\x1b\x95F\x1d\xcfX\xa3}\xa1\xfb\
\x1c\x9d:\x14}Q\x99\xca\xd5\xc6\xae\x924vBv\
h\x22!\x84[\xfbHZ\x1a\xf4\x98*\xad5ip\
O\xc8\x08\xd0h\xc7?\xa3|\xe8\xba\x1b\x19\xc8\xd2\xc5\
\xb1/\x00\xd5\xd6m\x09\xb0\xfd\x971<\x0f\xf4\x11\xf1\
v\x92\x9a:\x87z\xffcV><*NJ&\xd2\
\xaco\xe0\x80\xb2\xb6\x01\x000C\xd9\x93\xf6\x22t\xf3\
\x8a\xd0\xdc\x93\x82;\x1cN\x0a\xd2_i\x19\x17;\xcc\
y\x17\xcf0\xb7\x13\x12\x07\xbbCo/\xaa\x86\xe3\xf5\
\x87)L0\x5c\x1f^j+_J\x02P2\x85v\
\x8c9\xca&\xa9\x92\xc0\x17L\xc2\x00\x9a\xb5#dK\
\xc0\xdco\xaf\x05\xfe\xf6!\xe4\xf8\x5c\xcbR\x7f\x88.\
\x9b8\xbb\xa6\xcf\xc85X\x83K2\xe3\xec\xe3\xbc\xae\
\x8dAw\x17~\xc5\x9d\xd0t\x9e\xbf\xfc\xb1|\xf7\xea\
\xa8\x9cE\x90\x1c\xd2#|A\x0c\xe4\x82a\x06\xa6\x80\
#\x0dV\xdc\xc1\xa5\x07\xde\x82\xb5\xeeLW\xae\x04\xbe\
\x0b\x9d\x1f\xd6\xcd\xa3\xfbw\xca\xc3\x07\xf7\x94C\xa9\x0b\
\xe7e\x0e\xc8\x8a&\x22B\xd1\xcd\x89jZ\x87p\xa8\
\xb7\x1fx\x98\xb8id\xe4M\xf2\xf8\x13+7\xe1\x0b\
\xe3\x1bc\xbd\x8a{\x1d\x5c\x18\xff|\x0d\xb8\x1bm\xd2\
\x10\x03?5W\xa43\x95\xda/\x97\x8c\xc6\xf8\x8e\x7f\
\xed\xd5\xab\xd7\xe5_\xfe\xe5\x8fU\xcb\x98I\xe0%\xab\
\xc1\xab\xca@\x9e\xbf9/\xff\xf6\xe2\xa4\xfc\xf9\xc5\xa9\
&\x0d\xb2,\xc4b~Zf\xc7D\x7f\x92~\xe9\x8a\
)\xeae\xadnq\x98\x0f\xa4U\x0e\xca\x083\xd7d\
T\x06\x9ac\x82\x19\x9d\x85\xa8\x10\x1a\x06ek:*\
\x93\x110\xb1]&\x95&2\x0f\xa5\xd1\xcc\x06\x07Y\
\x93\xae\xf6}\x22\x1d\xad\x15\xb0\x8a\xdc\x03-I\xf6\x0d\
'\x82\x9fA\x06D\xc5\xb1N\xfc4\x1c\xdd\xc8@>\
X\x02`\xdba{\x99\xc0\x22=\x1d-\x84\x8f\xb0?\
\x04\x86P \xd6\xcd\xcf\xe1\x0f\xea:\x02;\xafUv\
1\x90\x8a\x5c\xa3\xf1N\xc1\x92\xc8\x02.\x8b\xcb\xd3\x0a\
\x08\xe6\xfe,\x14\xa5<Y\xc5\xd9P\xab\xcea\xe6\xc0\
3\x18 \xceTN\xee}\x90\x1b3\xd7\xb8\xfe\x84\xcc\
\x99,\xfc2\x92s\xde\xd1Z\xeb2E0\xb7\xa0\xaa\
1^\xbf8\x00\xa8\x1f\x09\xd4\x97J2\x1c\xd4\xc7\x0b\
3\x98\xcb\x8e\xb1\xd8\xf1\xdb\x01\xa7\xf6e\xc3\x08 /\
&(\x02f\x01w\xaf\xdc\x84\x1c\xbf\x95r\x13i\xee\
hy\xee|\x04\xd0\xf3\xe7u\xab\x00%\x8d\x85\x8f\x0f\
\x8f\xcf\xca__\xbc\xaa\xc4\xc0\x1a\x07\x9a\x05\xd2\xe0y\
\x05\x9fy\xe5$,k\x9af\x0e\xb4^LRT\x9b\
\xaa\x16j\xeb\x9bB\x80\x07\x13\xa9|\xafE\xfc\x03K\
\x16ZV\xf9\xcb'\x8f\xcat:\x15\x03\xb1\x96qs\
\xcd\xf3\xfd\x95\xe8l\xe3\x1e\xd8/\xc2\xfc\x10\x11\x86 \
\x0e\xe0\x12O\x14G\xfb\xb4\xca\xb2`\xd1\xed'N5\
\xfc\x8as\xfc\x7fEK\xe2\xa0\xf6\x0375F]\xc4\
U\x0a\x87\x1e[\xc62\x18\x07\xb8\xbc\x82\xff\xfc\x96\xec\
\x14\x7f\xfa\xb7?\x95\x7f\xad\xda\xeb\xfb\xb3\xab\xb2\xb91\
({[k\xca}\xb6\xbf3\xae\xcc\x81\xa4\x9c\x11\xce\
\xbd@\x94\xad\x22m\xdd_+\x8a\x03-\x17\xb3y\x99\
\x1d\x1d\xe9]Iyrr\xc6\xd2\xb9U\xd3=\x9eU\
!\x96\xb9NW6\x8b^X\xcb%\xbboY\x9f\x96\
\xb5\xf1\x96\x12s.1\x8d\xa1#\x01\xfb\xe9LD\xa3\
{\x9a\x074\x16\xb7\x82i-\xa7\x87R\x8b-|\x80\
9\x16\xb6\xbb\xfe\xfc\x08.\xddP~\x11\xb4%\xf3\xd0\
\x83\xe3e\xc53\xa8\x02p^\xbc\xc4\x0b\xf2\xc2Q\xd5\
\xc4G\xf8C\xfa\xb5\xaf\x8aq\xbc\xc1\x0a_\xe3mI\
\x83\xd8\x1a\x15p[;\x11\x87\x15\x83\x08s\xc0\xc6\x8c\
\xc9\x01\x1fF\xa9\xcca\xb06\xd6s\xd1H\x84K\xd8\
\x0e\xeauz\x9e|#\xc3\xaa\xd1l\xfb\xda\xcaP`\
B\x84\x87\x1e\xbe}Y\xa5\x82#\xe5\xcd\xd2z\xde\x0d\
X,q\xd8a\xbe\x08\x02\xe1\xf6\xbeD\xa2\xad$\x9a\
\xa8\xfd\xfd8F\x86\xb5\xf4cDh\x92P\xfc\xfdV\
~\xaa\x5c\x07\xe8\x06{\x81\x02&\x197]Y\xbaK\
\xfa5\xda\x09\x07~\xfb\xfeHQx0\x04\xc1\xd5e\
\x10\x9bZ1WQ\xe5\xbc\x07\xe1a*\xe7\x98\x19<\
\x09\x12\x98\x99\xcd\xce\xcb\xd9\x8c\x1c^D\x88\xc1d0\
sZ\xc3I\xc7:\xef\xc7\x9a\x22\xe3Q)O\x1f\xdf\
+\xb7\x0f\xec\x14\xcd\x14\xef\xce\xba\xd0\xd3@t.|\
!\x0dWz\xdaH\x09\xd3\x85\xda\xe1\x1d\xc61\xfa\xa4\
Ch\x13\x89O\xb2\xf4\x99H2\x8d\xc4\xa9\xc0\xaf\x02\
\xfe\x81{\x89\xb3K\xb8\xa9\xa8\x9c\xb0$\xf88\xb3\xf9\
Z \x08\xc6!A\xd2\xe7me`{Q~|\xf9\
\xb2\xfc\xf9\x8f\x7f*/~<*\xef\x8e.\xca\xbbC\
L\xed\x97v\x9a\xaf\x0f\x15\x94\x83\x961\xd9\x9c\xc8\x0f\
{Q\x85Z&>s?`\xe7\xfd\xbb\xc3r5;\
\xab\x02\xf2\x85\x9c\xe5\xac\xa8I2\xd1\xf9\xfcBk\x1d\
\x1d\x1f\x9e\x96\xf7DeU-\xe6\xf8\x84)\x05P\x11\
V<\xdc\xbcN?{\xb4\x13xP\xa8o\x1c\xe7d\
W\x8esk\x92\x9d\xc2\x87\x0e\xe2\xb8c*\xb4'\xad\
7\x9e}\xb8|\x9c\x81\xc4\x8f\xf3\x01q\xf7\xae=\x1f\
*\xe3\xaf+\x1f\xa1\x17P\xb5\x84\x94\xd7$\xd7\xcc\xe8\
+#@rG#\x08\x9dT\x86\x13\xa5!\xb9\xba\x1a\
\x94\xcb\x01\xd9,\x17\xeal:_\xc8\xc9,d&\xe1\
0(\x22\xfc\x17~\xa5\x85\x19\x0c\x80\x81\x96\x82\xa9\x80\
IF0\xa1\xc5\x05K\xd8\x9eUd\x9f\x89\x111\xef\
\xe3\xfd\xeb\x1f\x0a>\x10\xd6\x8bP\xca\x8b\x94B\x1a\x13\
\xa1^X\x9dM)S\x80\x18\x1aGl\xc5\x10R\xda\
\xd11\x1a\x10\x80\x1c\xe7\xcc=\xdc\x16\xe5c\xcccI\
\xe2\xfa\x5cK\x82T\xdb\xa1OZ\xa3/\x09P4\xa1\
\xf4A\x7f?\xaf\xcf\xbf\xd5\xdf\xb3/\x06!x\xe9\xc3\
x\x0c\x97\xb61\xae0\x04\xc6?\xc6-\xa3\xc7\xcc0\
\x88\xd2\xf1,y\xa7\x0b\xef\x22\xf8\xfaB\x03\x92\xe8\x83\
\x83\x9d\xf2\xe4\xd1\x03I\x93^X\x8a\x15\xee\xd0\x94\xfb\
)N\x92\xa1\xd8\x94\x95\xceu\xe1\x88\xb4g\x88\x03\xe7\
\x02\xa7\x02\xd7x\xfd\x0c\xb3\xcf\xef\xfb\xd4\x8bq\xab\xdf\
\x90L\x9b\xfd\xae\xff\xad\x81d\xe5\xb8\xc3q\x9f\x0b\xa6\
\xd1\xb4\x92\xab\x153V0\x94\xba\xcf:C\xaf_\xfc\
\xadj\x0d\x87\x8a\xde\xdc\xadZ\xc7\xb8*\x0ar\x8a\x9f\
\xb2\x08Z\xa51\x99\x14\xf4\x12\x9f\xc8Ee \x8e\xd8\
\xba\xaa\xe3\xb7^\x85dR(\xc1(\x8e\xde\xbe/\x97\
d\xbd\xa80s|tZ\xe9\xd2\x91V)d\xb5U\
\xc2|1\xd9\x13\xc57\x1c\x11\xb1\xb5\xa9T\xf2M\x03\
\x09z\xda\x85\xf8:};\xe3\x7fm\x86z \x8ba\
\xc50\xd2\xc1N\xc0\xbd\x81\xe7\x17A\xcd\xc7\x19\xc8\x87\
\xca\x0a\x90&\xf2\xb5\x97\xd3q2\x12$$\xdb\xe5t\
\x9c\x5cS\x8c&\xccZ\xe2\x96N]\xb21\xd9Q\xfb\
p\xe8\x01d=\x0f\xd4F1\x11$\x8az\x0f\x06\xc0\
\xc8\x85\xd3\x13u\xcf\x99X\x09\xe1%\x12K\xc0Q\xaf\
\xc6\x01O\xfa\xf7A\xbd/\xf7\x1eOw\x94\xb3\x7f2\
\x19\x95\x8b\xf9iarX\x1d!1\x10\x87\xee\xc2|\
\x02\x90Z\xe8nH$\x02D\xae\xf1\xdc\x93\x94l\x5c\
;F\xd2\x01m\x9fxt\x84\x88k\x96\x18D\xb4u\
\x87\x9f/\xf3\xe8`JG\xbd\xfdh\xe9\xd1\xc5\x06g\
R\xc1\x13A\x12\xc6\xe2\x02\x1d\xea\xc2\xf6\x9b\xf8\xa1\x7f\
Y\xaf\x9b\x8c=\x1b\x5c\x9a\xa2\x84\x00\xfb>rL\xd8\
\x5c\x88\xb0\x10\xddDC4\xea~8CY\xc9\x12b\
?,\xd6VC\xb8X\xc8s\x12c\xcf\xc6\x1a\xc9\xd6\
tX\xb5\x90\x87e/\xd2\xbc+z\x10s\x15\xe6\x08\
\x18E8\xd5\xad\x85p\xdc#\x10\xc0<\xb8\x93\xdey\
}K\xef\xe3\xe8\x87\xe8\xa2O\xad\x5c\xc3\x8b\xde\xf1\x15\
\x9e\xaa\xc0+\xfd\xe5\xbe\x8e\x03G\xfb\xedb\x08\xe1\xff\
\x08\x1c\xee\xccT=\x9c\x97\xd0\x18!\xbdQ\xad\x99\xce\
\xcb\xebW/\x95\x19\xfc\x92\xa7\xd7~\xc7b2\x9d\xac\
k2\xe0\xc6\x18\xa6\xbfV6*}\x19\xad\xa1\x91\x0c\
\xca\xf6\xd6\xb8lnM*0\xcde~\xc4\x14~v\
r\x22\xda\xf3\xbe2\x91\x1f\x7fxU\x19\xc7;1'\
2h\x00\x8b\xf8\xe2X\x17\x04\xe1\x021x0\xdcP\
\x14_3g\x06c\xe83\x83\x16m\x15t5q\xca\
\xe7\x02V\x8c\x18\x06\x9d~Y=\xfe\x19\xe5\xc3\x0c\xa4\
\x7fw=\xd7\xe8\xba\xb4\x8d\xda\xdf\x97z\x0de\x17S\
\x08\xe4\x96\x96\x11\xe6+\x1d\xf7\xd4\xacVa\x0cU*\
\x1b\xef\xa83\x90\xd6X\xcc\xa7\xaa\x1bE\x8c#\x06\x9f\
}\x10I\x03_\x89\xb9:\xfb2b1\x0b\x93\x03\x9d\
\x98\x8e(\xab\xd1hR6w\xef\x96\xe1\xc6~\xd9\xd8\
<(\xdb\xfb\xb7\xcb\xdd\xbb\x0f\xab\xd40\x14sZ\xd7\
\xd2\xb5\xa4|\xf7\xc43OT\xb3Tr\xbd\xe65\xbd\
\x1a\xdaFS\x8fs\xcb\xbb\x85\x84*z\xc3qP\x92\
\x04\xf2\x9b\xca5$\xf9,K\xc2\x91\xf6:\xb8\x12b\
\x0c\x9a\x00\xd2\x90\x80\x0d\xd7\x02C@\x1fp\x95\x7f\x5c\
\x0b\xdc\xf9\x8c\xee\xa8v\xfd\xbe\x08\x19o\xed\xed(\xe9\
\xa1\x11\xcc\xa6V3\x06*`\x1cH\x19\xef\xa0\xa7\x0d\
\xd0o\xb3x/\x05$x\x0f\xe6\x8a\x8b\x0bLb6\
i94\xd9\x8c\x09\xb8~xg\xbf\xdc\xbbs7\x9c\
\xe9}\x8d\xa3_\xd7\x9c++$\xcb\x0eO\xfa\xfb\xdd\
7J(\x8b\xfeR\xbf\xb0\xf5\x9b\xb57\xfd\xb5\x97k\
\xf8\x11\xc7|\xe1\x92p\xd6\xf0L\xe8\x19\x97Z\x83L\
<\xb5\x05!\x99G\xbf\x82\xb7)D\xf6\xb4\x8fv\xde\
\x8c\x85E\xe9\xbe\x7f\xfe7-Jw\xca\x84\xd4:\x0e\
\xa4&\xc1\xa9\xaeH\xaa3\x22\xb0\x08\xdd=\xab\x0c\xe2\
\xa8\xbc\xfa\xe1uy\xfb\x8a\x5c}\xef\xca\xbbW\xaf\xca\
\xf1\xfb\xf72\x9d#\xe4b9\x81\x99\xe0\x97\x85~a\
\xce\x9a\xcd\xe7\x9abpvr$+\x0b\xfe\x92\xab2\
\x8a\xc5\xac\xd2'fZZz\xfby\x8c\xc7E0\xcd\
9\xf6i\x0b\x9a\x9b\x13\x06SC\x11\x8d\x0e\xb8n\xdb\
\x06?\xbap\x89a\xf7\xcb\x87\x19H\xaf\xe8\xa6\xed`\
\xd1\x1e\xd41\x8dn?\x1f\x9e\xc0\xac\x84pzI\x03\
~k\x8b\x8f\xb63\xdc\xc7\x1b\xe3\xcd\xaa-lj\xb0\
i'\x01\x22\x8err\x5cY\x02\xdbP%\x9cW\x08\
S\x91n2\x99\x96Qe<DV\xc1\x80\xe8\x0c\x9c\
\xe7\xeb\xa3\xcd\xb2\xb5wO\xd1\x5cHq\x92\xfe\xb6\xb6\
u-6o\xd2S\x0c\xaf\xac\xb94\xd55\xd4\xd7\xae\
\x02`h\x1c0+K.-z#\xf6\x0ddf\x0a\
\x1ds\x88*m( 8Z?T\xae!\xc7\xe7^\
\xc4\x15\x0cO:\x00ND(\xa3\x06a\x17\xf0\x87d\
\xde\xd6Ah\x8eE#\x9a\xc2\x19{H\x06\x82\xa1u\
\xec\xefl\x95;\xb7\xf6\x94\x9a$\x99=s\x86\xb8\x84\
[[\xc8I\xc1\xc7B\x10\xd9\x0bF\xebh\xcb\x86g\
\x9b\x9cX\xee\xd6\xf6\xef\xf5\xaa\x8d\x8cF\xa1q\xc7w\
\xe8\x91\xb1Eh\xb9\x7f0-\xcf\x9e<\xa8R\xe9V\
g\xb6Z1a\xf5'\x16\x8a\x91\xf45\x11j\x0bJ\
\x09\x1c\xa2\x9bD\x18b_\xdf\xd2\xed\x7f*\xe5&<\
\xc9\x96n\x1b\xb8\x18\x02\x9epPL#\x19\x0c\xf7\x01\
\xe7i3s\x10.7\x86\xdf\x1dw\x02a2\x0f_\
?\x9b\x9d\x95W/\x9eW-\xe4\x8dLT\xb4\x9d\xcd\
h\x8f\x90\xef\xd3\xf32\x9f\xd5JZ\xa4KO78\
\xab\x0c\xe1\xf0\xe8\xa4\x1c\xbd}\xa3\xa5(\x08\x0c\xc2\xdc\
5;=\x95O\xf7L\x91\xa03i3\xac}t1\
;-gGG\x82\x0d\xa66\xd0\xbe\xd6\xe6\xb6\x19\xbe\
\x9bo,\x98\x81ho\xc0\xaa\x80\x18\x00h\xe7\x0d\x0c\
\xa6\xd7\x86O\xa1\x98\xb6\xfc\xef\x1e\xe4\xfc\xb5\xf2\x01@\
\xfaY\x0c\x84\x927\xd5\xc3\xbd\x93\xff\xc5[\xb8JM\
\x8aj\x86\x12H\xde;\xf6~\x02\xbe?\x8e\x8e`\xf6\
9\x0eq>\xe3\xb2\x10\xbf@\xactU\xf7X\xdf\x01\
\xa7e\xad\xf8*..f\x1e\xcc\x0b\xb4\x13\x10\x1ef\
\xb2\xa1\xfcWFr\xec\xca\xeb\x95!\x8dt\x1d+\x12\
nn\xefH+a2\xe2\x19\x0e\xacr.\xed\x06n\
omfU\x12\x01h\x02\xb8\xa8\xa8\xaab2\x06\xcc\
d$\x09\x94\x8e\xb6\xea\xa9\xd2\xda/:V\x11\xe0&\
\x83\x89r\x032|\xae\xc5\xf0\x99\xf0Tk\xb3\xc7\x1a\
n\x0cW\x80\xab\xdb\xac\x15\x00C\x1dch5\xda\xc5\
4\x12\xce\xda9\xfd\xba\x8c\xc7\x1b\xe5\xf1\xc3\xfb\xe5\xd6\
\xee\xa6\xc6\x17s\x01\x9a\x83&v\x81\xf02q\x04\xc1\
I\xc4\x1a\x98\xa9\x08\xf9\xf2\xfdx\x86*\xfb\x98\xa2\xbc\
v:v\xeb\x06\xf3q\x0f\xbfy)[\xe3a\xf9\xea\
\xf1\xbdr\xf7\xf6-\x9b\xa8\x22\xe2\xca\xa6\xabd\x16a\
\xc2\xa2-\x19\x86\xbe\x81{B@z\xf7\x0fi3q\
\xa9\xbd\xecgT\x84W\x81c\xbd\xc6\x0e?\xdb8\x86\
\xf0'\x9e\x02N\x07^^\x99\xc9\xa0\x0d\xf4'\xb3\xa6\
\xd0h\xdc7\xc3\xa1\x1dZ\xf4\xa6j\x12?~\xff}\
9<\x99i\xae\x10k\x9e\xe3\xb7 \x82J\xf7\xadc\
\xc0\xf4\x83ye\x04d\x04g\x9e\x19~\x11\x9es1\
\xf3\xf2\xcc3\xe6\x88\x9c\x9e\x89\xce\xcdN\x8e\xb5\xe4\x00\
\x8cBZH=\xc7\x04w`s4\xdd)\x97\x03O\
\x9e\xf6\xa4\xe9\x1c\x7f\x8f\xf9\xd2~\xc0yw\x0d\xb0`\
\xe8[\x82\x9b~-\x86\xed_Z~\xf2\x17\x02\xf9\x06\
\x8c\xdd\xbe_\x82\xad%\xba|E\x1a\xf9K\x04\x8e\xd7\
\x96pdF\xc1N\x00z\xcf\x8e\x07\x97e\xa68\x05\
\x8d\xe3\xf8\xe8]8&\x07\x1a\xe0\xe1\x02\xad\xc1R\xdc\
d#\xd4\xb8\xaa\x8d\x5c\xa2\x8d\xd4-\xf7Y[GC\
\x19W\x09\x90\xc4d\xac#\xb2'\x8d\x05\x89q\xba\xb5\
oI\xa12\x9d\xd9\xf1\x1b9\xd5\xb5\xca]\xe4\xd3\xea\
\xec\x9f\xaeN\xef\xdc\x93<\xfaZ\x89\x9c\xa3\x1d\x13q\
\x5c\xb9\x99\x080h@5\xf0\xfah\x89m\xfcVn\
(\xd9?\x19\x90\x01x\x18\x9e\x12\xc6\x0d\xf4\xc9,:\
\xa6\x91\x84\xd5DV\xc4\x16\x87\xb3|d\x9c\xeb\xcf\xa7\
\xb0\x04\x8f\xb6p\xf7\xce\xad\xf2\xf5\x93\xfbeo\xca\xbd\
<F\x0a\xe5$E\x05\xc1\x1a\x84Q^\xd9\x0e\xad\xca\
\xbe\x18\xcc\x95V\xb1\xd4\x84B]\xef\x88@\x82:\x9c\
\xc7\x10_I\xf7\x8ef|A\xba\x16fJ|\xe2\xbd\
[;\x9a\x99>\x1e3'\xa93c\xf5'\x16\xa6#\
\xbd\x1f\xd6\xcbV\xf8\xc67\xf2\xe2\xd1\x0fz\x88:+\
q\xee\xd3-7i!K\xc5\x9d}\x8di\x04\xd7\xd0\
\xb1\x18\x86\xf06q9\x99F0\x09\xaa\x04\x89\xce\x94\
\xd5\xcc\xdb\xfc]\xe1L?.\xaf_>/o\xde\x1d\
\x97\x13&\x13\x05#\x82\xf8+\xaa\xaaj\x170{-\
3\xa0\xcc\xe0,~w\xa81B\x90%\xf3\x05ow\
|\xf4\xb6\x1c\xbdyY.\xe7\xa7e~\xfa\xae\xd2:\
,.\x03\xd36R3\xd5\xfd\xd1\x98u\xd7w\x0a~\
\x10\xe8[\x8e{c\x14\x08\xce=z\xda\x84\xab\xa0\xd3\
\x99\x1f\xcb\xc8\x14\xda\x87j\xb6'\x0ez?\xe9\xf8O\
\x95k\x0c\xa4=d\xb5\xd0\x04R\xebt\x00\xec\xc0K\
$\xea\xa8}P\x00\xb4\xae\xe5\xc3\x96%\xc4\xa6rE\
{V!\xd2\xc6\xb6l\xc8<CY,\x95$\x11\xc9\
\x8d>\xe4\x7f&\x0d\x0e\x94+_D\x9e\x99\xe6\xf5\x98\
\x81\x01\x09\xc9q\x84\xae@\xe4VY\x9b\xe8\xf9h5\
h\x1f\x83\x81\x81\xe7\xf8\xdd\xab\x0a\x18\xf3Bd\x16j\
h\x17q\x01P\x18\x00:\x95u\xb5\x86\x1d5\x1cs\
\xb9\x8f\x1b\x8f{\xcba\x17\xc0\x95\xd2\xab\xfe\xb4\xcf\xb9\
\x1e\xe0'si\x80\xfe\xf9\x16\xc1I\x02\xb2\xb6\xfc\xbf\
\x0c#\x16>\xba\x0a\x02y\x1f\x09\x9dZ\xf7\xd7\xa2\x06\
\x13\xe9\xdaz\xfbu\xbb\xb3\xb3]~\xff\xe5\xd3\xf2\xe8\
\xf6\xb4\x90\x86\x88\xe7\xca\xd9)\xf3\x94C!\xbdVz\
Q\xbbx\x9a\x88\x10#\x18\xce\xf1A\xae\x11\xd2\x85\xee\
\x12\x06\x8cy\x95v\x98K7\xfe\xccO\x82 x\xd8\
i\xdb\xda\x5c/O\x1f?(;\xa4y\xd7\xfb\x91\x8f\
\xcdZ\x87\xa3\xaeB\xf3\x083\x96\x98\x87p'\xbe\xe5\
\xc6\x1a}'\x01\xad\xdf\x9f\xb9\xff\xe9\x94\x863=\xdc\
\xb9\x86k\x8c\x8f,\x07\x92\xea\x96q9\xff\x1a\xee\xdf\
P\xc3\xbc\x95\xb50\xce\xb9\xbf@\x90\x98k\x01\xba\x93\
\xf7,}}YNO\x99\xe0\xec\xe5&\xa8,q;\
\xd3\x12\xdb\xf3rx\xf8^\x99\xa01\x89\x1f\xbf\x7fe\
A\x163\x16\x996\xeaoN\x0e\xdf)\xe0g~\xf2\
^Y\xc2\x99\x83Bx\xf8\xc9\xf1\xb1\xb2d\x8c\x86W\
eZi\x19S\x17Fc\xd2\x9a\xac\x99A,\xe1\x04\
\xe3\xdc\xc1\xc2b\x18\xc2\x86\xe8u\x8f>'\x8c\xf0\x9b\
\x80\x0b\xe3\x1ft<p\xb1\xf5j\x94\x0f\xc0\xd05\x06\
rS\x090\xf4\x9f\xc6\x8b\xff8\xb2\xaf\xc2\xfb\xber\
Y\x9d\xea\xb8\xe3\xf2\x0cI\x902\xae\xe3\xa3j\x1do\
n\xd6\x9f\x8fu\x1f\xd4=\xec\xca\xa5@\xe0\xcf\xeb[\
\xae\x172\xf1:\xd1\xe1B\x91PD[\xe9M.Y\
\xd7\x1c'\xba\xd3\x02\x90C\x8b\xc8\x059\xd6\xaf\xe6\x22\
\x08\xb3\x13f\x83\x92:\xd9\x0bP\xad\xaf-t_M\
N\x04\xe0\x02(2\x9a\xaa\xaf\xaa\xa6tb\x93T\x00\
'\xd7\x0ap\xf9m\x9fP\xb8r]\xab\xbf\x95\x8f\x96\
\x0e(\x03\x82\x00\xe2\x94Th\x03\xf8\xa9\x89\x08\x02\xfc\
 \xa42\xf9X\xdb\xb5\xaf\xa0s@\xaf\xa7\x14\xdf\x88\
.j?\xf3\x8c6\xca\x93J\xb8\xbf||\xa7L7\
\xac\x19[;\xe6iu\xbc\xf0[\x15\x86\xce\x8d\x82\xf4\
\x81'\xc4\xa2\xb9$s\x01:\xb5\x8eMHv\xfa\xbd\
\xff\xd3{\xb3\xaf9\xefH\x91\xf1]\xdds`L\xac\
\x99~P\x1e\xde\xbf[F\x1b13\x9d\xf7\x87y\x88\
\x89\x10\x95\xe5\xbcY\x9e\x13R5\xa9\xf86\x9d\x0fm\
\xaaK\xddm\xa1\xce\xef\x10h\x9d\x0f\x8e\xbe\xfd\x1c\x8a\
G\xafW\xcc;\x8c\x9b\x12\x00\x82\xf9xG\xfb\x0d\xf7\
\x85\xd7!\x0c\xaa\x0d\xa6\xb1l\x99\x80\x89xm\x11\x0b\
\x0d\xef\xdf\xbc-\xe7'o-<\x88i\x15QU\x96\
\xa0`\x09\xed\xf9\xe9Ie \xa7b\x22G\x87o\xcb\
\x09Z\xcb\xf7\xdf\x96\xb3#|'31\x1f\xbdO\x1d\
?\xa7RZhq;\x22\xbd\x0aS\x17f\xfcv&\
_\x89\x84R9\xda'2\x93\x9a\x01Ps\xa2vh\
\xe8I{\x8b \xa2\x83\xd1\x80\x8f\xdc\xc6\xd9\xb6\xbf\xd4\
u\x0d\x96?^>\xca@\x04\xfa\xd7nd\x00\xf53\
\xfb@\x1b/\xd7\xab\x9c\x97\xe7\x9f\xe3\xe0\x8e\xda\x06\xd3\
H\xceh\x7f\xc5\xae9g\xb9\xa8wD}d\xf9\xda\
\x91\x92\x1e\x9e/\xd64\x19\xc7f\x09\xc2%Y%\x10\
d_\x93D\xc0\xbd\x8e\x0f_\x8bY\xc8\x86y\x81\xdd\
\x91Ap\x9e#f\xb7\x83\xc8,e\xcb\xc0p\x99\xd6\
\x18\x09\xc0i\xe6)I\x1c=SU0\x8a<\xce\xe8\
\x0d\xc97\x01d\x02\xd9`.\xadR\x02\xa0:\x86\xd2\
\xf5`\xbb\xe6\xb7\x12%\xe0+\xe1l\x09\x8eR\xe0H\
\xa6\x91\x128\xfb\xe1\xc4\x0e?\x82\xc2b!\xae\x10\xdb\
\xa1}\x0am\xb2\x1e\x04\xb9\x1e\x1f\xec\xef\x96\xaf\x9f>\
*\xb7\xb7\xc9h\x10C\x83)\x8a1\x04d\x8b\xfdn\
\x16\xce`\x00\xf9\x8a:iX\xae\x7fJ\xda\x09\x8b\xd0\
q\x9c\xce\xf7\x8f\x1fe{~^+\xb5\x91D:w\
\xf6&\xe5\xeb'\x8f\x94\x1dZZF3_9\xb1^\
:\xd3=_$\xbe\x874\x17,C\xd0\x1c\xa8\xc6\xb3\
\x86s\xbc]\xb4]\x7f\xf0\xa7Un\xd2Bt\x18\xe7\
\x1a3I\x1c\xd4\x90\xf5\x04A\xf6\xc1a\xf6uY\x0a\
\x92\xd4\xd08\xdb6\x98H\xfb-&+\xccP'\xe5\
\xd5\xf7\xcf\xbdDv\xfd\xdd\xe1\x11\xcbe;\xed\xd2\xe9\
\xd1a\x99N,\x1c \x10_\x9d3u\xa0\x0a7\xe3\
\xcd\xcaH\x0e\xe5\xb7%\xba\x93\x9c}\x8c9\x0c\x05\xa1\
\x16\xa7:>\x92\xa4+\xb2\xc4\xc4\xb7(=\x13f\xf9\
*t0\xde^\x0f\xc4\x02y\xf3\xcf\x09\x18S\xb8\xb9\
\x81F\x0b>\x02^\x05\x22>\xe7\xea.\x8bV\xc1\xfa\
\xc7\xca\x12\x03i\x08\xd0ok;\xddC\xbb\x1a\xc7z\
\xc1\x8e\xf3\xf9\xa5A6\xabSyM\xaaVj\xcb\xfd\
zn\x5c\xa5B\xc2w5\xe5\x8f\x0e\x93\xbd\xd9\x93\x05\
\xe97M\xce\xaa\xe7\xe8p:X\xe9\x96\xa5!\x04\x80\
\xd4\x01 =\xfbp4Q\x87c#\x9c*\xbe\x1f\xdf\
\x0a\xfe\x11f\x9e\x9f\x97\xc1E\x1d\x94Z+;Rt\
DJ\x1c\xa9\xc6\x02\x00\xcb\xa6+\x80'\xd5\xd8\xce\xb9\
\x06\xd0\xf5\x7f\x9bQY\x1dp\x19t\xd5\xf9j\xeb\x01\
xo\x7f\xa9\xfd3,I\xf0r\xdf\xf0\x14\xc2E\x83\
\x0f\x0b K\xd9i\xc5$R\x12\x87Y\x04\xe1\x0df\
\x81\x93\x91*\x89=%\xfaZ\xd1L\x9f>\xba_\x9e\
\xde\xdb+\xe3u\x98\x83\x09\x84\x88G\xcc\x1e\xd7\x98\xc6\
\x04@\x8du\xc1L\x15\x0c\x81w\x04)\x95F\xc4p\
L\xb8o\x06\x83\x98N\x99\x11ylM\xb8\xf4\x95l\
\xf3\x1b9W\xb7\x9b\xa3R\xbeyz\xbf\xdc\xb9}\xa0\
\xf7\xb5\xd3\xdca\xe8\x99\xb1\xd7\x8e\xf5`\x82|{\xf6\
C\x12\x8e\xd0DJ\xeb\x9b\xd5\xfe\xd4!-\xd1\xdf\x9f\
hY\xc5\xb1\xac\x1c\x86\x90\xd7\xe1f\xe26\xe7\x13\xe7\
;\xebCj\x1b\x1d\xde\xfb\x9c\x8e\x83\xf6$\x8d8\xaf\
\x82\xee\xcb\xef\xbe+\x7f\xfd\xf3_\xcb\xfbw\xc7\xe5\xec\
\xf8\xa4\x1c\xbd?*gg\xe7\x95I\xc0\x08N5\x9d\
`2\xd9*[\xdb\xbbe2\xde(\xbb\x07\x0f4n\
h\x18Z\xae\xbb\x90\xf1\x1d\xa1a,:\xc48!$\
\xa7\x0f\x0fZHJ\x93\x89R\x99\xacI\x0b!c\x87\
p\x05\xba(:\x1b\xb0)\xfa\xea\x9a0\xda\xe8m\x5c\
/xl\x8c%Y@\xc01gs\x1b\xb8\xd9/\xab\
0\xf4Q\x0d\xc4%o\xe6=h\xbao\xccQ0\x87\
xY\xdd<jc\x1c\xba4\xd5m\x1e\x97\xa6,\xce\
Yr\x1cMX\xfbc\xab^\x87\x19\xca\xaa>H\xa3\
\x83:\xc0\xe35\xdb\xa2\xd7I\xe1>\x1aW\xad\x84\xc9\
4\x95Il\xef\x97\xf1t\xafj0c\x99&F\xb5\
SI\xc4\xa8\x04u\xe3\xedB\xca\x92\xc9d\xa3l\xd4\
\xce\xe7\xf7\x0c\xfcF\x95\xde.\xce\xcf4\xf0H\x110\
'\x01\x0e\xdb\xab\x8e\x89\x98At\xc0#\x82peG\
Ys\x9a\x0bF\x83PDm\xffs]H\x0d\x14\x9f\
\xf9\xad\xdcX\x1aP\x06\x5c\x05,\x09f \xd6a\xff\
o+\xf5I\xa2\xe38\x18\x89\x08mn\x93\x08\xc7r\
\xb1y\xaej \xb7\x0e\xf6\xca\xb3'\x0f\xcb\xee\xa6\xf3\
\xa9\xf1\x5c\xe7?\x02i{\xef2\xf0\xb8\xa6|\xc2\xb5\
M\x1b]\x90\xee\xc4\xc2D\xe2\x97\x11\x95w\xf6dC\
@\x02d\x14\x9f\x88c]\x0b<\xe7~Ig\xfav\
\xd5\x88\x1ekfz~W\xe74\xf7\xf78W\x9ck\
~3\xfd\x90NSiL=\x01\xae9L\x03wW\
\x91\xfeS/\x89k\xfa\x9f1\x8b\x81\xcc\xf1s\xc4\xa4\
\xf7;\x5c\x8e\xf1\x85\xb14fc\xc1\x92-\xe6\xaa\x92\
t!B\xfa\xc5\x5c\xd04\x8e\xdf\x97\xa3\xb7?\x94\xd7\
?\xbeS\x00\xc6\xd9\x8c\x9cV\x17\x1a\x9f\xd3S,!\
\xe7\x8a\xda\x92%\xa4\xfe\x8eP\xf0\xf1d[\xbe[L\
Qb\xfek\xac\x1d2\xad\xda\xc9D\xb0kZ\xc8\x97\
,\xcal~\xae\xc9\xd4\xd0\xd4)\xe6y\x99\xb16\x8c\
\x039\xd6\xcd\x8c\x05\x0cx\xdf\xd5p@\xd1\xae\x88k\
2\x11\xa0\x83\xc3\x14<V\xe0\xe4g\x80\xcd\x07\x18\x88\
C\x0e\x13\x99T\xe2\xfe\x06I?<_\xaec\x1e\xf1\
R\xaaV\xa5\x12\x80\xafW\x03;\x12\xdcd\xba[\xdf\
\x84\xb4#\x17|\x9b'\x01\xd6\xce\xdc\xde\xde)\xdb\xbb\
{esg\xaf\xec\xdc\xaa\x88\x7fp\xd7\x1d\xb8 *\
aK\xdc\x19\xf5~T\x07\x83\x1cW\x9a\x0b2\xda,\
\xe3\xed\x03q\xf6\xf5\xd1T\x913\x17\x0b\x92\xe59\xb7\
\xd1hm!\xf3UG\x10\x0c\x14\x09( \xb9\x9cj\
\xaa\x09h\x01P\xfc\xa9\xad\xb7\x1f[\xb7g\xcdn\xcc\
\x9d\x0f\x1c\x7f\xf6\xc5\xc0\xa5\xff\x03\x98;a$\x85\x8c\
\x81\x19\x89\xa4*K\xdc\xe9\x18\x17\xa1ErgA\xb1\
0\xf5\xa4\x1fA\xe7i\x13\xe1]/\x9b\xd3i\xf9\xaa\
\x12\xea'\xf7\xf6\xcb\xc60\xc6\xec\x0a\x01\x05\xa0\xb5\xd6\
\x9b\xe6\x0b\xc6\x8f\xa1\x12N\xb1\x0dB-IO\x12\x5c\
\x98\x09b8\xa1-^1\x93\xfb\x98q$\xf3\xc9m\
\x1b\xf9@\xa9D\xab\xad\xf1\xa0\xfc\xe1\xab\xa7\xe5 f\
\xa6\xa7\x1f\xc7\xf3@\xacE\xd9\x97\x93\x1a\x09D\x02\x06\
\x92\xcc\x22\xa4\xca\xc47\x88F\x0av\xbc\xe3RY=\
\xfe\xf5\x17\xe3`;\xe8\xf6[q[\xc3\xcf\xc4W\xc4\
\xbb\xc0q\xfe8\x97\x1a\xa8/\xe5\xbf`\x18\xa2\x15]\
\xedBz}\x0d\x8bM]\x9c\xbc\xd3\x1c\x0e&\x00b\
\x82\xbf<g\xfe\xc7\x85\xd3\x99\xcc\x8e\xab\xb2qV\x05\
\xd7\x0bQ\xd6\xf9\xe9\xb1\xa6\x1c`^\x87\xf9\xc8\x8f{\
z(\xf3:LC\xe3Z\x19\x04o;\xaa\xc21\x01\
F\x8c\x1c>1MUX\x1bk>\x88\xb4l\xc6\xba\
i\x1b\x1d}\x95\xd6\xbeD\x8f\x03\xa7\xf8\xd3<\xba\x04\
\xc4\x80\x89\xec\xbal\xcf\xc2\xef\xd4pS\xdf~\x90\x81\
\xf8\x0e\xab\xe0\xa6[\xe5CW\x813_\xb0\xb5\xe7K\
'W\x8c\x0fm\x9a\x89\xf7\xd77\xcc\x00`\x08\x96\xaa\
\xbc\xc8<\x1d-d\xc2\xcfQ6\x94\xc3D\x07\xc8\xaa\
\x00\x00 \x00IDAT\xea\xf4\x84u\xac\x87eg\
w\xbfj\x16c\xafZ\xb8QU\xc3\x83G\xf5\x1e\xfb\
\x85\xf5\xd2\xe5X\x02\x81q\xa2\xc3\x10\x06\x0c\x02\xf6\xc2\
:\x00\xa8\xfd\x03R\x970P\x00F\xa8\xa6T\x1d\x9b\
\xa84\x80i\x80C\xbb%\x131\x9a\x04\xc2^\x05\xea\
\x02\x14\xdb\xbew\xbb\xfd~Y\x02\xfc\xcf\xb0$\x9c\x18\
\x90\x0dW\xe9\x17\xeb\xc3\x87$n1\x0e\xb6}\xc9\xdc\
+\xfb\xc9Y.mcc\x89\x91\xa0\xadJc\x95i\
`\xbd\xdc#l\xf7\x8bGe{\xb2\xa6\xbeo\x0c#\
\x08\x06f\xa5\xf4\x85X+\xb5\x96\xc1(9\x8d\x89\xdf\
)G\x99\xb7\x07A\x11\x80\xfc\x09I\xcc\x8d7\x86\xe0\
b\xc2\xa4{\xfb\xbb\x1b\xbc\xf8\x08A\xb3<\xb8\xbbW\
\x9e>z 8\xd5\xb7\xf1\x1d\xc1D\x96V-\x143\
\xb4\xdf\xa7i$bn\xc1P\x80\xef0\xaf\xb9O\xcd\
x\xbd\xcf\xdb\xf8;>\x87\x928\xa9n\xef\xe1\xa6\xfb\
\xde\xe7\xe2B\x8f\x89\xb4\x12\xc3B\xc7(\xe2\x5c\xd2\x08\
\x8d\xa5\xe9\x84\xe9\x85MY$\xd2\x9c\x9d\xbc\xad\x94i\
^.\xab\xb6\x00m\xdaPx\xb6S\x9c0%\xe1r\
\xce\xc4@\x22\xae\x88,\x9d+\xe2\x0a\x82\x7f^\xdb\xc9\
\xae\x81\xa3}q\x85\xe3\xfc\xb2\xcc\x8e\xdf\x95\xf9\xd9\x91\
\xfc\xb8\x98\xb9L\xc7<\x86\xe3\xc9V\xd5R\xb6+\x8c\
 dc\x9e\x0f\xba\x8b\x80\xd5hn\xe7\x07\xd1\xef\x82\
\xe6\x06\xa0\x1apiOhm\xf0bXV\x89m\x07\
-7\xc3Mc \x1f\x02\xac\x06\x8czP\xf1\x8a\x83\
\xb4\xebe\xc3\xbe&\xce\xd6!~\xdf\xee\xa6o\xc8\xe3\
\xbc>\x8e\x91\xe8\xd6\xd7'\x9a$\xc3>\x81W\x84U\
\x8e$YV\x95~}Z\x98\xe3Agi\x91\xa9\xb5\
\xaaaL\x0f\xea\xf5\xbb\x15\x04,Yj\x96\xf9\xe9\x9b\
2*\xa7exuV\x88\xbcR\xfe+\xeeW\x11R\
I\xebB\x82c>\x08\x5c^\xa9K\x82i\xa4\xd4)\
 \x89\xe3~{\xdb\x07\xe8\x92\xc1\x04\x10\xf5\xa5\x92\x8e\
\x99\xc4\xb5\x01\xc0\x06\xdb\xe5\xf2\x1b\xf3\x08\x08j\x80\xcb\
&\x99G\xc0FTe\x0c\xe8i\x1d\x8e\xb2\xca\xda\xa5\
\x021\x81E\xad\xa7\x9aqd8\xec\xd6\xd6f\xf9\xfa\
\xd9\x17\xe5\xc1\xad*\xa4\x90\xbd\x08B\xc0\xb8\x86\xd9\xb2\
\x1bc\xfc[)(`\xb1p;!\x99\xb2\x99\x0b\x91\
\x19\xd7\xf6%\x9a\x1f\x12\x9f\x118\xe1\xef\xf3\xb7\xa1\xbd\
\x844\x988\xdd\xeb\x07\x0aI'v\xa7\xeb\xe5\xeb\xa7\
\x0f\xcb\xce\xb6\x9d\xe9}m\xa3\xf9@\xc4$\xd8F\xc4\
\x96\x8e\xcd8\x9a?$\xb4\xa3\x8e`,@>=\xd7\
\xe8kt\xff\x10\xae\x7f\x12%pK\x98W\xf7%\x18\
\x08\x1f}.\xf1\xb43S\x05N\xe3\x17\x09\x1a\x900\
\xb1\xba\xbd\xd6&:\xe0\xe3\x93*\xdc\x96\xab\x99`\x8e\
\x09\x85\xf4;\x81\x1b\x93\xcd\x1dYSx\xbc\xe6\x94\xb0\
|\x04\x1a\x0c\x0c\x04\xb3:\x93\xa3\xc9vQ\xd65\xa1\
P\xf3>\x06\x08\xd1\x0b\x05\x03\xe5\x5c\x11\xfc\xbegg\
h1,q\x81\xe9\x9dl\x08D\xe9\xc5\xd8Ch\x93\
\xcej\xd7m\xe9CL\xa6\x92~\xc5\x84Q1\xa0\x1e\
.\xe2\xa3\xd0\xbd\xb2\xed\x86\xd2o\xff\x80\x06\x12\xa5w\
\xa1\x1e\x16\x7f\x89\x09\xedtk2\xa4\xf6\x99NS\x9b\
\xf2\x85\xf9\x88$\x16C\xe6il\x96Ie \xb2I\
/\x98\xa0U\xa5\xc0\x82\xe6A4\x0c\x8b\xadlJ\xca\
c\xee\x06\x95k\x14G\xcd\xcc\xf4\xf9\x99\xb8z\x1d\x09\
E{\x81p\xe3\xca4&\x1b\x96:\xb1%:\xcd\x09\
\xcb\xde\xe2t?+\xe7g\xa4\x0d\xe8LU\x0d \xc2\
\x17\x92m\x06\xb6\x04\xb2\x0e`\xfa@(`\x8d\xda\x01\
\xa9\xbbD\x9bFh~+\x1f-\xc0\x8b(\xac\x89\x9d\
\x05\x8f\x1e\x91\x14\xc1\x0cF\xd1$s*>1G,\
\xa9\xb2\x1f\xc7y~4\xde(O\x1e=,\xbf\xfb\xf2\
q\xd9\x1c\x01\x7f1d0\x84\x82&b\x8d\x83\xb5=\
R:E@\xb3#\x92\x97\xf35Il\x98`(\xe4\
F[\x89p\xce\x16\xa9\xa3\xdf\xf3=9\xf4\x19\xc5\x15\
ZH\x80\x88Z\xe2Z6\xa4y\xff\xe2\xd1\x9d\xf2\xf0\
\xde];\xd3\x15\xc2\xdb1\xca\xfcn1\xc4Hi\x92\
\x1a\x88\xcck\x11\x91\xe5~K\x82\xd1\xc3\xd7\xac\x0a}\
O\xa4\xfdt\xca\xc7\x04\xb2v\xe6&\x9c]\xa9j#\
\x02T\xc7\xd0\x85\xcey^\xc442\x1a3LX\x0d\
.\xae4k|~\xf4V\xf0E\xc0\x0e\xf3:.\x98\
H\x085\xabp\x08]c,\xb9'\x9a1\x13\x9c\xf1\
\xe3\xe2\xa7\xb88=\xacc\x86&C\x14\xd6\x99\xb2:\
\x13\xb6\xcbHyi\x00\xc6\x0e\xe1\x97t\xf0\xe7\xb2\xae\
0\xa1\x15\xc1ZZh\x01g\x82\xd6\xaa\xda\xf7\xd1h\
r\xa3\xbb\x1d,4\x9aL\xdf\xf8B\x15]\xd2/\xd7\
\x1a\x96\xcb\x07\x18\x88o\xfe\xc1\xe2\xa7\xba\xea\xe5R\xbc\
\x8a\xdf\xf59\x1c\xb5\xafF\xc7\xb5\xecC\xf0a\x1e\x17\
Wk\xd2\x1a\x18\x08/\xd2sYU\xc0q%\xfe\x9b\
\xe2\xb6\x83\x85W\x0c$\xf5\x08\xf38Xh\x0a\x9b\x22\
\xb6C\xa4C\x9cT\xe4\xb7\xa2\xf8w\xe32\xdd\xda*\
\xd3\xcdi\x99N7\xc4\xf5\x9dt\xf1L\x93\x7f\x92I\
\xf4\x01\x00\xd0q\xb8\x1eJ\xaf\xb7I4\xc4\x1b\x1a\x80\
%\xa1\xe8\xf6M#b\xab}\xd7++\xd0\xbf\x95^\
Y\x82+\xc1\x81\xa0\xadS\xbf%=wRU\xc7D\
\x82\xa0\x06a\x85\xa0:\xda*\x1c\xe6\x99\x12=\xaa\x99\
\xc8\xa8\xec\xef\xee\x95\xdf\x7f\xfdU\xb9\xb3\x8bfb\xda\
\x01A\x00\xceHz\xc7r\xc7\x09\xef\xd8\xa4=\xcc\x9d\
\x1f\xc4\xda\x8a\xb7>\xf6\xf0\xc2T0O\x88\x91D\x95\
 \x12\xf7oZ\x0e\xdb\x84\xa1\x12\xf7)\x01\x22\xd1\x06\
\x1a\xdd\xd9\xdb*_<~(_MN\x8e\xb4i.\
\x98!\xdf<\x8cY\xf5MK\x09\xdf\x8c4\x10\x18\x1e\
\x84#\x19\xf1\x0a\x0e\xc63?\xa7\x22\xfcd\xf0V>\
\xbc\xf5\xbd\xc64k\xe0\xba4\xcd\xc4\xebn\x8b\xc0\x99\
\x02f\x13>{\xbf\xc3\xaa1;}W\x89\xfb\xacR\
U\x92\xb9\x8e\x94\xc5\x19\xbac3\xa4\xb5E\xc6\x11+\
\x8e\x7f{\xa1\xb1Tf\x83J\x97\xc8\xc9v9;\xb2\
\xc6K\xea\x93\x0b\xa2EI\xa6\xe8\xd4M\xb6\xdc\x0cd\
\xd6\x05\xf6\xd2?F{\xfa\xbd\x92\xb6J\xdb\x14>\x05\
v\x05\xde\xf5\xe9\xb1K\x87\x83\x02\xc4\xdeu:^\xd9\
_-\xd7\x19\x88.^\xee\xf1\xeeY=\xc4\xce\x17\xed\
\xbf\x98\xde\xc4\x8a\xb4n\xad\x0f\xf3\x0b\xdb\x84\x85\xb4\x94\
\xfb\x03\x11\x009\xc0Q\xdb\x8a\xa55\xa5tW\xc2\xb0\
q9\x9b_\x96\xb7o~,\x87\xef\xde\xea\x1c\x13j\
\xe6U\xa5\x83\x88\x80'H\x02\x0a\xdb\xac\xf7\x07\xf1\xa6\
[;\xe5j\xc0\xe0M\x95b\x9b|G\xbc<\xea\xdf\
\xc5\xfc\xd8\xf9gXC\x9d\xb0\xe0\x00\x92\x0c\xcd\xcd\x88\
\xabn\xdf\x92G\x12\x81\x044\x01X\xfcF/U\x0c\
\x88\x821m\x05n\xb4\xba\xcf\xb2\xf4\xaf\xfd\xecKG\
\xd4\x04'\xecK\x82\xa2VDK'1\x04Rf\x1c\
GQA0\xd7I\x94\x09\xf3\x80\xb0fMB\xdb?\
\xaeu2\x99\x94g_<-\xcf\x1e\xdd*\x93\x91\x9f\
\x0b\xee0\x02\x02U\xf6\xda836\x03-i\xeb\x99\
\xe3\x9d\xf0\xc0\x7f\xd0\x0d\xccU\xc0\x82\x1c\xe6\xcc<\x17\
\x13!\x8fV\xa7\x89$\x0cx\xbc#\x847\xf0R+\
\xd4\xa9\xd9Z\x8e\xdf\xc1\xf7g%\xbb/\x1e\xdf/\xfb\
{\xbb\xa1q\xe4w\xf74\x10\xbe\xbf\xb7O_u\xeb\
\xa4[\xeaL\xbc\x14\x82H\xab\xeb\x1ed\xd3\x84\xfb\xe1\
S+Kx\xd5\xdb\x07\xca\x82\x15t\x7f16\x5c\xa7\
\x0c\x15\xfa\x8d\x19\xbf\xb0Wt\x80-\xe3\x8d\xc93\xa2\
3\x01\x02\xb6H\x1a\x01\x0b\xd6NHuCF\xdd\xe3\
J\xa4Ne1!k.\xb7b\x22 >\x0f\xba\x5c\
N\xf5+\xfc\x1d\x9e\xe3A^?1\xa6\x8a\x03\x98\xd6\
\x19\x15\x9c\xee\xc0\x06c\x86`\xac<\x80\xe78\xe1\x99\
dH\xfe\xbeK\xad\xaa\x0a\x93b\xf5UM(\x8c\x15\
`3\xb8\xc2L\xc64Z\x0f\xd6\xb8'\xad\xf6\xd8\x1b\
F\x12\x0f\x8d\x8bb,\x1f,\x0b\xc3\xd1J\xb9\xce@\
\xb2\xe4\xcd\x1b\x00\xb2\xefS\xea\xff\xfe\xc3\x9b\xd4\x13j\
\x92\x18F\x00sJ\x94\xda\xa7-\xd4+\xb81\xb9\xab\
\xd67\xe9\xff\xc2\x9c\x0f\xd64\x07\xf1\x91\xe6NI*\
vAg^\x96\xf1dZ\x99\x0a\x12\xd9\x86\xf6\xd1<\
\xec\xd7\xb0\xad\x90g\xcb\xd45\x22\x0f\x96%6ft\
R\xe6sR\x0c\x90\x8c\xd1\x0b\xbch\xe1(\x11\x87\x98\
,\xb8\x88U\x0eEAX\xa9\x0cb\xd2\x03\xb4\x05\xc4\
\x03\xe2\x10\xea\xac\xb4\x0a\x03\xa0\x09\x8f\xf7\xf9S|\xbf\
:(\x88\xcfJ\xb9\xa9\xeds*\x09\xc0}\xe0\xb5\xa9\
(%(\xcf\xab\xc0\x11\x9c&\x9a\x8c\xa2bk\xa78\
0\x02\xdc\x00\x0f\x96\xd2\xa5m\xc4\xb8K+\x09\xed\x84\
d\x85\xdf<{\x5c\x0e\xb66$d\xc8\xb1]\x9f\xb9\
1\xc2\xd4Y\xb5\xdf\x8d\xb5\xba?\xd0\xc4R\xc6\xdd\xe3\
\xa8\x17--\x90CR#\xbe\xba\xa1\xee\xc1\x8ct\xde\
\x99c\xcd\x01\x91@\xc5\xf7\xa4v\x01A\xb00dz\
c8R\x8d?=Mm\xc6%\xa2bx\x87\xc7\xf7\
\xf7\xca\x97O\xee\xcb\xdf'\x13\x96\xccv\xfe~\xd6\xb4\
Q\xdbz\x8f\xa9F\x1fe\x80A:\xd9=W\xa4c\
&\x89\xa3\x9e\x5c\xdf# \x9fX\xb9\x09\xbf\x84\xaf\xea\
h.\xc8\x9a\xf8ia\xb0\x99\xa9\x02\xd7\xa51\xea\x97\
\xcc<_\x88i\xe87\xc94T\xa1\x1f\x19\x84c\x01\
B\x93\x97Y\x15\xb5\xfe\x92\xb5@<g\x83i\x03\x97\
\x8a\xa4\xdaX\xf7\xe4?\xaaD\x8b\xfa[\xfc\xbe\x8c\xe1\
\xe5\xe5@\x8fa\x95L\x98\x8e2i\x5cB\x8f\xd6j\
\x1b&|\xfc&\x04\xff\xe0G\x99\x89p/*-%\
b5\x05\xf4\x16\x8a\x1b\x02>f/\x0b\xfc4Y\xf8\
7\xeeY\xb0\xe8\x84\x8d\x81\xb4\x22\xfa\xa6\xa3\xf9jn\
\xe7?Tnd \x00\xdcjQ\x0b\x0f\xe0\xaf\xcf\xa9\
\xe2!\xf9P\x1d\x0b`\x0d\xb8h#y^U\x88\xec\
\x0f\x99T\xada\xc2\xe4\x9a\xcd\xcd\xb2\xb5\xb3[\xee=\
z\x5c\xf6n?(;\xb5\xee\xdd{\x22M\x82\xd0\xdc\
\xab+\xe2\xaaIi\xc2\x00\x10\xda\x08\x82M\xcb\xe5\x02\
f\xc4\x22T\x9bu\x806\xbb\xf7\xa4/`T\x85\x09\
9U\x0d<9\xd4\x04B\xe6\x7f\xd8\xae\x19L!\x00\
\xa91\x8a\x00\x0e\xb7-\x9f\xa3\xf8wq\xac&\x08R\
\x8f8\xa8\xd9\xd7.\x95\xf8\xfd\xe7\x5cL\xb0:\xb8\xf1\
!\xc0b\xe6\x01\xf0+}\x8d\x00=\xb5\x90 \x90\x92\
\xb8c\x82\x1dkh@L\xab\x14\x86\x94\x97\xa6*1\
\x12\x98H\xd4\xad\xed\xed\xf2\xec\xcb\xa7\xe5\xf1\xbd\xbd\x8a\
\xb8\x8c+0a\xd3\x81\x98~\xdd\x12T1\x92`\xb2\
\xa6yB\xa35\xd2\x958\xb2J\x04:\x90\x92\xf7 \
\x8d\x09\xeb\xc8h\x01\xa90IH\xcb\xddp\xdd\x884\
\xee\xbe\x86\xfb\xc0d\x5c\xbd\xcc(L\xd1a\xeb\xa0\x8f\
\x91\xb7)\xe9\xda\xdf\xdd\x1c\x97\xa7\x8f\x1e*W\x97\xcc\
\x13b\x18\xd66:g\xba\x19d\xdfG\xe44\xf6\x8e\
v\xec\xcf\x07\x11&6\xdc\x5c\xee\xff\xcf\xad\x18?\x03\
\x9f\xd5\x90\xb8m\xbc\xd66\xae\xd1i\x18K0\x97\xfc\
\x9d\xad\x11>\x96\xb6\x12\xc2\x01\x8c\x00\x96@\xf2D\x85\
\xecV\x1a3\xabL\x03\xfa\xc6\xe4@4\x8e\xf9\xd9\xa9\
2\xeb\xae\x13\x9e\xab\xfb1O$\xef\x09\x8c\x11@\xe4\
t9\x95X\x19-\xf0\x9f\xc0 4|\x105\xfb\xdd\
2\x1f\x17>\x11\x0b\x1a\x1es.\x14\x5c\xe5_\xec\xd3\
\xde\x87\x07\x83\x5c\xc0\x83\xbe7\xe1\x84g\xde\x0c'\xbe\
\xfez\xb9\x91\x81\xdcX\x1a\x10&1\x5c\x05N?$\
_X/\xc1\x16\x86\x11\xd7\xe8#9#$\xc3\xff\xb1\
]\xb6\xf7\xf6\xcb\xfe\xfen\xb9}\xe7\xa0\x1c\x1c\xec\x17\
\x06\x82\x85\xe7\xcf\x0e\xdf\x94\x8b\xb3C=\x8f\x0e\x1f\x0c\
\x9d'K\x89\xde\xb5&\xc8U\xd5F6\xcbt{O\
\x93r\xa4\xde\xaf\xdb\x1e\x08\xa2\x91\xd6\x04&qv|\
$;b\xb9t\xe6]\x13\x0f\x80\x00\xe1\x02 \xe8\xaa\
\x8f;@k\xc0\x83T\x19@\xa6\xa2\xb6\x0046Y\
\xa3{\xf2\xb2\xdf\xca\xf5bX\x88\xfd\x1e\x0c5\x070\
\x92t0\x8e$\x9a\xcdy\x8ef!\xed\xc2A\x12b\
\x1c\x0a\x98H\x9f\x07\x82\x05\x81\x13\x1b\xe5\xfe\xbd\xbb\xe5\
\xab/\x1e\x95\x9d\x09\xb1\xf2~ \x11O<\x1e\xcd\xc0\
~\x0b\xd68\xef\x08D\xe7PgnG:\xcfc4\
\xf3\xbd\x85\xa7N\xb4\xa8@\x0f\xde\xbdh\xc9\x111@\
K\x82\xc08\xdf\x14x\xd0\xfby\xf7\xedQ\x16q\xae\
V\xcclO\x1f\xdc*\xf7\xab\xe6\xd4\x02\x01\x08G\x96\
\x89\xce\xda\x08\xdf\xa7\xbei\xcc\xc5\xedm-\x94`$\
P\xa0\xc6H\xf4\x8ef\x5c\xc6\xc3\xf6\xf4O\xae\xb4\xf1\
\x8a\xc2\x97v- \xa71\xb71\x8b\x18\xfb+%[\
\xcd\xe3n_WF\x9b\xea\x92\xe0\x99t\xc3\x82'\xf4\
\xe5\xf4\xe4\xbdR\xb8\xa3u\x00\x1f\xacW\xc4\xb3f\xa7\
\xef\x95\xff\x0a'9\x82\xb0\xb2\x80\xf3\xdbz\x8d\xd7\x8f\
\xe1\x1e\x00\xd5F9\x87F!\x0c\xd41\x95\xe6\xb1\x00\
.IgR\xc7p\x9d\xb5\xd1\xb74i\xfar\x01\xac\
\xad\x0b_<\xcc\x81G9\xe6\xfdJ_$\xa0\xf5\xaa\
\xfd'Y:\xe0\x8c_\xf4\xce\xdd\x5c\x96\x19\xc8\x0a`\
\xe5M\xda\xdf\xcaK\xf9\x1a\xbfp3WI\xdab\xcb\
5\x9dD\xd4\xc2\xcdt\x1ei\xac\x12|\xccNUs\
\x98nN\xb4\x00=\x1d7\x9b\x91\xe0\xf0J\x11W\xac\
\xfb\xc1oIc\x8cc\x9c,\x94\xbc\xb2\x22\x19\xaaf\
\xc2}\x88\xc2\x22\x87\x0c\xf7Q*\x13]\xc1\xc0_)\
,\xee\xf4\xec\xac\x22\xd7B*!Z\x8c\x06M\x0c#\
\x22*d\xb2\xca\xb6\x1e\x80\x5c\x85J\xbb\x044Q\xf9\
\x0b\xe2\x22`sK\x00goK\x11\x10~\xde\xc5\xb0\
b\x18J\xe0LGy\xc2F\x0bIm\xd5\xd2u\xb3\
\xff\x8baxA\xb1\xf4s \xcd9;A\x9f\x89\x8c\
\xb4P\x13\x93\x06\x1f\xdc\xdaQ\xd2B\x91\x01\x90P\xe3\
l\xd8\x00a\x99d\x0a\x13\xd1\x18\x06L\xcb!\xcd\xdb\
B\x14\xae\xbc>\x88&\xa3\xb2\xce\x03\xcc\x85\xd4\xee\xfc\
N\xfbD\xc5\x5c\x86C\xde\x12\xa1\xaf\xf1s\xb4\xc4m\
<SNvf0\xf3\xf8\x81W.\x94\x0ff\xd0\xd1\
*\x9e\xfb\xe0\xd6v\xf9\xf2\xc9\x832\x9dD\xc6\xd50\
S\xb9\x1f\x08\xdbL\xcd\xc3f\xab\xeb}\xd6\x1d\xf7\xfb\
\xd7D\x84ol\xa3\xd2p\xf8\x93,\x81w\xfa?;\
\xd8\xff<\xde\xc2]\xb0\xd4\xf8;`|\xb2ML!\
j\xd0\x84.\xec\xb7G'\xf2\xba\xd8G; \xc3.\
\xa9\x95\xa0\x7f\x9a.P\xbbXi\x96\x86\x98\xdb\xaf\x14\
\x04D\xc0\x10\xa9\xdbg\xb3\xd3\xba\x9d\xc9$\x85o\x96\
@!i\x15\x1a3\x84\x13\x19C\x8b\xc8\xb4\xe8\x8c\xf3\
o1\xcd\x01\xed\x17\x1a\xa8\xc9\xd40\xa0\x1c\xe3\xc0\xab\
n\xfc\x97q\xad\x1d\x07\xbc\xab\x86\x90\xdf\xaa \xd1\xa5\
\xbf\xef\x86\xe5\xe3\x0fj \x0d\xb8\x8c\xfb\xfd\x13n\xe0\
\x1f\xfby.\xdb\xf3\x5c\x02h\xbc\x94Z\xe2\x98\x0a\xb2\
oh\x02\xe1\xa4\xcc+r\x1e\x1d\xcf\xca\xbb7\xac\x09\
|T;\x87\xcc\x94\xa7\x85\xb9\x1e8\x98\x86\xeb\x9e\xde\
\x0f7\xa6\x03\xc9\xa4\x8bY\x8b\xc9;D+\xd0\x99t\
0I\xc8x.\xc9\xc7\xceg\x9e\x0frQ\x07\xe5*\
\x1cYL\xf8I H`)\x0c\xbe\x06\xa9c\x08\xae\
\x01Pq6\xdb\x0c\x8bj\xe9\x802\xb6\xbf\x95\xeb\xa5\
O\xa4d\x837\xe0\x14$\xac\x84\x8d\x0e\xd0\xc3$\x03\
q\x0c\x9b\xbf\x08\xe7\xba5\x0fm\x858f\x1e\xf6\x81\
`\xc6\xf2\x5c!\x98\x07\xc8\xfa\xf0\xc1\x83\xca@\x1eV\
\xed\xc3\xf7\xf5\xd0\x84_\x22\xc6\x98F\x8d\xaf\x04\x01\xfb\
*\x10H\xd2\x04\xc5\x1f\x0eJ\x99\x8b\x06\x5c\x1ew\x89\
\xa1v\xea\xf6\x85\xb7\xb2]\x9by\xe0\x5c'd\x13\xc6\
2\xcf5C\xae\xbc\xa6\x08\xcb\x9d\xb2uhfFn\
Y\x1b\xf2\xbb\x11\xd2;,\xcf\x9e\xdcS\xd2\xc7\x9c\xc7\
\xd2\xf2cE\x9ft\xed\xd6@\xd4_0\x9a\xfa\xee\xa5\
1\x98\x8e\x80\x18!\xa3\xe6~\xf4\xc9\xe7P\x12\x87{\
\x0d:\xe6\xeb\xfbZH\x7f\xdb\xc7\xedv\x8eq\x0a\xa6\
\xc1\xa0'M\xf0\xb5>VF\xdd\xf9qa\xbe\xd1\xe5\
\xc5\xa9\xe6{\x90\xb2\x84\xca5DX\xa1\x09*\xa2N\
\xb4\xaa^\xaf\xe5(\x08\xd3\x85\xb1\x1c+\x9c\xf7\xec\xf8\
\x9d\xd6\x14\xf1\xb3H,kS\xa8&\xbb\xb2B\xeb\x00\
\xb3\x17com\x1c\xe4J3\x96\x89~o\xcc5\xcc\
7lc\xfc\x97\xae\x8f\xb6\xc4M\xefF\xdb\x0dE\x0c\
d\xf5\x82\xfe\xb1_\xc77\xef\xf6\xe3\xa1\xf1\xc0\xfc\xdf\
\x87\xb4/s8\xbfLX\xdeb\x7f\xa3JX\xd3\xed\
]u\xca\xe6\xb6\x97\xb1=?=\x11c\x81\x0bs<\
\xae\x9a\x87\xb5\x8fi\xdc\xbfv\xe2h*g9\x9c\x9b\
\x1cX\x10\x138\xf8\xf9\x19\xce\xab\xa2\xfc\xfbs\x06\xe0\
\xcc\xe9\x94\xcfg\xc7rl18\x9d\xd6\x905$\xc5\
\x90\x12\x05$%\x80*\x18D\xfa<\xd4\xa4\x12m\xbe\
\xa2\x03M\xfd6\xef\xd1.\xfe\xad\xa8,\x03\xa2\x80?\
j\xc2\x83\xa5\xa4`\x1e\x22\x86\x98e\xc2L#\xc2i\
\xed\x02\x1fH\xa7q\xe0\x07\x09\xdfG\x9c\xdf\xdd\xd9.\
\x7f\xf7\xcd\xb3\xf2\xf0\xf6V\xd9\xf0Z<a\xf3\xed^\
%S>x\xe5@/O\xebm\xc2-t\xd8\xce\xf3\
t\x94\x1b\x86\x07\x92\xd60W5\x9f\x0809d}\
u;\xe6\xb1col\x0c\x95sM\xc7\x5c\xb76\xb0\
}[\xfe\x10\xdb\xbb]y\x1ei\xe1}\xac\xfb\xd4w\
\xfe\xf2\xe1\xad\x98\x99\x8e\xc6\x05\xa3\xe84\x90\x8eq\xd8\
\x99\xde\x1c\xed\xf8\x06a\x1c\xea\xc7\xe8S\xb6K\x92g\
\xe0\xa3\x07\xa1\x18\x82?\xe1\xd2!m\xb7\xdf\xdb6\x8d\
#\x9ac\xcf\x7f\x8dFP\xd10\x82&\xc49\xe9-\
\xfcH\x9aKGWXe\x10\xc6\xa1k\x17\x08%\xb5\
\xef\xd7&E\x01\x19\x85\xe0\x1f\xa2\xa6\x06\x0a\xfa\x91\xc6\
\xcc\xc0\xe3\x84?g&:\xf7\xb7v\xc4\x5c\x12\xcc]\
\x08\xc8,|G\xee>L\x5c0\x17\xac)\xa44\xe1\
\xf2\x8b\xabd$),\x94\x0eV\xb5+\xca\xb9\xb45\
\x1d\x0e\x10h\xbf1\x8e\xe8(~\xdb/\xed\xde+\xc7\
\x1f\xd4@>X\x04w\xdd\x8b\x18C3i\xd70^\
\x22\xdf\xc6\xe7\x093\xe3\x8c\x09\x86C\xce\x98\xea\x8f\x06\
\x82R\xc1\xca\x83d\xafD\x82\x031X\x91P\xbe$\
8:\x13k*Wf@H3\x81\xf9\x8aPHV\
\xebb\x09\xd29\xb1\xfcC\x22\xb7.\xa5\xb5\xa0\x99\xc0\
(0\x85\xb1~\xc8\xd9\xd9a!\xc7V[\xfb\x83{\
\x84\x04!\xa8\x09\x80`4\xb4UTV\x07<\xd2L\
\x02x\x92\x01\xf1m\xbe\x16\x89\xc2\x00wc\xe95\xfb\
^\x9fc1\xa0\x09^\xf8\xa7\xad\x09\xb2\x005%e\
\x99\xab\xc2d\x13\xfb]\x0d\xc2Y\x19\xc5(\xc3t\xd3\
a\xce~\x84\xefnT\x81\xe2\x8b'O\xaa\xf6q?\
&\x0d\xda\xee\x0f,\xf18\xf9)\x84\x1cD\x9d\xf8\xd5\
d\xee\x19@\xe0;\xf3\x0f\x0c\x05fb\xc7\xbe\xa3\xb6\
&0\x08\x9c\xe5\xb1\xe8\x14L\x81s0\x09\xae\x95Y\
\x81\xf6\xfa\xdb\x0d\x18\x12\x9aRcB\xaey\x9c\xe6&\
1\xa3\xb8\x0f\xef\x19]R\xf6\xb67\xca\xefH\xbb\xb2\
\xb9\x19}a\x86\xd1\xfag\xe5\xb8\xf3\x19\xb1\x0f!I\
\x93F\xf63h\x18\x1f,<\xccQ\xe9\x11\x9dO\xa8\
|\x08\xd7>\x88\xa7\xe07\xaa\xa5\x15S\xe3>x\xaf\
\x06\x9b\xb8\x92N(B\x8b\xebE\xd0\xe3\x9a\xa0\x0b\x0a\
\xf1\xd6\xdc\x8dc-\xc9\xcd\xf2\xdch\x8c,hG\x92\
\xd7\xf5\x8d\x89L\xf1\xca\x8fu\x0e\x93\xa9\xb4\xa6\xc2-\
S\x0f\xf4\xcc\xab\x0b-\x1e%'zm\xe3~8\xe0\
\xd18x\xa6\x13\xbdr\xe7K\xc1\x0cQV\x08\xbf\x9d\
\xf6\x09\xcc\x03\xcf\xd0[\xd0\xcc\xb4\x16X`\xc4\xd3'\
\xd7hwO\xa8\x07!\x84\x13\xba\xe6\xe7\x97\x8e\x81\xf4\
\x00\x89\xeeZ\xe6A~\x88^@\xccCMn\x8b+\
\xb9\x91\xbe!8a\x93*1A\xe9\x02\x9d4\xbf\xa9\
\xffmL\xa6Z\xa6\x11\x07\x92MO\x9eY\xc9o\xd0\
@NOg\xe5\xe8\xf5\xdf\xca\xc9\xbb\x17R\xe7\x88p\
 \x8d\x03R\xd9\xf9\xec\xa8\x9c\xb1\x88K\xd5*\x14\x0d\
S\x11\x0a\x0d\x04\xbb\xb4r\xecKb`Ma/[\
\x0b\xe1P\x223I\x0af\x1c\x9d\xe6a \xd1\x9f\xce\
\x03\x0fa\xd7\x8cc\x01\x93L]t\x0e\x0d\x00\x93w\
\x05P\x09\x97j\xef\x03\xa9\xf7?\x04\xd0\x9fzI\xe2\
d\xa6a8\xe9B\x0eW\xaaL1\xf6Ad\x08+\
k{(\xa7\x15\x1a\x08\x9aF0\x11\x9b\xaf:\xad\x03\
I\x8e\xf0\xed\xbbw\x0e\xca\x1f~\xf7\x95\xc2v\x193\
\x99\x894_#\x1c\xe4\x92\x16=F\xd0\x8ba\x8c#\
m\x98\x9b0/1f\x9a\xb0\xdd\x1b3\xc1\x01w\x5c\
\xd8d\xa5\xb6 *\x1a\xff\xf8.!E\xdc\xdf\xc1\x18\
\xfev_\xa9\xb3=X\xc08\xbbh\xb0\x93\xcd\x9c\x1f\
Ux\xfd\xea\xf1\xdd\xf2\xf0\xfe\x1d}{?\x84\x97h\
\xb4\xbe\xf9*\xc3z3|W\x1a\x5c\xf6\xa9\x88\x89\xf7\
!\x16f*<\xc5\xe3\x91o\xf5)2\x91Vz\xe3\
e\xc6\x10[\xda\xa3\x0a\xbfs\xdb\xac\x14\xfa\x91\xb6\x8e\
\x94\x0a+E\xd0\x05\xe3}\xd0\x89\xa0\x1d\x10y\xe6\x83\
(\x0c\xb7\xd2\x1f\xc6J\x02o\x85\x0d\x98\x07\x0c\x05\xa2\
_O(\xec\x97\x90]\x98\x81\xb4\x94uR.\x15\x11\
qf\xa5\xf3{`\x97\xc9\x84W\xc0\xe69&\xf8\xb9\
\xa2K\xe7W\xccm\xbbR\xe4\x1f\xe3g\x01\x22hm\
0\x12h\xad R48q\x11\xdc3\xc5\x16\x9d\xce\
v\xfeE\xbb\xb2\xdf$\x81\xa7\xe8t\x9a\x81\xa3\xf4\xe0\
\xa5c \xbd\xd2\x00*\x10?\xef\x85\x1a\xd6\xb8\x98\xfe\
\xf2\x92Ap\xae\xeez3\x91\x00NqFk \x9c\
\xc7t\xc0\xf2\x8c\x84a\x82hJrX\x7f\xcd\xac\xcd\
\xf7o^\x947?<\x97/\xa4bGe4N\xcf\
\xaeA\xba\x9c\x97\xd3\xa3\xb7\x22\x04p\xf4\xc9\x86\x13\x96\
]V5oRUB\xb8\xfb\xfcl\xa6\xd4\xc7\xdc0\
'\xe7\xc0\xb5qp%\xe0\xe4\xe0\xe7\xb1\x80\x09\xe0`\
\x1f\xc4\xefau\x034\x1d\xfaL\xfe\xef\x1a\xd7u\xbf\
\xfa\xad\xf4J\x9f8\x09bzRO\x0bEM\x02\xa8\
\x88\x12\x13F\x18\x05~/U\x11\xcd\x8ei8\x5c\xd7\
!\xbc\x19\xba\xcbD\xd2\xaf\xbf\xfa\xd2\x93\x06\xd7\xb13\
C<y\x86AR\xf8-\x86b\xe47Q\xf0\x98\x8a\
P\xa4\xd0P\xa4s\xea}\x15\xc2\xcb{\xc5;s-\
_\xe3\xdfql\xbf\x0a\xff)\xa7\x91\xa4R\x98\x95\x89\
\x8e}\x1fv\xb87\x9f\x87\x9e\xedg\xda\xa1\xbf\x5c\xb2\
\xbf\xee\xde\xda*\xbf\xfb\xf2Q\xc5\x13`\xdcZ\x07}\
\x03\xee\xa4\x16\x22F\x12\xfd%\x8d\x06\xc9SL\xc4\xfb\
M\xbb\x930\x97\xf8\xe9\x0e\xd1S~\xa1\xb4\xf9\xc9\x94\
\xc4\xe7\xfc\x0b8\xc8\xad\x80%`\xa4\xcft\xf4\x0b\xc6\
-\x04\x8aFO$\x83\x06c\x811\x90\xed\xfb\x82\xf4\
\xeb,\xcd\x0d\xdds\xf4\x9f\xfa\xbf\xfe\x0e?\x1eYv\
\xb5\xfe\x8b\x1c\xe5h\x14\x8c\x1dA@\x88\x15$\x90\x05\
h\xb1\x86\x109z.\x98\xc4_b\xe6t%\x9a\xa9\
\x14O\xe0\x92\xf0&\xb4\x8d\x1c\xeb\x04\xfc\xa8\x8d\x16\xf3\
\x16I\xf5\x03\x0e\xf4\xff\xc2\xb0\xa7\xf9 \xf9\xaa\x093\
\xda\xbd\x19V\xae1\x90\x00\xad\xdeq\xde\x22?\xbf{\
\x11\x9f\xe8\x9d\x8d\x07Z]\xcew\x88\xeb\xdb\x87\x0c\x1d\
\xe3>\x9aV\xd5\xcd\x1f}v2+\xaf\x7f\xf8\xbe\xbc\
\xfb\xf1\xbbr\xf4\xee\x95\xb8'\x13o\xf0}\x88\x8b\xe3\
\x5c\x9a\x1dK\xcb\xc0&\xa8\x90EM\xde\x99\x09\x07$\
\x1d\x5c:\xcb\xae\x10\xa60\xa33r\xf2\xaf\x99\xc1\xe4\
\xfc\x8f\xa0$\x06\x02CL\x00B'\x85\x18\x92\x82\x8c\
\xa8-\x00+\x8e[\xd57\xbb9\xcf\xf9\xea\xb8\xee3\
.K\x00\x170\xb0\x1c\xed\x11\x84-4\x12IQH\
\xd9I\x18A\xa8\x90\xbc\xed8w\xf8n\x9a\xac\x92y\
\xa0\xa1\xa0\x95\xde\xbd{\xb7|\xfd\xc5\xe3\xb2;\x8e\x18\
<i\x00`\xbb\xc7N\xc8\xdcLJ\xa1\x05\x09&y\
?3\x0b\xcc[\x8c[\xe7\xe0^H\xa0\x10\xb9XX\
3\xf1%\x11\x1d3\xf0}\xedk\xf0\xbd\xf8\xb6\xf4\xed\
X\xda\xe3\xdeFj\xed\x0f:?Hf\xf2\xbd\xa9\x10\
\xd2\x8b\x19\xeb\xf6\xc1\xbe\xfa\xc0\x1a\x87\x9d\xe9\xce\xf3f\
\xa2a\xad\xa4\xa7\x914\x06c\xe6\x9c\xd9\xb0\xa1\x1a]\
\xdf\x07.\xf6@\xf4C\x04\xe2S-\xe0i\xf7\xc5\xd9\
\x11\xdev\xf8\x1e\xd5\x0dK\xf4\xa1?\x07\xa4c2\xde\
\xc7O\x01\x13A\xa0\xc8~gA(\xc6\xbc\x5c\xb2\xa0\
\xdd\x95\x82\x87\xf8-\xd6\x16\xdf\x8f\xb4&h\x93\xb5}\
\xe8\xb5>\x9c\xba\x86\xb9o\x1eC\xc6[\xd3\x13.I\
\x1a{!k\x8b@\x1ca\x093K\xc0\xb26\x01\x8b\
\xfa\xcb1\xcf\xfd\xb8P\xdf\x1f\xe3\xde)\x06.q\xab\
\xa5\xd2\x9d\xed\xca5\x06Bi7\x09@\x13\xb0\xe5\x0b\
D\xfb\x12\x11\xc8\xe3\xb4\xa9\xb2\xdf\xa4\x1f_\xd7\xcd\x8c\
u\xba\x92\xb5\xd1D\xd1*\xaf_\xbd.\xcf\xbf\xfd\xab\
\xd6\x01F #4mR;\x17\xa6qr\xf4\xae\x1c\
\xbf\x7fS\xce\x8e\xdf*o\xfe\xd9\xd9Qe\x06'\xe5\
\xfc\xe4\xb0\xccN\xde\xd5\xe7]h\xae\x08\x8e\xf2\xb3\xb3\
c\xbd\x1d\x8eu4\x0e9\xab\x868:\x8b\xfc\x1f6\
]X\x12\x14\x91\x97\xf4g\xa9\x13\x86\xd2\xcc[\x9c\x15\
\xf1`7\xda\x12H\xda\xb6\x070!E\x1a\x98\xa2\xe3\
z\xa51\x9e\xcf\xa8t\xc4\xa8\x83\x1d\xc3E\xcfd\xd5\
\xf6m\xaeJm\xc4)K \x886]\xf5'\x0a\xde\
d\xbe\xa2m{{S\x93\x06\x1f\xde\xde\xa9H\xc6\x98\
:\xed\xc89\xe6\xab\x85#\xa0\xac\x05x\xfc\xcc b\
\xec5n\x0b\x13\xf5`.\xf810'X\x831\xdc\
\xcai\x8e#|h\x07\xb9g\xa2\x9b\x09%\x03tZ\
\x11\xee\xd3}s\xde3\x99E:\xf0\xe9\xa1$T\x06\
\x11oE\x10b{\xfb\xd6^yx\xff\x9e\x9d\xe9C\
;\xfb\xcd$\x1c\x95&\x86\x9bA\x07\xc10\x96\xcc\x82\
\x1f\xa812z\x9f\xc4\xebO\xad\xdc\x88w\x81\xbb\xde\
\x07\xad\xc1\xdf\xee\x9c\x07\xc2\xf8\x9f\xb8\xde\xb4\x0b\xb5\x1b\
\xdfS\xdbX\xde\xefh\x04!\xb9W\xe7g\x1a\xdfK\
f\x92\x13\xcbK\x16e\x96\x9b\x90\x961h\xe7\xe9z\
\x98\x12Z\x0a<\x80\xb6\x0c\x86X \x00D\xf6eF\
\xc8\xc2T\x85\xff*X3\x91\x9a\xa5qY\x88\xcf\xfe\
\xc3u\xe3\x94\x84\xb2\xa4\xbd\x16\xd0\x8c{1\xd6\x08\x13\
\xa2\xd3zP\x83SC\xa4_(i85q\xf9C\
\x102\xec\x90\xfdc%\x80L\xff\xbc]\xbe\xa5_\xc0\
\xb7\x8a\xfd\xfc\xcd\xd2\xf5\xb5.\xb0q\x93hl\xbd\xbc\
}{T\xde\xbe~\xa3\x81\xdb\xdc9\xd0\xc4\xc2\xcd\xed\
\x83\xda\xd7\xf81\x18\x0cB\xe1X_\x18;\x22L\x97\
\xb9!\x17\x8eJ\xa8\xda\xc6\xe1\xfb\xc3rt\xf8\xba\xcc\
\x8f\xdf\xc8\xb4u\x81\x89\xeb\xf8P+\x1c\xd2\xa9$Q\
\xd4lO$\x81\x94\x18\xc4<\xae`\x1d\x922=|\
=\xe4%V_\xc3\x18&\x0e\xaeh\xc0\xe8s\xcb\xb0\
\x89,\x1a\x0d?\xa7+?\x9b\xe2\xcehP\x001m\
\xc0;\x94\xdd\x1e o\xce\xdf\xd0:\x9a}_\xda\xc7\
\xb2\x9fCQW\xa9y\xa8\x9d5\x11\xc6\xe5\xc1\xfd\xfb\
N\x87>u\xf6\x01!a\xec%\xc3O\xd3\x91\xc7\x0a\
\xb3)p\x99\xa6\x05ZH%\x91\xe6-\xc7\xcc\xa8\xc0\
l\x08\xcd\x8d9 :\x1f\xd7p+\xc1\xcc\xa2cH\
y\x8e\xd3\xf6\xa5a\x17G\xd2\x04\xde\xc8o\x14&-\
\xce\xfb\xf6\xad,\x81U-{\x9bk\xe5w_\x92\xe6\
}\xcb\x9a\x06\x04\x04-D55\xb5~M&b\x89\
\xb5\x09w\x22&\x1d>\x82\x1b|x_\x06\xff\x1c\x81\
\xd7\xfd\x1d\x84\xbfH\xb7\xb0\xe0\x18g\xdc#P\x87\xd2\
1\x91\xf83-\xf0\xb9\xe4B\x166\xa17\x17\x8a\xc4\
\x12\xdd\xaamk\x83+Eg\x89\x1e\x8dX\x8f\xe6R\
\xbf\x1b\x0eI\xc9c\x81\xc8\x0a\x00Q}<\xd7\xe1\xdf\
\x9e\xe71\x94\x93=\xcdT\x9b\xdb\xfbe}c\xbb\xd2\
\xc8\xa9\x84\x1a-{!g\xfd\x88\x91\x8d\xb7\x1e4m\
\xb9\x1d\xf3'F\xe1\xf6\xce\xac\x19\xd7\xe8_G\xc3\x7f\
\x0e<\x08\xa7W\x1b]\xf4\x84\xdck\xb7\xd2\xe3\xfd\xaf\
\xfd\xe7\x97\xf1\xf5\xe6f4\xfbWy\xac\x15\xb0\xe2\x9e\
\xd0\x10\x90\x9f\xc8)\x90\x0f\xc0\xdf\xd9\xdfW\x84\xcb\xda\
\x06\x91YL\x16dU\xc2\xaa\x89\xe0'\xa9\x04bP\
;\x8b\x94%H[\xb2\x0f\xd6\xce\x95\x09l\x01b\x0f\
\xcb\x5c\xc1\x0c\xe3rq\xfa\xbe\x9c\xbe\x7f)\xad\xe5\xf8\
\xf0\xbd\xa2\xb2<\x18Fl\x8a\x10^[L\x12&.\
4&P$Up{\xa8\xabq}\xec\xc4}\xf27\
)\xc2\xf8t\x9c\x5c>\xfe\x8cJG\xa8:\xb80<\
tf\x14I\xe1\x92\x86-i%#I\xe9Z\x92\x16\
\x0c\x22#\xae\x84d1\x810\x22\xafR\x13\xd9\xdb\xdd\
-\xdf|\xf5Uypg[\xf6d\xcb\x040\x86H\
\xcb\x1e\xb5\x99\x8b\x82\xf03q,\x99\x1a\x11TN[\
b-\xc2\xd7\xfa=a4h\x1e\xa49\x91\x95\xc0\x9f\
f\xbc\x88O\x93\xd6!\xd8\xf6\xeft\xff\x01\xbf\x85\x90\
\xf3l4+4\x91\x08\xff\xcd\x08/\xae\xe1\xe5\xfc\x93\
\xa5{\xd3\xc0$\xc8G\x0f\xee\x94{wp\xa6\xd7\xef\
\x0di4\x19m\xe7\x07\x09\xa6!\xa6\xdcU\xfbN\x92\
\x89t\xef\xe7\x1a\x04$\x8e?\xc5\xd2i\x1b\x89\x8f\x8c\
}\xe0-m\xfd\xcf\xe6P\xd7\xc5\xb5A\x03R\xe8\xcc\
\xff\x1b\xbdH\x0d$iD\xb4S\x15\xb0\x11i\x93p\
\x82\x13\x99E\xb0\x10cwy\x85\xdb|\xa3,\x06\xe9\
\xd7\x85>\x11UJ\xf0\x90\x05[\xc1be\x0a\xd6|\
=\xde\x8c\x11\x0e\xf6\xb3\x93\x932\xdd\xdcR\xfa'\xb4\
\x13\x12;\xce\xcf\xc3\xfc%XJ\xb1@\x10\xda\xc6\xda\
\xc0J\xd3\xb2\x9fCW\xc7\xa9\xde\x7f\xf1\xeb(\x01'\
K\xfd\x15\xe5:\x03\xe9\xff\xb2\x7fC~\xaf\xab\xc3q\
\xd3\x9eJc\xf7P\x01$\x1b\xb3Tco\xfc\xd8&\
\xae\xa1\xec\x7f\x93\xe9\xa6\xc2#7\xb7\xb7k\x87lj\
\xed`\xeeK\x0a\x00\xc6\x81\x19\xc7L \x1cMv\xca\
x\xfb\x96V\xe1\x1aOwd\xfa\x22\xfc\x17\x84\x22\xf2\
f2f\xd1\xa8znk\xaf*7\x95\xf0\x90\xd6d\
\x9d\xd4\xab\x0c\xc4@\x92\x03i\x00\xb8i\xce.5\x11\
Y\x84\x0a\xea\xda\x80\x22\x01G_\x14E@\x94\xa0\xb5\
\xbc\xd75\x05\x00}\xf6%\xe1\xc5\xf0\x91\xb0\xd0\x88W\
s\xf2\x9a`;\x82hE\x92\x0e_H\xce.of\
\xac\x9e\xe6\x814\xcebaO\x9f<*\xdf<\xbdW\
v\xc6&\xf86\x93\x86\x06\xa01\x0f\xe4\xcf\xb1\x09d\
\xb0\xb4)\x92\xa0?\xe0\x22A\x95\x97\xce\xeb\xb5ah\
\xfd\xebn\x88A\xc4\x18r\xae\xf5\xc4\xc28\xd6u\xa1\
\x89\x84\x09\xa4\xefDG\x9b\xf1\x12\xcb1\xbb\xfd\xc23\
\xd9q\xc0\xca\xf1\x1e\xd7q\x9f\xfd\x9d\xcd\xf2\xf8\xc1}\
\x99u\xcd<\xb2\x7f`Ja\xbe\x92v\x12LEf\
.\xfbz\x9a)#\xcd\x19b\xd6z\xf9\x1c\xa6\x95r\
c\xe3\xaf\xbb\xfc\x1c\x9c\xccAn\x87\xdew\x90\x03\xf4\
\x81\x8dC\xf6\xad\x91\x04\xddps\x83%\xd5\xc2\xc4P\
3\x10%\xf0\xc4OA\x98.\x14\x13\x0dC\xda#c\
\x81\x16\x8c6\x02(q\x8c\xf6\xcc>&/=\xb5\xf9\
P\x882\xd5{\xf1\xcc\x01\x998\x08\xf3\x1dH\xfb\xc0\
\xda\xc2\xc2{-\x88\x22\xe0\xdbcm\xa1M\xc7\xdc[\
\x7f\x1d\x8c\x0fH\x85\x22P\x88\x06\xf6zB\x92/\xca\
\xfd\x9b\xcbu\x06\xb2\xfa\x8b\xde\x13\x89:I\x09F\xf7\
\xd6>[Ks|\x9c^RP\xca\xcb\xc02lw\
\xd5\x8b\x0dq:2\x07\x84$c^\x92qkg[\
\x03\xc65\x1br\x16\xaeI\x9b\x98n\x1fTf\xb0S\
&\x951\x10\xdf\x8f\x89K\x93\x0ak\x87Mwok\
\x15\xc3\xe9\xce\x9d\xb2\xb9\x7fO\x09\x18\xa7\x93\xcd\xb2\xb5\
\xbdW\xb5\x99\xbbe\xb32'\xd8\xdc\xb8\xde_f\x04\
F\x84\xe166\x8b\xcb\xb3\xb5\x0a\x1a\x00\xd1#\x06\xfc\
\xa5v\xd2\xe6~\xf0\xfb\x06hyq\xf7\x9b\x1b\xcb\x87\
\xda?\xd1\x92\x92l\x07\x1fC\xf4\xf4\x22\xc1AL\xc4\
6Z\xdb\xe2;sKJ\xca\x0eU\xedLVi\xc6\
\xeaO\x16\xe4\xbc|#\xf5\xf8\xd6\xc1A\xf9\xe6\xd9\x17\
\xe5\xce\xde\xc4\xc2\xc2\x02y\xc53\xca\x9b\xdc\xc2\xfb\x94\
h\x13\x13\xb3\xf4\x9f\xfe\x00\xde5\x1d\xe6\xdd\x84\xb0\x80\
\x83\x85\x89~c\x06\x8b\xb8\x16\x8b(\x0c\x81\xf3\x0b\x18\
\x02\xd3\x02\x22\xfaj\x11y\xb4\xf8M\xdcC\xe9\xdem\
\x1b\xe9\x18\x09\x17&\x0e\x15kH\xd1\xd0a`\xbdd\
g\xb2V\xbe||Ok\xa6\xcb?\xd4\xfc\x1e+[\
\xd5\xec\xcf\xfe~\xd4\xe8wP>5@3\x16\x0dX\
\xc3\xe5O\xad4i\xbb\x87\x8b\x9dp\x108.\xfcw\
\x0dn\x11\xdb4o\xb1\x8d\xebE:\xfc\x9bFC4\
\xb6Q}\x81&\x02\x12\x8aK\xa7z\x06\xf9\x95\x04'\
\x86\x80\xa1\xf6o\x02/t/Bz\xcf=s\x9de\
n\xaf\xe6\x01wN\xc1\x03\xdcbQ!\x05\xca\xc9\xf1\
iy\xf3\x16\xdf\xefI\xd5P\x8a`\xc2Z\xa7 =\
\xc66\xd8\x82@j\x11cm\xf8\x17\x8d\x16\xac-D\
\xb3\x1b\x1c\x0eL\xe3\x13\x0e;@\xccr\xada\x99\x81\
\xc4m\x97\x8e\xbb\x83n\xdf{y55_..\xeb\
=\xdf/\x9a\xaflS\x05\xa6\xa9\xad\x9d\x9dr\xe7\xf6\
^\x99l\x90*bX\x89>\x09\xc2HML\x8ab\
b\xa6\xd7\x94ew\xbb2\xb03G\x5c\x00\x00 \x00\
IDAT\x8b\xad\xdd;ec\xc3\xb39\xc7\x9b\xfb\
\xd2@\xb8\xc7t{\xbfL\xb7\xea\xf1\xd4\xd9K\xbd\x0e\
\xf1@\x88F\xc7\xb3\x12!\x03\xd9\xa5\x1e(\x82\x0d\xb0\
\x5clC\xc7\x82\x8c\x00\x9e\xb8@\xff\xf2\xe2\x1e\xb0\xe9\
7\xf1\xbb\x1b\x8a\x7f\xf3y\x96d\x1e\x09'\x09;\x82\
\x01\x88Wh\x9f\x96\x8c@\xa4a\x93\x9a\xe5\x10\x8e\xf9\
\x0d\x99\xb2$\x99\xc8\x92\x1fdT\x85\x8eh'I\xdd\
\x97_<\xa9\xc4\xf5n\x99\xb2\x0ah\xc0]\x8e\x81%\
+J\x7f\x9c\xc5\xcf\x0c#Cg\xd5\xe5\xbd5\xc9\x0f\
\x13\x93\xa4v\x98\x8f}$\xd8\xa3\xd9\xd2\xa6\x08\xae\xdc\
\x82\xb4C;\xd1\x15V;\xf4DD\xcf:\xf7\x0cu\
&\x13jv\xfaF\xadh\xc9\xca\xd8\xeb6U\x98\x81\
p\x06\xe4\xee\xfc\x11\xd8\xae\xbd\xefc\xe6\x84<\xbc\xb3\
W\x1e\xdc\xbf\xab\xd0Okf\xae\xee\xa7\xd4D`\xbe\
\xd6\xe0<'\xc4L\xd9\x84\xc5D\x85N2\x13\x09\x5c\
\xccN\xfb\x0c\x8b\x19\xc0\xea\xb7\x07\xd6\x07)\xd0\xd9^\
C\xd2\x88\xe5m\xff<\x1b\xd3\x09\xe6l\xac\x0d/\x94\
Yy{\xa7\xd2\xbb\xdd\xddJ\x9f0C\x0e\xcb\xb4\xd2\
+h\x9b\xe6\xb0UA\xc8\xeb!)\xd5\xa7\x98\x05c\
)I$`\x99\xf9\x22\xca\xe3W\x04x\x12\x9e8\x85\
\x7f\xf8\x824M\x17,6\x85)\xd3L\xc08\x974\
\x97#\x8f\xb9\xaa>\x8a\xad\xaf5\x03X\xe9\x87\xc4\xe5\
\xf6\xfb<rK\xbf\xdc\xa8\x81\xc8g\xd1n\x92\xad\xcb\
?^\x86=\x7fh{I\xbd`\xe8B\xed\x1a\xbf4\
@\x8b\x06\xb2\xbb\xb7]\xf6vH26({\xfb;\
e\x0b\x09kc\xaaL\x93\xdb\xbb\xfbesk\xbb\xec\
\x1e\xdc\xaeZ\xc6n8\xd5K\xd5F\xb6\xc5h\x98@\
#\x13\xd8\x98t\x00N\x8f,\x07+\x0bI\xe13\x81\
\x08\x8d\xa6\x1a\x92.<\xd7\xe0\x91\x03L\x96\xb3\x8c\xbc\
\xea\x9d\x8dO\x89\xeb\xf2w@\xc6R\xf11\xed\x92\x1e\
b\xff\xb7\x12\x10\x92LD\xe3o\xa2\x0c\xe0\x13\x9d\xe4\
\xf9\x1e=\x1b>\xd2\x13\x041\x99H0\x0f\xe5\xb6j\
\xe9\xda\xbb\xd4\xed^}p\xa3\xdc\xbds\xab\xfc\xfd7\
\xcf\xca\xedm\xa4m\x83\x99\xd6\xea\x10b\xf8\xd9\xc0V\
\xa6\x11Q\xf8\xee\x1a\xe6\x00\x13~\xf2\xad\xe9\xb5\xf8\x1d\
\xd7\xe4\xb5\xc1\x002\xe4W\x0cA\xfb>\xaf5Ad\
J\xb2\x7f\xa4]\xb3\xee\xe7\xf1\x0ern&2\xb7w\
\xea\xe1Nn\x85\x1eq\xd4\x83QQ\xa2\xee\xf2r{\
\x7fR\xbe|\xfaPk\xbb[[3\xb3uM\xc6\xdb\
i\x1b\xb41\x93\xb9\xf9\x97Z\xe5=\x82\x99\xe8Y\x9d\
\xe0\x97\x08\xbd\x8a\xf7\x9fZq/g\x09\xdc\x8f.\x17\
\x0aw;aF\x0c\xfcn\x7f\x14c\xbdiDh!\
y-\xdb+\x88;f\xf3\xb9\xbaU\xcbMl\xeeV\
~U5\xe5\xf5q!\xab\xeexs\xaf\x8c\xc6\xdb\x12\
\x8c\x81m\x04f\xee+\xa6>\x1c\x97\xc5\xd0\x81Dh\
\xb7\xa3\xf1\x8e~S\xd6'\x15X'\xd2<\x06\x0b\x96\
\xb7\xa8c\x5c\x85\x0ah\xa3Md\x8e\xd6\x92&\x91c\
\xda\x87=m\xdc\xd6J\x9c\xe7{|\xf9*\x8b\x88\xb6\
\xd4LV\xca\x0d\x0cd\xb9p\xbb|\x81x\x9f8v\
5\x00\xa6t\x19\xc7H<q\xbd\x08\x88\xaa\x1b\x00\xf0\
\xe9\xf6f\xd9\xdd\x85\xf8\xafU\xa4\x98\x18!\xeb\xfex\
:)\xfbw\xefV\x06\xb2'F\xa2u\xcf\x89\xa7>\
\x9f\xa9\x83\xb7\xb7w\xeb5\xcelibc\x8e\x0c!\
\x80\xbb#\xe9A|\xbcL)ci\x07\x96a\x22\xb5\
\x90\xa8J\xdf\x9c\xf0\xd2\x1b\xfc\xa8\xb9\xaf\x0b8\x9b\xfb\
\xfdsz\xc8 \xae\x89\x12\xfb\x9f\x13CIx\xe8\xb6\
\x0c;T\xdd\x84\xcbf#3\x8e\x5cm\xd0\xe1\xadn\
\x13\xf3\x90\x89\x0a):\xfd\x1e\xe1H\x97\xdf\x03\x93\x15\
B\xc1\xa82\x83\x8d\xb2\xb99-_?{V\x9e\xdc\
\xdd+\xe3ax\xe4\x22\xa2*\x09\xbd\x11\x81g\xdb1\
\xee|W&\xa2\x8a\xc0\xe27\xd2\x1c`\x000\xb6\xce\
\xa9\x9d\xcc\xc6\xcc\xce\x95\x9b\xeb\xfb\x12\xce\x13\xf6\x17~\
\xae\xe0@\xe7m\xa6\x15\xd3X\xee\xa6\xa5\xa2K\xb3\xbf\
\x8a\xdf)\x1e#x\xb6y\x84\xd3\x0b-N\xf4\xf8\xfe\
\x9d\xaa\xb1\x1f\x08W\xacaX\xe3\xc8y \xc9\x8cm\
\xd2\x8aw\x07\xaf\x82\xa9\xd8\x84\xd1\x99\xb2\xfc|\x9e\x0e\
\xaez\xcc\xe2\xbfx\xafO\xa4\xac\xe2f\xab\xbdf\xb3\
\x03\xef\x0db\xaf\x8dk\xd2\x04\xb75\x81T\xa6\xed\xfc\
Y\xdc\x01s\xb9LY\x98\x9e.\xcb\xf9\xc9\xb1B\xc9\
Of\xe7\xe5\xe4\xf8D\xe3Q\xf5\x0b\xcd*\x87\xb6\x11\
 \x04\x13 \xda\xca\x1a\x08\xa1\xbb#\xf9l\x91\xbf\x99\
\x07\xc2\xfc\x909Y7\x98\xd7\xa6\x05\xabNE\xdf\x88\
B\xd5\x5c\x90\x81\xe7\xb9\xf1.\x9e\x0b\x12x\x07i\x0f\
\x18k49\xf7\xb3\xf6\xc8?\xc7|C\x8e\xbc\xafi\
\xa7?X\xae3\x10~\xd4o\xed\xee\x18\xf6\xc4h\xd0\
\x0b\xc4a\xffAm\x9f\x9b\x98\x91\xa8\x19\xc4+\xe4\xbe\
\x1fU\xa6\xb1\x13\x88[U\xfd*\x09\x8e7\x86ek\
sR\x19\xc4T\x9d\xf1\xfe\xcd\xeb2G5\x0b\xbb4\
\x08N\x88\xef\x10\xd3V\x95\xac\xc6u\x9f\x95\x09\x9d\xde\
\x9b\xac\xbe\x9b\xee\xac`\x5cD\xe3\x90\x0e\x00\xe4&\xec\
\xd7\xb6\xc9\x84\x1b\xfb7\xdc\x94\xf6N.I\xa6\x10\x80\
\x14\xef\xdd1\x82\xae=[|\xdc\xef\xf6\xdf\x0a \x22\
\xc8\x18@\x10\xfbBED\x07\x89\x00F\xc4\x90$\xf9\
\xa8\x95\x10\xb6\xf0\xdc\x8c\xb6\xa2\xe6\xbe$\xed\x91\xd6\x9a\
&l\xf7\xf7_=)[\x04\xec\x0d\x18:\x9c\xd1F\
`\x06\x99\xe7A\x84\x11\xea\x8c\x04\x96&3\x0b.?\
\x0a\x97D\x83il\xbfd2\xb1\xd49\x90\x9d[N\
v\x11\x0a\x13\x8b\xf8\xa9`BQ}:\x0e\x04\xf0'\
\x87Y\xa8+)\x90\x98\xe8\xf8w\xe9p\xcd\x14+\xec\
\xe3D'+\xf5\x8c*\xe7z\xbe\xaf\x11\xf9^\xd5\xd2\
\x1f\xc9\x99n3\x96\xfb#\x9c\xea\xea\xbf\xee8#\xb5\
<7$\x0583\x11:F\x7f!\xd8\xa9\xa3~\x0e\
\xa5\xf8dJ\xef[\x1b\xba\x1b\xa3\x85\xcb\x1ad\x17\x8d\
\x7f\xd2\x84\x1co\xfdw\x19[\xd8\x05\xd7\x04\xec\xe9G\
\xec/\x1c\x10q9/\x9bU(f\x9d\xa3\xc9d,\
3\xe7\xee\xdeA\xd9\xde\xbf\xad\xb1 \xc7\x15\xcf\x80F\
A\xc7\x98@8\xc8e*\xe6'\x15&\xaa\x96QH\
\x0bOR\xc5\xd32D\xebPV\x0d/uA\xfaw\
1\x0f\x911\x0bc)\xdcP:\x06\x91\xc7\xb9\x8d\x12\
\xc2\x17\xe3o(\x0e\x1a\xdf\xe0\xa1\xd7W\xdc\xea\x060\
\xf1\x13V\x01(\x10%%\xa4\xf6\xcb\xaeo\xdd\x12/\
\xeb\xfd\xe5\xe3\xf6\x1e\x01\xb0Ydj\x9aL\xe4pL\
IJ\xa9\xaeI\x7f=?/\xb3\xd33M\x9c\xc2\x14\
E\x94\x0d\x5c\x98\xcc\x93,\xf3\xe9G\x0e\xc4y\x99\xe6\
\x9f6iT@TD\xff\xc6\x19Z\x9d>\xc0\x04\x80\
\x11n\xa4?\xe0@\x1a\x89\xb6T\x9f\xeb$\x8dh[\
\xd8\x1a\xdd\xb5\xe5W\xe4\xfd\xbc\xe7;v\xe5s\xd2>\
\x5c H\x1e\xe3\xce\x07\xd7g\x1e!\xc9K\xfa\x0d3\
\x0b6\xdb0[\xc9,\xa5\xe8\x940_\xc5\xb1\xf2`\
%\xf3\x08\xcdd\xafj\xa7\x7f\xf7\xcdW\xe5\xe1\xad\xcd\
\xdeZ\x1f&\xfc\xc0T[\xaf#\x883\x95\xa8\xa6\x5c\
\xc3\x9cv`-\x99@G$\x02G\xf4\x19>\xd67\
5\x1cP\x8b\xcfHP\xf1~\x88 \xa2;\x16x<\
\xfeY9\xce\xe8+E^\x01\xeb\x84^&\xc3\x98_\
\xea\xf8\x9c\xa4\xa0\xfe\xb1\x9e\xa4\xfbE\xa5i{:,\
\xcf\x9e<,;Z3\xdd\xcc!\xcd\x80v\xac\xd3\xaf\
\xddv)\x94W55\x0f3\x8d>sox\xdb\xa1\
i\x1b\xcfO\xb5t\x18\xdc\xb5t_\xec\xb3y\x9c\xe8\
,\xc1S\xe3\x81\xc0\x11x\x9e\x95_0\xe6\x5c\xa0(\
@;\xd2\xdf\xbf{W\x0e\xdf\x1di,\xce\xcf\x9d\x80\
\x11_\x96\xb4\x0f\xe0B\xf0gZ$\x88\x82^1~\
k\x1b\x9a\xf7\xe6\xb7!\xd9\x22\xd1z,Q\xc1\xba!\
\xc7\xa4\xda0\xee %\x0d\x1dU\xa8\xb1\x15\xf2\xe9 \
\xf0\xd0\xf0\xabo\x89\xe3\x06\xd6\xd2\x9a}\xb9\x7f\xa3\x87\
E\xf1\xd7\x1b>\xfa\xedQ\x02>\xaek \x1f)\x0d\
\xa6\xae\x01W\xc78\xf2M\xda\x8b\xe3O\x91\xed\xd5/\
\xbe\x1ek\x9b\xa3\x81\x10\xc2x|vQ\xce\xceX\x19\
\xce\x0b\xf7\xa0\x92\xafW\xc6\x81S\x08\xc2c\x8eH\x18\
\x1c|\xa3r\xec\xca}\x15u\x00\xc7\xae\xad\x9b[\x9b\
\xe2\xeet>\x0c\x05\x93\x98C\x1bY\xd4\xde\x04\x84\xf1\
\xcd\x88\x18\x0e\xba9!\x1e\xf8\x1c\xfch\x8c\xb6<\xd3\
\xdf\xcb\xba\xfc\xfdq\x87\xa5\xb6\xcf\xa5\x18h\xdb\x81\x0d\
\x22\x8dyX\xf2\xedG\x01\xd9\x86\x1f&\x171\x86\xd8\
\xc6\xba\x06N\xd1\x1e\xbe\x8f\xf4\x83\xb0\xad\xed\x93*x\
<y\xfc\xb8|\xf5\xf4A\xd5>\x90\xb6\xbaG'\xf1\
\xd7X\x0b1\x91\x00\xc3\x1d\x0d\x08\x0d\xa0\xfb\x9dF,\
f\xd2\xa2\xa7B+Xt\xfbb:\xd9\xae\x9a\xf7\x0d\
\xcd!\xee\xd3\x18\x10\x95\xe7\x0b\x96|HE\xc0O\xad\
D\xb3\xdd%P\x85\xdfe\x8d\xf4\xed\x98\xf0<\xcfD\
>\x96\xf0\x9f\xf0\x1b,\x12C\x22\x17\x0b\xf3GJy\
p\xf7\xa0\xdcgN\x08\xfd\xd1\xfa0\x18\xf1\x8aS=\
\xcdY\xc9D\xba\xd0\xe9\xd4H\xa8\x0d[W@\x9a\x83\
O\x07\x9e\x7f\x8e@\xd7\xc6,\xf6\x97v\x16!\x0c \
\x90\xf6\xe8C\xfc\xb2\x8d\xb9\x0f}\x13\xae\xc3T\xb5\xb6\
f-\x85\xc9\xa3\x98\xdf\x89\xa2\x9a\x9f\x1e\xf9\x9e\x03/\
,\xa6\xe8Ve\xe0\x05N\xeb8-\xce\x0a\xc2/\xe3\
\xc02\xdcZ\x8d\x10\xa1\x88\xf5eH\xe5$!\xc0\xc2\
\x96M\x960\x18`\xca8\xa11\xed\x09\xee\xab\x82P\
`E\x0f\x7f\xe2\xdc\x22.\xfb\x05e\x99\x81|\xe8\xd7\
j\xce\x87\xc6ki\x1b/\x96/\x17o\xef\x09-\xc9\
4|}\x12\x14\x08DE\x17#.\x19r\xc9HY\
\xdf\x82\x097\x5c\x081\xe1\x5ca6\xe7\xec\xac\xbe \
!l\xc4UW\xee[5\x0fB|\x89\xb6\x22\xec\x8d\
H,\xb4\x0e~Od\x0b\x11\x0f\x92\xce\x06\x9e\xb4\xa5\
|YR-m\xb6J\x09A\xab\xcd\xe5\xb1j\xc0\x0a\
g\x05$\xfc\xd6\x80\xd2\x07\xbev]\xb6i\x8c\xe9\xf8\
\xee\x9a\xcf\xa9XH\x08\xa8\xd3\xf82\xf6&N\x22T\
Qs?#\x83<\x87!L,\xd2:j\x0d\xc1\xa2\
E`\x89i\xf4#\xb1\xd6\xcb\xad[\x07\xe5\x1f\xff\xf0\
ey|{\xb3\x12^\x13c\xdc\x19I\x98\x93\x00{\
\xe2\x1f\xce\xf0\xb8f\xe8c\x11i\xa5^\xc7tJ*\
\xf6\x9c \x18>\x88AW\xd7c\x9b0\x9cN\xf1<\
\x97a\xb7\xd2\x82\xe3\x1bYI\xce~\x1d_\xdf9\xd2\
\xcdD\x92y\x08\xb9\x81%u\xa2\xe1L8\x13H\xcd\
\xae\x0e)q\x1d\x88z\xb0=._<}\xec\x04\x8b\
=\x06\x92N\xf5$&\x9d\xd6\x91}\xdc1\xef\xa5\xf1\
\xe8\x8dQ\xb0\xfe\x18S\xca/\x92-\x7f5\xc5\xc4\xde\
\xf8\x8a\xd0\xd9\xe1\xb7\xc7!\xab\xfe\x82a\xf0\xa7v)\
\x0a}\xba\xd1\xd5\xce\xbf\xca\xb1\xcd\x92WUK\x80\xf1\
C\xa3\x80w\x84\x05&\x01\xd6\x0e\xd7\xca\x84\xf2\x85h\
\xb2!\xa6\xacK\xf5\xbd\xb2o \xa0\x5c@\xbb\xce-\
4S\xc9\xda[q\xc0B\xcde8\xdd\x15\x06\xe1\x08\
U\x04\x82\x18g\x09\x07\xe1\x933\xfc\xd9\xac+\xe8\xeb\
\xc1\xb4\xe1\xcd0\xd7\x8d}\xbf=a\xa1WV\xda\x1a\
\x94\xc4\xedUD\x17\xe3(o\xbe\x5c\xf2e\xf2(\xff\
\xebv\xf2U\xbc\xd3]\x88)\x0aN\x1c\xe8S&U\
\x92\xdc\x9c\xac\x97\xe98\xa6\xf3/\x9c\xa0\xce&\xa8:\
bU\xe3\xb8De\xbb\x82\x9b\x8f41G\xa9\x8c\x99\
\xb5\x1e\xf3<\x18\x90\xe9\x16\xd9x7\xe4\xa4\xe2\xc3Q\
\xff\x94G?\xbe&,\x94\x1a\xe0pO\xeaYT\x01\
H\x93.t\x22aE\xdf\xb9\xca\x1ft}\xb6!B\
|\xd6\xc5\xd0!8i\x9a\x87G\xdfD\xb3c\x1eZ\
 JD\xcf\x8c\xa3?IPK\xd3\xe6~l3d\
\x97s\xd3\xe9\xb4|A\xd8\xee\xa3;e\xba\x11\x04:\
\x1e\x8c@&i}\xe0\xad\x88:L$\xfcl0\x12\
-\xe6\x14\x0e\xf3\x16m\x05S\x89\xf5<<\xfb\xd7\x0c\
!\xa3\xc5r\xcd\x0f9\xd9\x87\xc1h\x821\xc0\xb8\x8c\
\x1b\xd9\x0b\x1f)\xd1\x1f\x98\xd8\x1aL\xd1\x1e\xa6\x10[\
Y;m\x07\x98Z\x86*\x1fO\xabR\xfd\xec\xf1\xfd\
r\xe7\xd6-3\xda~\x7f\xc6qs\xa4\x8b\x99\xf4\x18\
I\xcf\x94%_\x88^\x9e\xad\xc7,\x06\xd0\x1fr\x13\
\xe1\xf8\xd4\x0b\x1d\xdc\xef\xf4\xd5\xe3(]\x134\xc0U\
\x1bZ<\xa8\xed\x0aBoY$O)\xdd\x07^\xec\
nv\xc6Bx\xa6aZ\xf7\xa8\xd28\x84\x18~\xab\
\x147\x04\x0e]\xb0\x7f\xa9\xf3\xf8?\xce\xcf\x8fE\xcf\
\x94p\x91\x01\xe2\x99\xd0\xb6\x05\xe1\xbb\x03i\xe9\x98\xbc\
\x1c}\x17\xef\xd0\x86\x93\x06\xc8\xbc\xc7\xb6\xa3\xf39\xc6\
\x1a\xf0\xd8\xbf\xb9\x98\xd6w\xbf\xea\xf3\x83\x1b\xc5\x8c\x9b\
8\x8f~x\xad\xb9\xbb\x95_\xac\xffr\xfd\x17\x8b\xc7\
\xd6\x1b@\xe4\x15~V\x9b\xa6\x15#\xd6\xaa\xca\x86\xc2\
\x01,\x83I\x22\x0a\x97N\x01\x002i^H\xd58\
\xd66\xb6*\x93\xd8v\xdct\xed\xa8\x8dM\xcf\xfdH\
\xc7!\x0b\xf8\xd0\xc1 ;\x0bO\xd5\x9f\x05B\xd2\x9d\
WJ]\xd1\xc6V\xe3\xee\x83\xf6\x7f\xef\x5c\x07\x0d \
n`}\x1c{\xffZG|V\xa5\xcf$\xa2!F\
>\xc69\xa5 \xd4\xf15\xefC\xbc\x18k\xa7\x1fO\
\x9fG\xa7]8T\xd7\x9aG\xa6h\xcf\x94\xeel\xef\
\xdc\xbe]\xfe\xee\xeb/\xca\xad\x1d\xfb\xc2:)\xb2=\
\xb5\xc8\xf9\xcd\x88-\x92(\xc7\x1b\x0e\xc2f\x1d\xcc~\
u\xa8\xf3;\xfa\xdf\xd0\x07\x03O\xae\xf2w\xeb\x19\x01\
\x0e\xbe\xb7N\x19Y{`\xe1k:\x0955^M\
2\xc4\xc1\xca\x16\xf8\xa4\x9dw\x86\xa0\xf0\xa7k\xd34\
F\xe6\x84\x14l\x08\x0cY\x94\xfb\xb7\xb6\xca\xd3\xc7\x8f\
\xab\xf0d\xad\xe3\x9a\x06B\x153\xb1)K\x8c\x1b\xcd\
C\xd2)\xe3\x86\x86\x1e\xce\xd6\xde8\xfa\xfd\xb3'\xf3\
\x9bz\x1f\xf4+/\x9dp\xd8\x1a\x1a\x1e\xf7\x05G\xda\
\xdbq\xef7\x1e\x81\x00*|\x161n\xed\x8a\x18#\
\x9d\xa6\x16\xb4\x08\x18\xc0L\x0b\xdb\x9d\xcf\xec\x10'\xed\
\x08\xbe^\xa2\x02\xa1{\xdc\xc0\xe6*\xb2\xec\xb2\xfc\xc4\
\x95\xc6\x09Z&S;3\xd49}\x85\xb5\xe6\x5cZ\
\x11\xa6\xcf\xc1\xfc\xd0B2\xdcF\x8b\xe8y\xb2\xac\x00\
\xb2\x01#[o(9\xb2}o\xcfj\xd1OW\x1b\
?R\xae1\x90\x8e\x09t-\xfd\xddk\xe7\xf4\x82\xbd\
Vq\x00\xda\xf8x5\xb4o\xc1\xb4\x04q\x80\xd8\xef\
\xc0<*\xb1'\xd1\x9c\x88M\xbdn]\x8er/F\
/\x22\xb4\x0eG\x1djD@\x04\x10\x8f\xc1C\x1a5\
2\x149\xcdaD\xac5\xec0MGa\x11\xd7\x0f\
\xe7\x97\xde\xc9`\xa3a\xa0{8d\xc1\xff<\xd2\xbd\
\x1a\xa3\xaf.6 \xb5\x99\xac*\xa9\x8d\xe8?\x01\xc9\
/\xe9\xecO\xab\xf8\xcb\x1b\x11\xea\x13\xa4\x81\xa5x\xc6\
\xd0\x8b\xdd\xac\x106\x1dg\x04\x16s\x18\xf0upn\
\xc3\x9a\x88$i\xfb?`0\x8c\xf7\xd7_>-O\
\xef\x1fhb]\x8e\x9fg~\xc7\x18\xc6\x98\xf5aT\
\xcd\x01{\x9d\x0f\xcc'$O\x5caj\xc8\x1a\x1a\x00\
\xe7D\xbc;&\xa4k\xf5\xd3\x8e@\x1c\xcf\xae\xca_\
~<+\xdf\xfe0+\xa7\xe7\x11\xd2\xb9R\xf8\x9d\xcc\
\x118\xf6\x91.\xafp\xf0{\xedtGy9m\x8f\
\x22\xaet\x9dS\x9c\xcc\xb8\xe6\xc2\xceu\x07\x04\xd8\xf9\
\xce\xfbnV\x8d\xfd\xe9\x93\xfb\x0a&\xb0y\x0a\x0d*\
\xb4\x8f^\x9ff\x96\xde\xd6\x16\xbe(3w\xb4\xa8\xd0\
H4f\xc58,<t\xe9\x04\x84\xcf\x03\xc2;f\
\x90\x03\x19\xa2c\x83\x1b*}a\xac7\x99\xf0\xaf2\
J\x8f\x9fzC\x04(Vx|\x16\xce\x04\xae\x88*\
~>d\xeds\xc2n/\xa4\xcd2\xbf\xc3Ny\x9b\
\xdb\xb5\xb0\x1eZI\x1dSh\xa2\xb4\xf8\x8a\x13\x9a\x17\
R\xcf\xb3\xce\x08\x96\x152\xf5^\xce\x8f\x94\xda\x1dm\
\x85\x14\xf2\xe0\x5c\x12\xdb4a\xe5\x10\x1a/s?k\
'@\xf8D|zn{%\xee\xba\xda|\x9d\x81|\
\xb0\xf0\xa0\xe8\xc3\xbcQ:z\xday^\x88\xbfk/\
\xe5}\xd4gf\x10O&#\x99\x91\xce\xe6\xa8v\x03\
q\xe8\xd9\xdc\x99v\xe1\x00\x1b\x9bSM6d=\x90\
\xf5\xe9\xb6\x92,B\x88\x18H\x88\x0a\x85\xb8h$2\
\xafc\xbd\x909bc\x03\x87$\x0c\x07U\xd0\xeb\x81\
dq\xbe+v\xa2\x86fa\xb0\xe1\x7f\x1b\xb6:@\
\x8a\x92\xb0\x13\x07\xfe\xda\x00*\xef\xb5K?\x9f\x92\xe3\
\x9f\xe3\xeb\xfd\xce\xe7a\x87\xadfq\xa3u\xf4\x08\x99\
V\xd7\x13\xd1\xebk\x1f=&B\x95\xd9\x8a\xeb\xbd\xd6\
\x07\xb3\xb0\xff\xf0\xf5\x97\xcaN\xeb\xd5>\x02\xa2\x0cr\
\x1e\xb7\x18'\x0e:\x04\x89\xaa6\x9b\xd4t,\xe1\xc3\
\xb0\xda\xf7s\xb8\x22\xe8\x18\xc2\xd3\x8f\x01H\xe5y\x04\
\x94\xb3\x8bE\xf9\xd7\xefO\xcb\xff\xf1\xdf^\x97\xff\xf3\
\x8fo\xca\xb7\x95\x91\x9c7fc\xad\xa2\x0b\xd40\xa3\
\xf3\xfbe[2\x95E\x95H/\x15\x89\x95+\x22\xa6\
\x09\xcb)Ttu\x0b/\x96\xb5\xb6\x12\x9a\xdb{{\
\xe5\xee\x9d\xdb\x222\xc9\x8c\xedW\xea1\x12|L\xc9\
4\xe8\xf7\xa8\x9emoS\x16\x1f\xeb\xefJ\x8d\x91\x8f\
\xf76\xdf\x95\xa6O\xb5$\xee\xe7Q\xff\x8c7\xdd\xb9\
d$\x86\xb1\xc0z\xfec\xbcT\xa0\x1f9\xd0>%\
\x01\xa5\xd2\xa9\x01\x11S\xb5\x85\x150\x11\x80\x10v\xcf\
g\xcc\xe3\xf0\xf2\xb4h\x16\xb41$\xec+\xc1\xe2\xc2\
\xb0\xc6\x9d\xe4\xc3\xd0\xbd\x81{n\x8e\xe9\xaa\x8e\xe1:\
If-\x04\xc0\xfas\xce\x93q\xd10\xcb/\x0c\xcd\
\x14\xef\xfb\x18Dh\xcd\x1a\xe7\xd6\xbez\xe2#\xe5\xe3\
\x0c\xe4\xda\x8f\xe3\xe1j\xee\x1e\xd4{\x5c\xdb\xcb\xeb\xe2\
\x1b\x1a\xa0\x8e\x98y\xb9\x866\xb1p*\x89\xa1\x11\x15\
)j<\x99(\xb1\xe2HYx\x91Dk\xb7`\x87\
F\x13\x19\xb2\xc8\x94\x97\xbc\x85\xe3\xe2H\x9clN\xf4\
\x00\x11$\xd2\x96H\xaa#\xba\xc6\x83\x22\x8e\x1d\xe3\xcb\
{\x84\xbc\xa0\xbf\xae\x18(\xf2\xbaD\xf4\xbc\xa2g\xcc\
\xe8\xe0\xa9W\xd2l\xf2\xf9\x16\x13!:\xb8O\x8c,\
\xed:\x92.m\xefl\xbd,m0\x09\x99\xa7R\xd3\
\x88\x89\x83-\x0a\xcb\x91F\xbb;\xdb\xe5\xef~\xffM\
yro\xaf\xack\x0cy\x06\x8f\xd3\xb4+[wA\
0\xd3\xc3\xb4\xf6J\x11\xa6&\x94J8KF\xa0\xdf\
\x0c\x9a4n0\x07Q\xf55\xfaA\x8eh\xd0\x838\
\x87\xb6P\xcawo\xe6\xe5_\x9e\xbf//\xdf\xce\xca\
\x8bw\xa7\xe5\x8f/\x8e\xcb\x9bc\x90^\xd6WkF\
W\xde\xcaL\x11\xf71\xad1Dq?\xe0;'\xb8\
f\xd1\xb9|\xf1\x85\x19Q\x0a?\x5cE\xf3\xfe\xce\xa8\
<zx\xaf\xe2\x00\xe90\xacm4\x13V\x98\xad2\
8\xa19\xd5a \xfa\xde\x9e\xf3\xdc\xc8\xd7\xf5C\xdc\
\x9f\x97\xd3\xb9O\xb4$\xbe.\xe3\xad:\xfc\x06\x1c\xbf\
\xd6P\xdc\xd6\xfb\xf5\xd2\x8f|\x8e\xaaa\x93)\x0a\xce\
?\x14S \xd5;9\xaf\xc480K\xe5j\xa9h\
\xa3W6\xd9\xa7\xd5E\xe30$\x8f\x96\xdf\x8b\xf1\x97\
|!\x1a\xb7\xd02\xb8\x0a\xd9\xe6y\x01\xb3\x0e\xc6\xe8\
\x8a)q\x1b\xd9\xb6\xe9\x177\xad\x9c0R\xfcd\xf9\
yPr\xedf\x89tq\xaa!a\xaf\x08 \xf9*\
\xbf>\x05\x8e\x8a:v~\xee\xd9\xba \x19\x1d;\xdd\
dvqe\x1e\xdbU\xe3\xa8\xc4\x85\x97\x02\x01\xd0v\
\x16\xa8\xf7\x15k=\xeb\xdc\x9d5\xad\xd72k]&\
\xb15\xf2\xc98\xcd;\xdc\x18\xdb\xa2\x1e\x1bQ\x11\x06\
\x8ae\xa6\xc1\xfb4\x84^\x1a\xfbU@\xe85i\x9b\
?X\xfd\xd8\xcf\xa9\x04\xb8\x89\xa2Z\x82\xcf\xb1n\x92\
,\x12~\x98H:\x09\xd9\x04\xcdRr\x9a\xa9\xc2I\
N[\x84\xebf\xc8.~\x8f\x8d\x8dqy\xf2\xf4Q\
\xf9\x87o\x9e\x96\xad\xb1}\x00I\xd1\x85H%\x0eE\
\x83\x97\x07s\x95\x10h\xbc\x110\x80\x05\x11e\x9b\x86\
r\x22_\xfa#R\xd27\xa2\xc66\x1e\xcb\xf6\xe8\xec\
\xaa\xfc\xf9\xe5Q\xf9\xf1\xfd\xa9\xe0\x0b\x13\xd3\x0f\x95\x89\
\xbc~?\xd35\xd6^\xdcG~7\xc3\x9e\xba\xa9\x18\
\x074\xcb\x1d\xcdF\x0ez\xe7\xc6\x22\x92\xcb\x1e\x16\x9e\
\xe3w\xd0:\x22\x99\xb8\x11\xf3\x16\x19{k\xdb\xb4r\
\xd2\x07\xf7n\x97\xdd\xdd\x1d\xf5\xab\xf3bu>\x91\xdc\
\xef\xfa<\xccU2k\xc1P:-D\xe9N\x8c\xc4\
F\xe6\x86\xc8\xd9\x81\x9f&\xac\xf7\xc1cU\x00\xd4\xb8\
-\xe2\xcb\x1bX\xd1\xe0\x83\x0e\xb6\xdaI\xb7-\xdf\xa6\
\x905\x17s\xd3\x05~\x8f\xd9L\xa3+S\xe6%y\
\xfa\x1c\x10\xc4\xc4h\x04\xad\xaa\xd4\xd6\xf1\x9d7X#\
h\x08\xa6\xa2\xc7\x0e\xd1\xd0\x09\xdc\x00B\x10\x9bl\xde\
\xd2\xfb\x0d\x88S\xb5\xa9\x94d\x9f\x1aK\xbdG\x00\x5c\
\x0c_7\xb4\x83\xce,\xaf\xfb\xf5.\xea\x15\xb5^o\
\xbe\xd6\xb8\xcc@\x02\xcam>\xf3\x85y\xfb<\xbe\xfe\
<\x1fX2LB\xe2\x16\x9d\xd5\xbeo*I\x07\x82\
\xbf\xb1V\xa6\x13'\x9a\xdb\xdb\x99h\xee\xc6x2.\
\x8b\x8a-'\xc7\xc7\xe5b^;\x92\xe5hq&\xd5\
\x01@3\x19WiK\xd13\x1b\xa40\x9ejPX\
iP\x8c\x08\x06\x03b\xae\x0f\xe5\xa4B=\xec\xab\x93\
T\x0f\xb0w@P\xab\x859\xe2\xfd\xd1\xcf\x1f\xf0/\
\xdb>Vz\xd7,L\x9c>\xd5bi=\x80T[\
\xbe\xdeD\xc8\x1aF\xd6\xd48j\x15\xb1\xb49*\x17\
B\xd2VN\xf2 vh\x1d}\x93\x96\xfc!\xa3\xb2\
\xbb\xb7[\xfe\xfew\xdf\x94\xfb\xfbc\xf9\xb4\xe2\xb1\xea\
c\x81\xe1\x82c\x18K\xc2Y\x09\xd8\xed\x8e\xf5\xde\xa1\
\x9d\x5c\x7f\xff4a\x99\xa0\xf7\xcf\xb7h+*\xc7\x03\
k\x14\xdf\xbd9+\xdf\xfe\xf8^\xa6'\xcdR\xaf\xf5\
\xe8lV\xbe{{ZN\xe6\xbcP\xf7\xfc\x0a\x8e2\
\xa96\xd3\x19\xff\x05x\x00&0\x9ft\xec\xcb\x5c\x16\
\x8c\x85\x8a?\x8f\xb0OB\x8d\x159V\x99\xc68r\
zm\xac\x97r\xef`\xbb\xdc\xbdK\x92Q\xb21X\
\xc3h\xbe\xa64i\xb1\x0dF\xde\xd5\x1b\xc6\x87?i\
!Y\x07R\xdf\x1a\x0d\x88\xed'W\xf8\xac\x86\xf6\xc9\
\x18\x92\x16\x88\xed\xeb\xffF\x07\xa0\x09yM\xe0yG\
#\xe2wA\x03\xa8\xd2B1a\x11MZ\xcf]\x9d\
\xcfdZ\x07^\xe5g\xeb\xfd\x1e\x86\x0e\x1e\xc8\xef\x85\
\xf0+\x8dd.\xdf-c\xee\xfb\xe2/.\x0a\xd9\x85\
\x09h\xf2\xf5e$_\xac\xc2\xb3A)a\xb8\x98\xdf\
\xb9\xa9\xed\xb0\xab\xca5\x8b\xa5S\xad.\x8f\xb7\xef'\
\xf7\xcf\x0d`\xf0\xf34\x90,7\xdc K\xbb\x7f^\
\xb3\xfa\xc0\x01H2\xd4\x82Q\x93qL|a2!\
L\xe3\xf4\xbc\x9c\x9d\x9c\x95\x93\xa3\x13}\x22\xb341\
a1\x00d\xe6\x05\x19X\xf2\xf6|\x8e#jXN\
O\xcf\xc4\x04\xc8\x7fu\xce*o\xe2\xc26_\xcd/\
\x18\x925\x115wh\x0cl\x1bh\x97\xf4\xa5k\x7f\
\xe9L\xaf\x18\x1e~+e\x05\xa8\x12@\xf9\x0b\xdbP\
3\x83\xf4\x98H\xae\xf5\x91f\x15Or\xebBs=\
i0\xccXa\xc2\xb2\x06B\xb2\xccI\xf9\xea\xcb\xa7\
\xe5\x9b'\xf7+\xe1\xe4\xa1FH3\xe8@R\xda\x18\
\xa3|-\xfec\x5c\xb9\x22\x1b\xb9\x0ed\xed\x1d+m\
\xbb\xda\xfa\x9aG\xf7\x1b!\x7f\x9e\x8b\xdf\xb2\x22\xc0\x0f\
G\x17\xe5_\x9e\xbf-\xef\x8eg2;`\xab\xc6\x11\
>\x9f_\x94\x17\xaf\x8f\xcb\x0f\x87\xe7\xe1\xd8w\xc5|\
\xd5\xb7\x9d\xe7}\x9d\xf6\x02!\x06\xf3\xac\x99\x94\x1e\x1d\
]l\xc6\xe8}kL\xb4\xf9\x05\xb9\x07\x0c\x89h\xb4\
/\x1f\xdfW\xa6W\xa2\x11\xbb,\xc6\xb5\x0eC\x03\xa1\
\xdf\xc3\x8c%f\x12\xfe\x0f\x8d\x91\xc6\x0cs\xc9\x9ab\
\x9f\xc5L\x1b\x135\xd3\xf38\x7f\x04\xe9\x7feeI\
\xb8\xd3\xfeO}[w}t\xffR\x9b\x1b\xf9\x17\x7f\
\x8cO\x9c\xd2\x9d\x19o\xe6l\x14L\xa8\x83\xa2\x14$\
d\xd6\xbdr\x80\xcf\xd5\xf9\xa9\xc69\x8c&\xf6\xfbU\
\x00\x1e\xca\xc7\x11\xd9\x9fcL\xb4\xa6H\xbd\xdf\x80,\
\x1c\xacvX\xeb\x82\xf4&\xe5B\xbf\xe57\x141\x1b\
=\xdc\xe3\x97\xa5\x1b\xc7\xe5oV\xf3\xc0_%|\xfe\
\xc9>Y.?\xcd@n\x02\xa0\x80\xf6\x9bN\xb9\xc4\
[\xe5^\x1c*}\xc5\xba\x19C\x15\xe0\xca\xe9\xd9E\
\x99\xcdIxxY%\xd2\xf5\xb2\xb9=\xadu\xcb\x9a\
\xc4\xcc\xc8\x08r\xbe{\xfb^\x93n\xc6\xd3i\x91Y\
J\x93\x0fY\x1e\x14_\xc7\xa5$=\x01|=E\x98\
\xaf\xcc]A$\xfa\x1d\xc6Q\xc2\x80\x86Z\x1d\x97\xad\
\x06\x82\xeb\xa5\xfd\xea\xfa\xd1M\x97\x7f\xd2ee\xc0!\
0\xfcI\xc27\xf3hU\xd2\xaf\xed\xef6\xabX\xab\
`\xfc!j-\xe7\x15\x91W\x1c\x8fby\xcf5\xb2\
\x14\x8c\xcb\xdd;w\xca?\xfc\xeeY\xb9\xbd\x03R-\
\x97>\x1d\xd00\x0e\xfcf\x8c\xdf\xb2\x0d\xd8Hm\x82\
nf\x90\x91V\xdc\xc2&\xaa$\xee1\x9c\xb1M\xfa\
\x920^A\xb5\xfc\xf5\xe5Qy\xf1#\x13\xc0\xac}\
x\xfd\x10\x98\xc8\xa2\xbc?>+?T-d\xde\xc5\
m4\x1fH{]\xbd\xa8\x83ID\xb0u\x08\x0a\x9a\
Hx\xde\x0c\xfd801j\xef\xb6h\xe6\xba|I\
\x12,>\xb8s\xab\xdc\xb9u\xa0\xf92mM\x90\xd4\
B\xe8\xdf\x88\xc4\xe2\xb8\x9f\xd6\x84\xfd\x12\xef\xa01\xd4\
6\xde#\xc6\xb8\xdf\xc5\xd7\xc6\xfd3)\x8d\xe1$`\
D\xaft{qz\xa9\xb3\x1a;\x098Z(\xf1!\
a\xdb\xb9$\xb3W\xa7D\x9b\xc4\xb7;\xaa\xcc\xc1\xda\
\xa2\x9c\xe3\xd4\xe2\xc8TEg\xc9\x9f;\x97\x93]x\
U\xef\x8a\xcc\xc6xIpH!\x00Z&\xc1\xa4\x1b\
+\x0foO\x08\xd0\xef\xf2\x8a\x1ep\xff{\x0b\xf0\xba\
\xda\xf6\xb1\x92\x1c\xaaSg\xf2\xc5\x12\xe8\xe2\xd5\xf4\x92\
\xf9r\xb6\xb3q\xa4\x0c\xac\x22\x10\x83\xaa\x86\x93D\xd1\
\xfe\x8b\x0de\xd1e\x1d\x90\x91\xa6\xea\x9f\x1e\x9f\xe8\xd6\
\xf8C@&\xa4\xd1\x9d\xbd\xbd\x02\x87\xd0\xcc\xf5u\xf2\
\xcax\x9e\xc8H*~\xa8\xf0\xf5z\xafG\x5c%\xc4\
\x08\xe1m\x03\xd9\xd38ZY\x02\x90l\xeb\xed\xf7J\
c.\x86\x8a\xd6\xba\x02=\x9ff\xe9\x03\x9a\x002\xc6\
\x17s\x0b\xc7C8\x88\x9d\x7f\xa9}\xf4#\xaf\x9am\
>j\x7f\x9eG.Q\xdb\xccX\xa3\xb5\xb2\xb5\xb9U\
\xbe~\xf6Ey\xf6\xf0V\x99\x80\x1b\xa1\x8b\x9bQ\xe9\
\xb1B\x22\xb6\xc3\xb50g\xad\xb4\xdb\x04\x05\xbc92\
/S\x848\xfd:\xf0\x92\xb3\xd2\xbd\x8eG\xa6\x14\xc1\
/!\xd8\x1c\x0de6\xe3><\xf7\xf5\xe1\xac\xfc\xf9\
\xbb7\xe5\xf8\x0c\xed\x03\xdb\xb6\xab\xb4\x90ZOg\xf3\
\xf2\xfd\x9b\xe3\xf2\xf6\x04\xc7\xa81\xc3\xef\xe3{\xa8\xbb\
\xb8W\xfcQ \x10\xd2t`\x10W\xce\xd1uqa\
\x7fGj>\x04\x0e T\xca\x1c\xb6\xce;\xbb\x0d\xad\
\xec\xc9\xdd\xcd\xf2U\xd5\xd0H\xd8'\x13H\xf67\x9a\
\xdeR\xdf\x07~p\x9c\xd7IC\xecf\xcf'\x03\x0b\
\xaa#\x0b\xbb\xdf2\xcb\xf2\xd1'QVQW\xdcz\
\xa5\xed#e\xe9\xd2\x1ey\x90\x06)\xd2\xc0\x7f\x84j\
;\xe3\x06=\xb8V\xf0\xe9\xda_\xe6\xe0\xa0\x81\x18\x01\
\xe3$\xf3\xe1\x1a\x11\xaah+\xccH\xcf0_\xab\xd5\
\x8c\x0a\xcc\x86k\x04S\x0b\xcf\x132\x15\xb7\x0fX\x19\
y?8V\xd9~\xfd\xbc[V\xdbWa J\xaf\
\xf1\x171\x90\x0f\x16:\x8cm\xf7\x9f\x1a\x93\xd9d\x0b\
\x1f\xb7\xb95\xd5\xccs\xbe3c\xf0E\x87+\xd2(\
\x9c\xf7l\xae\xc9\x86\xa3\xf1X\x1d\x84FA\xa5\x9d\x09\
8\x920/\xe9\xd6\x81\xa2\xb2\x94<\x11\x8d\xa3\x16|\
!\x19\x06\xd9W'\xb3\xa8E\xed>\xa3\xffs\xe0s\
;H\xa9\xcf\xc7\x1f,?y\xc1\xa7S\x1ap-1\
\x0f\xdb\xcee\x0e\xc1d\xd83]\x89X5\x82f\xe4\
p\xd2Dk\xa0K3\xd0W*a\xbb\xf7\xef\xdf)\
\x7f\xff\xf5\x93\xb2\xbf\x85m\xd7\x90$b\x5c,}I\
K\x1fz+\x02\x1d\x84\xdf\x8c\x01\xbb~l\x9bF\xe4\
\xf7\x16\xa1\xd4>>\x8d5\x11L\xa7m\xb7\xe4o_\
\x8e\xaf\xed}x9\x99-\xca\xbf\xfe\xedmy\xf1\xfa\
P\xa1\xe18GU\xb5\xde5\x0c\xe4B>\xb97\xef\
\x8e+\xa3\x99+OV\xa7M\xb8\xbf\x88\xcb\x17L^\
\x99a(\x95\x8f\x9c\xf0f\x18\xdc\xc7f5\xad\xfc`\
8\xe5\xfc\x95\x13@:\xbbkTiQWe:^\
+\x8f\xef\xdf-{{;f\x1a2W\xb9\x9f\xa5\x8d\
\x84\xe9\xd0\xfe\x10p\xce\xda\x87\xc6\x8c\xf60=\x16i\
&\xee\xd4\xec\x07\xbd\xb8\x18_7\xee\x9f\x5ciH\x1f\
d@\xb0\xd6\x9d\x92\xe4\xdeG\xf3\xec\x83F \x82\x96\
t\xb7\xf1\x7f4\x09OL\xe3(N\xa2Y\xc7X\xcc\
Z@Q\xffy\x86\xba\x03/l\xb6Z\xb0\x14\xc5\x02\
\xf3&\xe7\x17\xd2<\x16\x0b\xa60\xa0\x81`\xa2\x02\x0b\
\xfc\x22\x8e\xe0\xaapx>/\xe4L\xe3\xd1\x19\x82\xee\
\xf1\xd2\x9e\xae5\x14\xb6\xdd^\xf15>\x9b\x1f\xdb\xbb\
`\xe9\xda\xeb\x85\xafYm\xfb\x85\xa5{\xc1\xa5\xc3k\
\xc5\x80y5\xc0\xd1\xed\x18x\xd9\xf8\x90\x08G\x00\xb8\
\xa5!\x18\x0c\x12\xdd\xc9\xe1\x91M[C\x92.\xc2\x8d\
m\xb6\x82\xa9\x8c\xab\xf8\xb5\xbd\xc3<\x91\xb5z\xad\x91\
\x91S\x1b\x1b\xe4A\x8a\x04\x8c\x0c\xc2\xf2\xe3U\xae\x93\
\xfd^K\x0c~og\xa5=\x0f>\xb7\xe2\xcek\xa0\
\x06q\x84\xf8\xb4\x0a\xa1\x1c\xf4\xa4\xdc \x5cD\xff\x84\
\xc9\x0a\xc7x\xe6\xb7\xca\x99\xe8\xb9Lm\xd3>*\x91\
#\x9f\xd9\xdf}\xf3\xac|q\x7fOR\xb6\x9e\x1c\xc8\
\x0a*\xa6)\xca\xe3\x00Q\x8e\xf3\xfe\xa7\xfd\xce\xfc\x03\
\xc1\xb6\x80\x22;r\xde*~\xed\xfb\xb9\xa6\xc0\x91\xe7\
)<\x9bs\xdf\xfex\x5c\xfe\xdb\xf3W\xe5\xe4\x0c'\
h\xf8>\xc2\xffaf\xe2\xe3\xb7G'\xe5\xf9\xabC\
1\x9c49!<.9L\x13Mz[\xe1\x01\x91\
X\xe0\x00\xfd8\x0c\xa6(&\x09\xf3\xb1\xef\x84\x08\x1e\
2\xf8\x9ei\xee\xc8U9\x9f_\x96\x9d\xed-\xcd\xd2\
wN\xb85ip\xeb2\x15\xf7\xb4>1\x12W\xe7\
 \xeb\xc2\xaba\x1e\x9d\xf9\xb1\xbe\x8c\x98\x0a\xdb\x1c\xeb\
\x0e\xa5;;\xfagZ\x02N\xfa\xc77\x91\x03E\x8f\
r-\x7f\x0br\xfc\xa1i2\xf7c&\xd3=>\xda\
\x05\xb3\xd4\x89\xb0\xab\x0c\x03S\xa74\x0bLQ:\x8b\
\xd6b\xe1Z\xcet4\x980k]\xd5\xb3\x9e/\x14\
\xf8X\xaf\x03N\x182\xaf#\xd2\xd3\x09\x18\xbb\x18\xc7\
~i\xaf\xcc{\xb2\xd1\x8d\xba\xf3>\xb7\xdaps\xe9\
=\xedzY}p\x96\x9b[o.z\xb7\xf8\x81\xb6\
Hb\xc5\x13\x00\xa7U\x13\x99T& \x9b^a\xb6\
9I\xc6\xce\x943\x86T\x0d\xa3\xf1\xc4S\xf5\x8b\xb3\
\x96\xf2\xb2\xd3\xed\xed2\xdd\xda\x92\xe6q9w\x22\xc6\
\xcd\xcd\x91\x1c\xf3\xe3uB\x22\xad\xb2\xb7\xde\xf9Eo\
\xfb[\xe9\x97\xbe\xfd4\xed\xe5\xab5\x89\x8fT\xf0\xd4\
BB\xe2m+\xe7\xa1]\xc4\xbe\xb5\x8c4]e\xfa\
\x92\xd0F\xea\xf6\xf1\x83\x07\xe5\x0f_=);\x13K\
bzvI\x89\xac{/\xb5\x86]2\x87\xd9\xfe\x8e\
\x08\xdfV\xed1\x12\xdd%\x0bm\xa4\xcd1\x84\x03W\
\x9c3#\xe9\xb6 \xf6\xab\xa3\x8b\xf2_\xff\xfacy\
\xf5\xf6P\xb0HX\xa6\xb6Y\x9b)\xebBZ\xf2\x8b\
W\xef\xe4L\x17\x82\xfb5E\x90\xc5`\x9b\x84os\
\x96Lh\x98\xa5\xc48p\xa2\xc2\x84;\xc6!\xe61\
@\xea\x84\xa9\x04\xa3\xd16^\xb8\xfe\xb7\xb3=\xd5\xfa\
([\xd3ih\x19\xa9\xe9e\x8d1\x08\x06\xe20^\
k\x88\x1e\xa7\xe15a\x80\x97\xb6oF{\xd1g\xb9\
\xfd\xfcJ\xb2\xff\xe8\xf4\x1b\x8b\xcdU\xddyz\xcb\x02\
\x04~\x8d\xabp\x86\xa3q 8\xdbg!\xe5\xaf2\
\x8b\xb5\x01B\x08pK*\xa6\xca0\x06\xac\xb2j\x5c\
\x92(\x22X\x85\xa6\xc1l0oU\xcd\xf4\xdc\x81\x1c\
\x1e\xc7\xb1\x18\xd0\xe2\xb2?V7\x8d\x97\xdbtV/\
\xf8!\x0a\x1f\xe5\xa3']>\xca@\xfe\xfd\xe5\xe6'\
\xfbu\x17\x0aG\xa4#Y<\xe7lv!\x95\x9c\xb1\
9\x9b\x93m\x17\xedbK\x04\x06\x93\x16\xe9M6\xb7\
7\xcb\xd6\xfeA\xd9\xbbsG\x1aJ\x12\xb5\xfd\xbd\xcd\
r\xb0\xbfY\xa6\xa3\xaa\xb9lX\x99\x82\x88a\xca\xc8\
a\xef\x06\xfe\xc3\x83\xff[\xf9X\x89\xb1\x14\xb3p\xff\
\xaa\x8a\x18\xae\xd60\x9d\x08\xa8{\x12pH\xc1\xf6q\
8\xbfU\x9b\xff!\x0d\xc4ugw\xa7\xfc\xfe\x9b\xaf\
\xca\xfd\x83M\x11Y4IKq\x03\x99w\xbc\xfa\x9f\
\xd5z\xb03\x19\x5ccr\xaa\x89<\xbc\xac\xdf\x1b\x89\
0M\xa54\xc5\xae4\x83\x5c/\x84\x9a\xf3A\x90\x0c\
\x89\xba\x22,\xf7\x8f\x7f{W\xfeT\xb5\x0f2%\xd8\
d\xe5\xf5\xa9\xa9\xcautN\x9b\x8f\xa9o\xdf\x1f\x95\
\x1f\xdf\x9d\xb4\x99\xe9Y\xd3\xa7!\x9bu\x01\xfe\x07a\
'w\xe5?\xb6\x995\x9a7\xe4\x1ag\x17\x8e5\xd6\
\xeb\x16\x81kJ\x1d\xbb\xeeO\x87\xe5\x9b/\xee\x97\xfb\
\xf7n\xbbo\xa5\x05\xae0\x0b\xed\x9ba\xf43\xf3.\
\x85\xf3\xaabe\xf7V\x7f2\xb5D\xff\xaa\x8b\xbb\xbe\
\xfe\xe4\x8a\x06\xa2\xb7\xcfA\xdbz\xd3'ky\xa9\xf7\
\x97\x8fT\xa2\xfdg\x0c\xe5\x00\x00 \x00IDAT\
\xcb$\xe3P\xe8\xeb\xf5\xb1\x9c\xe4W\xa4#a\x9c/\
\xed4_\x5c\xb0\xb2\xa0\xe1ZL\x5c\x1a\x85\xfb\x9a\xc9\
\x87\xfc\x16\xc6\xc1:\xeb\x83\xab\xb3\xca\x80x\x22\x96\x96\
ut\x15\xa5IAo\xb9\xe2\xd2\x9f\x1c\x9f\xc4\x8f_\
Zn\xfe\xdd\x7f\x10\x03\xf9p\x913S\x0eKK_\
\x98\xa1\xb0M\x834 \x08\x13\x0a\xc7h\x1f\xb5\xee\xdf\
\xd9/;\xfb;\x95\x81\xb0\x08=)\x91\x91J\x89\xb4\
\xf2\xe4+9\xe5\x07\x84B\xdaI\xbaY\xb5\x10\x1c\xa2\
r\x9e\xa2\x9a\xeb\x89\xd7?\xfa\xe7\x96e\xc0\xf8\x1cK\
\xf4`\x02%@\x9d\x7f \x88\x98\x89\x09S\xa6Qh\
f,1\x07\xb6\x9d\x16\xe2\xe5i\xc3\xff\x11\x1aH2\
\x96\x8d\xf1\xb8<\xfb\xe2i\xf9\xc3\xb3\x87e2J4\
Ld$\x18\x22\xf0\x18\x93\x90[\xc5\x14d\xd2\x0a\xdf\
\x80\xb5\x8f\x8c\xb42A\xee\x08\xb4\xbf\x81\xc9V\x22\x84\
\xc5k1\x00{L\xe2\x1bQ\xe5G\xa1\xda$\xf0\xfe\
xV\x99\xc7\xcb\xf2\xfe\xf0X\x8c\x22\x17\xf4If\xe1\
\xea\x84v\xae\xe7\xe5\xe4\xf4\xac<\x7f\xf9\xba\xbc?\xf5\
;\xf3\x9c|\x07k6\xf6\x85xQ\xa9K\xcd[:\
\xa9\x82\xd2\xc9\xe9\xbcj\xde\xf6\xf3\x11 2??o\
\xfb\xf8W0\xe3b*\xc3oBO\x0c*\x11\xe1\xbd\
'8\xd3\xef\xec\x94gO\x1fU\x8d~z\x03\xe3\xee\
\xfcPmBa\xf8F\xec\x0fq\xb8u\x8e\xa5\xc3\xb2\
\x07\xd6\x9a4\xc8q\xdc\xc3\xa3O\x96\x89\xac\x96\xd5\xcf\
\xfc%\xe4\x80\xb1\x8e\x1d/r\x96\xd1U\xf4\xe7\x9a\x96\
\x04\xa0\xbf\xc9\x1e^4A\x1a\xb8F\x1f\xc1n\xeb\xa8\
9%\x87\xc5'\x8b\xf0q5/,a\xa1\xab\x06\x19\
\xfa\x8b\xdf\x0cX\xe5a$U4l_{\xef\xff\x1f\
\x8aoy\xbd\x03\xfe\x83\x18\xc8\xf5\x07Q\xe8\xbb\xda/\
R\xc9'Uk`Q $+\xa4J\x18\xc9\xe6t\
\xa3ll\xb0\x02\xe1F\x99L\xc72c\x01\xc8\x8e\x96\
\xc9(\x14|&\x98L\x9c\xa6[L(\xcc\x00\xe31\
\x93\x13+\xa2\xe8w\xffA\x9f\xf6\x99\x94%\x22\x11\xd2\
\x90\x19GT\x08\x8e\xf6\xc3\xf4\xc1\xb1\x98wG\xbc\x9a\
\xe3<g\x97\x93\xef\xaa%ID \xf0\x5c\x10\x8e\xef\
\xde\xbeU\xfe\xe9\x1f\x7f_\x1e\xeeo\xc8L\xe3\x89\x9e\
\x06\x5c*H\xc3+\xc9\xbc\xb3f)\x0d\xe2\x8f\x00!\
\x9f\x01\x12t\xbc\x8f|eA\xb8\x05s\x5c\x83\x19h\
\x10\xcev\xc1\x0b\xd1V>\x16N\xaf\xd4\xb3\xaaB\xfc\
\xf1oo\xca\xb7/^\x95\xf3\xf9\xac\x10\x1d(\xe6\xc1\
\xba4\xad\x86\x16\x12K\x07`\xcab\xc6\xf1\x8b\x97o\
\xca\x8b7\xa7\x9eE^:\x86\xe7\x89\x87\xe14\x97s\
\xbcs\x8a\xcf/\x07\xca\xb1\xc5<&\x98\x05\xcez\xe6\
\x0c\xcc\xcfgU3\xaf\xf5l^\x8e+\x939<\x99\
\x97\xf7\xb5\x1e\x9d\x5c\x94\xe3\xb3\xcb\xaa%\x91\xb0\xef\xa2\
\xdc\xbds\xaf\xec\xee\xec\xb8\xef\x93\x91\xcb\x17\x15Z\x89\
\x98\x07\x1a\x09!\xbf\x9d\xf6\x91\xe3\xd87c\xa9ss\
\x9c\x13\x06Z\xa1\xe5f\xfc\xfe\xad\xdcT \xee\x19\x00\
\xe1\x84\x89\x80gFQ\x89\xde\xc3$\x88.\x0d\x16\x22\
y\x87\x05\xa6d\xber\xb6]\xc1\xb1H\x1a\xc2\x11\xbf\
\x1dh\x92\xb5}$$o\xac\x02\x14\xbf\xe4\xc2\x9b\xca\
\x07\x9a\xff{\xcb/\xa2\xb2\x09N\xff^\xf0Q\xda\x08\
\x1c\xe3%\x90\xbana\x0c[\xd3Q\xd9\xda\xc4\x1en\
\xc9\x08\x87\x22[:\xa3\x01:\xc0\xbcp\xfe\xac\xb6\x8e\
\xc3\x08\xc9)\xd5|\xd2\x04\xe4\xe4\xaf\xb0\x83\xab\xfc{\
\xdf\xb6\xfb\xde\xcf\xb9x^E\xf4D\xa3\xb0\x8cG'\
\xc1\xa6\xd9$MU\xb96\x85'\x0bf\x8e\xab\xe5\xea\
\xb9\x1f\xde'\x0c\xf5\xf7_\x7fQ~\xf7\xe4\xb6fY\
'\xf3\xe0\xd1HW\xcdo\xa0G'\xc1\x87\x89\x01\x1f\
\xc9\xc8\x82\xa9\xc1L\xc4\xc8\xccX\xd2<\xe3\xb8\xfb\xbc\
O\xc7\x08\xfb\x9f\x95\x05\xc6\xf3\xdd\xeb\x93\xf2\xcf\xff\xf6\
\x9d\xb4\x8f\x8bs\x18\x87\x99G\x9f\x81`\x87\xee\xce\x99\
\x99\xa0\x95\xbc?>*\xcf\x7fxS\x8efa&\xbb\
t\x1a\x12/]\xcbR\x05D_9\xe3.f\xdc\xb7\
'\x83\xf2\xc3\xb1\xeb\xbb\xb3\xcaH\xceY;dX\xaf\
\x1fV\xa62,G\xf3\xb5\xf2\xe6tX\xde\x9c\x0d\xcb\
\xeb\xe3\xba=\x19\x96\xb7\xf5\xba\xc3\xf9\xa2^\x8b\xa6E\
\x82\xc5\xadr\xf7.\xcet\xcf\xf6\xcf\xb1hic\x1a\
S\xb7\xa6\xe8Y\xeai\xe2\x0a\x0d$\xcd\x92\x1a\xef\x1c\
\xeb\x1c{\xf7\xb9K\xaf\xb3~+\x1f.tSh\xbe\
\xd0!\xe0@\xcc\x1a\x18\x16\xeeT\x0a\xc8t\x83p~\
;\xda\xb0^\x8fY\xeb\x12\x1a\x06\x1c\xd0\xf1\xc0,\xd6\
\x17\xd4\xd8\x08\xf1\x0e\xf8MX\xb6\xe9\xcaf\xdd\x9b\xcb\
\x87\xda\xff\xfb\xcaG\x19\xc8\xaa\x09g\xf5\xb8_\xda\xb9\
\x95K\xccM}>\x13\x1d\xf2\xb1\x10z\xc5\xdc+=\
%\xe1\x98\xc5\xe9M\xc6\xd6.\x90\xd6\xac\xc2\xa3\xe6\xb3\
\x02\x17\x89\x18\x91h\x07\x9a;\xa2\x8e\x1a\xd8\xd1y6\
\xafHx\xc4\xa4DKs\x06x\xdb\xbe\xddqY\x7f\
+?\xbf$\x81e\x0b`\x22\xe1\xf7\xed\xe5\xfdj&\
\xdf\x1c\xb3\xeb\x11J\xaa\x1a\x13\x07W\x9c\xe5\xaaa\xce\
\xba\x7f\xf7n\xf9\xfbo\xbe\xb4\xe3<\x9eMi\xb0#\
s\x14\x10\xe4-\x8d\xd9\x96f+U\xcc[\x0bG\xe5\
\xc5eV\xff\xb3\xad\xc8\x1d\xaf\xf6\xd5\x92\xcf\xc2\xcc\xf4\
\xf6tQ\xfe\xef?~_\x9e\x7f\xff\xa3\xec\xcb}s\
\x95\x98\x08\xdb\xa8h\x1f\xda\xe2\xd4<g\xf58\x96h\
>\xab\xbf\xfd\xa1\xbc:\xc4\xd6mg\xb8\xc3\x8c-\xe8\
(\xc2j`\xed\x09\x86\xc73\x81cBzY+\x1d\
\xdfK\xfdiyW\xdf\xe3\xe5\xfba\xa9\x8aPy\xf1\
~Q~8Z\x94\xd7'W\xe5\xfdlQ\x8eg\x83\
rz\x8e\xa6d\x7f\xcd\xe6xP\x1e?\xbc_\x05\xb1\
i\x98\xa8\xb2\x0e\xbb}E`\x99\xd9{\xacb\xcc4\
\x7f\xc0cXz\xe3\x9acN\x9b5\x93\x22\xbc\xfa\x0d\
\x97~f\x01\xfe4-`\xd1\x22C\xb5\x10Tq\x08\
7&*\x91\xb15\xd6\x06\xb1\xd9\x95\xa8,\xf50p\
!x%lw\xa8p\xee\xab+h\x1a\x825\x8c\xc8\
\x02\x80\x82A\xd8\xc2\x80\x02\x17\x82\xe5/\x97\x9b\x80\xfe\
\x17\x14\xff\xfa\xfa}y\xeaj\xdb/,\x8b\x95\xfb\xe6\
\xfd\x96\x1f\xc6\x11\xb6j\xc2\x1e\xf9\xc8\xc9\xc6\xa0j\x1e\
\xe4\xc4\x1a\xc91\x08#\x91mx\xeexx\xb84\xe6\
\xac\xad\xedq\x99V\x0dE&\x8az\x0f\xba\x93\x1cX\
\xd8\x86O\xab\x0aOJx4\x0f\xe5\x0a\x1a\x01\xf0\x84\
\xb3ao\x0c)\xaa\xbd\xcfo\xe5\xe7\x94\xbed\x0et\
\x9bO\x0fR\xfc\x8f\xf3\x96\xf4;\xc7l\xccAHI\
W\x12nh\x19\xda\xf65\x8f\x91\xda27\xd6\xf6\xf6\
V\xf9\xc37\xcf\xcaS\xb2\xedj:O\xc7\x1c\xc4,\
tl\xc2\x8e\xf3;g\x92\xb7Y\xe5H\xf8\xd9\x06\x02\
\xf6\x99\x07?\x8f\xefq\x08x\x98\xc5\xd8\x8d\xef\xed_\
\xcb\xf3 \xc6\xff\xfa\xdd\xbb\xf2/\x7f\xfak99=\
m\x1a\x07\xda\x063\x8a9f\xdb\xd5\x99r\xb7ar\
\x22\x19\x9e\x18M\x15|^\xbd~W\x9e\xff\xf8\xae\xcc\
.|_}\x03\x16\x89\xf4\xc1@\x97\x11\x8a\xea{\xed\
N\x16\xe5\xfe\xce\xa2<\xdc\x1f\x96;\xdbkew\xd3\
\x0er\x96=\x98\x8c\x99p;,[\x13\x07\x8a(\x83\
\xb5\x08\x8b\xbf\x1bg=\x15s\xdc\xdd[\x07\xe5\xe0\xd6\
m\xf5{N$\xcc\xac\xc6\xae\x1e\x13i\x1cb\x18\x1d\
\xe3\xb0F\x19f,\xabi\x86\x03\xfa/\xfa* \xc1\
{\x09#\xbf\x95\x9fQ\xec W\xe6\x5c\x91$\x80\x22\
\xb4\x0b\xc1\x9d#\x025\xafC\x8bC\x91p\x11\x13\x16\
\x82\x1b\xe6)\x0b\xdd\xfe-h\x08\x15\xd4]\x0b$\x1c\
\x93\x96\x18\x0fcx\x8d\x1e\xff\xc7\x96\x8fj ?\xbb\
\x08S\xd9\xf6\x9ad\x91\x0bm N)\xe2\xa5\x22\xe0\
\xb4\x22\xc2\xe6\x88\xd5\xb9X\x0f\xe1J\xe9\x1e.\xb0\xe9\
\x0dX/\xa4\x22\xcd\xc4\xd9'A\x16(\x03\xa9#\xa4\
\xee\xcf\xd12\xc8=d5\x0e\x9b!\x8eO\x10\x8c-\
a-t\xb2$e\xec\xe4\xfd\x8e\x8cw\xbb\xde\xb7\xbd\
\x16vu\xd8vV\xda\xf3\xe0S/=&\xc2\x11D\
\x05\xc3\x06@\x1c\xaawF\x5c\xc9,\xc2Vs\x0f\xcc\
$\x94F\x83\xaa5>\x9c\x9a\xbdi\x1d\xaa\x91mw\
\xbcQ\x1e=zP\xfe\xe1\x9b\xc7\x95hZ\xf2\xf2\xf3\
\xd2|\x15\xc7\xc3.\xac\xd5\xe6\xac\xf0y\xe4\xf1R\xed\
\xda=\xc1\xd0 \xde}N0\xa6 \xeaK\xb5\xbe\xc1\
\xcbw\xf3\xf2\x7f\xfd\xd7\x7f+?\xbez\xdbLVf\
\x1c\x98\xab\xfa\xdb\xbe62\xd3\x82>\xcd\x9cU\x99\xc8\
\xf1\xf1I\xf9\xee\xe5\x8f\xe5\xfd)\x112\x11\x9a\xab\xf7\
q\xdfJ{\x12G\xb9\xacB\xd1y\x19\xd5\xba\xb6\x98\
\x97aT\xb2\xb1\x92\xfb\x8d\x84\x8b\xd2\xdcan\x97\xd6\
\xd4\xf1\x11e1h\x9a\xb8\xdc\xde\x9f\x96G\xf7\xefU\
\xfc\x895\xd3\xd7Y\xbd\x93\xb9!\x9d\x19+\xb5\x113\
p\xccY\xd1\x96}'!\x81-\xbe\xc9\x9e\xc0\xd0c\
$\x9f$\xf3\xe0\x9b\x96>\xab\x1e\x04\xb3\xef7\xdd\xb0\
\xbbB\x11|\x04\xb9\xd1\xb8\xc41\x06\xaa\xb5\xa1\x5c\xe6\
A\xcf\xa0\x8f\xceD`\xa1\x08&\x81\xe3\x1c\xaaY4\
;=\xf3\xb1A\xfb\xd0t\x05\xa4\x19\x85\x88\xf6\x02\xc3\
\x97\x00\x80\x92\x08^X\x88j\xf4\xf8\xc6\xc2\xb9<\xff\
\xb1\xeb~^\xf9E\x0c\x84O\x13S\xd0;\xa4\x84\xd8\
\x15q?\x9d\xea\xda%}\xa9\xab\x8c4|<\x9d\xc2\
%\x84\xa3U\xd8\xae\x1a\x88%1:\x80\x8e=SD\
\x0a\x92\x1c\x11(V\xf9t\x8f\x01D\x05\xb3\xd7\x9a\x16\
\x8fb\x1e\x89b\xe7u\x7f;X\xe5T\xc7?R\x91\
G\x94G\xef\xe5\xa2\xc1\x14\x22\xb8%\xcd`n\x8e\xb6\
\x85\x91\xf1\x838\xa2\xeb\xf3\x82\x8f]\xf8\xeb+i\xb2\
\xf2A|&\xbd\xdbL\x1bI\xa0c\x1fB\xc3>@\
\x1cR\xaf\xf3\x5c\x85\xfd]f*o\x9b\xf6\x91\x9aH\
E\x90\xbd\xdd\xdd\xf2w_\x7fY\x1e\xde\xde\x16a\x14\
\xd4\x18G\xb4\x8fV!P\x93\xe4nx\xa3\xa6\x03Z\
\xed\x01K\x19\x91\x85\xe0\x22\xa7d~T\xc0\x9fA\xd6\
\xd7j?\xcf\xc7>_}Rq\xf4\x9f\xff\xedE\xf9\
\xd3_\x9eWAe&\xe6@\xe8$\x0cB\x8cc\x8e\
\x16bf\xd1jh\x22\xc9L@t2\xae\xf2\xfb\x97\
/_\x97\x1f_\x1f9\x14s\x10\xa6\xac!\xf0\x89\xb6\
\xbc&\xcd{\xb3j\xd7;[\xe3\xb2M\x86\x86\xe9D\
\xeb\xdcL'\xf5\xb8\xc2\xf6\xc1f\xd5N\xfe?\xf2\xde\
\xb3=\x92\xe3J\x17<U\x05\x94\x877\xed\xbb\xe9)\
\x91\x92H\x8e\xae\xec\x18\xdd\xd9;w\xf7\xee\x87}\xf6\
\xb9\x1f\xf6\x8f\xef\xec\xccJ\xa2g\x93m\xe1\x0b\x852\
\x00\xaa6\xde\xf7='2\x0a@S\xd48\x91\xb3\x81\
\x8e\xce\xc8\xc8\xac\xcc\xc8\x88\xe3\xcf\x89\x88Nb\x0c\xbd\
\xba\xad'\x0d\xa4\xd74[I\xda\xcaJ\xbb\xc6\xe8+\
\xe0\x0bp\x88x\x91\xbe`%i-wnm\xdb\xfa\
\xdaZf\x18\xd48\xa0i\x14f-\xf9?\xe0\x17\xc2\
\xb5\x18O\xd7H@\x94($\xe0\xa1\xc0\x1f\x08\x0d\xa8\
+LX\xc4\xef\xff<p\x7f-\x05N\xc7!\xf0=\
\xfc\x19\xd7>\xdd\x05\xaeLCt\x0b\xccW(al\
h^\x82\xc3\x9b\xe6&\xec\xb4\x8a\x09\x80\xf2\xd5B\x83\
\xa0\xa9\xaa\x86\xe7\xc0D\xe5\x9a\xa0\x1eb\x88\xdaB\x97\
_\x22\x04\x98\xf7b1FL\x7f\x00\xfc\xa3N@\x1d\
Zvh\xee\xc4#\x87w%\x95\x84\x0blZU\xae\
nR\xbaVw\xad\x82\xe9O3\x10>=\xca~\xbc\
\xd6\x81\xc5\xe3\xe3~|x\xf9S\xef@l\xd7(\xc0\
\x173\x80\x10\x06\xdf\xc5\xd9D\xb3ki\xa600\x09\
\x10!I\x92\xf1 t\xaa\xe2\xe8\xb5\x03!4\x96\x88\
\x22ad\x8eI\xc5\xc7\xdc\x11JX\x18\x10\x7f?y\
\xc9\x0d\xed\xae\x927\xf6\x15\xf7d\xa6\xe39\x9f\xfc'\
I\x0bR%\xfb\xcd\x19-\x88^\x0d\xcc\x02\x84\xc4\xa5\
Rg\x1a\xb1\xc6R\x98K\x828\xd1T\x023\x15\x99\
IH\xbf\xae\x95P\x1a\xd6$\xd1\x87\xf7\xee\xd8;\x8f\
\xeeP\x1b\xcd\xdd\xef\xc5\xe8g\xb5\xc2\x19\x002\xd5u\
\xf7c\xf0\xde<\xc2\xfe\xa7\x81&C\x9a\x07L\xaa\x1c\
cX\x22L\xe0=\xb4\xe0\xe7\x07C\xfb\xfd\xa7_\xd9\
\xc9\xc9)\xfd\x19a\xbe\x02\x13\x09-\x04\xe5\xcb\xe98\
e\xf8<\x90\xafDe\xc51i!\xc7\xc7\xc7\xf6\xcd\
\x8b}\x1b\x8c\xb5\xc4\xce\xb9\xaf\x9a\x003\x9b\xccp\xf2\
}P\x1b\x09\xc4\x9fK\xeaDT\xd6t\x86oA\xc0\
\x08\xb4\xec\x9ak\xeeX\xe2]\xfd\x8d\xaf)\xd1\x0d8\
\xb5\xbb\xb1b;\xdb\x9b\x0c\x8b\xce\xe6\xc5<.\x8b\xb9\
4A*\x947\x8e\xa1\x85\x04\xfe\xb1\xa7*\xa2F\xc6\
r\x05f~\x88\xe9\xcfm?a\xc5\x01\xd4\xcf3\xf8\
\x95\xc9\xeb\x08\x8d\x0d\xc4\x84\x836\xe9\xb7y\x15\x05\xac\
\x9e;\x07\xf3wg\xba\x03*|\x1c\x19\xbe\xb9D\x90\
\xc4\x1f\xec\x17\x82%M\xa8\x09B[1\xcc\x13\x02-\
\x15\xdd\x83 \x85%\x9d\xf8\xea\x856\x15\xc0\xee\x89|\
\x0d\x898\x11\xd7\xcb{\x8a\xf3\xc5\x9f^K\x7f\x9a\x81\
x\xcaZ\xc5\xd5w\xf9\x09\x81\xf9\xea\xa5\xf2|\xaeg\
0\xc6\xfd\x02\xd1#\x89q\xf8\x92&\xe8$\x84\xf5\xc2\
\x0f\xb2\x8c\xe5H\xe8\xf8\x13\x91\xc2\xbaX\xdc\xad\x10\xe1\
Z\x1a\x05:\xd4\xf9\xae96aAd\x8b\x08\x0cB\
5[m\xad\xa7D\xc2rep\xf3x\xf3\x92\x00!\
\x13\xca\xea\xea\xffO\x13zP\xdf\x9f\x81\x90\x8c\x03\x92\
'\x88G0\x11\x10\x15\x97V3\x01\x0as\x96\x9b\xad\
h\xc6\x0a\x93Vl\x14\x15f-i%\x9b\x9b\xeb\xf6\
\xe3\xb7_\xe3\xa4A\xe2$_\x9au\x85L\x18\xab\x84\
6\xb0)\x14@d\x06r\xf8\x8a\x0b&\x15\x9eq\xf7\
\xe0\x08&\x18\x09\xf3\x8b+\xa4y\xbc3\xbc\xce\xb5Q\
\xd4\x1f>\xff\xc6\xbey\xfa\xbc\xf2k\xf08\xf6c\xf8\
;B\xebpm\xc45\x92l\xee\x8ah-\xce\x09\x19\
\xd9\xb3\x17{v<\x18\x1b\x88/\xe7\x97H\x99S\xdb\
\x0ck$a2\xed\x8c\xf3@FI\xeb\xc6b\x8cO\
\x8e\xe6\xf6\xd5\xe1\xdc>\xd9\x9b\xdb\xa7/.\xed\xab\x83\
\x99==\x9e\xd9\xfe\xc8\xec\x88\xceui`\xed\xc4X\
\x9a\x08o\x07\x91\xf1\xfeZ\xeb6i\xc6\xeau\xbb\x1c\
\xa3l\xa2B\xceZ\x88\x22\xb5\xf2\xf8a\x0e\x8f\x132\
j\x95Y\x02\xc6\xd8K@\xab$\xec\xffD8\x12\x9f\
\x82O\xc3\x91\xf4\xc0\xab\x00\x93\x04\x1e\xaf\xf0\xeb\xf9\xa2\
\xf7Ey\x995\xf8]Q\x06\xbe\xd0\xf2R\x97f1\
\xbbt-u\x86\xb5\xad\xe4\xb3\x98_ \x5c\x0f\x93\x04\
\xc1T\xe0\xbf\x05c\x11\xb3\xa6@\x0d\x7f\x08\x963\x81\
\x7f\x04\xe1\xc0\xf3%;O\x99\x1a\x8d\xb7'\x8e\xa1\x8d\
(\xe5\xc2\x95\xf2\xf54\xf3\xe3\x9f;\xba\x8b\x0c\xc4_\
.\xd5G/\xc4\xff\xdf\xfejO\xbc\xdf\x7fs\xb5\xdd\
\xe8@vFB\xec\xc9\xd4\xbaI\x9a\xea\xb7\x119R\
\xe7\xacZ,A\x02g!\xa3\xb0\x96}\x95^\xe4\xd6\
\xb25;M\xce\xeb0\xb7\xbd\x03\x90\x11\xad2\x9a\xc0\
y\xeesJ\x9a\xe0\xcc2_\x81\x111\x8a\x8b\x83+\
F\x83\x8b\x8bC\xcd\xb1\xbc\xd6[\x0b\xa7\x82\x0f!\xce\
\xd5\x1b\xffS&}\xa3\x08\x85\xceK\x02\x12\x11:\x0c\
\xdb\xe5XHZ\xa5\xd6\x91\x99\x85\x8e9\xea\xca\x99\x89\
\xccWZ\xef\x0a\xcc\x04\xd2\xf1\x9b\x0f\x1f\xd8\x9b\x0fn\
\xa5\xf1\x8e\xf7\xcf\xddT%\xd3\x15C\xbe\xe7\x92\xca\x11\
}\xa2\x08>G\xa8\x19\xa4tI\xeft#\xe0\xfc\x12\
\xbb\xf7\x09~\x09\xc351\x1a}\x13?\xc7\xc1{q\
,\xa9\x01_\x98}\xfe\xf4\xd0\xfe\xe9\xe3/\xed\xf4\x14\
a\xbb\xe1\xd7\xa8\x1c\xe5d\x1e<\x9f\xd8\xd43\xaf\x15\
\xa6,\xfc\x86{>`n\x08&\x02\xa6\xfb\xf7\x0f\x0e\
\xed\xe0\xf8\x94\xef\xae|8>\x8f\x09Nt\x08IX\
'\x8c3\xc3\xd46L/Cpb\xa71K\xb82\
\xb7\xee\xd2\xdc\x9a\xf5T^\xba\xb4\xce\xd2\x05\x8f\xbd\xa5\
\xc4@Rn\xa5\x9f\xe1^\x82s\x0d\x9a{\xcdv\xb7\
7lmm\x8d\xfd\x9d\xc7\x07\xcc\x9d~\xaa8\x0f\xdf\
\x87k\x1d\x1e\xa1\x15\xe6*2\x11j\x9f\x81(\x95\xa8\
\xc5^\xf4\xb6\xfe\xa7\xc6\x8dW|\xda\x22Ep|\xb9\
roE\x02\x11\x19R#\x13\xd0\xf6\xb6\x80W\xed\x85\
\x0e\xe0\x83\xafC\x09\xa6b \x83\xcc]\x142|\x0c\
\xd4\xf7\xa8\x00\xd3\x11\x80\xe3\xf7\xd8\xa9\x10\xf0Ds~\
\xbfo\xad\xa4\xd5k\xc5\x830\xd5.6*\xda$!\
\xad\xa8(\xd2bU\xbe\xf3\x95\xe9\xdb5\x90\xe0\x04\x0b\
\x1cA\xe7agcCq\xbep[|\x84$J\xdd\
#;um~N\xbbm/\x11\xfb~\xea\xaf\xce2\
\xb4\x8f\xc4L\xda\xf5\xc4T\x10\xc6\xdb\xb0no\x99\xfe\
\x0d\x98!\x10\xd1\x82#\x10\x0e\xb3\xcc\xf1\x22E\xdf\xa4\
:,\xbb\xdd\x02\xc1R\xa4\x0a|)\x5c\xee\xa1\xad\xbd\
\xd3\xd1\xb9$\x82\xe6\xb8I\xe2(I:\xa2a\x16\x92\
_\x8f\xfa\xabL\xe7\xe6T\xdc\x03F\x95\x11\xeb\x87\x93\
\x82I\x86\x94Yi\x1b.}\x06Q\xa9k\xe9\xef\x1c\
\xfe\xd9\x90y\x84\xdaGf\x22\x1e\xf9\x03\x86\x81}\xed\
\xdd\x0f\x22\xc7:\xf6\xfcX\xb2\x9d\xdd-{\xff\x9d\xd7\
lk\x15\x93\xda \x9d\x09\xd4\xab\xc9\x83b\xff\x0b0\
\xc4s\x81\xb4\xe6\x82\xb0F\xbf\xafa\x8d(\xadlP\
\xcd\xf7\xc0=z\x16\xe15\x98\x13\x99O\xc0\xa7\xbe\xff\
hxn\xbf\xff\xf4\xb1=O\xda\x02\xf7n\x88p\xdd\
\xc2|\x05&\x01\xa6!'z\xe1P\xa7\xa6\x02\xad#\
\xb4\x14\xd4\xcb\x91\x0e3\xd6\xc9\xe9\xa9\xbdx\xb9\x9f\x98\
\x14\x88\x82\xda\x99CzS\x06\xf2c\x1d\xb7v\x82\xe3\
N\xea\xaf\x95\xce\x92\xed\xae5\xec\xfeF\xc3\x1en6\
\xec\xcd]\x1c\xebv/\xd5\xddZI\xd7R\xdeZY\
\xb6\xf5\x84<\xabI\xdbX\xe95\x19t\x02\xed\x1b\x09\
\xef\xd8\x5c\xeb\xd9\xed\xdd\xed\x84\x1bZ`1k\x894\
e\x89i\x5c\xd5\x1eK\x1f\x88\xfcZ:Z\x9c\xa3\xcf\
y^\xc1\x89`\xc6\x81\xe8\x07\x90\xbe\x1d7\xfd\x9bJ\
t\x8e\x13^\xba\x8e\xdb!l\xa9V\xfd\xa1>\xd1\xb3\
\x02wPFt\x15t\x8b\xfa\x12\x96\xde_\x22\x9cJ\
;\x01\xac\x02\xae\xb1gz\x9d\x0c\x05\xc2\x19\x17\x9b\xc5\
^9\xcd\x8e;\xca]\x90s\xba\xa611\xde\x9bt\
\xd0$lc}\xc0e\x83\x0fP\x09\xf0]\x84\xb8\x07\
\x11\xceDZ\xf4;\x8a\xf2;\xea\xefO\xa6\xfc\x08\xb4\
\xfa\xcfJz\xe9\xcd\xaf\x88k7_\xc55\x84\xf1b\
gA\xac\x5c\x8a\x95V7;5\xdb\xea*<\x11\x92\
\x14\xc2\xd7`\xa9\xa2\xde\x90\x1a\x07\x93\x164\x92\x06\x9c\
\xa2`>\xe9\x88\x85\x131 x\x0b\xa4T&\x0eV\
\xdd&S\x99.(\x1d'IW6{\x1fhw\x80\
\xe1\x7f\xfc\xd6\xc7\xd8G?\x17\xbcs\xaas\xaf\xf5\x14\
\xf5\xaf\xfa\xc6\x1fnZD\x0etNe\xba\xa8\x08K\
\x10\x19\x11\xa2\xd2Q\xcb2}\x1e\xaeid\xcd\x03\xc7\
\x96\xd7-Y\xbf\xdb\xb5\x9f\xbc\xf5\x86\xbduo\xcb\x92\
\x22\xea\x1e\x8bh\x83\xb2\x10D\x12;\xce\xb52-\x10\
\x0e\xf4K\xed\x82\xc4\xceU\x9c\x19\x0f\xef\x08E\x84\xd5\
\xefqO\xa0\x88\x1c\x8f\xfeY\xfc4/\xa44M \
\xf4\xe9\xd7/\xed\xe3\xcf\xbe\xb2\xb3\xb3\xa1;\xce\xcf\x0b\
\x13\xd581\x04\x98\xb1d\xd2\x0a3\x16L[\xd2J\
\xdc\xac\xe5\x0c\x87!\xbf\x99\x01]$x\x1f\xdb\xe3g\
/\xb9\xd9\x14\xc26\xb3f\x9f\x119\xbeQk^-\
\xa7>j\xb7[\xd6\x01CI\xb9\x9b\x84\xa1^\xb7\xc5\
\x8c\x90w0d\xf8\xf9\xb0\xe5-\xfd\x135\x84\xad#\
\x8b!\x02w\xfa\x89)\xdd\xbd}\x8b+\x1b\x87\xb6Q\
j\x1daJ\xd4y\x83\x82\x18g\xaf\x87fI\xbc\x91\
\xd0\x90\x05\x08\xef/H\xc2\xd7`\xe5\x87\x98\xf8\x0d\x8b\
x|\xf3\x97\x5c\xad\xc5yd\x9d\xb3\x8fP\xd2px\
\xf6\xfe\x22\x81\xafgM9`\x93\xa1\xb73\x10x\xac\
\xb4\xebmA\x80\xd1\xa5\xfc\x1a\x18\x0fDfq\xf2a\
\xbd\xc5\xe7\xd4\x13C\xc1^ \xd0\xee\x01\x03\xed&\xc2\
\xbc[\xfc\xed\xf9\xf8\xcc.\xa7X\xafM\xd1\xaf\xfc\xb2\
o!Sq\xa9\x00\xc3W\xa4oy\x88\xfd)\x0d\xa4\
L\x01\xf8\xf8/^FGy\xa0i\xd4!G\x1d:\
\xa5\xe2k\x98\xf4\x85\x95va\xc7C\xc2c\xa0~\xf7\
\x93\xda\xbd\x8e\xc8\x92e'X\xccr\x0a\x02\xb8\xe9\xdb\
hj\xe3)\xf88\x80hX\x84q0\xc4\xd2\x0e\xe7\
69\xd7:A\x98\xb5\x0c\xa6\x83%Q4/\xa1\xfa\
<\xbc\x9f\x83\xca\xc1.{K\x08\x1c8!\xa2Y\xf4\
'/8\x90\x14?\xab\x10J\xd2\xf2\x0f5-\x10\x83\
\xf8v'\xd2\xfcn\x12\x0f\xe5 0\xb1aQi[\
\x8fu\xae\xc2Q\x9e\x99H\xf8?P\xd7l\xda\x83;\
\xb7\xed\xa7\xef>J\xd2\xb3\x98D~u\x01C\xb4\x19\
\x97\xfd\xceq\x03\xf3\x10\x5c\xb0\xc5s\x1f+\xc0\x08B\
c\xfdY1\x96\x12\x96\xb5\xdc\x0d\xc0\x80\x88k\x0e[\
\xfe\x1e\xdc\xb7w<\xb1\xff\xe7\x8f\x9f\xdb\xcb\x83\x03i\
\x0e\xce\x08J\x0d#\x9b\xaa\x9ci\xc8l\x05\x86\xe2\xe6\
\xad\xc2\x07\x92\x97;q\x0d\x04\xcc\xe4y\xd2@>{\
\xfc\xd2N'3\xcd\xdb\xb8\xc0\x02xsj%\xe3\xc9\
%\xe73\x9dby\x92\xd19\x8f'\xa7\x13;N\xb0\
\x0d\xcd\xe8\xf0\xf4\xdc\x0eN\xa6\xf62\xb5\xf3\xc5\xd1\xc4\
\x9e\x1dN\xecy:\xee\x0d\xa6\xdc{d\x7f\x90\xae\x0f\
.\xe8SD\xb4\x17\x08\x13,\xbew\xb7\xd7mwg\
\x87}\x9f#\xaf\x88\x13b\x1aQV$\xd6R\x96r\
\xc5H\x82y\x14G\xc2\x86w\xee\x5c\x10_\xc1\xce\x0f\
\x14\xfeE\x14\x94\x04nE\xc1\xbf\xb1\xbcx\xc3\xe7V\
\xd7\xa3\x02\xf7\xe9^\xf6Y\xeacP;\xf80\x92t\
\xa1-i\xb1d\x09\x18K\xd1\xbf\x84y\xc3\xaa\xbd\x0e\
\xab\x00`\xc2x\xca3Xmj\xd6\xe9\xad\xdb\xe6\xad\
\x87\xf6\xf6{\x1f\xd8_\xfd\xe67\xf6\xf3_\xff\xc2~\
\xf5\xab\x9f\xda\xaf\x7f\xf3\x81\xbd\xf7\xb3\x9f\xd9\xc6\xf6\xa6\
\x89\xe6\xfa!\x9a\x95QKt8\xc8\xf3\x958\xa7\xb8\
\x85m\xc9\xf7\xf1x\xd5\x18V\xa5k\x0c\xe4\xba\x0eQ\
\x22\xb6\x9fff\x12o(sp?\xb6\xa4\xb8\x80S\
\xcc\x03\xc1\x9aA\x97\x95\xd3f.F1\xf1\x15Pa\
$\x84]\x9c;\xc2\xc1\x1c\x05\xf5\x1e\x13\x099\xd1\xd0\
\x88p`(\x98\xf1;ML\x04sB\x9a\x0d\x98\x05\
@\xdc\xd0\xf1 L\xe9s\xa9&\xca\xfe\xc8\x9c)O\
\x1c\xf1\xe9N\x9cr\x09H\xe2\x97YYS\x14]U\
\xe1_Rug\xfc\xfe\x87\x9d\xfc#\x01\xf0\x900\x17\
$OI\xf6\x95\xe3\x1c\x93\xa1@pD\x94\xf2R\x19\
\xceD\x22\xca*\x16K\x8ch,\xd4a\xad\xa6\x1f\xbd\
\xf9\xd0nm\xf6\xec\x1a\xa4\xf1\xdd\xacf\x0a\xe0U\x95\
\x98t0\x15\xb6\x83\x84\xac\xea\x7f6\x9f\x04\xd05\x11\
f\xdc\xa2\xdf\xd0\xaf2\x8f\x09\x87F\x93\x16\xc2v\xff\
\xf0\xf93\xfb\xfc\xcbol2NZ\x06\xd6\xb3\x22\x13\
\x19g\x8d\x82\x93\x03\xa9}x.\xccW\x0a\xf1\x8d\xe8\
+\xf7\x91\x9c\xc3\x0f\xe2&,\x1c//8'\xe4\xeb\
g\xcf\x93\xb0\x03gh\x85\x9c\xc8\x8a\xf5\xd7\x16\xcf\x98\
]>`6;\x18\xd5\xec\xc9\xf1\xdc\xbe<\x98\xd9\xe7\
{\x97<~u4\xb7\xc7G3{>\xa8\xd9\xd1\xd9\
\x9c\xf7\x9d\xc0\xb1>\xc1dB9P\xf1lh\xeck\
\xfd\xa6\xddK\xcc\xba\xd7\xe9j|8F\x11\x81\xe5\xe7\
\xd9\x8c\x15\xd9\x99K\x8c\xb5\x0b\x0e\xc2+\xe1\x92\xb4\x1e\
G\x12\xcf\x0bB\xc8\x0f UX_\x9dg\xc0S\x05\
\x13k\xfcsUQ\xd1\x878\xe6\xff!\xc1P\x8a\xa9\
\x9e,\xad\xb8A\x15\x91\xbb].\xc3\xc4\x04\xd8\x03]\
Y\xd6\x9d\x84\x03\x997\xf9\x1eh\x1dPWj\xda0\
o}u\xc5\xee>|h\x0f\xdfy\xdf\xde\xff\xf9/\
\xed\xaf~\xfb+\xfb\xe0\x17\x1f\xdaG\x1f\xbdg\xbf\xfa\
\xe8-\xfb\xcdG\xaf\xdb\xcf~\xf2\x9a\xdd}\xe3u.\
\xed\x8fem\x94\xf0\xe0\xc0\xa3\xb9\x98\x82\x03\x9ev\xf8\
\x14\x22\x80\xa2\x11j\x08\x90E\xaf\x04\x02F\xb7\xf8O\
\x16\x10\xd3\x0a\x06\xb2\x80\xcc\x04\xc4\xc5\x1b\x17\xcf\xa2\xc6\
\x91\xc1K\xd5\xaf\xaa\xffYb\x01\xea\x1a\x18\x80V\x19\
E\x15:\x0c\x8c\x16\x91$\xd8|n\xb7_\xb7{\xeb\
\x0d\xdb\xe97lwm\x89Nut&\x98\x04MS\
\xe045-e\x02{_\x8d\xd7.l\x04\xc9\x0eK\
\xc3\xa7\xfb0\xd1\x10\x83(S\x8a;\xa8j$\x8bV\
\xa9\xdf\x0e\x08\x0b\xd0\x10\x10\xa1\xeb\xa1W\x00\xe1\xab\x84\
\xce\x8f{\xf8\x14\xff\xd2\x1ff\x8a\xbe\x88\xfe \xf8\xbb\
\x8a-Gj\x8d\x04\x85NV'2\x8b\xa1\xbbN\x94\
8\xdbY\x8cC\x8er\xd7Dh\xd2R\xb9\x95\xb4\x8f\
G\xf7\xee\xd8\xdb\xaf\xdf\xb5\x0elW\x9eDH5\xa9\
NK9\xf8Z?<\xca\x86+\xbfE,@\x08\xe9\
\xfd\x22\x11L\x9d\xe3~\xff\x02\x1e\xf3\xf3\xe6\x1e2\xeb\
e=\xd3\xdf\x99\xfe \x07>~yf\xff\xf8\xfbO\
\x18nKm\x01\x1a\x85\xcf&'C\x80?\x04&\xac\
\x0bh\x1e8\x86F\xe2\xd7\xdc\x1f\x925\x10\xfe\x16s\
\x97\xe4G\xc1\x22\x87\x14t\xd2\xbdO\x9f\xbf\xb4\xc7/\
\x8em|\xa9PN\x97\x95\x08glVM\xda\xc3\x05\
6\x18\x9ac\x0d\xac\x1a\x85\xaa\xb3\x04\xdb`\x14\xc3t\
<\x1e%Me\x84\xa5N\x00\xeb\xe9Z\xd2:N\xd2\
5\x80<\xc6\x0f\xdf\x17p\xddI\xda\xfc\xfd\xdb\xdb\xb6\
\xb5\xb5\xe9c\x16L\xa4b\x1e\xf2[9\xf3\x88\xe5L\
b\xbc1\xfe\x14\x18\xdc\x9ce\x92\x8c\xd9\xd3\x0e#E\
\xaf\xfb\xf9\x0f)E\xdb\xab\xf3\xc0\x03\xce\xe3\xf0~\xac\
\xeaK\x9a\xb1\x98\xe3\xd3u'FS\x8cD~\x0bL\
\x08\xc4)\x18ph\xf0\x10\xc0\xf0[_\x08\x04?l\
 P\x08\xfb\xa3K\xcb\xe6\xb2\xfd\x9d\x8e\xf5\xd7w\xec\
\xd6\xa3\xf7\xed\xe1\xbb\x1f\xd9\x9b\xef\xbdcw\xeeo[\
\xbf\x0f\x1fq\x9dt\x13&K\xd0\xbe\xc1\xf1\xc0F\xa7\
C\x9a\xbcH\x87+\xc2[\xd0(\xa7\xd1\x0b4\x8d\xd5\
\x0b\xf7\xff9iA\x03\xb9\xe9\xa7\x81\x90\x8bW\xd5\xc0\
\xea\xa5qcu\x9eY\xcb\x5c\x0d\x8e{\xc7\x93qR\
\xd9\xc7\xf9\x1c\x9d\x8f\xbel6\x10\x92\xa8\xc1\xc0\xbc\x03\
\x94\xc18\x00\xbc\xed\xb6\x22\xb3\x84p\x1eG\x9f~=\
\x18N\xec\xf0\xf8\xcc\xf6\x8fG\x0c\x0d\xc6u\xd9\xcd\xb1\
L|\x8b\xd1>\x1ax\x07\xf8\x18h\x1eu\xa2A\xaf\
\xaey\x85\xdf\x84+.U\xf8\xb9\xca7\xf5\xd4\x0f+\
U\xc8a\x14\x9c\xd4\x07\xc8\x95\xb9B&\xab\x1a\x81^\
Q9\x8e\x00\x99y\x889\xc4\x82\x892YE\x9d\xef\
2\xe8\xe6\xac\x8d\x8du\xfb\xd1[\x8f\xa4}\xcc\x15A\
E\xdb=\x99\x83\xce\x15~\xab:\x94\xd1\xcb\x95\xd3[\
\x08OG4&\x8b\xd6\xb5R\x81\xf6~\xa9\xfc\x1d\x01\
\x9b\xb49\xfb\xb7\x96\x845\xd2`<\xb7\xff\xfb\xf7\x9f\
\xda\x97_\x7f\x93\xa3\xa6b\xc2\xa0\xccRn\xc6\xca\x8e\
\xf1\xa8\xaf4\x0d\x96y\x0d9\xe6\x80x\x99&,L\
*\xd4fS\x87G\xc7\xf6\xf9\xe3\xe7v|\xa6Y\xe5\
\xa1\x19!\xa1]0\xb5\xb5\x97\xb1W\xce\x8c\x1a\x04\x02\
K\xfa-,a\xd2\xb0U.c\x92\xae7\xe6\xe9h\
\x89\x01\xfb\x84\xd9\x06\xf0fn\x1d\xee\xdc\xe8fa|\
;\x1d\xb3s\xdb\xd9\xe8\xdb\xfd{w\xe9S)\x1d\xe9\
\x8bkeyH/\xeah\xba\x123\x89\xc0\x89\x8c?\
\x18{\xceN\x0f\x5c\x12SQ\xbaf\xc8\xf8\x01\xa4,\
\x22\xf2l\xa1\x94q_wT)\xee\xf2Z\xf6\x85\xd7\
\x0b\xc0\xd8/\xf94\x8d)'\xe1\xc6\x93\xb1\xc2.\x05\
\x1e\x08\xb9\x88\xba\xc2\xe4A\xa36<K\xf0RO\xd7\
a5i\xb6{\xd6\xdf\xbcm+;\xafYw\xf5\xb6\
\xb5\xfbk\xe9\xd8'\xecc\xe5\x0e@\xfb8I@\xc3\
\x94O\xcf%\x5c@H\x19\x8f\xce(,\xf1}Nw\
\xf3\xf1Z\xca\xd8\x91\xcb\xbc\x0fM\xcd\xf7\x97Xus\
\xfa3G\xde\x1b\xb4p\x8eC\xf9Bo\x88n-\xde\
,\xc4\x1eO\xf0\xa1\x13\x9a\xab\xb2s\xd3\xbc\xc3\x0d\x96\
&\x10\x091\x02\xf4\xect\x02\xbbaR\xd1\xb1\xe6\xd5\
\x04H*m\x03\xcf\x02'\xc7.p\xc7\xd8\xc0\x87~\
\x15\x0c(\x90\xb0n\x9d.\xf6\x10\xe9\x10)\x16\xbe\x1e\
\x83\xce\x11\xe6I5\xf0TO5\xd0\xa8g\xc7\xa0\xda\
B\xeb\xa8R\xf5{\x93i\xec\x07\x99\xd4\xee\x92\xa8\x96\
\xccV\xccBR(\xed\xe2\x94\x5c\xc3\xfc\xe1f*J\
\xb0\xa1m$B\xc4\xd0]\xd7@\x98\xe5\x8bj\xb5\xdb\
\xf6\xc6\x83\xbb\xf6\xd6\xc3\xdb\xd4>\x109%K\x88\xfa\
\x16ef0\x85\x88P\xaackVE*a\x0e\x10\
\xe7\x08\xd1y\x8c{\xd0\x8eE\xe4.\xcb%H2\xd4\
\xb7\x18\x7f\xc0&&\xe9}\xfe\xcd\xbe\xfd\xe1\x93\xcf\xed\
\xec\xec\xac2U\x05\xd3\x08\xf3U\xd6.\x0a\x86\xe2\xe7\
\xf9\xbe+\xbf\xe3DC\xfaA\xc0\x90\xb4\x92\x02\x96y\
\xc7\xcc\xf4g\xcf\x9e\xda\xcb\xe3ajO#k\xb6\x22\
\xc6\xe8o-/\x8fI\x95`$\xbde\x84\xf0\xd6m\
\xadS\xb7\x95N\x8d\x0bM\xaeu\x1a\xa9\xdc\xb0^\xaa\
\xef,\xcb\x7f\x88\xe0\x93~K\xcb\x9bPo\xae\xa1o\
\xb5\x19\x15\x16X\xbc\x7f{\xc7\xd6\xd7\xd69\xf3\x9f\x01\
\x0f\xd9|Uh\x22~TD\x96k\x988:\x03\xa1\
 \xe1p\xa1\x9e.p\x88u\xc5\xb7|O\xd3\xb5\xb6\
\xb1\xdf\x17\x08CQ\x8e4\xd7\xd8\xf87\xc7\xfdE\x0f\
\x18H(\xfb&~\xc2\xe1\xd4\x1d\xe8\xebz\xbde\x14\
~\xc0p\x1bM\xce\xfb!<\xfa*\xbcK\xb8\x7f\xa9\
mu\xf8F`\xca\xa2\x04p\x9e\xb4\x89\x13\xc3\xb2\xfe\
\x8df\x9b\xcf\x9b&8\x1d\x0e\x92\xe0\x8d\x85ek2\
WB\xf3\xdc?\x9b\xdb\xde@fR\xc0\x18\x1c\xf5\xf0\
\xb1\xd0\x1a\xb5@{]\x88\xf7L\x12\x1du~\x0f\xff\
\x97\x1crc*)\x7f$1\x90xJ\xf54\x9d\xe6\
\xff\xbd\x84\x97F\x81\xa5\xb0\xa0y\x03yI\xad\xcb\xc7\
Z\x5c\x9b3\x92\x0a\xf3@\xe0(\x1c\xa3\xffR}\xa8\
\x8b\x98\xa5;\x85f\xe1\xa6\x06D\xc7P\xe9\x9b_\x12\
9\xa0\xb2\xb5\xda\x22\x1c\xcd\x16\xe6\x89,\xdb\xcaJ\x87\
*\xf8\xd0\xf7G\x00\xd2`\xce\x00\xc2z!_\x08!\
\xf0\x89z\x09\x91\x01m\xc6\x11\xe7\xae\xadd<p\xb0\
@\x99\xabg\xb2\x5c\x01\x16\x8a\xaa\xae\xea\xe2\xd9?\xa4\
\xa4or\xb3\x03\xbf\xc9\x91\x80\x04#\xc26\xabp\xc1\
\xca\x9c!\x1b9\xcd\x1e\xb4\xa7\x07\x13Q\xceNt\xd7\
F\xb4p\xdf\xb2\xedlm\xd8O\xdeyd;k-\
G4\xf51\xc7\x03\xef\xad\x89y03|TZF\
\xd4!BIs(\xa2\xed\xe53\xf2g\x09\xde\xf0\x06\
\x07c\xe0Ru\x8fn\x84\xd0\xb2w4\xb5\x7f\xfc\xfd\
g\xf6bo\xcf\x1d\xdd\xe1\xfb\x90\x19\x0b\xd1,\x8a\xb4\
\xaa4\x8cXu7\xb4\x92\xcc4p\xbf\x9b\xbd\xb4\x94\
I\x84\xf0\xc2|\xa5eM ]\xe2\xf9\xfb\x87\x07\xf6\
\xf4\xf9\xa1\x96`\xe7w\xab\x9f!\xb4*\xf2&v\x1f\
\x04c\x906B\xad\xa4\x81pw\xed\x9f\xd3kA\x1b\
A\x9d\xe7%1c\xf4\x0f\x1d\xb0\x1cR\xf5\x1b\xae\xdf\
\xdaZ\xb3\xdb\xb7v9!\xb7\xda\x1fdQ\x0b!\xf3\
\xc8\xa1\xbcj\x93\xe5rh&\x82\x0f\xd9\xea\xfd\x9cp\
\x13c\xe2#\xfb\x03\xc3\x05\xa4\xc0\x83\x00\x96\x85s\xde\
\xe0\x97\xc2\x04\x9e\x81\x0a\xf7\xc6Xz\xe6\x9f.\xa3\xaf\
\xe1\x8b\x15<#d]\xe4\x16\xd1xZ\x00Q\x1a6\
\xfe\xea>\xe1\x16G\x99\x0c\xe1\x17\xa9\xdb\xac\xb6\xccy\
#\x9d\xa4z\xb6\xa0I&\xbc\x18%\xce\x01_0\xcc\
\xf5XW\xeb\xf8d\x9c\x18\xcc\x80\xf0\xcam,h\xaa\
q\xba[\x11m\xc7\x8f\xa2\x1e\x8d\xf4\xba\x8c4^\xd2\
}q\xae\xdf\x96\xd7\x22\xbdZ\x03\xe1\x9d\xd5\x8d*W\
/b\xbb\xae\xb2+U\xe6\xbbx'M\x09\xa8\xd7-\
\x08\x91<\x1c\x9c\xda\xd1\xc8,}\xb7\x1d\x8d\xe7v8\
\x9e\xd1\xde;\xc2f:\xbcoN\xe9jwc\xd9\xb6\
\xd6\xb1\xf1P\x92\xa6\x12\xf3\xe8u\xe0\xfb@\xdc|\xc3\
\xb66\xdb\xb6\xb3\xdd\xb5\xcdML\xa0Y\xa6\x09kx\
\x8e\xedI\xbd)@NLdk\x14jx\x09 \x1c\
|\x07\x90+e\xe5\x9bJ\x91\xfdc\xbc\xe8OS\xdd\
\xf7<U\xdf\xa9\xa1g\xbbkP\xb5\x0b$ a\x00\
\x91\x10QQD[\x98\xad\xa4u\xc8\xcf\x11a\xbb\x02\
~:\xcd=\xf37K\x08Cm\xdb[\x8f\xee\xd9\xeb\
\xf7v\x92\xf6P\xb5C\xa0\xe2\x80\xec)\xfaPmR\
[\x19\x8d\xe2i\x11\x023\xb8\xe5\xe7\xa0\x9e\x1b\xf7\x04\
\xb8\x157\xc7\xbdC\xacw\xf5\xe53\xfb\xec\xcb\xc7\x5c\
v\x9d[\xd4fmB\x11T\xd2:B\x8b\xf0(,\
2\x15\xdcw\xeeK\xbc\x07\xd3\xf0\xcc\xdf\x87\xffC\xe6\
\xab\xb8\x16\x9bM\x0d\x87C{\xf6\xe29\x97\xed\xc17\
r\xc1PjXK\xd4\xb0\xb0|O'q\x8fn\x0b\
\x9a\x5c\xdd\xda\x8d\x99%e\x83A&\x186\x1c!\xb1\
r\x19\xf8\x9a\xf6\xd2\x01cA\xaf\xc1d'\x86\xab{\
\x91\xc0L\xd6z\x0d-\xf3\xde\xefI\xdb\xa0\xcf\xca\xb5\
\x8f8\xb2,\xd3d\xc5T4\x1f!\x9b\xb2\xb2\x16\xe2\
D\x14\xc9\xf1\xa8J?\x0c\x1c\x88\x0e\xa2\x11k\x01\xef\
\xab\x94a1\x7fcy\x9f\xae\xea\x1a\xfa\x1f@\x86\xba\
\x9a\x9e\xed\xcf$\xc3\xa8\xb9y\x95}7\x93\x00\x8c\x1d\
:x$T\x00\x00 \x00IDATW\xdb\x1dk\
\xf7\xfa\xb6\xdc]\xb3n\xa7g\xdd\xfe\xaauWVm\
}u\xd5v6{v{\xabg\x9d\xa5ib\x0c\x07\
vrtl\x87{\xc7v:\x9c\xd8\xc9`j\x87\x07\
#{\xfe\xf2\xcc^\xa4\xe3\xd1\xc9\xc4&\x5c\xd3\x1f+\
\x94O\x89\x07 \x818\xc6\xf6\xc8\x15~\x0812\x85\
\x86_\x1a\x0d\xcd\xf8\x12\x08\x93+\xf8\x1d\xdf\x96\xae3\
\x90x\xc6\x0d\x09\xddR]\xf6\x9brE\xf1Cb+\
8\x07\x9a\xeaGGp\xcc\xce\xdd\xdb;\xb2\xfd\xf4\xe1\
\xe7n[XN\x9d\xdbM\xc4e\xb5)\xdf\x07\xb7\xa9\
5!\x04&\x18ReO\xd7\xa1\xceo\xf4\xa1\x86\x1b\
\xd5{,y\xbd\xb5\xde\xe5\xde\xe8\x87\xc7\xa3\xd4\xc1\xe7\
D HcR\xe5 \xd1q\x87\xa2\x0c\x108\xe0\xa3\
\x03p2c\xc1\x1d\x19\x98\x80|\x02\x04<%`\xa2\
\xba\x5c=\xcfA).\xa8\xaex\xce\xf73\xe1c\xe6\
\xf9\x83\xf4\x05\xce4\xd0\x1f\x99h\xb8\xe6\x81\xa3\x13\x17\
\xae1\x06i\x8a\x9a\x86\x18\x85\xe6\x15h\x85\xdd*\x84\
W\x8c\xe4\xd6-L\x1a|=\x112m\xdbyS\x02\
\xb8\x84\x99\x89mA\xf3\x8ac\x86gO\xc1\x0cPG\
a\xcb\x8fQ\xc6\xffD\xa4\xb9\x96:\x07CA\x19*\
\xff\xd7\xfbC\xfb\xa7?~\xc6\x19\xe2\x11\xb6\x1b\xa1\xb7\
\xd48\x0amb!\x93A(W~\x8e+>\x0f<\
\xebR[\xdbr\x8b[D\x1b^b%U\x1c/\xb8\
@\xe8\x93g/\xec\xc5\xe1\x09\xdb\x22\xe9SCAX\
\xabe\xe1\x91\xf5d\x18u1\x0a\xf8E`\xde\xc8Z\
F\x0d\xf7\xb9\xc9*U\xe0;\x19\xbcc\xba\xce!N\
\xb9\x9b\x18\xcc\xbd[\x9b\xb6\x8de\xde}n\x14\x98C\
\x8e\xb8\xc2XF92\xc7\xbd\xcaY\xa0p\x5ca&\
\xe1t,\x88\xc1\xf2\xbe\xff>\xa7\x82\x12\xdc\x90\xbc\xe3\
\xfc\x8e\x8c\xe3\x0e\x88\x8btB\x1d\x8c\x22i\x85T?\
\xff5\xea\xeb\xd4&\x1a\xcb-\xebv;\xd6\xe9t\xad\
\x95\x18E\xaf\xbfb\xeb\xeb\x9b\xb6s\xe7\xa1=z\xf7\
\x03{\xe7\xc3_\xd9\xcf\xff\xeb?\xd8\x07\x7f\x97\xf2o\
\xff\x9b\xfd\x97\xbf\xff\xef\xf6\xcb\xbf\xff\x1f\xf6\xe1\xdf\xfe\
\x83\xfd\xe4\x97\xbf\xb5\x1f\xfd\xfc#\xdb}\xe3-k&\
\x06\xc3\xe8\xac\x94W\xfb\x98\xff\xb1\x94\xe0\xe9\xc2\xceF\
\x10N`\xd6G\xa0\xc7\xb9`\x82\x08#\xd8\xca)\x9f\
T\xb5\xdc^\xb9<\xcf\xa5oId2U\xba\xce@\
\xae\xa6\xcc\x95\xaa\x17TRcu\xe4]\x04|\xbf7\
\xca\xfagRE\x14Y\x03DE-:\x19\xddM\xf5\
\x1b\xb6\xef:\x9c\xa3n\xcf\x8d\xc1\xa8i\x0d!\x0c\x1a\
\x9e\xc9\xc9V\xb8np\xa6K\xdd\x80\x83}4\x1c\xd9\
\xfe\xe1\x99\x9d\xc0\xb3\x94\xeemv:\xd6H\x5c\x1e\xc8\
\xa2X\x5c=\x03\x7f4O\xc1\xfe.V\x12\xa3\xae\xeb\
.\x89\xc7\x97\x118\x98\xfc\xa6\x85\x14\xe0\xf8\x9d\xba\xfe\
{\x95\xd4\x17,\x08\xd8I( \xc1\xba\xb34|\x1f\
$(\x95\x9d\x5c\xfe\x8f\xd2|\x15\xfe\x0eH\xcd\x8bf\
,ln\xf4\xfe;o\xdakw6I\xfc\xae\xc0\x1e\
\xdf\x8dQ\xc0(\x869\x9a{{\xe8\x22\x09\x22\x9d\xe1\
\xecb\x07\xa4\x94\x11D\xc1\x08,\xc0\x12\xd7BC\x94\
\x9e\x8et\xca_*,\x16\x02\x8a\xc0W\xdf:\x9c\xcc\
\xed\xd3/\xbf\xb1'O\x9e\xd8\xf9d,\xd3\x923\x0f\
,A\x12s7\x82\x19H3\x91\xf9IuE9\xce\
=\xf4W\xa1\xbb`\x1aq\xee\x8c\x84\xda\x07\xb2\x98\xc9\
Q\x92&\x1f?ya\xa7S\xed\xe5\x01\x8d\xf9\x02\xdf\
,9+\x87\x1a\xc3\x9c\x85qYn\xc0\xa1>O\x9a\
\x09\xb4r,\x09\xee\x19\xf0[\xd3o\xd0w\xc0\x99`\
\xa2\x8c\xc3\x01\x01\x99A\x083\xdbZ\xed$-d\x97\
\xab\xfcV\xe3W\x8de\xa9uD\x94\x1d\xe1\x00\xf7P\
\x0b\xf1#U!\x08\x1605\xd6\xf4p\xb4\x93\xcc$\
\xd2U\x1c\xf9\xcb\xa7\xef\x22\xd0\x91$\x04)\x08T\xcf\
\x05\xfc/fA\x92\x85s\x1eu\x9d\xda\x85\x97\xc1H\
HY\x80KI\xa8\x9a\xd5\xda\x5c\x14s:o\xa6q\
\xc6\x06P\x09\xae\xebm\x03\xe9\xc5\x9d+\xeb\xab\xb6\xba\
\xb3c\xad\x95m\xebnl\xdb\xea\xf6\xae\xb5\xd6\xb6l\
b]\x9b5:IC\xe93\x18\x08\xf0q\x9e4\x8d\
qb\x18\x07G\x08D:\xe7;\xc1<\x8e\x8f\x92@\
\x82\x89\x84\x08\xd8\x98\xc9?|\x95\x16\x8b\x10\xebZF\
$\xec5\xa2;\xe2\xa6\x82\x92U%\xa6Wt\xe15\
\x06\x82\x97^\xe5J\x19w\xbd\xc0gyY\xd3\xe5\xd1\
65B\xcbk\x83\x04\xf89.:\x22\xe3\x19\x98\xf0\
7J\xaa\xfc1\xf6\xfb4\x01>b\x12\xb0=\xe7\xb9\
~b\x83\x89\xfc! \x06\xa8\x80\xbd\x10\xbc\x82\xb6\xc4\
:\x96=i\x18v*\xc4\xf30\xa8\x9b\xeb\x1d\xdb\xdd\
YI\xf5@\x08-i\xd2\xeb%\x15\xb1\xddc\xc8o\
\x10I\x02\x7f\xce\xe0J\xb8$\x86\x11\xcc\x8c\x09\x83\xef\
\xf5xGY\x1fL(\x03e!\xc9\xc7=\xdf\xd7t\
U\x82\x12\xc3\x04A\xa8\xcc\x13y\x99\x12j\x1d>\xb1\
\x0c\x84%/WR's\x10\xb3\x88Y\xe7\xd5:W\
`$t\xa6\xa7|\xff\xeem\xee4\xd8m\x0b\xa9\x00\
W9\xac\x96C\xeb\xb0\x82A\xaf\x81\x88*\x84\x17\xd8\
BD\x902\xce:\x85\xefb\x0b\xd8\xcb\xc4\x1c0C\
\xd7\xe1\xc3\xa1\x95\xcc\xcf\xbf\x0b\xffB A=\xde\x87\
\xf5\xae\xbezql\x7f\xf8\xe43\x1b\x0c\x06\xe9\xb7\x17\
\x85\xa6!sU\xd6D\x5c\xdb\xc8\xcc\x85\xe5\xca$\x85\
\x0c\xe6C\x93\x15|\x1d\x97\xc51=G\xe7\xda\x9d\x10\
\x99\x8c\xe5Bk!!\x02\x11\xbb\x15\x1e\x9f\x8eE\x80\
\xd1\xe6\x80\xab\x22\xc7\xb6\xbc\xfc6S\xa4\x22@\x19\x8c\
\x03t\x5cB\x17\x8eX\x99\x1a[=c\x84\x15\xd1\xe6\
\xb4@\x1a\xcd\x0ck\xcei\x99\xf7\xb5u-\xf3N\xd3\
d\xf8@bU\x01\x9fP\x18{\xbb\xc4b\xa6\x8c\xca\
\x22\x8c\xa0\x7f]\xd0`\x8b\xe2\x7f\xff\xcf\xdb\xed5\xdf\
\xcfT\xe0\xa6\xfa\x19\x85\xa8\xf7\xec\xe5\xc0\xf1\xc8\xa8\xa7\
\xc9\x8b\xf5|\x82_sM\x0ce\xe0\x8c\xfbI\xd0O\
\xeb\x1b\xeb\xf6\xfa\x1b\xf7\xed\x97\x7f\xf5\x96\xfd\xe2\xe7o\
\xdbo~\xf9#\xfb\xfb\xdf}h\xbf\xfe\xeb\x9f\xd8\x07\
\x1f\xbecw\xefl\xdb\xc6j\xdb\xe6\x09\xae!(\xb4\
\xbaM\x9a\x92'\x17i\x8c\xdbm\xbbH4jr:\
\xb4N\xabf\xdd^\xc2\xb1\xd62a\x7f\x90`g\x9c\
\x18\x08\x02\x87\xa6\xe7\x82\xbb9VK\xb8\xc0\xd6\x17\xc4\
\x18\xf7=\x836\x0b\x8f\x84k\xbaJZL\xd4\x81P\
\xee\xc2\x86\xae(\xb8#\x00\x88\xf7\xe2\x9cE\xe5H~\
\xcf\x02\x03\xc9\x8c\xa3\x86\xeb8+~1\x0f\x89'^\
\xe8\x0f\xd7E\xe6|\x7f\xd1\xa8\xc5k\xd2\x1aFgC\
.Zwx\x865\xed\x81\xdcs\xc6\xb3\x1f!\xc6\xdd\
g\xe8\x1e\x0eQ\x96\xd9\x01\xc8\x13\xad\x07\xbdn/\xd5\
l\xad\xb7l\xdb+\xcbv{\xbdi\xf76\x96\xed\xc7\
\xaf\xad\xd9\xd6Z\x8b\xfb$\x5c\xa6g`\xd6sou\
\xcd\x96\x19\xca\x1b\xe0\xa1\xc1\xf7\xf1\xcf\x80\x81?\x01\x84\
\xe0\x07\xe7t\xc6\x16\x00$\xe4\xa8\xfa\x87\x07\x07\xaa\x9b\
\x92\xee\xff\xbe\xa5\xf8\x8e8\xf5s\xef\x0bN\x16#\x13\
\x01\x01s\x82B3G\x10\x1c\x98\xae\xe0Wr\xcd\x03\
\x0c%\xcf\xf9\x08\xd3\x15\x96YX\xb6\x8d\xb5U\xfb\xc9\
\xbbo\xd9\xed\xcdn\xee6\x01mt\x9fz\x8e\x92\x1a\
\xdb\x14\xb5>\x0fD?!\xf1\x8f{\x81\xac\xdcO\xa3\
\x81\xf0\xddp\xac\xcb\xe4)\xf8T\x0e\x1c\xf0\xd7%\xc9\
\xaff/N/\xed\x9f>\xfe\xc2\x9e={\xb1\xc00\
\xa4Q\xc0\x14\x15\xccCu\xe1\x03\x91S\xbc0Sy\
\x0emC\x8c\xc4\x1d\xe58\xfa$B0\x8e\x98H8\
g(/\xae]\xca\x99~p\x90\xa4\xc8c\xb6\xbb\xe5\
\x8c\x0e\x11XX\x08\x14\x8b\x8b\xb6\x9bK\x5cy\x01\xc2\
\x0f$VhS0\xc3\x11.\xe7\x9a\xc9\xce\xf39|\
\x22s\x12\x9f&\xf6\xd6\x81\xdd\xd7\xfb,z\x14]\x03\
fzg{\xcdn\xedls5\x87\x05\xff\x07\x85\x82\
*k\xbc\xc14\x96\xb8L\x0c\x89\x22\xfd\x88\x85\xa0\xe1\
p\x92\xf1\x07\xd9\xc7\xeb{\x97\xae\xe1!:\xeej\x1d\
\x92\xea\xaa~[\x14\x1eYG3U\xf1\xcd\xcc\xba\x97\
uB$\xd6-\xa5\xb1\xbb\x95\xb4\xbe\x8f~\xf6\xc0\xfe\
\xeb_\xdd\xb1\xbf\xfb`\xd7~\xf5\xd3[\xf6\xd3\xb7\xb7\
\xec\xa7\xaf\xaf\xd9\x1b\xf7W\xec\xf5\x87\xebvk\xab\x93\
\x98\xc8\x92mm\xb5\xb9d\xff0i\x18'\x83\x89\x0d\
\x8e\x8768\x1c\xd8h0L\xf9\xccF\x89i\x8c\xce\
Fvv:J\xb0\xa5\xed\x01\xa0}pS\xbe)\xf6\
O\xc2\xee\x99\xd0@\x02\xf8\x85\x00B\x1f}\x89\x8a\x8e\
\x15N\xa3\xab\xa4\xb2\xb4\xff\x1bRyk\x91\xaei \
\xd7R\xd9\x80\xf2\x85^T[\xbdQ\xe5\xa5h`q\
D\xc6\x07\x9e\xa7\x8f\x85\xc9\xe9 !5\x1c\xdfp\x80\
C$\x1da_\x90\xc4D\xe1h\xc2R%\xdc\x1f\xc4\
4f`\x22\xd0np\x0e\xc5\x8bkd\xa5\xd6#^\
\x1eZ\xc9\xad\xd5\x86m\xaf\xca?\x82POl:\xb5\
\xdc\xe9%-\xa4CB#'\x96?\x0cD\x92E\x1f\
t\xfcO8\xc1\x99\xba\x84\xb7\xf9_\x95t\xaf\xf2b\
\xaa\x9e\xf5\xfdL\x8b\x0c\xb0D\x80:%KLt\xc2\
\xb9\xe6~H\xfa\x94\xe3\x5c\xdaFf\x18n\xb6\x0af\
\x91s0\x92\x06v\x1al%\xe4\xb8o\xef\xbc\x86\xb0\
]\x07!\xbc\xb6h\x0f\xc0\x01\xb0\x1e\xbd\xa9($H\
\xd5X\x8c1f\x94W\xc7@V\xff\xb5\xfe\x1c\xda\xe3\
Y\x9cOrYA\x22`\x06Ng\xdc\xf6\xe4\xd9\x9e\
}\xfe\xd9\x179l7\x98\x04\x1d\xe2(;#\x10s\
\x882\xb4\x0eh\x0f\xd0x\x16\x19\x882\x98\x84g\xde\
\x97\x98\xc4\xb9\xce!\x15F\x1d&>\xf2\x19\xf8M\xd2\
\xc0\xb1\xdf\xc8\xd7O_\xd8`t\xe1\x0eO\x99\xdc\x10\
\x9d5\xf6\x09\xb1\x88\xb4\x99\x90PH\x88\x9a^\xd6\xb9\
k'&\x19\x22\x0c\x99~SLJ\xa4\x14\x89\xfe\x93\
f\x82.\xc2o\xd8!\xa6q\x07\x93Y\xebaf\xfa\
-[\xe9\xf5)\x0c,D\xd0\x95\x0c\x85\xe6,\x99\xb8\
b\xf2('\x19\x92yTL\x84rw\x81?:\xf8\
Y5P\xdf\xbb$KC>\xcb\x7f\xd1~\xe5\xb8\xaa\
\xff*\x06\x11\xbf\x91\xe6\x98\xeb\xf3w\xc7\xcf\xe1(o\
\xd9\xca\xda:\x17\xbe\x84\xff\x16>\xde\xa4\x88'\xe2\x0f\
!\xda\xb5\xe7\xd4\xafX\x9d\xe0\xe8xb{{g\xf6\
\xfc\xc9\x89\xbdxr\x90\x18\xc7\x89\x9d\x1e\x0d\xec\xfc\x0c\
LaF\x07\xfa0\xc1\xccx\x88\x05=!tK\xcd\
\xc4\x84\xec\xd3T\x7fvrl\xd3\x09LX\xb0\xe5H\
\x80\xf2\xff\xf21\xd3`\xe2M!\xdcg\xda\xac\xd3@\
\x9eJc\xf1\xf3\xf2b\x91\xae3\x90\xf8\x95?4\xeb\
\x0e\xf1\x12\x7f\x10\xff\xa2\x915\xaf\xe5K]]\xf2[\
5\x0bx&\xe2\xcf\xfa\x99M\xc6#\xce\xec\xc5~\xe6\
\x98E\x1e\x03\x88\xc6`\xa2Lb\xc2\x06\x19\xeahp\
\xc1Y\xb7\xc8\x98`v\xea[\xd9b\x90 \x0c \x81\
\xc0L\xd2o\xb0\x9f\x03\x80\x1d>\x10\x84\xb8\xa5\x9eO\
\x1d\x9c\xa4\xb2\xa6\xb6\xf7$\xc8;\xc0\x13\xbe\x09HR\
\xcdI?I\xa4\x82P\x05p\xd8b\x88^y\xcd\x13\
\x1f\xc5\xff\xbf\xbf\xa9jo\x00~\xf5\xbd4U\xd5\xa4\
rWa\x9c\xd0>*&R\xd9\xc7\xb5p\x22\xd7W\
*4\x8f\xabys}\xcd\xde}\xf3\x91\xed$\xf5\x9c\
\x00&\xe0`g\xe1\xdd(2bh\xa1?q]f\
\x12\xb4\x0b\xe3,\xdf@\xec4X=\xe6r\xae\x95\x09\
.\xe0\x03!2\x84\xc4\xed\xab\xf1\xf2\xd9\xd5w\x1f&\
8\xfa\xe7\x8f?\xb3\xbd\xfd}\x9f\xa7\x11\xe6\xabR\xa3\
\x90\x89*\xce\xa5QHs\xc8\xcc\xa2`\x181A\xb0\
,C\xc3\xb8\xc0\x0eqa\xc2\x8az\xee\x1e\xa7\x0cm\
\x04\xf0\xff\xd57\xcf\xed\x8b\xe7\x03\xfae\xa0q\x8f\x00\
\xf7\xc0\x87\xf1e\x82\xf7\x0b\xce@?ctb\x8d\x1a\
\x14\xf6\xce\x01^\xe08M\xf7Ck\x9f\xcc\xe0<O\
\x0c$e\xe0\x87\xfcE\xd2X\xe4\xff\x91\xb8\x85\x9ei\
'\xa6|\xff\xd6&g\xa6+\xa44|\x1d\x95)\x8b\
\x9a\x07\xb4\x90l\xce\x12\xe3\xb8\xeaTGN\xff\x09\x86\
x\xc4\x18\xe2\xa8\xf7#\x958\xf2\x17MA\xcf\x16p\
V\x7fEE\xae#\x1c\xe5\xef\x09-\xab\xf8F\x92\x0d\
\xd1 \xd6\xf1\xc7\xde\x0f\xf8\x131\xe1\xd2\xea\xdb[k\
\xb6\xd3\xabYW\xd6r\x1b\xa7\xa6\xec\x0d\xe7\xf6\xf5\xd1\
\x85==>\xb7\xc7/\xc7\xf6<1\x0e\xccc;=\
J\x0c\xe2\xf4\xcc\xe6p\x84\xcf\x10\x9e\x9b` 1\x90\
\xd3\xa4\x81p\xe5\x03\xc2\xa0\xb6\xb5\x85\x85\x05&\xac\xd1\
h\xca\xa0$\xec%2;\xd7\x1e#\x99\x06\xcfD{\
UN/\xa6)\x0b\xe7\xfe\xcd\xbc\xe6\xd9i9rh\
\xf0\x8em\xf9\x1a> j\xcat\x9d\x81 -\xde\xe3\
\xc9QX\xff\x8a\xff\xe6\xe2hl\xa4\xff\x10\xc7\xb0\xbf\
\xf1\xe5j\x08\x1b=\xc3\xac\xc9\x09\xb5\x10(\x89 \xfe\
\xb4k'\xa4\x80\xfavt\x9cT\xb5$\x99--C\
\x0bI\xea\xfe\xfe\x88\x88\x03\xde\x0a\x95\x7f\x0c\xc4IH\
4L\xc8u08\xe7\xe2r/\xd2`|}xn\
\xbd\xa4\x02\xbe\xb6\xd3\xb4[\x1bKv\x7f\xab\xc5\x81l\
\xb6\xbb$z\x1a\xe7\x02\xf01\xf8`\x1e1\xe8H\x84\
\x0a\x01F\x80\xd4+\x9d\xe8~o\x95\xf1\xdf\x95\x8e+\
\x80\xf6/\x9f\xd4>5\x1b\xdf\xac\xec\x1d\xe3\x0cCL\
\xa3r\x98\x8b\xa0T\xfe\x0f0\x08\xed\xf1Qj\x1d\xc1\
Tp\x0d[\xb2\xbe\xf1\xe8>\xc3v\xb1\xa8\x1f\xdf\xec\
}\x0aX\x90I\x0aM\x11Ld\x13UM\xe6\xac\xb2\
\xbbQ\x94\xe9F\xf7\x0b\xbep\xd4\xb7pN\x82\x89\x19\
q\xae\x88\x07[\xf0~\xbc\xcf\x10\x1an\xf6\xc7/\x9e\
\xd8g_|\x95\xd4\xfcqv\x84G4\xd5\x82S\xbc\
`*\xd2<\x0a-\x03e2\x0cEUU\x8c\xa4*\
\xd3\xa4\x95\xcb\x174_\xd1\xf7\xe1\x8c\x84\xbf\x05#I\
u\x07\x89\x99}\x03-\xe4Lf\x879\x98\x0fp \
\xc16B\xdc\x11n<\xbd\x103\x00\xdc\x83Q\x0eF\
\x97v0\x9a\x1b\xdc\x87p\xbeCN\x82o\x07\xbeC\
h'\xd0T.\xb0F\x8b\xa9\xcc\x8d\xd6\x5cpC\x08\
\xe9\xd6z\xdf\xee\xdd\x963\xbd\x1a\xe7R\xf3\x882\xc6\
}Q\x800j\xa6\xa1\x85\x08^*\xa2y\x15\xce\xaf\
\x9e\xff\xe5\xd2\xf5\xb6\xa1\xd2\x0fn\x92r\x88Q}\xe0\
\x04\xcf\x03O\xbc\x9aw\xd6\xe5\xe7\x90\x0dC4\x84\xf7\
\x88\xb6\xa8\xaen\x9d^\xc7VVW\xa9\x15\x1e&a\
\xe0\xb3\x83K\xfb\xe4\xf9\xc4\x9e&z\xb5\x97\xf2\xe1\xc1\
$1\x07Xb\x92V\x01\xe7\xf8\xd8#\xf8\x12\xf3@\
4\xd5x4\xe2\xcc\xf2\xf3\xf1\xd0.\x92v\x01\x81F\
\xb0^\x17l\x01\xae\xd8\xf7\x0d\xd2Z\x9aH\xa9z*\
\xcdI1\x89Y\xc4\xb3\xca\x0a\xe4>\x91\x92V\x95E\
\xe2\x18$\x91\xc5z\xbfz\xb5\xe2\x15\x0c\xe4\xda\x8d:\
\xcf\xcf\xac\xfe\xab\xb8\x95\x13\x84\xcc\xd1\xca\x16,4\x10\
\xca\x01T}H\x82\x09!NRG&,\xc7\x0ce\
\xc4\xc4sc \xda\xf2\xb4F\xd6\xde\xcb\x13{\x99:\
{\xef\xe8\xdc\x8eO\xcfy\xfc\xe2\xc5\xd8\x06iPV\
\x93Z\xde\xef.\xdb\xed\x8d\xa6m\xac49\xca\x0f\xb6\
\x9a\xb6\x9e\xf4\xc5\xc6r\xc3\xd6\xd6\xfa\xd6O\xd20\xec\
\xbe\x0e\x1d\x02\x0d\x87\x08I\x17^\xef\x80\xc2\xfbX\xad\
khz\x10%\xdd\x1a\xcfq \xcbG\x5czEw\
\xfe\x05Sf\x12\xf8\xdf\x19f|\x7f\x96\xac\x82\x18\x80\
\x91\xa0\x0e6\xef:\xc2;\x97\xe5P\xc5\xf6\xc24y\
\x84\xfd<6\x8a\xd2\xdc\x0f\x84*r\xef\x82\xc4Dv\
w\x14\xb6\xbb\xbd\x86\x09Q\xde\x08\xc0\x043\xca\xac\xe0\
\xb5\x88\xbe\xa3\x8d\x9d\x88\x98og\xa2\xb0Ws\xb8\xab\
\x89\x99C\xe3\xc4\x22\x9b\x8aR\xd2\xb7\xe1~\xc8/\xb1\
_t<\x08\xcc\xe7\xeb\xbd\x91\xfd\xf3\x1f?\xb5\x13\xae\
w%\xc2\x0e\xb3U\xc58\xaa\xd0\x5c1\x09\xf7a@\
\xf3\xc0\x1e\x0ed\x0a@N0\x8eB\xdb\xc0\xe6@d\
\x1e\xd08\xc4\x5c\xa8-9\x13\xc1\xfd\xb8N\xad\xc4M\
X\xf4\x8b\x90\xf9\x5cR\xba|\xf2\xf4Y\xd2\x8eF\xc6\
\xf5\xbf\xe6\x8a\xca\x82\x09\x17\x0c\x02s\xa4.\x1c\x16\xc9\
D\xd3\xf7\x9e&m\x05f_\x98\xba&X+\x0b\xcb\
X`M\xac)L[\x0a\xe5\xe5\x5c*\xe2?\x98H\
\xca\x17\x8a\xf2B\x1f\xf5\x12B\xdd\xbf\xb3kk\xabk\
\x0a\xdf\x0d\xad#\xb4\xcc\xd0:\xa8\x99TG\xbc;\x9c\
\xfa\x99\xe8\x12'*X\x0a\x22Z\x0a\x5c7\x12\xef\xbf\
`\xca\xed]\xa8\xc3\x7f\x82=\xc7rU\x96\xdf\x11\xf5\
\x99Y\x14\x99\xf7\x0b\xef\xa3\x0e8\xd4\xe9\xf6l\xa9\xd9\
J\xb4\xcd\xec\xf1\xe1%WL\x1e&:G\x0bK\xe2\
\xfc\x98\xd31:\x83\x161\xa6?x:\x9e\xd88\xc1\
\xc4\xe8\xf4\xd4NO\x8em\x92\x98G\x02J\xc3\xact\
\xf5}\x9d&\xda)\x85\x1f\xccX\xd7\x8a\x0d\x98W7\
\x9d\x9e\x11v\xb3F\xe1\x08$\xa6!\xa6\x12\xa8\xc7\xec\
\x05\xd0\xe8\x10\xe0r\xc6?\xfd\x5c\xa9,\xdf\x90\xea\xf1\
\xb22EM\xc9\x04\xf4\x1e\xfc\x87\x06\xf9\x156VQ\
X\xec\xe3\xabmq[\x1d\x10\x04\x18\x1e\x8d\x85\xd3g\
88\xa6j\x16\x8b\x81\x1d&m\x02\xae\x10\x98&N\
\x12V@E\x83\x13\x11\xfb \x1c\xee'&\xb2?\xa4\
T\xd5li\x85\xde^\x17\x80\xadU{\xb1\x89\xd4z\
\x87{|Qb\xdb\xeea\xf9\x87\xba\xedl\xadX\xbf\
\xb7\xca\x85\xfc\xaa\xc1\x85\xb9\xc6\xcb\x0e\xe4Y\x01)\xcc\
\x5c\x02\x9c\x8aH\xc9f\xa6kQ\x15\xf7]K\x0e|\
7\x5c\xf9\x0b$oKn4\xbe\xd7\xbf\x1b\xd9\x81S\
\xa1\xba\x22\x1a\x11\xbe\x1b\xb6\xf1r\x7f\xf3J\xeb('\
\x10J;A\xbc\xfb[\xaf=\xb4\x87\xb77\xe9{\x08\
@\xc2\xab\xd1} \xfc\xf0opeR\xbc3\xda\x80\
[\x01/\xc5\xfd\xc8\xaeh\xf0\x02\x8a\x80\x9fXPQ\
\xe5\x10ZB]\x17cBBy\x90\xa4\xf5?|\xf6\
\xa5}\xfd\xe4i\xb5\xc4\x88GT\x85\xb6A\x8d\x83H\
)-\x83\xa6\xab\xd0&|\xfe\x065\x070\x030\x0d\
0\x11j\x11\xc1 \xc4H\x98\x0b\x06\xc1\xfb\x5c\x0b\xd1\
ug2|\x9eL\x5c{{{\xf6\xfc\xe0\x98\x1a5\
\x9a\x8dI\x83\x08\xd5\xc5Gc\xb2\xe1\xd1\x19LU\xd2\
6\x14u\x86Ux/\xecd\x02\x22\x94\xb4\x15,\xaa\
\x98\x90\x06L\x03\xccD3\x9cu\x7f\xe0$5vj\
\x22\x18\x83\xcb\x84\x13kvkw;i\x87\x18\xc7j\
\x8cK_\x88\xc2z]x\x08&\x82mo\xdd\xa4E\
\xff\x08\x85\x0e\x8c\x9f\x04\x0f!\x91\xc6\xb3b\x22\x8eO\
\xcc\xba\xefU\xf9\xdf#\x09\xe6YX\xbc\x10u\x0eo\
^\x11\xff\x88\xd7\xfc\xadk\x14\xb87\xe8E\xdc\x01\x80\
\xe6w\x12~\xc5\x5cEO\xb4\xfcN\xbf\xbfB\x7f\xd5\
\xfe0\x09,\xe7\xf2O\x816\xc14y>\xc7\xa2\x99\
il\x12\xd3\xc0RM\xe7X\x10v8L\x0c\xe4,\
i\x1bc=\x17\x03\x962\x18}\xfa\xb5\xd6\x88\xbb\x94\
9*v\x5c\xc5\xbc\x22\x9a\xb5f>\x89\xd0\xe9-\xe9\
r\x98\xadXv\x80\x00~\x10\x97\xfc\xc3g\x82;^\
\xc2y\xf5\x9f\x93p\xbf/nX\xe8/\xa5k#\x97\
\x7f\xa4\x13\x7f\xef\xc2\xe3\xc4\x08\x22\xab\xc6\xae\x87\x8c\xa1\
\x8c{\xa5\x0e\xd1\x1d\xee\x1f\x04\xaey\x9a$B\xa8i\
\xa7g\x13{\xb1w\xc2\xd8fD\x1f\xe0\xe6\xd9\x14K\
\xb5\x83\xa3\x8a\xe8\xcc\x13\xb2a\xe9\xf6\xa3\xc3\x11\xfd\x1a\
\x00\xdc3\x84\xfa^H\x15\xc3`\x00I\xfaK\x90\xdc\
d7\xc6FUp\xaeO.\x1a\xd6\x84\x1f\xc4\x81]\
@!I[\x12\x05\x86\x1d\xc8\x80\x0cx\x88rM\xe7\
\x0eL\x19\xa8\x08?:\x17`\x15\x00wC\x07\xff%\
S f\xb4;#3\x01\xdes\xad*+d\x13\xd9\
\xcd\x18n\xd6\xa0\x19+g_$\x11\x12,\x99J\xc5\
X\xee\xde\xda\xb1\xf7\xde|\x904@\x10\x9c\xb9\xbf\xd3\
\xcdf\xdeu\xea#\x82-\xff\xb4tM(\xda\x82\xb5\
@\x80\xf0\x83`\x8e\x07\x18\x07\xd7\x11\x9a\x89q\x00?\
(\x0c\xf3\xfbTf\xd8\xab\xff~\x94$\xf4O\xbf9\
\xb0\xdf\x7f\xfcy\x92\xf0\x06\xd2>\x164\x0f\x94\xc3\x84\
\x15\x0c#\xc2q\xa3.4\x0e\xd7>\xa0a@\xb3\xc8\
G\xd74\xf2\xf9\xa5\xb4\x09h\x1d`2YS)\xb5\
\x12g@\xe98H\xd2&V\xe9\x85\x1f\x04\xb0\x8e\xe1\
\xc2DZ\xccs\xc2\xb7\x00\x96_\x0e.\xb9X\xde\xc9\
x\x9e\x8e\x97\xd4\x18N\x13c<\x00#\x19\xcdx\x0d\
\xfe?D0\x8e\xb9\x0c\x03\xe0\xd0\xfdG\xc4;i!\
\x13_&h\xa5\xbdl\x0f\xee\xde\xb1^\x07\xeb\xc4\xb9\
\xaf#\xc6\x19\xb9\x1e\xebe\xf9\xf8S\x98\x10#a\xf8\
/\xca\x05\xcc\x5c\xcda&VY0\xf8]\x18\xc4U\
\x86\xa2\xec\xf0\xea\xf9\xdf\x22\x11^\x04\x89\x0e\x94\xc5{\
@\x0e\xcbw\x1a>%\xae\x17\xd7P\x87{\xf3w\xeb\
\xc9\xfc\xf6\xf4\xa3\xe5\x84\x0b\x9d\xde\x0a5\xc0\xe3\xc4@\
0\x0e\xa0'\x1c\xab\xa4y\x0cO\x86\x89\xfe\x0d\x92\xd6\
\xa1U\x9e\xe1\x13\x13|a\x9bni\xacXI#!\
\x19\xb5\x0d\x98\xfc)\xdc\x18\xb4\x10l\xe9\x0d\x86sj\
g\x83S\x9b`\x134F`\x9d\xbb\x10%:\x8b?\
M\xa6\x16\x9ee\xbc*3\x9aM\x0d\x05\xb4\xdc\xef\x04\
 \x0a\x13\xd5G9]=\x17\xae\xde8\xb2z\x08\x0b\
\x9e\xf3\x85\x5cV\xb3to~\xa7.\xe4\x06V\xbf\xd7\
=\xba\x0f\x80\x8c\xb9 \x83$*M\x88,\x97\xe7\xe3\
\x8cd\x8c$IDg|&g'\x06\x08\xbb\xcf\x9d\
O\x92\xca7\x9er\x02\x0d\x22\x130\xeb\xfc\xe8\xf4\xc2\
^$\x04{vra\xcfO\xce\xe9l?N\xc8\xf4\
\xf8H\xf6\xc1\xad\x95$\x1d\xb7zI\x9d\xec\x12\x01\x04\
\x00\x02\x88\x12P\xa2\xec\x10\xef\x1f\x22P\x8b:\x010\
\x80J\x80\xa5;p\xddO\xe2'\xdf\x93\xa4\xf6V\x83\
\x9e\xdb\x9a\xfb@Y&\x8aJ\xb2\xa4\xe4\xb9\xc00\x10\
\x85\x15\x0e\xf2\xd0:\x96\xf3\x8cs1\x12\xacK\xd6\xb3\
\xf7\xde~\xcd\x1e\xdeY7t5\xfb1\xe0\xc8\xd3\xa2\
\xba\x5c\xa5\x00+\xd9\xeb5\x99N\x04p\xee}\xaa%\
\xd0Y\xaa\xb9)\xcb\xc7\x09\x07\x12J\xe4\xf4\x1f\xd6T\
\x83\x89\xe7y\x126~\xff\xc9\x17\xf6\xf2\xe5K\xda\x94\
\xa9m\x84\xef\xc35\x912\xea*\x1c\xeb\xa1MH\xeb\
\x00\xd3\x99\x91\xb1\xc0\xb1\xb9\xc0\x04\xc0\xcc\x98\xa5\xa1T\
\xe6,]\x87O#\x18Oh0\x95?E\xe7\xd8\x5c\
\xed\xf9\xf3\x17v\x944n.\xbf2\x97\xd9\xb6\xdf\xae\
q\xf5]|7\x18\xc8\xe3\x83s{y2\xa5\x93\x9d\
{\xa0'\xc9h4\x05CI\x9a\xfb\x19B\xde/\xb8\
\xd4;\x18\x0a#\x1aM\x8ew0\x8e\xe8jh2\xc8\
\xd0p\xee\xde\xde\xb2\xed\xad-\x1f\xbf\x18\xe7F.\xc7\
\xect\xf9\xc1p\xacK\x13\xc1\x11pC\x98\xb9\xb2\xd4\
\xc9\x15\xa2\x9fq&\xca\x14\xc8n\xc8~\xdf\xd5\xac\xa4\
>\x88|\xfd\xfa\xab\xd3\x8d\xf7D{X\xa6~$\xbc\
\xc8\xd7\xfdw\xbc\xa7z\x8f\xaa\x8a\xf7G[\xf4\x03\x03\
\x8d\x10\x83\xd1\xf7c\x9d\xbe\xcbF\x9b\x9a\x07,*\x87\
\xa7S{\xf2b\xc8\xd0\xdc\xb3\xe1(\xd12\x98D%\
H\x8f\x13\x03\xc0n\x82\x84K\x0a\x22\xa2\x95\xc0G\x0c\
\x1da)\xc1e\x1d\x93\xfe.\x93\xb6\x81\x09\xafS\xd0\
\xc1)Wx>x\xf94=\xe3\x98f\x7f1\x05\xc7\
\x1b/\x97\xbei\xafqz\x5cX\x92\xfcj.e\x84\
t:\x9e\xaf\x5cO\x15\x03\xb9\x82\xec\x8bI\x0fG_\
U\xcc\xa1\xaag\xc9\xeb\xa5y\xa8>>H\xf7KC\
A=\x10\xeflt\xc6\xedm\xbb\xddv\xca]\xae\xd0\
\x8b8g\xd8\x04\x13\xa4\x1a\x16\xd3\x83t\xb8\x940\x8a\
\x93\x01\x13\x83\x19\x9f\x1c\xd9\xf3'\xfb\xb6w0\xb4\xa3\
\x13E0\x0c\x13\xe2 Z\xa5\x0e{G]\xab\x96b\
\x9e\xc8YB\xb0\xed\xb5e\xdb\xdc\xdc\xe0\xca\xbcK\x90\
\x9eL\xc4G\x83\xef\xe0\x03\x22\x8a\x81\x8f\xbfk\x80\x22\
\xf0E\x12\x5c\x05\xd0\xe0\xc4\xfb\xa1\xb8\x81@\x95ov\
\x80\xfc\x8b%}G\xb4\x97\x08\x8e\xbf@\x5c\x97\xae \
u\x92\x89\x80`\xb8\x09\x83\xab\xea\x22\x83\xc8d\xb3\x95\
\x1c\xe6\xa5\x13\x1d\xc7f\xb3i\x0f\xef\xdd\xb5\x1f\xbf\xf9\
\x90\x81\x0c\x01\x16\xd1w\x91\xa1%\xe4\xbe2\xf9.\x90\
p\x80}7G\x8d\xf0\xf7(\x0b@!\x8dGW\x03\
\x1f8\x81\x0a\x92\x99\x07T\xc0\xae\x8c2\x98\x07`\x0d\
\xe6\x1f\xec\x00\xf8\xd9\x97_%\x84\x95}\x18\xb0$\xdf\
\x87\xaf}\xe5\x8c\x03\xab\xf0f\x8d\xc4\xb5\x14J\x80`\
\x14\x94\x0a]\xf3\x00Cp\xbf\x06v\xd4\xac4\x0f1\
\x918\xce\xe9;\x99\x89I\xb8T\x19f+\xbe#4\
\x13\xd7v\x0e\x0e\x0f\xb9\xbc\x09\xa2\xa94L\x9a\xd3\xd1\
\xc3\xb2\xed\xd8\xa13}\xf3\xe0\xec2\x11!8\xe0u\
\x0f\x84,\xf4\x094\x8f\xb31v\xe6\xc4>!\x08\xfb\
E(\xb0\xd6\x02C\xff*\xfcW0\x89\xbeD0\x0a\
\xae\xaf\xf6Zv\xf7\xde\x1dw\xa6\xc3\xaf\xe5\xfe\xae`\
&\x0d\xe0\xdf\xa2V\x92\xb7\xbc\x0d\xb3\x17\x83\x16P'\
!D\x82\x08`*\x04\x12g(\x845|W\xc9d\
\x8a\x5c0\x11\xbf\x910R\xe2a\x95*\x00\xba~\xed\
\xcfK\xec\x93\x12\x1e\xc1\x00\xe2\xd9\xf8c1\xde\xa1k\
Y\xf8\xf46\xf3Hk\xc6b{\xdb\xedn\xa2i\xda\
\xb6\x00\xe3sp<N\xe3|\x964\x8d\x09\xe1\x104\
n2\x1aq\x13\xb3Y:\x0fS`\xf8\xef\xa0\xc5\x06\
\x8c\x88\x86b5r\xad\x02\x0d';&\x0fb\x19\x13\
\xac\xad6:=\xa2\x00\x8e\xfb\xa1or\xa0\xf1\x8f\xc5\
\x8a\xfeJ3Q\xb9\x0cd\x89#\xac\x5c\x8b\xc9\xaf-\
\xd4\x5c\xaf\xbbQ\x03A\x97]\xbd\x99\xed\x02w\x84i\
\x227J\xf7\x05\xd3\xe0y\xfe\x80\xea\x1e~\x18[8\
c\xe3\x81`\xb0\xff\x1d#\xb69\x01t\x7f\xb5k\xb3\
\xda\x92b\xddgu\xdb\xd8\xee\xdb\xcaz\x9f\x11Z\xa3\
\x91/{\x82\x9d\xba&c\xad\xe6{4L\xbf\xc7\xb2\
\xc6\xf5\xa4\xde]\xb2\xd3\xe1d\x9d\xce\xb0\xd2\xbe\x96\xc6\
\xc0V\x9f'I:[\xdbZ\xb3\xa5v\x9f\x0b\x98Q\
C-\xd4\xec0U\xb1\x1c\xc0L\xf5\x14\x7f\xb8\xd7\x81\
\x86u\x9e1\xc6\x01X:\x11\xe0\x94u\xdf\x8b\xe4\xed\
 P\xe3\xac\xae?\xff\xd6<\xab\x98D\x02\xb3\xcbe\
\xba\x0a\x87\xaa&\x0e6h2!\xa3p\xad\x03\xd2i\
\xe9\x0b\x01\xe1\xd9X[\xb3\x0f\xdf\x7f\xdb\xeemc\xce\
\x8d\x08\x1c\x89\x5c\x0d\xccI\x99\xfd\xec\xfd\x84\xd6h\x22\
\x94\x9b\xa3\x00+ \xc0\x04\x160y5\x1d\xf0\xa3\xed\
_e\xbe\xc2X\x9f%\xc4Q\xf8\xf79\x8f\xd3s\x10\
V\x11rr\x97\xf4\xef\xf8\xec\x9c\xcc\xe3\x10\xeb]\xb9\
\xa6\x91\xd7\xb0\x0a\x8d\xc3MY1\x01P\xc4^\xc4\x1d\
\xcc\x83\xcc\xc4\x9f{\x89}\xabS\x9d\xa2\x0da\x1ap\
f\x82\xb0\xdc`\x22\xbc\x07\x88\x0f\x01)L[\xce\x84\
\x22\xe3>\xf7\xab(\xb4\xf7\xd2\x86I\x88\xfa\xfa\xc9\x93\
\x04\xab\x8a\xb2\xc1X\x81\x94@\x13\x810\x84\xc5\x12a\
\x86\x02s\x84\xf3U\xfb\xde\xa0\x1dF{6Vd\x05\
C\x05\x1e\x81q\x22\x1c\x18\xbe\x11\x85\xbb+z\x0b\x19\
e<g\xe2V\xae\xdb\xdb\xdbt\xa6k\xcbh\x99\xad\
\xc2\xf7\x81#\xe1\x82\xda\x88\xb24\x13g$\xf4\x9b\x89\
i\x88\xc1\xe0\x19z\x0e\xde\x13L\x85&/_\x16\xe7\
\x1a\xe3\xc8\x0c\xa4\xd4b\x84C\xc4@\xe2\xa8\xe3W\x5c\
\xcbP\x1d8\xe68\xf7\x1dR\xe0'\x9f\x22\x84\xf0\xe7\
\xa1\x9eo\xccm\xd7#\x85\x1f,\x91\x5c\xa8\x0d\xac'\
\xee8Fy\xdb\xc3D\x8e\xf3V\x07\xcb\x90\xb4\xec(\
i\x1e\xc7\x8315_\xd0?\x08\x1e\x93\x11f\x91'\
F0\x1d%-zf\x8d&4z-\xd9\x0e+\x8c\
hhb\xfc\xd8\xfa\x9b\xf06\xa7\x8f\x04\xab\x8c\x9f'\
\xc6q:8\xb5\x93\xe3\xa3\xa4\xcd\xec\xdbdxd\xa0\
x\x84;\xc0?\x19\x81\x0b\xea\xee.\xe0{\xad\x12\xce\
D\x9cE\xdb\xb3\xc0\x8fs\xec\x99\x01\xfc\xc9\xb4]\xb9\
\xbc\xf7\xa6\xc4\x1e\xbaz\xf1\xda\xb9*Yv\xfe\xe1\x17\
\xf0R?g\x9d\x1a\x1b\xfe\x0f5V\xc0L\xf6\xc1\xef\
\xba\xe4\xb3`\xf7;>9\xb1\xbd\xc3S;<\x99\x90\
\xd8pbWb\x10/\x9e\x1d\xda\xe1\xfeq\xea\xe4\x89\
\x9d\x1e\x88\xc3B\xe2Yn\xb5\xf9\xfb\xd1\xe9\xc0\x8eS\
=\xc2|\xcf\xc6\xe7I\x95\x1b\xd9\xe1`b{'\x17\
v4\x9a'u^\xd2\xe8\xe8\x5c{M7\xbb\xab\x5c\
\x0a9\x8d4\x81\x87\x80\xe2\xc7L\xfc\x1b\xc5\xb9\x03u\
\x00\x1a\xff\xcb\x02\x8a\xd7\xf3T@T\xf6\xd6\x228\xfb\
}~\xff\x7fD\x8ao\xa8\xcaj'\x911\x18$\x10\
\x866\xedp\x8c\x02\xf9]\x03\xc9yI\xfbypE\
ch#:\xe6\x99\xe7~lu\xda\xf6\xf6\x1b\x0f\xec\
\xbd\xd7n\x91\xe8\xe1U\xe5\xe7\x06\x0c\x86O\x83\xab\xe5\
\xa2|\x05\x1e\xc9lj x\x08_\xc5\x0c[d\xf9\
\x124\xdfC\xa0F\xa2\x0eu\x05/\x9a\x8b\x01\x81h\
#\xa1v\x98p\xf5\xcb'/\x13Q\xfe&!!$\
3\xf7u\xa4#\xb7\xac\x0d\x8d#\xaf}\x15\xa6\xa7\xca\
\xe7\x11\xa6(2\x12\xd78\xa8U\xc0\x0c\x85:2\x13\
i%\xbc\xeemB}0\x0e\x99\xbc\xdc\x8c\xc5\x8c\xe7\
\xba\x96\xe3ux\x17\xcc\x18/^\xee'm\xfa\x88f\
'\xae\xa0Z\xd3:`\x98\x08\x89`\x11\xec\xcc\x09\xf8\
\x87\x09\x0b!\xa0'#0\x0a0\x05,\xae\xa893\
\xb8\x1f\x13o/\xc8p\x01\xfb\x22(\x18v\x14\xd1O\
\x5cC\x0ec\x9fD\xef\xd5\xb5\xbem\xed\x22\xd4\x1a\xe3\
\xea\xa6Kf\xbc\xcb5\xcdl\xc6\x8a\xeb\xaa\x93\xd0!\
\x01\xa3\xba\x1ee=\xe3\x1a,\x15\xcfZ\xc8\xae\xf9\x96\
\xf7\x136\x1d\x1eb\x12)\x1d\xcb\xa2\xe4\x0e\xd7!\xfb\
Vx{czE=q\x82\xf4\xc0\xf1\xc4\xd1ZZ\
\x09\x98\x82\x00\x99L$.\x82id:\xe1\x1a\x17\xea\
y]&r|g\xab\xdbO\xcfi\xa6\xf18g\x86\
\xd6\x0b\x08ep\x83k\xf5Z\xba}\x99\xe3\x02\xbfG\
h\x8d(\xc3\x99>\x19%\xedb\x04\x93\xd7\xb1\x8d\xce\
\x8emp\xb4\x97h\xdes\x1e'\xa7\x87\xe9\x99\xc3\xa4\
\xbdL\xd2\xfb\xe0\x5cwX+\x08?\xfeH{q$\
\xe15\xe6(VsF\xd4\x1f\xe49B\xa9k\x09\xcf\
Z\xe8\xc5\xe2\xa6\x18\x85k)\x98\xc8\x02\x17R\xb3r\
\xd9o\xc8\x0d\xae\xeeE9\x1a\x18\xd7\xc8=\xf29\x1c\
Cp\x04\x0d\x87\xe3$\x85\x01\xd1/)\x15\xd2\xb1~\
p\xc0\x0dT\x00$\x00\xe4\xcb\xa4\xea\x01\x99\x08\x0bs\
-\xc6x\x96\x98\xcf\xf1\xe1 u\x1a\xb4\x16\xed\x95~\
\x928\xfe\xfe\xd1\x84G\xda\x87O\xa6\xf6\xec\xe9!\xcd\
\x5c\xdd^\x8f\xcfs\xf9\x86\x0f#\x10\x12xTF=\
\x90k\x81\xb1\x04\x80f@%\xcc9\xe0H\x0d\xc6\xb5\
\x1bSQ\xfdJ\x00\xffwIjk~\x7f|O\xe4\
FHM~\xa4\x14)$\xaf\xd7+\xcd\x02Rg\xf8\
9\xe8\xf3\xc8~\x0f1\x16\xf8C\xee\xecl\xd9\x07?\
z\xdd\xd6{ZG\xe3\xeaW:\xdc\xe6$IMW\
P\x0f\xc4\x01q\xc6\x1a?\xd4,\xc6\x12\x0a\xc6SD\
0A\xda\x17L\xe1'\xf0{ \xd4\x9b\x0b\xf9\xcd\xf5\
.\xee@Y\x17\x9c\x02\x0e\x9e\x1e\x9c\xd9?\xff\xfeS\
;:<\xc9\xb3\xcc\xb3\xf3\x1c>\x90p\x9c\xc3\x94\xc5\
\xc8(\x0f\xd9u\x93\x81\x08~\xa5A`\x8f\xe9`\x08\
\xcaB\xcaJ\xeb\x96\xc4\xc7k\x14\x96J\x7f\x89\xb4\x0c\
\x98\xad\x14\xc1%\xad\xa5bVB\xfc\x93\x93\x81}\xfd\
4\x11\x87\xb1|w\xf82\xc7\x22.u\x82\x8d\xa4\xb0\
\xdc;\xae\x0d\xc63{q0u\x7f\x87Vm\x00Q\
E\x10\x09\xf8*\xccX2U\xf9V\xb7xZM\xfd\
\x0c\xd4D`\x09\xe0\xbd\xd5n\xda\xd6\xce\xb6\xf5\x12^\
\x84\xbf\x83{\xbc\xc4xs\xfc\x8brf\x04\xa9\xcc\x10\
o\x95K3\x174\x0e>'\x9c\xedYC\x11\xb3\xc9\
\xf7:\xf3\xa9\xcc]\xca\xa1\xa9\xe4\xf3\xd8\x19\xd1q-\
\xf0\xcf\x01(\xc3s@]\xe0\xd8\xabp-\xf0t\xf1\
\xba\x9e\x1d\xe5\x8c\xe7\xfe\xc7\xf7\xfa\x1f)\x04\xdb\x12\xc2\
eMB\x99?\x13L\x0e\xe6\xdcVw\x85GD\x87\
\xc6*\x0f \xd8\xfc\xb6\x06\xb4\xb4\xf4\x83\xf4}\x14|\
\xf0\x0f\x02\xd2\x04\x11Y0\xe3\x9f\xdaYb\x10g\x83\
C;9|\x99\xf2\x8bT\xdeOy/\xc1.\xb6\x1f\
\xd0\x8a\xd1u\xc2\x9d|m\xf3Y\x19\xc2\xeb\xf0\xe8\xe7\
\x18t\xd1\xf2\xeb\xc7\xc8<\x87f\xe0\xf7\xff9\xe9\x95\
\x0c\xe4j\xe2\xab\xf8\x02I6\xfcp4.\x1aR4\
V\xf7\xe1\xd4\xd5\xa3\xa8\xe7\xbd\xb8\x1d&\x89\x0brY\
 \x14\xc2x\x01\xf8K\x9d\x0e\xc3\xd5\xa0\x8a\x9f\x9c\x0c\
\xed\x08!\x8e\x98T3\xc5\xec\xdd\x09\x81\x09\xf8\xa2u\
\x82\xd2\xa0\xa4\x01\x18\x9c\x8c\x08\x03p\x22]\x5ch\xa3\
\x15\xa8\xec\xdc\xb1\xae\x86p\xbaN\x1a?lo\xdb\xe5\
\x8ev\x1ch<\xc79R\xc3\xa5\x0d\x01\x0b$\x1c\x07\
\x0c\x00\x0e\xb33\x99\x00\xb2\x00\x1c\xfd\xc2\xffW}\x09\
p\xdf\x8bT\xb6)\x7f\x8b\xab\xe0\x81\xa8Y\xf2s\x13\
\xc5\xb2GU\xd1l\x819\x1e`\x14\x8a\xb6RY\xa1\
\xbb\xf0\x8f\xf4z]\xce8\xc7j\xbb\x0a~\xa8^\xed\
P\xa1qw\x8d\x03\x12\x124C \x0e\x98\x83\x22N\
@\xb0\x01\x1fZ\xf4\x10\xdd\x0fxa\xd4@\xaf\xb3\xd7\
\x00\x00 \x00IDAT\x15\xfc\x04\xe7X\xaaZ\x04\
\x1d\xcf\x8a\xf8w\x84\x033\xc0\x02e\xbc<}'\xb6\
\x8b\xfd\xfd\xc7_\xda7Xm\xd7\x19G\xe9\xef\xc0\x06\
O\x95\x03]\x0c#\xccWZ\xdbJ\xda\x01\x1d\xe0\xc1\
0\x5c\xfbX@J\x9c\x17\x99\xd2\x1cs\xa5\x99\x84\xbf\
$3\x12<\xc7\x19Gh:\x91\xb9[\xe1\x8b}\xdb\
;\x1eqB z\x0e}\x89\xcf\xc2\xe6R\x9d\x16\xc2\
\xd4\x1b\xd6m\x89@\xc3\x06\x0e\xd3\xee01\x1cDf\
Q\x8a\x9da\x82!\x22\xb6.Y\x8f\xd9\xed0w\xa1\
\xb9\xecSS\x88/\x8a\xd4l\x96j\xb6\xb5\xb9ik\
\xeb\xeb>\xd6X_\xcc\x19\x84\x9b\xab\xf2\xb83\xab>\
r\x08\x16!P\x04\xcch\x99\x7f0\x1c\xddGF\x13\
\xbf[` Q\xe7\xb0\x17\x8c$3\x16\xe0e0\x11\
1\x96`\x16:\x5c\xc51\x9d/0\x07/\x07\x0e\x94\
uz\x8e\x9e\xe5O\xd5y\x9c\xc5o\x1do\xb8\x879\
\xaf\xb9\xe0Us\xed\x08l%\x98\x5c\x1d\x9b\xdd\xb5\xac\
\xd3[\xb3v\xab\xc9\xfb\xa9\xdd;c\x06\x9d\x09x\x01\
\xbd\x02\xec\x81\x16NG\x83$L'Mcp`\x93\
\xc4(\xa6I\xe38\x9f \xa4\xf7\xcc\x85\x0d`\x12\xde\
\x81\x155\xa4\x9d\x12\xbe\x93\xe0\x93\xc4g\x9aa\x83q\
0\x05\xbd%\xa9\x16\xdd-\x8f\x80/'\xcb\xfe\x1f\xab\
2\xce\xf2\xf7\xaa\xcdI\xbf\xbb~\xbe\xc8@\xae\xde\xe4\
\x8f\x8cc\xdcr\xb5AeF\xab\x17\xea2\x82\xa1,\
\xd5\x89*7\xed\x81\xa7I\xe2\x1c\xb1\x83\xe0X\xc2:\
/\x98\x94v>[\xa2Vr\xbc\xff\xccN\x8f\x8fl\
2<a\x9e\xc3\xe1\x94$B\xcc\xf8\xc0\xa0\xce.\xa7\
6M\xdcyz:$\x13::L*\xdf\x19\x88\x03\
\xda`\xdc|jw\xa7o\xad\xde\x0aw\xf6\x82T\x00\
\x02*\xf5W\x80`\x18`\x07\x02\xd9n+\x02+ \
vs\x17\xcb\x94A\x04P\x84<e\x01\xd9U\x80\xfe\
\x8fO\x81`\xb9]\xd4\xa6\x82Y\xc47\x02Q+\xe6\
\x91\x8fYr\x84$\x1a\xccB\x04\xa4\x9e7\x8b\x92&\
Bb\x93\x18\xcd\xed\xdd\x1d{\xf7\xf5{\xd6k/\x11\
\xa8\x95c\x09\x12\xd9\xea\x99\xcd\xcf\x01\x038'A6\
\x02\x13}\x0c\xc8\xd46 \xa5auY\xcc\xedA{\
0A\x0eH\xe1\xbf5\xcd>\xc7\xf7\xc0\xa4\x83\xf5\xce\
\xe8\xcc\xad\x11\x22\xec\xeb\x17G\xf6\xc9g\x08\xdb=u\
S\x95\x9b\xa9\xa8u`\xdb\xda`\x18b&\xd5\x9c\x0f\
\xd7\x1a\x08\x9bN\xfc\xc9\x08\x04\xbb\xf8\xb0\x8aI\xa8\x1c\
\xf9\xa6\xba*\x83\x81\xcc\x16\xfc\x1e,S\xd3Q\x06\xb3\
\x02\x03;<:\xb2\x17{\x874\xdd\x81\xe0\xd3\x8fT\
\xd3\x16\xbf\x08\x0a\xe9a_\x9c\x96\x82\x9d\xa1y`\x9e\
\xd4\xc9`d\xc7\x83)g\xa8\xb3\xdfS=\x1c\xeb\xa7\
I;\x81\xff\x0fa\xc0g\xd8\xfdp\x8eg\xa5\xffj\
\x1a\x0f<\xbf\x95\x9e\xb9\xb1\xd2\xb5M,%\xde\x923\
\x9d\x0be.0\x0c\x9f(\xba$s\x0b\xaeg\x06A\
f\x11\x0c\xe3:\xe3\xc8\xda\x8b\xd7\xe9\xf9\x15#Q]\
h%\xc5\x91\xa1\xc5u/\x178\xe9L%\x887\xb3\
\x0b{\x15\xee\x05\x91\xbf\x9e\x16\xee(p\xb6\x12\x10\xfd\
\xb9\x80/\xbe#\xde\x15x_\xb5eA{\xbfRn\
wz\xd6\xe9\xaf\xa6>MBn\x13x\xd2 |\xc3\
\x1c\x0b\xfa\x86\xe9\x09X\xc3\x0a\xe6U\xac\x8c0>\x1b\
P\x90\x9e\x8eO9yp:\x05=\x94\xb5\x06pO\
\x86\xea\xf8\x8c\x81\xac\x93d\xd5\xe8TO\x80\x93\xea0\
1\x16\xce\xf6\x02\x16C\x0b\xa9\xf9\x91x\xb7x\xd4\xf3\
q\xdd\xe94\xe8;9\x0e\xb0\x15\xafvz\xce\xe2\x22\
_(\xd3\x8d\x1a\x08\x1fv5\x09\xe3\xf3\x0bQ\xf67\
\xe9\xafh\xc8\xc21~g\x00^\xf9?\xa4\xea\xcfl\
\x0c\x0dd:\xa64\x89zl\xcf\x88If\xdd\x0e\xb6\
o\xc4&,\x1d\xee\xca\xd6]\x86\xad7}\xd8\xf4\xd4\
\x9a\xf5)W.\xc5\xd2\xd8\xf0\x910\xaaa8d\x1d\
\xc2})q&uf0\x98H\xc2\xe4\xb2\xefi\x80\
\x97\xdb\xda\xd6\xb3\x04\x96\x0c4\x0e$\x0b\x80U#\xb3\
X \xc8d\x1e\xaa\xe5y\xcdm\xb3\x01\x9e\xf1\x9b\xfc\
[\xd5\xfdG'!\x89\x11\x19\xaa(\x171\x92\x1c(\
\xe03\x90C*\xc41\xe6tT\x84@e\xac\xae\x9b\
7\x8ar_H\xaf\xd7\xb7w^\x7f`\xf7w\xd7\x09\
\xd4\x19b\xf0^\xd0\xaa\x9a\x80\x0bm!\x08\xb0\x1b\xe6\
\x04^\xed\xe1\xa1\xa5\xd9\x81T\x98\x105\x99j75\
\xf4\x1b\xfa\x14\xa1\xaa\xd8\xa9\x0fZ#~,\x18\xd6<\
\x8f\xf86 \x92LX\x983qi\x9f~\xf1\x95\xd6\
\xbb\x22\x93\x08m\xa3\xca\x11aE\x8d\xe3R\x88Gf\
Rj\x04\xce@\xc8P\x88\x88\xd2*\x02n)\xe5\x01\
Q\x03\xd9\xfc\x9e\x92\xa1T\xbe\x0f\x94\xc3T\xa5\xf7\x86\
/$\xcec\xa2\xa1v+|i\x03LE\xb7`\x1e\
\x0a\xebEd[\x17\x13h\x9bu.\xcd\x0e\x0d\x1c}\
\x01\xe7\xea\xd9\xd9$i\xe1c;\x1dNs\xe83\xcc\
YgSh\x22\x08\xed\xbdL\x9a\x89\xfb\x90\xa8\xddH\
\x13\xc4X\xacv\x93\x80\xb5\xbde\xdd~\xdf\xc7\xbaA\
\x0d\x94\x9aE\xf8\xba\xbc\x8c\xb9\x0d\x18\x7f\x1e\x17\xa2\xf2\
\xdc\xb4Y\x04Z\x5c\xfdm\x1c\xe3\xfe\x05\xe6\x82\x1cZ\
O0\x91\xac\xad4dn\x05\x91'\x1c;A\xf7\x85\
?\x09\x11\x19\xcdJ<\x13\x0ez\xc9\x91\xe1\x0a\x1e\x96\
x\x8b#\x81\x95\x80\x95\xef\xbf\xceh\x94\xf5\xd3hK\
\xd5.,\x04\x8a]\x05\xdb\x85\xb9\x1ca\xbc\xd8z\x02\
\x11W\x93\x09&Hc.\x1b\xb6J\x1e3|7v\
\x11\xe4v\xc6-\x99\x86\x11uJ\xffc\xa2Y4\x13\
\xb2YK\x1c7\xdc\xc7]V\xeb\xf2\xb9\x18\x82\x8b.\
\xa0\x9d\x03D\x0b:\x0c&AF\x81\xef\xab\xe8\xb0\x10\
\x09\xd4X\xf7\xf3\xaa~\xac\xdf\xa9\x86\xff\xfb/s\xf9\
\xa6t#\x03a\xf2\x87\xebM\xc5#\xf11z\xbb\x1e\
\xcew\xfbM\xbc\xdf\x1b\xc3\xc6\xab^\x0d\x0c\xeeV}\
$\x17U\x9c\x0c\x0dd\xa3\xb7\xd2'1\x001iw\
;\x94z/\xeb\xd8\x84%\xbd\xaf\xd9\xb5F\xab\xcb\xdf\
\x9e\x0e4\x01\xe72\x0d\x006Q\x81y\xebl8\xb1\
\xe7\xcf\xf6\xdc4\x00d\x04\x17\xc7\xa0\x9d\xdbR\xe2\xc2\
\xedv\x1a\x94\xd6J\x1a\x98\x963\x8bE\xc0X<:\
\xb0\x05\x109\xe0\xea\xc3q\xa8\x80\x0b\x15\xfcj\xd6y\
\x17x\xf1?:U\x08U6\x00\x05g\x8e<\xe2{\
\x5c\xba#3)4\x8f%EX\x09\xa9C\x03)\x08\
\x01%QI\x91`(\x0f\xee\xde\xb2\x9f\xbd\xfb\x80[\
\xa6\xd2\x0c\xef]\xc6\xa16i\x0c0W1\x82\x0a\x0c\
\x03\xcc\xe2\x5c\x04.\x1c\xdf\x84\x11\x83\xc6\xa2\xb0\x5c\xdc\
\xc3h\x12>Km\x953WH--$w3\xe1\
\x05\xcc\x06\x1b\xf6|\xf3\xf4\xd0\xbe\xfc\xea1W\xdb\x95\
\xe9\xca\xfd\x1f\xd9\xf7\x81\x8c\x09YU\xd8\xae\xd6\xa8\x0a\
\x8d@D?LQY\xbbpx&3\xf1?\xcah\
\xa8s\x8dJ\xd9\x99\x07Mm\xf1{}\x0f\xea*\x9f\
\x87\x8e\x5c'\xcb\x99\x16\x8e\x90(_\xbc\xdc\xb3\x97G\
'\x0c\x06\xd0\xc6Q\x08\xe5\xc5\xf6\x05\xda\xc2`\x15\xab\
+\xac,%\xcd\xa1a\xfd\xde2\x89\x09\xbe\x01x0\
8\x81\xf6=\xe1\x0cu\xf4%\x88\x07\xfa\xf7\xe4\xec\x82\
\xcb\x9f\x1c\x8f\xe0gB\x9b\xd5\x81\xe8\xfaN\x1a\xb8\xbb\
\xdb\xeb4e\x91hQ\x90\xa8\x88zf\x10E\xceQ\
xyN\x90\x1f\xbdn9\xb4\xd5e\x953s\xc1u\
^+\x98\x0aa+\x04\x95\x10^\xd4\x0eH%\x90\xe8\
#\xea+\x04<\xd4\xd7\x04 \x8bx\x89R\xc6\xcb*\
\x05\xac09\xee\xf2\xb7\xf9\xd4\xf1\x9e&\x22\xfc>\x9e\
S=/\x9f\xb3\x0d\xca\xb2JT\xf4\x01O\x00s\xed\
\xad$\x81j\xa9%X\xbe\xc4\x925\x988x\xca\x19\
\xe6\x17g\xc76\x9f\x9c\x12.@\xf3\xf0}Xt\xb1\
\xd5J\x82r\xa7k\xbd\x94\xfb\x89\x01u\x92p\xd6j\
w\x93\xc0+z\x05Z\x08\x0d\x8c\x8d\xa8c\x89\xff9\
a\x08\xb3\x1b\x08\xc3\x84S_\xfb\xcai-\xa14\x0b\
8N\x933\xfd\xe5\x8d\xec\x1c\x0aG,D'\xe9Z\
\x85iW\x12\x7f\x5c\xa5\xeb\x0c\x847\xa8\xcb+\x8e\xa4\
\xfa\xe0l\xdc\xac\x04U\xae\x12\xe1Ejc\xa5>\x05\
\xb3\x90\xe9\x22\xa43|\xb8\xee\xc7\xf94q\xe4\xe1\xc9\
\xa1\x9d\x81!\x90p\xd4\xed\xf8x`G\x07\x87\x94\xae\
\xce\xa1\xaa_\xd4\xb8\xef\xef01\x89\xcbZ\xd3\x86\xd3\
ZR\xdb\xcfR\x1b\x968@\xd31\xe6\x8e\x8cl\xff\
\xd9S\xdbC<=b\xdf\x11'=\x86T+\xd5\x1e\
[\xdf\xa2}X\x99\x176W|\x9f\x22=*\x80\x10\
\x90@Mv\x80\xa1\xca\x0c\xb0\xd0y\x0eG\x15$\xa9\
OP\xe6u\xfe\xcfj\x1c\xaf%\xde\xf7\xef\x97\x844\
\x91Y!\x84`{Ya\x8c\x1e\xa9+\xea\x05\xb6\xd4\
\xd0:\x14a\x85\xa3;I\x03\x91Q&\xf2\x0b\xe9\x83\
\xa9\xe0\xb8\xba\xb6b?y\xe7Q\x22>+\x99q \
\x07s@$P\x84\xe8\x06\x81\xc55\xaeT\x95`\x07\
{\xdc\xc3\x07\x05\x04b\xdb\x1c!q\x9f|\x05\xfam\
|\x1b$;.\xcf\xbf\xe4\xc4\x83\xbf\xc1\xfdZ\xce|\
\xffdj\x7f\xf8\xec+nS\x0bb\x1c\xcb\xb3\x07\xa3\
P\x86\x19K\x1aG\xe5\xef\x90\x1d9k\x1e\xee0\xa7\
9\xcd\xdb\x1c\xa63\xc2:\x18\x0c2\x11O\xf5\xd2X\
\x1cAg\xd0\xb0K&\x842\xde\x19QW2\x99\x05\
\xd3*}\x22\xf0\x05\x1d\x1f\x9f\xd8K\x98\xb1.`\xc6\
3k5\xd4gh\x0b4s\x84\xf5n\xf4\xeb\xdc\x1e\
x\xa5\x8be\xf3\x15\xc5\x03\xc9\x16\xf3\x0a\xa6)\x0f\x93\
&\x82h,\x86\xf3N\xa0\xe5\xcd\xb9<<\xca`.\
\x98\xa4\x19\x18\x8e}D6V\xdav\xfb\xd6.\xb7=\
@\x00\x05'\x8d\x12\x0e<\xea\x8e\x04^L\x02!\xa7\
\x14,\x90\x11~\xda\x5c\x96I\xd3\xebP\x86\x90\x86,\
m\x04u:/\x19\x8b4\x1ag:<\xd7\xbc\xa3\x05\
\xe6\xe5&/\x10N.\xe6I\xd3\x16\x8e\x10\x80\x04;\
\xd9\xbcLa\x08\xc4U\x82\x86\x04\xa6\x80\x14G\x09\xfc\
\xf1^\xc7Pg\x06XYWp\xe8\xf7\xf8\xaf\xb2\x96\
\x93iBa\xae\x8aw2\xbb0VC`B\xc7:\
\x89\x81\x80\xf0\x83V@\xbb>\xc3:W\xd4\xaeEZ\
)\xb0\xe1es\x99\xa70\xb6`\x90\xcdv;1\x0e\
\xec\x8b\xbee\xad\xeez\xd2b\x109\xda\xa3\xef\x169\
\xdd\x94\xfa\xa9\x95\xfa\xa7\x95h_\x83\xf0L\xf3\x15V\
\xe1%\xcc9\x9e9\x9d\x85\x84\xc0U\x11\x02v!\x96\
\x14p+f2c\xc4\x9f_ \x5c\x04-\xe7I\xce\
\xfa\xcdM\xe9:\x03\xb9\x96\xd40\x15\xf5\xc4 \x0a\xba\
j\x92v\xc88T!\xc6\xa3\x86\x03\xa1\xd8\x00f1\
\x17|$\xea\xa0\xc2c-\xfb\xe1)T\xb9K~\x0c\
\x06\x1f\x0b\x8a]\xa4N\x07\xc1G\x13\x117\x0d\xcd\x04\
\xf3\x000\x80a\xbbn\xb6\x00|\x9a\xf4\xd4\xedum\
v>\xb2\xb3\xc1\x09\xaf\x0f\xe9d\x14\x13\xc1r\xd7K\
\x18\x884\xc0\x90\xb4h\xf7\x07\x81\xa5\xf4]\xd8V\x09\
xn{%\x91\xf2:r\x06t\x95K\x1e\x068\xc5\
o\x9c\xa98pF\xb0[0\xa4\xab\xe9\xa6\xba\x7fm\
\xd2#\xe3\xbd\x81 \xe8G\x07rF-\xe9;\x18\x22\
\xe9L$B&i\xc6\x0a\xbb4\x91W\x84\x83\x04 \
\x98\x8b\xdb\xc1\x81\xd4\xf0#\xbd\xf1\xf0\x9e\xfd\xf8\xcd{\
t\xf0:|Q\xa2E\xa2\x93\xdb\xd7\xbc\x12r\xc7\x12\
\xeb\xeac\xdc+\xcdCmG\xffq\xf7@,\x90\xe8\
\x81\x0d\x0a\x87\xad\xe0\x0c\xfd\xca\xf6r\x12\x1b\xbeM\xdf\
\x8c\xa7`\xf5\xda\xcf\xbf~f_>\xfe\x9af\x022\
\x0b\x86\xcb\xba\xe9*\xc2w=K\xf2O\xda\x07\xccG\
 \xec`\x180\x03\x04a'\x83\x10cPd\x95\x18\
\x0b\x10,'\xd4\x01!)\xf9\xe1\xfb]\xcb\x00L\xd3\
\xe9\x0e\x06\xa8g1\xe39\x97\xfe.\xd7>*3\x97\
\xae\x81\x89\x8dS\xfb\x9f%-\xe4\x18+$\x9a\x07\x08\
\x90H\x22z\x0a\xbb\x0e\xc2\x0f\xd2\xb0\xad\xa4\xf5m\xf4\
\x123Ymq\xf5c\x98f1\xcf\x0982\x1e\x8d\
\x19\xc5\x86\xd5\xaa\xc70\x91\xcfe\xf2C\xf3\xc1T0\
K\x1f\xed\xe43\xd3\x85~\xb3f\xf7om\xd9\xc6\xfa\
\x1a\x09y\xc50\xc0\x00\x962\xc1\x0f&AF\x10L\
d)\x98\x03\x18Fj\x07L.\x89x\x22\xeb<]\
+\x18\x0f\xda\x19L%3\x1d\x87-\xd5W3\xe0i\
NM\xe5\xda\x12\xc2\x86\xc3\xdc\x1aN\xf5\x8ax\x8b\x11\
8\xccW#$\xe0r\x22\xaf2\xea\x22W\xf7b\x9e\
\x0a\x8f\x81\xff\x99\x16\x88\x16\x09\xbf\xe3\x9d\xc2\xabjn\
\x8b\x98L\xe0V\xbb\xdbOth\x95;\xa3\xc2\xf4\x0a\
\xbf\x07`\x1fc\x84\x85\x15\x91\x1b\x10b)\xa4al\
a\x5c\x87\xdf\x0fM\xd53i\x05@\x7fB\x9bk\xaa\
\xbf\xb1\x81\x1a\xf6\x17\x01\x83\x92\xf6\xd6b\x9f@K\xe5\
\x0c\xf4\xc0\x15\xd2\xd5J\xf8!R\x06\xc3\xa0R\xea0\
\x9c\xe1\xd6\x9c6\x9b\xaf;\x17t]\xf8\xa9\x92#\xf6\
+\xd2+\x18\x88?\x88\x0f+k\xcb\x82\xbf\x08/\xf5\
cn\x80\x1f+\x95\xa9\xb8\xe6\xe7\xc8\xd8;a\x04\x07\
9f\xa5\x8f\xb1\x06\xfe\x8c@\x05\x0e\x8b\xad?))\
\x1a8\xf9T\xe1m\xc3\x01\x09\x0bV\xa4\x1cp-\xad\
1\xfc@\xec\xac\xa5\xce\xaa\xd5\x96;\x5c\x1b\x06\x0c\x07\
\xea\xfa` \xc7<B \xdb\xe4\xe4=\x0e\x04\x06\xbd\
\x92$\x8a\x1c@T0\x8e`\x06u2\x09\x01c\xd6\
DX'\xa2\x87D\x7f\x88\x97u,@\xda\xeb\xff=\
\x98\xc8B\xf2oa;\xf3\xb7U\xdfB\xe6\xc8\xc9c\
\x15\xf3P\xc8nH\x9bn\x9ep\x13F v\x98\x17\
v\xb66\xed\xa3\xf7\xde\xb2\xdd\xf5N\xc6G\xbe\x96Y\
g\x18eJ\xe5>\xd6Q\x8ek\xecO\xef*\xd9t\
\x83\xa9\x81hh\xa5]\xc0\x0d'\xe5Q\x92R\x04\x11\
\xdf\x82o`\xbf+l\xf7\xd9\xfe\x90K\x96\x1c\x1eb\
\xd2\xa0k\x1b\x11\xba\xebe\xf9@\xe4s\x80p\x01b\
\xcd\x9d\x02\xe9\xd4\x96\xcfB\xb3\xcb!\xbdI\xc8\x09\x13\
,a6\x90\xd0\xff\x16`\x9d\xe7B\xda8F4V\
v\xcc\xbbfS\x99\xb0*\xf3\x15\xcb\x1e\xe6\x8bv\xbe\
\xdc;\xb0\xe7\xfb'\x84_\xf4\x136G\x83\xf3\xbc\xbf\
l\x89\xd8\x9b\xadw\xeb\x89\x81\xd4\xed\xf6\xea\x92\xdd\xdd\
l\xda\xad\x9d\xae\xed\xee\xaer^\xc7R\xab\xc5\xfe\x1d\
\x9dM\xb8<8\x09JM}\x07\xa6\xc1@\x22|\x8e\
\xac\x1dLX\x1a\xe5\xf6\xc6\x8a\xddIZ\x08\x9d\xe9n\
bR\x06\x93\x08\xed\xa2If@\x82F\x86!\x82\xa8\
\xec\xc4\xae)M\x03\x19x\xb6\xdcB\x1d\x18\x5c\xab8\
\xfa=\xfc\x1d\x98L\xbcG0FM'\xd5\xd5\x96\xdc\
\xe9\xee\x0c\x85\xfe\x90 \xee$\xdc\x8e\xbf\x05\x0e\x12\x06\
\x03\xfe#\xe1\xd2\xd5\xbf\x10\xf0j\xd2bu\x93~\xb7\
x\x1dBP\xd0\x09\x09\x91,S \x13\x1d\xa0\xf6\xc2\
\xba\x86\xf5W\xd6\xb8\x89\x1d\xa2CG\x88\x84K\x9a!\
\x18\x22\xb5\xad\x864\x14\xe4\xe8#jg8o\xa1o\
\xda4U\x05\xd3\xc0\xfb\x88\x0f\xcet\xd9\x9f\xe8\x8f\xba\
\x22\xb9\xb8\x1a\xb5\x0b>\x82\xc5\xca\xfa\x93\x9d\xe8\xc4\xbf\
\xaa\x1c0\xcbry^d\xd4!e\xd8.;\xd2\xaf\
\x95\xe9\x15\x0c\xa4H\xfe\x9bL\xfc\xd9(d=/7\
\xac\xbcV6\x0e\xc8G\xa4,\xceY\x16\x92b\xcd{\
L\x8a9\x07\xb0\x9b$RlC\x0b\xe27\x19\x0fy\
\x04\xb0A\x0aE\xd4\x02\xc3\xd7\xc0D&#2\x14N\
6K\x92$\x96E\x99\xcf\xa1\x926H, \xd5\xc1\
v\x0ei\x13K\xc5\xc3f\xdcL\x03\x05i\x00\x80\x98\
\x81\x83@PI\x18\x02\x98\x0ah\x02 \xb3\x04\xe2\xc0\
\x16`\x99\x8f\xac\xf3\xe4E\x10\xba\x7f\xef\x14\xcb\x99\x05\
B\xf8\x89\x81\xe5\x11\xe0)=\xb9\xaf\x83\xb94_\x85\
\xe6\xa1,\x93B\x98%B\xeat'z\xca\x08j\xc0\
\x1e\xe7\xef<\xdc5\xec\xc3\x0d\x88p!\x87c\x92\xa3\
\xae|\x8c\xd5$b\xb0r\xc0\xa7\xb7U\x0cN\xf7\xc4\
r\xe1a&\x103\xd6\xb3\xf9,\x87C>\xca\x7f\x8f\
E\x08?\xfe\xea\xa9=\xfe\xfa\x1bj\x1f\xa5\xc3<|\
 y\xd6\xb9\x87=j\xb9\x92 \xe2A\xd0E\xe4\x83\
yP\x5csXV\x83Qvx\xc7\xf7\xa2!\x0e\xe7\
\x0b\x08\x18\xb0^2\x0f<\xdf\xdfw\x95\x81D[4\
\xeb]GD\x90ai\x13h\x10\xf8\xd6:\xd7\xbe\xaa\
q_\xec\xd5\xa4\x90\xaf\xb4\xe6\xb6\xd6\xa9\xdbZ7i\
\x22+K\xdc\xd2\xf9\xeeV\xd7n\xa7|k\xbbok\
k\xb0\x9d/\xd3\xf7\xc4\x99\xeb\xb4\xc5\xbbi\x03\x8d\xaf\
Is\xe3\x86Sx~\xea\xd8\xd5\xde\x92=\xb8\xbbk\
++}I\xfe\x99\x89\xb8\xa6\xc1\xecL\xc3\x19Gf\
\x06d\x14\xed\x1b\xb23\x8dv\x9b\x8b\x99\xc69\xcb\xc1\
L\xf0\x5c0\x92\xe2\xd92mA\xeavA\x86\x1aH\
Dj5\xb2\xd5@\xf3D\x84\xab\x80\xf3\x80\xa9\x12\xe3\
\x84\xaf\xf0\x1d\x14\x95\xa8\xf7\xff3n{\xd63\xf0L\
^%-\xe03]\x98\xcc\xd1\x99E\xa6\x89\xab\x86\x88\
\xc0e\xeb\xad\xae'\x0d\xa3C\xab\x07\xfc\xb05\xf4q\
\xfa\xfdh\x82\xc8Ph\xad\xc2\x13\xf4\xbb|AM\xf6\
\x15\xcc\x87\xc0\xad^\xb7\x93\xca\x98r \x0d\x8d\x9a\xa5\
3\x1b\xdc+\x7f%\xa2O/l\xb9\x9e4]\xf8\xf4\
\x00O\x190C\x90Y\x84K\x01\xae_\xe3\xdb\xfd\x1a\
\xfb\xc1\xebtrc\xaa~w=e\x06\xa2\x9b\xae'\
\xbe\x86/\xd3K\xb8\xe9:G\x00\x8d\x10\x13X@\x9e\
\xb9\x80U\x00\x1b\x8cC\xe7\xcc\xf8+\xaec/\xdf1\
\xd6sI\xc83!s\x10AG\x87!\x82\x01~\x12\
\x9a\x9eR\xc6@a\xf5J\xd9S1\x0f\xe4\x92Q\x0d\
\xe1gI,\xc3\x96\xbbk\x94l\xb0\xbe>\xda\xb8\xda\
\x87\x83\xaae\x1b\x1bIJ\xdb\xd8L\x03\xd5\x97*\x5c\
\x12\xab\x22g-\xc4s\xae\xab\x81${\x1d\x00\xa9^\
\x01n6\x1791\x8c\xbfWM2$\xb0\xfe\x1b%\
\xf9\x15\x1cy\xd0Fo_\xb4\xfd\xe6\x5c1\x92*N\
\xdf\x99F\xa1\x89\x84=\x9af\xadT\xc7\xbd>\xde~\
\xcdVz\x0d\xd2X2\x0fZr\xdc1\xceqp\xa0\
\xad\x09n\xd9\xc6\x1a\xa4&\xcc\xc4\x95C]\xab\xea\xaa\
\xf5l\xb3w\x07\xfb:\xbe!gi\x98Uh\xb0\x9e\
\x8bY\xdb\xdf\xec\x0d\xec\xe3O?\xb3\xc1\xc9\xc0b\x91\
\xc4\xca\xdf\xe1Gg(\xf9Z!\xf9g\xdfG\x10\xfb\
\x80\xcb\x05\xf8\x05s1\xbd42x\x0c\xfe\xfc\xde\xc8\
\xe53n\xcc\xd9l\x15\xcc\x04\xef\xf5v\x9c\xab<\xe6\
\x02\x8b/m\xff\xf8\x8c\xebc\xa1\x8f\x18\xa1\x93r\xab\
\x99\xa4\xdcV\xddV\xbb\xd0J\xb0\xe8b\xddvV\x1b\
vk\xad\xc1=q\xeem\xb6\xec\xd1\xad\xae\xedl@\
P\xd2\xfe8\xe3\xe9\xdc\x8e\x862i\xc1\xb9\x8e\xb97\
\x1c\x9e\x1aB\xa4\x8d[ \xc0\x17rgg#i3\
;$Z\x0b\x9a\xa83\x0f\x122\xd78(\x0d\x83\xd8\
S\x83\xf0\xec\x8c\x01B\x1a\xf2r\x0b\x92u\x87\xbf\x8b\
s\x1e\x83\xe1\xf09`(\x1d>/4\x99\x1c\xc5\x05\
\x1c'l&\x01\x06p\xea>\x90\xd2\xe4L\x1c,\xca\
\xc4A\x1c\x01K(\xa3TSd_\xe0\x87\x88>\x8e\
8\xe87\x19\xee\xa2\xec\xcf\xc5\xad\xd7q\xa7\x9e\xef+\
s+1\x80V\x7f\xc3@%\xc6`\x18\xa9cg\x09\
w\xa0\x89`1O\xf8\x1b0\x01\x9a\xd1W\x08)?\
\xd7\xce\x83X(\x11\xb4\x13\x13\xa2\xc5\xbc`\xce]J\
4\xab\x934\x9a\x15\xeb'\xa6\xd4[]\xa5\xe0\x8b`\
 \x85\x5cCs\x87\xc5F\x8b\x7ff\xd8\xcb\xf0\x1a0\
\x09\x5c\x04\xc8\x06<\x170\xeb\xf7,\x9a\x8a\xfd/\x10\
7\xe0\xfe[Rf \x8bI?\x0aBP\xd5\xaaA\
\x19\x8b\xabZ\xff\xd3\xb9\xaeE\xc3*&\xc2\xfa\x99$\
\xbch4W\xa4<=d\xc7\xc2\xc7\xc1\xc8\x198\xda\
}pa\xbe\xc2\x8a\x95D\xa4\xd4\xb1x7\x22V\x00\
\x00@\xc4\xe9\xe8\xd4\x86\x83#\xaelz6\x1c\xda\xf0\
\x0c\xe6+m\xbc2\x18\x9c\xda\xd1`\x92\x90q\xc2\x0d\
]N\xc7\x10\xe7\xa0B&\x15\xb9\xb0\xa5\x12R\xc0\x1e\
\x1c\x18\xa2\xbe\xcaBd\xd8\x00H\x0c\x09}B\xc2\xb8\
\xc6n\xca\xf7\xea\xf6oc\x14\xdfv\xed\xbb\xa4\xf2\xdd\
\xe8\x0c!D\xb4\x0d\xdf\xe1\x08\x93\x81<4\x11g\x18\
4_9\xb2\x06\xb1\xf0M\xa1*\xe7&\xae\x89\xa0\xf4\
\xba={\xf7\x8d\xd7\xec\xde\xad\x0d\x0e1\xe4c\x02\xa7\
I\xeb`\x99\x94\x96-\xf2\xa1\x96O\x00!\xbbX\xaf\
\x893\xcb\xe7\xf0}\x89\x98\x92\x91\xf0\x19\xd2<\xe3\x1b\
J\xe6.\xf3\x16\xc6\xa8Zp\x11\x84\xef\xe8ln\xff\
\xfc\xf1\xe7\xf6\xe4\xc93\xc3\xb6\x9e\xd28pt\xa6q\
Y\xd5e\xc79\xb3\x98\x08\x08\xa9\xe6yT\x0c$\x10\
\x8b\xdf\xe3\x08wsr<`\xcb\x1d\xea\x1dy\x17\xb2\
?\x9b\xd1X\xd088\xa1P\xcc#;\xd0\xd1&g\
$\xb1\x00#\x16X|\xbe\x7f\xc4\x1d\x07\x816 F\
\xf8f\xa0\x0e:\xa9\xb5T\xa7C\x1d&\xad^\xb3n\
\xebI\x83\xd8\xe8'\x06\xbf\xbel\xdb\xab:\xee&\xcd\
d\xa3\x07\x1f\x06\x08\x1a\x96|\xbf\xd0\x9e\xebSm\xa1\
\x0b&\x18sM\x00\xfd\x1b\xbd\xb6\xdd\xbfs\x8b\x0b\x9b\
fgw\xd2d*3\x95\x08|f\x1ed\x14\x90\x96\
\xcb#2\x18\x85\x98\x05s\xbb\xe7\xccC\xa6\x1a\x1c\x11\
y\x84\xba%2\x12\xbc\x07\x8c\xc4\x19S\xd6H\x1c\xf6\
\xc0<\x08\x9f\x80[\x999\x01\xc3\xa1\x89hc10\
\x0b\xc7=\x87y\x02a\xe0\xa0\xe3\x87\x00,p\x07\xf7\
{\x95\x9f\xeb>\xe0r\xecW\x83Y\xe3z\xee\x820\
\x99\xf1\xa9\xa2\x19+\x08\x85n\xaf\x90\x86i+\x0al\
\xdd\x9dh\xd1H;\xaf\xc6Dg\x12l\x12}\x08/\
\x9a\x03\x05\xed\x17\xe3\x8e\x15\xc7\xcf\xe1p\x9f\xc9z\x82\
om&\xa1\x01\xfb\xec\xc0\xc7\xdbO\xef@_c\xba\
B\x12\xa5\x13\xed\x9c\xb8p\x130W\x09p`X\xaa\
\x93OO\xb0,\x1a\xadb\xc0v\x01\xe3Bh\xdd\xc5\
g\xdc\x0c\xff%^\xbc\x82\x810\xf6CEJ\x8a\x96\
q\x85\xf5\x88\xc2\xf2Fy\xbb\xfc\xe5\xd1x\x14\xc50\
\xf8\x17G\xabT\xe9`*@&\xae(9\x1d\x18f\
\x97\xc3\xe1\x0b\x02\x08i\x95\x0e\xa6y\x22\x04\xd3\x11m\
\xd7\x88\x1e\x9a\xd5\xb0\x0b\x17\xa6\xfdOIP\xa0\xaaC\
\x0b\x19\x1c\x1fpr\xd8\xf8t\xc0U}aO\x04#\
y\xb9\x7f\xaa\xd9\xe9\xd0V\xe0\xd4jv\xad\x95\xd4j\
\xc1\x13\x80\xa3AsI\xde\xe1\x0e\x08\x15\x80\x14D\x18\
\xf7\xf9u\x01\xab\xea3\x91\xf6\xdf\xe1\x99L\x0e\x84q\
^\x5c\xf97NW\x9fK4Zls\x06vw\x9c\
gI\x0e\x9aEh `\x12\xa1}@\xfaC\xb4\x87\
\x18\x0a\x1c\xa9@\xf2\xfbwo\xd9O\xdf\xb9o\xab\x1d\
\xbd\x13\xff\xc3\xfc\x91\xe7|\xa4a\x83\xc6\xc5\xa8 8\
k}\xd1C\x9aP\xc00\x1c\xb0\x95*X\x90\xe4$\
X\x88\xab\xec/\xefW\x9a01\xc7\x87\x08\xc5Q\xe3\
R\x1d\x1f?~n\x1f\x7f\xf2\xa9\xc2v}\xad\xab\xd2\
\xe7\xa1\x9d\x06Q\x16\x03\xb9\xba\xa1\x93|\x12\xb1H\xa2\
3\x0f\x22]\xb4\xa5\x82\xe7\x0c\xd7q\xceO 2\xdc\
P'\xc4\x0d\xad8k3\xc8!-\x96\xedX(\xab\
M\xa7\xe9\x9b\xbeI\x8c\x11;\xd8\xa1\x1f0\x99R\x1a\
\x9e\x9e\x0b\xdc\x00\x81\xe9A\x1bi\x9b\xad\xe2\xd8i\xd8\
J\xca0oA\x13y\xfbv\xdb\xde\xbe\xd3\xb2\xb7v\
\x97y\xbc\x934\x14\xf4\x1e#\xb38C]c\x07t\
\x83s\xbe\xd3\x9c\xdb\xbd;\xdb\xb6\xb5\xa1=\xd3\x174\
\x10\x12y\xd78\xc2,\x15ZE\x07\xcc\xa1\xcbPT\
X\x0a\x82\x81 \x0cU\x19\xf5\xf0?\xea\xbe\xf2\x1e\xd9\
\xffC3q\xed$\x1f\xf5^\x9aQ\x97|\x22c\x98\
\xb2\x82q \xc3\x9a\x90qU\xb8I\x18\x0a\x1cf\x0e\
\x5cw\x5c%|Ih\x0c\x14\x12\xac\x05\x0d(p=\
\x1f\x8brI\x0b\x08\x9fK\xd6]\xdbN\xf5-\xae\x92\
\x8b(P\xaeg\x952`\x9b\xe6\xc4\xf1\x94fV\xf8\
m\xa9}\xcc5\x9e41\x83\xd2\xcd\x11f-\x18\x01\
\x98c^[D\xf4%\xe0\xa0\x96\x8e\xa6A\x10j\xc0\
\x8a\x93\xe0\x1a\x13\x12\xb3\xc0\xe3\xb0W2\x93\xeax\x05\
\x86\x05\xddW\xe0\xd6\xe19c\xa1_\xba\xa1T\xa6W\
0\x902\xc5\xebTB\x7fK\xd0\xc4\x7f\xe0.\x90@\
\x85p\xbc\xcf\x1bS1\x0a\xdc\x82\x8e\x11\x12\xe9~E\
\xb7 \xc3>\xcb\xd9\x98p\xa6O\xb1N>f\xe2\xce\
9\x13Y\x91\x0aP\xb1\x8d\x93o\xa6\x933\xbd\x7f\xa6\
\xd5*\xe1\x07\x81:\x88\x0dU\xb0\xe0\xe2YbD\x98\
W\x02\xce\x0fM\x04\xf7q\x05\xcc\x09\xa2Z01\x0b\
\x0c\x08\xb6|\xac\xff\x03\xc6!\xa2\x04 4\x02\xa2\xea\
\xe2\xa8eN\x0a\xe0q)\x87\xd7\xd9\x12\xe5\xb8\xce\x11\
ffwe@\xcc\xa9,\xff+\xd2\xc23\xd9>\xb6\
\xc2\xdbV#2\xe9\xdd\xa5\xe6\x11f+g$\xee\xf7\
\x10\xd3\xa8\xce\xab\xbd?\x96\xc8<P^Y]\xb1w\
\xdf|`\xb7\xb7V\x08\xdc\x1cy\x12H\xec\xc5\xad]\
$\x01\xfc\x0c\xbfe\x96v\xa1E\x03\x11:*\xc0F\
\xab\xb5\xc4\x0c\xbf\x22\x7f\x07`\xc4A\x83\xcf\x06\xdc\xe0\
\x13\xfc3x\x1f\x87\x88\xdd[\xe3\xfe\x0a\x7f\xf8\xe3\xa7\
\x0c\xdb%\xb3\x00s\xa0\xc9\xea\x862\xdb\x10\xcc\xc3\xcd\
F \xe4\xa8\x9fi\x01\xc4\xccD\x5cZ#\x80\xe3\x9c\
\x8dS{\xca\x14\xe7\xd1V\xe4@\xe2@d\x85\xfb*\
S\xe3p'\xba4\x0fE_\x89q\x94u:\x22\x84\
\xfd\xd9\x8b\x17\xf6\xe2p`\xf0q5\xc9\xf8\xdd\x19\x0e\
\xa1\x89\x1a\xb6\xb47H\xbf\xd8\xfa\x00sE\xb0;g\
;\xe5\xcdn\xcdn\xad\xd5\xed\xc1F\xc3\xde\xde]\xb2\
\x0f\x1e.\xdb\xfb\xf7\x92\x10\xb0\x99`\xbf\x89\xdd\xed\xe6\
6\xf5\xe7P\xd9O\xfd\x0a'\xef\xceZ\xd7\xee\xdc\xda\
\xb1v\x1b\x91B2#\xd1NO\xf3\x95\x1f\x9d\xd8\x87\
\xf9I\x0cE\xcc\x00\x8cb\xb9\xd3\xe5j\xb4\xd0<\x10\
\x86\x8a\xfa\x8a\x99\xa0>\xdd\xc3#4\x11\xff\x8dk'\
\xc1<\xaa\xf0_1\x8f\xca\x94\xea\x9a3p\x95\xf0\x1c\
\xccC~\x08\x00\xcc\x22\xe1\xcf\x88X\xe1^\xc6eU\
5\x88\xeb\xf0\x93\x14\xb8\x9dM\xd25w\x98+\xb0C\
\xb8&\xfa\x10L\x05\xbfc$\x5co\x93\xe6w\x8e\xe3\
L[\x0c\xc8/\xa8\xc5\x0e\x01\x8f\x10|\xb9\xf4:5\
em\x12\x85`\x0e\xe6s\x5c\x07\x8c\x8a\x06\xe2\xb7\xf5\
\x04;\xb5\xb9`\x17\x22=4T\x84k\xdb\xc5\x88\xa6\
|\xd4\x03\xd6\xc2t\x15\xe1\xe7x\xe9\x1c*\xab\x22\x8c\
Do\x01\xab$\xdc\x04h\xddS\xc2,\xf1:\xe0\xd7\
\xbbM\x00\xcez\xdepCZ` \xd7\x10\xc5\x7f\xaa\
\x13=\x98\x115\xf9\xe5\xfe\x1b\xfc\x03\xc2e\xa6!\xb5\
\x85q\xc8\xac\x032\xeaCq\xce\xdf\x93\x00\xe9\x0d\x08\
_\xd4\xd2\xc4\xa2\x22\x98\x1c\x832:L\x14D\x12\x07\
V\x9f\x041\x80\x11\xb0\xc6i\xfa\x1a\x18h\x17\x9c\x95\
;:\xa3\xd9\x0avd\xfc\x96\xdbE\x121\x81\xd0i\
@\x120\xce,\xa9\xca\x89\x81\xc0\x8c\x15\x00\x11\xce\xb1\
\xd2\xa6YJ\xef\xd7\xeb@\xdd\x04`\xac'|V@\
K\xf0t \xe51\xea\xfc<R\x05\xe0\xff\x92\xa4w\
h\x89=oOn_\xd5\xee\xd8OY\x92\x1b\xcc\x01\
\x9aq^\xd9\xb9\x17\xa5\xcdz\x98\xb0\xbc\x1eH\x8c\x08\
\x9dG\xf7\xefrq8\x10\x1cJ\xc3sE\xf6H\xb3\
 \x1c\x1b\x01\x01Z\x09\xbf\xb92K\xc9w\x01&\x22\
XQ[\xa4\xc1\xb1\x8d\xd1G\xf8$\xff4\xc1]h\
T\xf8_\xfd\x8e\xdd&?\x7f\xfc\xcc\xbe\xfa\xfa\x09\xcd\
\x96\xd0L+\xc7\xb9\x9b\xadX\xbe #a\xd4U\xe1\
\xac\xce&+\xcc\xdeu\xc6\xc1o \xfc:\x1cC\x13\
\xe1\xe78B1\xe1\x189\xe0^\x99\xf0\xce\xe7H\x1a\
\xe4\x11\x7f8\x82Qp\xd1;\x10\x07\x10\x06oC\x98\
\xaeP\x8fv\x85#\xdd}\x22G\x83\x81}\xf3\xf4\x19\
Cq1oF[\x01\xab\x0f\x00~\xdc\x03\xfd\x12\xce\
p\xec\xfb\xa16a\xb5]\xcc\x1di5f\xd6Y\x9a\
Y;\x95W\x92\xc6\xb8\xd1k\xdaF\xb7aw\xd6\xeb\
\xf6p\xb3n[}\xcd?\xc0\x8a\xbe\xd0\xe60W\x04\
\x7f\xfdV-i\x9a;\xb6\x96\x04\x86\xab\xces\xf9.\
\xe2Xi\x0e\x11Y\xd4r-DGi\x1e\xaa\xef\x93\
\xa1\x90\x81\xc41\xdfW\x99\xba\xe4x\x07C\x0a\xdf\x0a\
L5x\xb7\x18\x88`\xd6\x99\xc8\x92\x0bEE\xd6\xb9\
\xe3 \x8fU\xce\xf58\x07\x88\x16x\xa2\xf9#\x8e\xc7\
~^\xe2{\xe9\x17\xa9\xf0\x0a\xf7\xe8\xbd\x88\x1e\xec\xac\
\xacY\xbd\xb5\x92i\xe0\xf9\x14LD\x90\x02\x18`P\
\x0f\x04(_\x09\x00\x9e'\xd4K \xd5j\xca\xb8\x87\
\xa6\xae\x19\x96\xa9\xc1\x12'\xa3D\xc7\xc66<\x1d$\
\xa1xLM\x1e\x0c\xe6\xe2\x02\x9b\xef\x8dhu!\xad\
%=u\xba\xea\xccDp\x88#X\x88\xd3[\xa7\xc1\
\xa2\xd1\x82O\xd2Z2\x1f\xc1,`\x99\xb4\x04\xcf-\
`\xbdLWy\xc4\x9f\xd6@\x02Q<)\x86CD\
C\x18\x17H\xa6\xbc(\x89AM\xf6\xba\x8c\xa4\xa1\x9d\
\xa8\x8c\xaf\x04\xb2\x8f\x07\x07V\x9bM\xb5tE\x1d\x91\
\x06\xb8\xc7x<?\xc7> XXL\x88\x87\xf05\
\xc5\xaa\xb7\xb24\x82\x1c\x031=\x1b\x92\xb1p\x00\xd1\
FR&\xf9P\x10\x22l\x8d\x16\xed\x8a\x04\xa8+\x0c\
\xa2\xb4m\x96@\xa8{\xe3(`\xbc\xa6\xf2\xc6\x9f\x97\
1\x08\x1c\x90\x7f\xf3\xa4g\x8a\xd8RDw\x04q$\
!\xd0\xd7d+\x06\x90\x03\xf9xt\x1brh\x18>\
Q,Ky\xce8\x88\xac@\xdct}mu\xd5\xde\
~\xfd!C=\xf1\xa9\xa0U\x01\x12\x08\x81\x94\x13\xdf\
g\x85\xa7\x0cg/\x8e8\xc7\x1c\x86\x98-\x8e{\xb5\
,\xbb\xfc\x22\x18\x9b\xaa\xcd\x22\x8a\x15\x13\x09\xc6\x11_\
\xa9X3\x84\xf3>\xdb?\xb5?|\xf2\x99\x1d\x1f\x1d\
\x91Qh\x93(\xd78.\x14\x0aK\x93\x96/\x98\xc8\
L\xe2-3Q\xf6A\xd0<\xe0\x0c\x84\x12\x9a\xc3$\
ZFp\x0f\xb8\xbe)\xa9\xde1\xc1\xff\xf7\xa3\x13\x91\
*\x0b\xf6\xc5D\xc5D\xb2\xf3\xbehSDa\xc5\xba\
Y0w<~\xf2\xcc\xf6\x8e\x15]\xc8\xfeL\x0c\x04\
\xe6&\xcc\x0b\x80V\x0e\xf3\x13\xb4u\xed]\x87\xe3\x8c\
\x1bQu\x13#\x00\xb3\x87\xf0\x80>C\xc4\x15:\x13\
\x1a\xcaf\xafa\xb7W\xeb\xb6\xdd\xab\xa5{\xf1\x8d3\
2 h%\x18\x83\xdd\xf5\x9e\xed\xeen'\xe2^h\
\x1f\x99\x89t\x5c\xf3\x90\x19\x8bZ\x87\x9b\xa3h\xcaJ\
\xcc\x013\xaa!\xa0Q\xdb\xc0\x11\xceeg\x1e4e\
\x15\x8c\x84Z\x0a\xeb\xdd\xa4\x05\x06\x85##\xbd\xdct\
F&\x06\xd8\x14\x8cB\x00\xc2\xb2\x1e\xdc \x0e\xb8[\
S\xdf\x10_\xf1\x07\xfc%\x10)\x03\x17\xe2X1\x97\
\x0aO\x08m\x84?\xc7o2\x0d\xb7F8\xbe\x93&\
\xb8\xa6R1\x1e\xe5\xe5\xd6\x92\xb5\x92\xf6Q[\xeaQ\
C\xc6\xb8\xc2DEA\xe2R\xb4.\xd6b\xc3\xb5\x08\
b\x80P\xcc\xbdZ\x5c\xd8\x91\xbfP\xf0*\xdf\xd9\x05\
\xa7 \x5c\xce\x1b\x1cC<\x07\x8c\xe5rrj\x97\xd3\
39\xe6\x01\xbb\x01g\xa4\xb3\x0eo\x92\x84*Z\x0c\
\xe8 \xad\xd55\x96\x89\xbf\x01\xdfq^\xd6\x05\x94\x7f\
{\xfa\xd3\x0c\xc4*D\xe1\x1f\x18\x94\xd7\x82<V\x88\
\x13/\xd7\xc7\xa0B\xf6\xb9\xea\xa3\xc4X\x1cQ\x83\x89\
\xe0\x9eT\x1e\x9e\x1e\xdb\xd9\xf1!\xb5\x06\xee\x89`\x9a\
\xa9\x09\x80iaC\xa8\x04p\x9ch\x94\x00\x09\x8f\x87\
\xa9\x04\x83\xca\x85\xfd\x88\x5c\x98\xad,g\x1c:nx\
:\xe4\xa0\xc1\x94\xc0-M\x13\x12b\x9fa\x02M\xbd\
m\xdd\xfe\x0a\x89j\x00BH4QV.\x80\x8e\x80\
U\x01\x1e\x81TTO\xe52#\x91\x10\x02xQ\xe6\
I\x95\xe2\x9e\x7fA\xe2\xbb\xe2\xc8\x22\xfa!\xda\xe4\x19\
\xed\x05S\xc57\x81a\x00\xf8\xa9\xfe\x97\x19&\x0a!\
f\xa5\x85T\x9a\x07\x18\x0b&\x0d>H\x9a\x07\x16L\
\xec\xbb\xef\x83#,xs8P3P&\xe1\xaf)\
\xec\x94\xd22f\x0c7|R\x18\xfb\xb7F\x81\x81\xf0\
\xc0v\xc7\xb7\x984(\x96\x83\x99\xa8{\xd9\x8f\xfe\xad\
X\xd3\xe9\xe3/\xbe\xb1\xc7\xdf<\xe5\xdaY\xf4m\x5c\
\xd1@\xf2\xa6Q \xcad*`(\xc18p?\x08\
\xf4L\x93\xf7\x1c\xf6\xd0\xa6\xf0\xc3\x00\xb8\x08\xd3\x0b\xd8\
\x83kU\xce\x17\x03\xd9X\x85\xdf(GXe\xc0\xb6\
re:\x0b_Gf\x1e.\x18AK\xd1\xd2\x14b\
&{\xfb\x87\xf6\xe4\xc5>\xb5.\xf4Nh\x93\xd0F\
\xb0\xbaB?e0\x0c2\x0d,y\x92\x8e\xcde-\
y\x0fA\x0c\x9a\x0b`\x00\x9fH|\xaai\xbd80\
\x92^\x1b>\x93%[i\xd5\xb9\xb0\x22p\x08i5\
=\xec\xde\xad-n\x7f\xa0y@r\xa4S+ \x81\
w\xe78\x98\x893\x0fi\x12\x15c@\x04Q\xd66\
\xba2e\xe9\x5c\xf7\x86\x03]+?#J\xcb5\x11\
Fs\xb58\x9f\x05\x91]U(1\x8e\xa5\x06\x02!\
\x080\x0d\x18\x93C\xbd\xc2\xe1+\xb8@\xfcD\xefU\
LD@\xa5\x03\x80\x0c\xbf\x13\xf4\x8a\x91\xd0\xc2Q\xd0\
\x85\xc0)2,\x98\xb42S\xc1\xee\x83\x1d\xeb\xael\
r\xd2#\x86\x1d\xeb\xab\xa1\xbf\xa9\xa5C\xf8\xf5\xed\x94\
\xc5 \x1c\x06\xc8 \x00\x83\xa0\x9bZ\xbd\x00\x16\x17\xcd\
KJcO\x9f\x88,/\x15\xfb:\x15\x00\x00 \x00\
IDAT\xf5\xc4L\x11\xf8\x83\xf6Q(\xbe\xc4\x9e\
I\xda\x03=\x04\x1ei\x161a\xdb\xe9\xaa\xd3\xe1\x10\
\xe4\xc9`\x08\xd7\x82\xdf\x80c\xdd/ \x96r\xe0)\
~\xb7\x88\x08\xd7\xd25\x06\x12/\xcc\xe7e!\x98D\
\x5c\xf7\x97S\x19\xc2\xcb\x82\x1b\x12a\xaa\xba\xcc%\x8b\
r\x85X\xc80c%\xb5lx\xc0I\x80\x88\xa0\x92\
m\xfb\x82\x03J\xe4\xae\x03PD\xdc \xb9`\xd6'\
\xe2\xddc#\x1cHE\x8a \xc2\x16\xb8\x0d\x0c\x01\x07\
\x13\xb6x\x22N}n\x9d\x84a\xbd\xc48\xe6\x8d\xae\
\x9c\xe9-Dc\x85ZZj!E\x1d\xaf; \xc5\
5\x07(t\x9f\xb4\x10\x00h\x01\xb4\x04bP@\x07\
K\x001\xa1\xb5H%#\xf8\x8e)\x80?\x18\x16\x89\
m\x00:\xdb\x09:\x5c\xb59\x7f\x0f\xb5\x8d+!\xbb\
\x0b\xda\x06\x10\xd4\x19\x07\x8e8o`\xc9\x92U{\xf7\
\xcd\xd7lg\xbd\xedD\xdd\x81\x8c\x00\xe9\x80Z\xd32\
\xec\xfc\x03\x90\x126\xa4\x8d0\xfc\x94\xce\xefD\xd0\x96\
\xb5\xc2.\xc6\x07\x04\x10\xea|&\xca\x8e\xbcb\x1e\xd5\
\xf7\xb1^E\xaa\xf6O^\x1c\xdb\xc7\x9f~a\x83\xc1\
\xc0\x19\x03\x98\x86\x98D6]9\xd3\xc0V\xa1@6\
I\xfb\xd2N\xaa\x88+\x95\x05\x87`$\x96\x19\x1ba\
\x9a\x02\x8f\x10LH\xb6\x88D\x9a|\x16\xd7\xf8\xbf\xbe\
}&)\x90\x86\x83\x80m2\x91\x8ah\xe46\x84\xf9\
*\x98\x09&\x12B\x02eY\xd7\xcf\x92&\xfd\xec\xd9\
K.\xcf\x0e\xad\xb7\xd4B\xda\xcd\x86\xb5\x13\x03\xe94\
\x97\xb8\xc0\x22&\xcb\xd2\xb1\x8c?2\x034\xac\xc6\xef\
\x09\xf8\x0b\x89T\xb0!\xb3X3\xfd\x1e\xab)\x83!\
\xc1\x0f\x82mtw6\xd7lcMKr\xc42$\
1\xe3<\xccW\x08'\xa5\xe6\x10Z\x05\x8e`\x04e\
\x1d\x98\x06\x18Mv\x96w\xb9\xce\xd3\xda\xfa\x86\xed\xde\
\xbae\xf7_\x7f\xd76v\xee\xba\xd9\x0a\x8c\x038\x5c\
\xbd\x93\xe6\xb3,\xd08\xac\x16B\x90\xf6\x1f\xa9`\xbd\
\xc2_\xe1E\x89\xcf@\x8e\xf2\xbel\xb6\x8e|\xf5z\
\xfc\xde5\x91\xc0\xf3\xa0\x0bx.`\xb9\xd7_\xb7\x16\
\x18Hbp\xf0\x07B[` \x90\x81\x89\xc0\x0c\xaf\
\x9d&1\x1e\x18\x7f\xecm\x0e\xb8\xd3B\x9b\xd2\x94\xc1\
8\x003\xd0`\x18<@\x06\xe9K\xb9\x00\x0b@\x03\
g\xb0\xc4 ph\x92\xb4\xd33\x9e\x03f\x17\xe1l\
\x91\xa6\xd6\x8a{\xc0>\x08\x97\xf8\xdf\xe1\x99\xa0\xea\xb0\
\x8c?D\x8d\x0b\x1f\xf1w=]\xc5\x03\xa4k\x0c\xe4\
z\x12\xc1\xa8\xca:\x0a\xf9QT#\xf3k\xa3\x01D\
\xc4\xaa^uP\xdf@xt\x9d\xc8\x8a-\x19\xe7\x88\
\x91\x9e\xdadxLG\x13\xa2\xa6.\x11)Bn\xad\
\xa9\xfe\x86N\x86\x0a\x08s\x16\xccX$6Z\x01s\
\xa9\x89\xc5\x17\xe5\x8ck$n\x8d\xc9<\xed\xfe*%\
h\xde\x07\xe2\x99\x88b\xa7\xdb\xb1\xad\xad\xcd\xa4Z\xaf\
R\xe5l'\xe9\xa8RO\x01\x14.\xb5;\x80\xf0\xdc\
\x014G}Pb\xa9\x80N\x12\x8e\x906\x97\x09l\
N\x08#9\x12\xdf\x94\xbe;\x13\xb9r\x1f\xa9\xab\x13\
\x0d\x16\x9d\xc9As+\xb4\x8ep\xa0\x07\xf3\x88}?\
*\xc4\x94\x16B\x06\xec3\xd0\x11\xa9\xf6\xe8\xfe={\
\xed\xbev\x1a$\xa1t0Xh\xc5\x1cd^\x80\xc4\
a\x9aK\xfa\x0a\x88A\xbb\x80O\xea#\xb4M\x88\x87\
%h\x22\xf2\x0d\xf7\xca\x1f\xe6\xe0\x85o\xf1\xdf\xe2\xdb\
\xf0\xde\xe3\xd1\xa5\xfd\xbf\x9f=\xb6\xa7\xcf_(p\xa2\
`\x18Z4\xb1\x8a\xc4\xd2ZW~\xccf!\xe4\x82\
\x80\x03\xe1.\x0b\xa9\x0d\xb0\x0a&\x90qD\x85\x9b\x90\
&\xe0_E\x94udt\xa2\x01L\xfd\x99\xb8\x86\xe7\
\x12\x89\x83y\xa9-!\x8dj\x9d,I\x9e1\xe1\x90\
\xe73\x99B\x9e\xef\xed\xd9\xfe\xf1\x80\x8c\x1a\x01%\x88\
\xce\xc1\x12\xefb&0\xcb\xaa?\xb1r\xb1f\xf0\xab\
\xffa\x92\xd22\xf9\x22\x5ch^\xac\x94\xc0\xf1\xc1\xb9\
Uc\x83Q\x041\x86&\xb2\xdeo\xdb\xee\xd6F\xd2\
$\xda\x84\x0dM\xf8s&\x82#\x88\x1c\x22\xaa\xc2\x9c\
\x85#4\x88\xf0\x85\xd0$\xe5\x0c%1\x11h3\x9b\
[[\xf6\xfa\xeb\x8f\xec\xc3\x0f?\xb0\xbf\xfb\xbb\xdf\xd9\
\xff\xfe\x7f\xfcO\xfb\x1f\xff\xe7\xffe\x7f\xfd\xbf\xfeO\
\xdb\xbd\xf7P\x9aM<\x07\xcc\xc4\x9d\xf6\xd4@\xb2#\
\xdd\xcd\xaf\x0e\xd3\xd4D\x5c\xd3\x0eF\x91\xf16\x84\xb9\
\x9a S\xb8\x8a\x8f\xd5\xf9UaO\xbf\xab~\x13\x99\
\x0c\x8a\xf8#\xd8%\x13\xc1\xfbk\x10\x8a\x9a\xd6Z\xdd\
J\xf4Ft\x04\x99m_\x96`\x8a1\x86f\x01~\
\x1et\x8c4\xc0\xf1]\xb8\xa2@\x0e\xc2[\xbdI\xed\
\x07t\x11#\x09\x9f%\xc2vS\xb3\xe8\xff\xc0\x1e!\
\x97\xd3\xa1M`Y\xc1\xef\x00\xaf\x0e_\x84\xb1\x80e\
\x87;\x04\xaf\xc8\xc1>\xe7\xcb\xc2e\x80We-%\
[\x8c\xe0np8\x0e\xd0\xd6\xc1O\x16\xcer\xfa\x0e\
\x0cD)HB&\x0d\xc2\x9a\xaa\xec9\xd4wd5\
L\x8cB\xce\xd6\xc8\x8e\xac\xf8p\x98\x13f\xda`j\
<:\xb1\xa5\xda9\xa5\x22\x10\x18h\x18\x5c_h\x06\
D\xd1R\xd2\xb4w\x9al\x87\xe8x\xd8\x80\xb1\xa8\xd8\
t<\xe0\x9c\x11\xd8\xd9eg\xc6;$\xd1\xd2\xd6\x88\
\xad%\xd3\x80by\x85\xfe*\x96=\xe9%\x86\x025\
]\xaah\x00\xa0\xec\x9f\xce \x90\x1d\xa8\xb2\xa6\xc1,\
 Xd\x1a\x91\xd5%Ht\x9a9\xd0,\x10\xdd\x7f\
A\xba\xc6\x8c\xf2s\xa3-\x15B\xf0;2\xe3s\xbf\
\x07\xb3461\x89\xcat\xa5\xf5w\x80\xa4\x0a\x9b\xc4\
\xf1\xd6\xce\xb6}\xf4\xfe;vkuIK`\xe0\xb5\
U\x0bX\x17\x11Yy\x5cI\x86dz\xc25j\x13\
\xfe;\xb4?\x87G\xe3\x1e<\xa3\xae\xe8\x9fX\xef)\
@\x07R\x11\xbe/f\xaa\xc3\xef\xf2\xd5\xd3\x03\xfb$\
i\x1f\xc3!\xf6\xfa\x80f\x01S\x95&\x0c^\x5c \
\xb8B\xe6\xab\xca\xac\x15f+\x8f\x80\x8a\x09{\x05\xc2\
E\xbb\xfd\xa5\x9e\xabt3\xf3\xb89\xf1\xeb\x89\x9c\xfa\
Mf\x1e\x1e\x8a)?\xc8\x15-d\x86k0o8\
\x83\x9b9c\x09\x86\x97\xbe\xe1\xf0\xf081\xcd\x83D\
4\xf0\xd4\x18\x01m*D)3\x1a\x80\xfej\xa8?\
\xf1W\x85\x98\xc7\x189\x93v\x0eY\xc1S~\x02\xc7\
\x01\xda\xcdF\x7f\xd9\xee\xed\xae\xdbj\xbfOb\x88\x90\
x\xcd\x03\x81s\x1bZ\x82\xd6v\x22\xd1GH/4\
\x0c\xf7cpn\x075\x8d\xae\xad\xaf\xaf\xdb\xbd\xfbw\
\xed\xc7\xef\xbdo\x7f\xfd\x9b\xdf\xd8?\xfc\xb7\xdf\xd9\xff\
\xf6\xbf\xfc\xad\xfd\xee\xd7\x1f\xd8\x87o\xdd\xb5\xf7\xee\xf6\
\xec\xa3w\xef\xdb\x07\x1f\xfe\xdc\xd676i\x22\xa3\xf9\
\x8a\xef\xd2\x9aZ\xcc\xeeH\xcf~\x10\xc02\xe0\x9aD\
_\xc4<\xfb'2\x8e\xea\x1b3sP\x85\xe00\x98\
\x06\xb3p&\xf0\x07\x0c&\x9f;.-\xdcS\xe0|\
\xbb\x9b\xbesu\x9b\x8c5\xcc\x83\xb8\x07\x1e;h\x9c\
\xb0\x82\xd0l;\x979\x1e\xf8V[\xc2\x04O\xd0\x18\
\x04G\xe0\xf9\xcb\x06\xef\x15\x8e\xbc\x178\x84\xefI\xe3\
\x88=E\xc0$QK\xbf\xca\xe5\xc4#Ne\xbe\x0a\
\xda\x9a\xf1\x8f\xf0'\x18\xach\xaf\xe0\x1b\x7fd\x22\xfc\
s\xa6\x81\x94a_0\x9bSQ\xffm\xe9;1\x10\
\xbe<\x9f\xb8\xe9\x01\x7f\xd1p\xbf'\x97\xe6\x99\xb7\x91\
\x0br\xa9a\x22\xd2\x9c\x1f)\xae\x08\xcd\x03\x92\xa0>\
\x08\x083\x1e\x0dl69\xa54\x05'7\xa4\x17l\
\xd0\x22G9\x16V\xc3t~px\xa8\xdbZ\x9dr\
\xa9\xd9M@\xd7!p\x01\x01\xd1\x04<\x13\x93r\x10\
\xa5\x83\xb8l\x95\x157\x8d\xc9<\x90\x1c\xea\xcb\x081\
\x5c!\x87\x97\xaf\xc0\x19\x07\x81\x06D7\x00F@\x01\
\xc0bXo\xce\xaa\xcf\x0c\x05\x83O\x00,\x00\x93@\
\xeb]\x1c\x00\x5c\x92a\xd4}\xa7T\xdd'\x02\x8c\xf3\
\x0a!\x94\xa3\xfd\x00F7W\x85\xe6\xd1P\xe4\x15\xfb\
\xccMVW\xb5\x8f0i\xe1\x88\x9d\x06\xdf{\xe7\x0d\
{\xe7\xc1\xa6\xb5\x11\xac\x86We\x18\x98\xe7\xe6\xe0@\
FQ\xd7R\xeb\xa0M\x18{\x11'}7MYd\
f\x92\x9a%\xf1\xe2\x1e<'\xda\x0e\xe2'&\x12]\
\x02\xf8\xd5\xf3\xcc\x0e\x07I\xfb\xf8\xe4K{\xb1\x87m\
=C\xcb\x88\xa3O\x14d\x84\x8a4\x0e\xfa\x15\x5c\xa2\
\x17\x13qS\x11\x084\x886\xe0\x8f\xc4\xbdB>I\
oz\xf1we\x1c\xf9\xb6\xe2~\xc26m\xbd\x8b\xda\
6\x99\x05\xa2\xb0\xa8aTZH\xf8?\xaav\x86_\
D\x02\x12\xf6\x09A4\xd6\xd1\xe9\x88\xe6\x07D\xf7\xa0\
\xad\x0eN$\x5c\x80Y$\x111,\xb7/\xad$\x9c\
\xcb\x0a\xa8\xc0\x1d\xb5\xcc8\xc3\xec\x11\x89#\x96~\x8f\
\xf1\xec6\xebv\x7f{\xd5noo\xb8I\xc5\xe1\xc4\
\x1d\xdb\x9aE\x1e3\xd3c\xde\x86\x16\xfb[][\xb3\
{wn\xdb{\xef\xbem\xbf\xfe/\x1f\xd9\xef~\xfb\
+\xfb\x9b_~h\x1f\xbc\xf7\x96=\xba\xbdm\x9b\xfd\
&\x17p\xec7\xe7\xb6\xd6\x9a\xdb\xbd\xd5\xba\xfd\xe4\xdd\
\xd7\xed\xc1\xc3G\xf2\x8f\xf8\x82\x8c9\x0a\x0c\xef\xa5i\
:\x98H\xa1I\x03\xb6\x03w\x09c\x85\xe6\xc1\xb2\xac\
\x14\x15\x8eTY\x1d(\x9c\x0e8\xac\xcc\xd6\xd1o0\
\x939Mp'\xba\xfc\xa4\xa0=\xcb\xb6\xb2\xbeek\
\x1b;\x89V\xb5\xad\xd7\xc5,q\xb4\x15{\xb5\x08\x9e\
$\xc8i]/E86\x0d\xbb\xa3&\xe9\x95\xedb\
\x00\x0b}Lm\xfav\xb9\x9a\xf1\x12|\x8fK\xa6\xc9\
\x96\x9a\xb8\x89\xb1\x81\x90\x84(TDdi\xff\x0fh\
.\xca\x95@\xa4,\x9a[\xd0b\x1f\xf3K\xe0.\xea\
\x99\xddr\x14\xa7\x99~\xab\xfc]\xd3\xab\x19H\x89D\
\x81X\xde\x80|\xf4L.\xe8\xd2\x8d\x90\xc59!\xc5\
$|@d\x01mi\xa7#C\xf1<\xc5\xae\x84\xa3\
cuD\x0d\x10\x8f(\x8748\xabk\xdc\xa8~\x19\
\xce\xb8\xfe\xaaq\xa3\x15p\xf3\x9a\xef\x111\x83\xed\x10\
\x11Y\xcb\xecl\x0c\xc8\x12\x9d\xee\x180\x0cT\x00\x01\
$\xf2\xb9a\x19\xecvw5i\x8c}\xcd\xbc\xa5\xc9\
'\x88\xaf\xee\xcd\x80\xc3h\x8f\xabu\x9e\xf1w\xb5\x9c\
\x19\x0c\xa9n\x06V\xfe\x15\xe5\xabID\xf7\xe6Db\
[\xfe\xbe\xe6\xc0ID\xb9\xd2\xa6\x9c\x1br4\xd2\xd9\
\xe8\xdaG\xc18b\xbf\x87`&\xc1<\xb0\xa6\xcf\xc3\
{\xb7\xed\xfd\xb7\x1eX\xb7\x1dD\xbd\x98\x97a\x18z\
\x110\xda\xd1\xa1A4d\x97\x97&Q#\xbc\x04 \
\x87\x7f\x84_\xcd\xeb2\x07*\xeb~}\x8b\xa4fE\
n\xa9?\x10L\x81\xad\x8e?\xfe\xf2\xb9}\xfc\xd9\xe7\
\xdc\xb52\x1c\xe32[\xc9t\x15L\x85\xd9\xcdX \
\xc4\x8c\xbe\xa2Y($\x7f!\xdaU\xf8\x0bB\x1f0\
\x8d\xf4\xdd\x98\x08\x11C%\xfff\xae\x7fDX\x07\x0a\
\xc4{\xc0\xb8\x04\xfbB\xf6\xd0@\xc0\xe8d\xc2\xca\xcc\
\xa4`$h;\xb4\xea\xa7\xcf\xf7\xec\xc9\xcbcno\
\xc0q\xa8\xc7\xfb\xdc\xaf\xe1ZE0\x00\xed\xd2\xa8\xfe\
$\xf3\x06\x9c\x00\xd5\x01G\xf8\xb1\x85\x06\xe3c\xe9\xbf\
%\xbc\xa6\xdf \x1cx{\xb5i\x0fomP\x90\x03\
l\xc4\x86R\x88|\x94\x99F\x9a\x01V\xc4\xee\xf6{\
vk{\xcb~\xf4\xd6\xeb\xf6\xdb\x9f\xff\xcc\xfe\xe1o\
~n\xff\xf0\xdb\x0f\xec\xaf?|\xd3~\xf6\xc6\x8e\xbd\
\xb6\xd3\xb5\xb5\xb6V\x14\xc6;\x19\xf1U\xc7&YX\
U\xb8a\x0fo\xaf\xdb[o\xbe\xc9\xedu\x17\xfc-\
\x8c\xfe\x12\xf1\x0d\xe6\xc1e\xdeK\xd3,q6\xf2\x22\
\x0eP\xf0\xcbL\xf4\xe6\x8c\xfe\xb8Z\xa7\x5c>\xaf,\
\x8b\x1e@\xf0\x5c\xdd\xda\xb5\x95\x8du\xebv\x96\xe9O\
m\xb5\xc1\x18\xa4\x89\xc0\xb9N\x8d\x09\xcc\x16\xd3\x06\x12\
\xed\x22\x03\x06c\xe7\x0c\x7f0\x1b\x84A\xf7\x92\xc0\xb6\
B\x931\x96}\x81\xe6\xd6_]\xb1\x95\x95\x9ef\xa0\
\xf7\xa1\xd9\xc1\x17\x92`\xebR\x9bQ\x05\xfc\xc6 ^\
\x85m\x07\xbe\xea>`\xe0\x0ca\xc4\x05\xdcW\x90\xeb\
\xc0\x94+T[\xc2\xff\xb7\xe0\xc2\xab\x19\xc8\xb7%\x7f\
_\x9c\xf0/\x90\x8f\x17\x021\xbd\x9e\x8c\x05Y\x1f\x16\
\x1cS\xb6h\xa9\xf8\xa8\x07!\xc0\xbaX\xf3\xd4Q\xb1\
\xc47\x08\x0f\x97wN\x00\x03\xe2\xd6\x06gn\xa2\xe3\
\xa5F\x83(\xe2\xb7 \x1a0g\xc1\xb4\x81\xd5}\xb9\
N~\x12\xd78\xdf\x83(\x82I>h\x136qI\
\x1c\x1e\xf6\xdd\xf6\x1a\xf7/\x86\xd4\x10ZHH\x18\xf2\
\x7f\x04\xe0\x14u\xf5E\xa2\x0d\xd1N\x9a\xc8U\x09\xc7\
\xeb\xf0f\x9c{\xaaJ\xd7\xd3\xab\x99\x88\xd7;\x01\xc7\
\xb3\xf9|\xbc\x1f=\xc42\x08\xb4\xb7\x9f\x9a\x07\xcab\
\x14!\xb5\x85\x7f#\xb2\x96\x88\x90\x84'{\xb2\x1c\xe7\
\x94\x08w\x13\xc3\xc6\xfbH\xb0D\xd4\xf1:\x1ci\xba\
\x9a\xbb\xfd\x16\x22\xb1a\x0fz1\x11,\xbd\x00\x879\
\x02\x19\x9a\xaey\xa0\xcd\xd06\xd5v\xfd\xc7\xbeC\xff\
\x90\x89\x88\x80\x91\x01\xe1~\xf6!>\xb1f\xfb\xc7c\
\xfb\xc7\xdf\x7fl\x07\xfb\x1e\xb6{\xaeu\x84\xb8\xaf\xb9\
G\x5c)\xfcQ\x8er\xfaF\x5c\x8aGDS\xact\
\x1b\xa1\xb3\xe1\xcc\x0e\x8c\xc9\xcc\xa3\xc4\x9e\x85\xf2\xb7'\
\x11\xf2\x0a\x09\x03\x17\xf4l\xc7\x03\x10x\x1e\xc3\x9c\x15\
\x8cB\xf0O<p\xd3[\x19\x99%\xd3\xdb\xa5\x1d\x1d\
\x1f'-d\x8f\xfbz\x10D\xe6\x1a\x17\xa7\xf9\x19<\
\xc4\xac\xe53B\x92\x89\x07\x97\xd5\x16\x8d\x84\xc6\x0d\x0f\
\x09x\xc3\xef\xc2\xc1NM\xb3\x86I\x89fwwV\
mwc\x8dB\x06M\x9f.p\x00n0\xd9pc\
}\xd5\x1e\xde\xbdc\x1f\xfe\xf8m\xfb\xfb\xdf|d\xff\
\xfd\xb7?\xb5\xdf~\xf0\xc8~\xfch\xd3\xeem\xb6m\
\xbd\x87H18\xe6\xeb\x5cr\x05K\xb0\xe0\xd9\xf0\xe7\
\x80\x89`F<v\xa5\xec$\xa2\xfa\xc6k\x0f\xecv\
\xd2\x5c\xb8TG\x0e\xe1\x85\x84\xee\x1a\x90k$\x9a\xc7\
\x14\xc13\x8bK\xbd\x0bO\x85\x17\x95\xa5@\x99x\x12\
\xd72\xfe\xea\xfe`\x10a\x81\x88\xa8\xaek\xb4\xa0\xa0\
\x07 \xfa\xfduh\x1f \xf0M\x9b%\x81w<R\
\xe88~\x0b|\x82I\x8e\xef\xc6\x80P\x83Q\xa4\x16\
\x05.\x06\x22\xc0\xfc\x87\x15\x90\xe5\xdbAhtw\xa5\
o\xbd\xc4\x90;\xbdNz\x07\x16Y\xc4w\xe39\x00\
\xae\x09a>\x84\x1e2\x03\xc2o\x95\xc9HXvX\
#L\x08\xce\xe5<\xf7\xec\xe3\x9daU\xc0\xebG\x07\
\xa0\xef\x90\xbe\x9d\x81\xf8\x832R\xf0\xd4_\x10\x0d\xa0\
\x9d\xc1\xeb\xfd\xbek\x99\xf5\xfe\x81\x97P\xbf\x04\xb0 \
\xfc\xd0P\xe2\xc3\x11#}\x8au\xad\xa0\x85\x18\x08\x16\
\x1ceu'0\x90\x82\x83X\xc9\x9eH\xb5\x96\x91\x18\
\xd4\xcf%)%\xe6\x82A\xc3T\x7f\xd8\xc5a\xb6\xe2\
&Vx?n\x02\x90\xd4\xb4F?\x16^\x5c\xee\xac\
%\x09\xa2\xeb\x80!\xe0!@\xd5\xe4\x94d\x1d\xcea\
b\x09\x02\xcd,\x0c\x16\xb1\x13\xc0\x11;2\xd0FY\
X^1\x16?F\x0aJ\x90O\x8bk\xf9<~S\
\xbeS\xcf\x0d\xe7\x1e\xfb\xca\x8fa\xc2\xd2FQ\x95\xd6\
!s\x95;\xcf\xa1.C\xb2s\xe6\x81\xbe\x03S~\
p\xf7\xae\xbdv\xef\x0e\x19x\x0c\xb9\x8e\xfe\xfe\xb9\x18\
{h\x0f\xd1\x16}\x86\x22\xaf\x223\x22\x8e\xc8-\x86\
\x22i\x18\x12\xb23\x0d\x93f\x83'\xa3\xfb\x04A\xf1\
\xddfgS\xb3\x7f\xfa\xe4+\xfb\xfc\xf1W6\xe1\xf6\
\xc50WAj\x97\xef#k\x1d4c%\xe4\x85\x1f\
\x04\xc4\x97\xe6+\x8c\xbb\x08p\x10mi\x06\x82\xbb\x10\
b\x16\x88?\xe1=Z\xf0]Su\xbfJz^\x05\
\xf7\x80u\xc0^H\x7f\xd2F\xb49\xd5\xcc\xfd\x1db\
r\xd2B\x82\x81\xe8;P\x87\xf8\x7f\x04\x0f\x9c\x9c\x9e\
\xb1\xbf\x02\x1eh\x9aB\xdf\xd7+\xcd-z\x11\xef\x15\
\xe3\x97#\x18\xa1\xd5\x88\xd4\xc2\xfc\x10\x84\xf9\x86\xbd=\
\xf0Z&HM\x10\x0d\xdf\xca\xceJ\xd3\xde{m\xdb\
nmi1\xbf~\x92\x86\xb77W\xed\xb5\x07\xb7\xec\
\xa7I\xc8\xf8\xed\x87\xef\xd9\xef~\xf1~b\x1a\xaf\xdb\
\xbb\xf7\xd7mwe\xd9z\xcb\x98\xd0\xa8\xc8G\xb5F\
0\x8b\xf7\xc1\xf9\x8fv\x00?.\x93 7\xc5\x8c\xfa\
K\xdc7\xb3;\xdbk\xf6\xce[o\xda\xca\xea\xaa\xc3\
\xa9|q\xd2\x8c\x9d\x99\xa0\x1c\x02\x11\xf12\xb4\x90\xe2\
\x18\xf3C\x08w*\x93\x194\x9cA\xb8\xa97\x1c\xed\
\x95\x89K\xbf\x11\xf3\xa9\xca\xa2\x01\xa0\x07Q\x07\x01i\
91\x0f8\xcfWM\xcb\xf4\xcc\xa8)\x9e\x91\x81@\
\x10\xc6V\xcd\xd8\xe8I\xb4\x0asz\x86G{6:\
=!\xad\xe3\xe2\x94M\x98\xea\xda\xc2\xd3\xc4,\x11\xfa\
\xbc\x92\x18\xf2\xea\xfa\x0a\xb5\x90v\x17;\x15&&T\
\xc7\x9c\xb8\xf3\xa4\xd9b\xc30\x9f\xdf\x16\xa6\x7f\xc2q\
\x05\xe3\xf23\x0b\x8e\xa5e8,\x00\xde8\x18q\x9d\
\xb5\xfa\xbd\xc3\xaa\xdf\xe0c\xf6\xdd\xd3\xb73\x90+I\
\x0d\xca \xaa\x96\x80\xa68\x82\xf0#\xc0\x14\xc8\xed\xc4\
\x1c\x0c\xd2\x8e#k\x98\xb1\xaa\x19\xc0\x8a@ S\xf1\
s\xec\x93>:\xd9'A\xc03D\xa4\xc0\x1c\x10m\
%\xd3\x15\xec\xaf\xf1\xc1P\xa3w\x12\xd1[Y[!\
\x22a\x03\x1a8\xf5\x10\xae\x0b\xa0S\xd4\x8f\xa2\x190\
g\x04\x8c\x00\x9bJ\x01\x19\xb0@`\xb3\x9bTP\x98\
\xc5\x00l\xb4q:\xb0\x91\xd890:\x10\x09\xd0\xc4\
T\xc2\x1e*-\xa4Bf\x9d\xa3[u\x0c \xc5G\
\xf0O\x94\x96&\xafW\xa5`\x22\x99y\x10\x09ET\
u\xa6\xe7\x07C\x0b\xe6\x97}\x1fP\x93\xf1=d\x16\
  .\xb5A\xd2\xa1$Wj \x92\xeeP\xdeJ\
\xd2\xe6\xfbo?\xb2-\xd8\x1b\xe6r^#\x8a\x87\x93\
\xff8Va\x96b\xeb\xc4\x08\x82\x88\xe1^\x07\xd4\x0a\
\x00\xfd[\xbd\x0f\xa8e\xb8\x14G\xe4\x04\x92\xf3\xa8k\
\xec_|\x99>\xd7\x9e\xed\x9d\xd8?}\xfcY\x12*\
\x862I9\xb3X\x88\xc0B\xe6N\x83a\xae\x0a\xcd\
\x03\x84ZR>MC\x84\xaf0\x1d\x09>\xa5\x11\x07\
\xa1G{\x1d\xbeu\xf2g\xa4@B\x10a\xe1\x06\xb5\
\xea\xacy@p\x0a\x06\x82\xb2\x98HhGd\x1c\xc1\
H\xe2;\x8aoA8\xfa\x8b\x97\xfb\xf6d\xef\x88\xe1\
\xcc\x00/\x82\x06\x9a\x89\xbe\xe2;Q\x07B\x17\xcc\xdb\
\x85\x97\xb9\xc3\x8d\xf7\xaf\xccZ\x1e\xc1\xc5\xb1\xd33p\
c\x14\xf5\xe8yb8fo\xde[\xb3_\xbf\x7f\xcf\
~\xf1\x1e\xf2#\xfb\xdb\x0f\xdf\xb4\xbf\xff\xf9\x9b\xf67\
\x1f\xbcf\x1f\xbc\xb9e\x0f\xb7[\xb6\xda\x06SR?\
\x9e\xcf\x14r\xadu\xbbH\x0a2\xa1\x82\xf9\x18\xfb\x8f\
$\xba\xe8\xccN\xf0\x81vA;\xc1\x9c\xa3[\xbb\xbb\
Y\xdb\xd0,xh#\x10xd\xc6b\x88+\xe0\x1c\
\xb0\x1dL\x02xM\xa6!\xdc\x0d\xe2\x1fpVi\x19\
\xb5\xaaL<\x16\xbeJsw\x18\xa5 V\xe2\x15\xde\
\xe7\xcfu\xe1\x90\xcb\xaf\xaf\xed$Yj\xd9NO\xce\
\xecp\xff\xc4\xa6\xe3s\xfe\x06k\xf4M'cb(\
\xcc\x88\xd8I\x13{\xce\xb3o\xa6C\x9a\x910\x1e\x10\
\x85\xe5\xf7\xc2\xde\x1e\xd8+\x04\xa1\xf2\xd8\x8a\x22\xc1P\
M\xc2\x1b\xee\x9b^`\xbb\x8a\xf4\xec\xcb\x11\xb7\x00g\
\xf8\xaf\xc3\x10\xe7~\x04L\x11\xce\x5c\xc3\x06\x8e\xe6z\
\x17`\xc8\x5c\xd0\x0a\xbcY\xe7L\x0e\xeb\xa5\xc0\x138\
Q^\x7fUz5\x15\xbb)-<\xd8\x11\xc5\x81\x83\
\x9a\x04*]\x92\x91\xe4\xe5\x1f\xe3\xe7\x99\xe3\x15\x88\xcc\
\x8f\x9eW\xcev\x98(\xce\x06\x07\xa9\x83\xc6\x5c\x1b\xbf\
\xd5\x86\xe3\xdc%\xe6\xa4*\xb6:-NNB\x18!\
\xc2uA\xf8\xe6X\xf4\xaf\xd9KD\xbfI\xa9\x04\xce\
\xacV7i\x15\x0d,},\xe2\x88\xe7\x80\xa3\x13\xb1\
kZ7\x08\xf6Ej \xfd\x0d\xc6\xb5\x87#\x8e@\
\x04\x86\x01@t\x80\x0c\x09\xa4T\x95\x09|DZ \
\x81\xdf\xef\x84\x92\x1aKP}$b\xa6\x97\xfd\x5c\xe4\
\xf2\xe6\x14L\x04\x89s\x8a\xfc\xcf@=\x9caU*\
\xba\xb7\x09m\xf36*V\x1e\x1a\x9ck \xa1\x8dD\
&\x13\x91-\x19\xe7\xed\xf4\xfd\x8f\xee\xdf\xb17\x1f\xec\
r\x03\xa3%F\xf4x\xa4\x947%\x08+$gh\
\x8bX\xef\x07\x0b\xc5a\x99p\xac\xf0\x0aE/\x96t\
\xa74Kj\x1a\x00\xe80\xe0gL\xde=\x91\xf1.\
d\x94\xcf\xc6\x97\xf6\xc7\xcf\xbf\xb2'\xcf^\xd2dE\
M\x03\x8ccA\xf3\xb8\xea\xfb\xa8\xcc?\x8a\xc4\x0b\x93\
\x15`L\xb0\x06\x8a\x96\x91$\xe0\x99\x8d\xaa\x10\xe9_\
\x95\x5cp\xc2\x1fa\x9f\x11/b\x22\xd1\x06!\xb9\x04\
\xa7l\xca\xca\xdaG\xe5\x5c\xaf\xfc\x22\x97v<\x18\xd8\
\xa7_>\xb3\xc1\x08\x14\x19\xef\xd1\xebB\xb8\xd0'U\
}\x0c0\x0f\x81M\xdb\x04W\x19\xf7\x10\x1c\xd5`\xb5\
\x19%\xff\xbd?\x92c\xd1o7\xec\x9d;k\xf6\x8b\
\xb7w\xed\xe7)\xff\xf8\xfe\xaa=\xdcl\xd9fG\x93\
\x17\x11V\x1cc\x86L\x822\x97\x9f\x83\xed\xf7\xfe\x0e\
\xa1\x003\xe8\xb1\xc4\x0a\x823\xdaXt\xc2\xeba\xe3\
\x87I\xec\xde\xbd\xbb\xdc\x1b#oh\xe6\xa6\xd7\xcc(\
\xbc,\x18w8\x0f\xa2\x9f\x09\xbf\xe3o\x16R\x80\x97\
\x91]\xfb nK\xa3X\xc0u\xff}\x16\x1a\x03\xaf\
\xeah,\xde\x93\xe8\xc6\xca\x9a5Z+\xec\xdf\xb3\xb3\
13f\x8ds\xa6x\xe6\x9a3\xb6\x1d\xfd\x0f\x93U\
/\xfd\xa6V_\xa6&\x0d\x8d\x04\xdb\x0fc\xfeGl\
5\x8dQ\xd3\x12&p\x94O9\xad\x01B\x05Wo\
\x18\x0fm2:aPP5\x15\xc2M\x9c,_\xc9\
>\xc6\x02\x0a\x85\xaa+\xa8\x03\xb4\xd7s\x01+\x01\xf3\
\xdfF\x8f^\x95nd \x0bH\xe4\xe5@}\xfe\xcf\
\x17\xa3QQ\xe1\xb7\xb1\xcdh \x1c6\xbaG\x0d-\
?\xb0b08\xa7\xfd\x95H\xa5\xeb\x00\xba\xb3\xc1\xbe\
MO\x0f\xf8@\x10?0\x8e\xd4\xcb\x22\xfexv\xfa\
NH\xd1\xd0D I\x1d\xef\xeds;OL^B\
D\x04\x18\x0f%\x85\x0e\xf6\x02i\x130\xa0Zb1\
E\xf9U\xe6<\xf6{P\x1d{d\x22X*93\
\x04g\x0e\xa5T\x12\xfe\x90\xd0(B\xba\xd1=\x0e\x98\
d$A\xd8\xa3,\xcc\x8a\xc1a)\xb0\xadLW\xcf\
\x0b\x14\x0f\x22\x81{\xc8\x9c\xe2\xd9l\x83\x8e\x19y\x1c\
\xc9\xaa\xb0]\xf9?\xb80\x1e\x9cw@J\x98\xad\xb8\
\xc7G\x84\xed.\xdb\xf6\xd6\xa6\xfd\xf8\xadG\xb6\xb9\xd2\
R\xd8n\x1e[\xb5\x03\x88N\xc7l\x8d\x16u\x8d\xe3\
\x0c\xe1\xd4\x90\x90\xb073\x88\x9d\x18\x0a\x96o\xe7J\
\xbcX\x8a\x81\xcc\x06\x19\xf7;l\xcdK\x02\xb6\x98\xf0\
Jh>_<\xd9O\xda\xc7\x176<=\xf5\xb0\x5c\
\xcd\xf3\xa0\x16\xe2\x0e\xf4\xf0{\x88\x89\xe0]:f'\
t0\x0f\x0a*\x82/\xa9\xf9\xca\x02Xo\xd3\xbfA\
\xd2s\xd4?\xf8\xc6\x8c\xa4\x84yoC\xce\xc1\xdc\xc0\
\xe8\xd4ViJ\xd1\xf6\xd0Nt\x0e\xc2\xf3\xf8\xe9S\
{\xba?\xe0\x1e\x1eTn\xe6\x90\xf6\xc1\xa8][L\
e,K\x82\x0d\x8d\xe0[\xe0\xfaId\xec\xd2 \xf1\
\xae\x12i\xab\x92\xc0\x8fp\xe5\xe7\xac\x9fk\x09\x19n\
h\xd5\xc4B\x8dp\x84\xc7\x0f\xf4\x1b\xdc_-Y\xa3\
\xaf\xc7\xafQFwhN\x0c\xb2\xbf\xc4\x7f\x8b\xe74\
\xa0\x8d4\xc0T\xb4\xf4J\xbf\xd9\xb0\xfb\x0f\x1er\xae\
\x16\x1c\xcd\x11\xec\x11\x93\x85\x95\x9dQd\xf8Vy\x81\
98\x9e\x86\xf6Q\x95uMZ\xf3\xe2=\xd2\x90\x85\
C\x81[\xc4'\xd7<\x82\xa9\x80\x9e@\xfb\xb8\x98\xb7\
\x92f<\xb2\xd1hb\xe3\xc4\x0cN\x8e\x8f\xc9\x18\x12\
\xa1\xe0\xb8`u\xf0\xc1\xd1\x81\x8d\xce\x86\xdc=\x15\xe3\
\x08\xbf\x07\xb4\x93\xe1\xc9^\x1a\x9b\x11\xdb\xcc0\xe9\xf4\
\x5c\xc0\xb3L\xba\xa2q\xd0\xd6`I\x98\xd7\x96\x123\
9M4\xf1\x90\x82TXj\xe4W\x0b\x8bNE[\
\x17a\xae\xa4\xb5\xa2\xb7\x1c\xd6\xfc\xbfr\x86\xd7\xf2\xf8\
\x1d\xd3\x8d\x0c\xe4;%\xbc+\xfe\x08\x1d*\xcf\xfc\xe5\
\x92\xb6\xe6\xc5\xc7\x15\xd9\x11\x88\x00\x1d\x1dB\xe4V\xfd\
\x18\x5c\xfd\xe8\xc5\xff\xc7\xde\x9b0Iv\x1cg\x82\x9e\
uef\xdd]}7\xfa\xc0M\x02\xd4R\xa28\xd2\
r\xb4\xa61\xdb1\x1b\x9b\xb1]\xdb\xd9\x9f\xba+\x0d\
g4ZQ\xa2(Q\x04)\x8a\x04q\x10\x00\xd1@\
\xdfwU\xd7]\x95GUfn|\xdf\xe7\x1e\x11Y\
\xdd\x0d\xa2\xc1F\x83\xa4\xf4\xaa_\xbf3\xdf\x8b\x17\xe1\
\xee\x9f_\x11\xc1\xc1\xc4@\xfc\xf0\xd9\xaa\x07\xb3\x1a\x97\
\xe3\xe1\xa3a\x0d\xb9\xd4\x98Jr\xde\x9a\xe8;\x92\xce\
iZI\x0d\xd7n\x00\xa4C\x8d-\x03\xe1\x82\x1e\xee\
(*\x86y\xc0\xdaLD\x0a\x7f\xe3T{!i\x08\
\xcb\xcc.\x91\xf9[\x82s\x12\xcc!\xa0+\x9fj\xb5\
\x9f\x87R\xa8\x80#\x9d \xc3\x14+\xe1(p\xf8\xf1\
\xafYt\x0f\xb9\x8f\xcf\xe1\xef\x83\xa0\xf9\x5c\x95Q\xbd\
r\xa5M)F$\xb7\x15\x87d\xf7\xd8G\x9d\x12I\
0qW\x16\x02\xa2/_\xba`/\xbdp\x8a\x1a\xa2\
\x88\x0f\xf4\x09-\x12#\xed\xa2\xfe`%\x8a \xb1d\
W\x88\xbbJ4\xca\xeeH\x8a\x03V\xb4\xeb\xa8\x00\x0a\
\x04\xda\x01]Kz6\xdfA\x06(\xc2\x10\x8f\xc6\xd7\
n\xed\xf6\xed\xbd\xcb\xb2>\xb2\x9b\x8a)\xd8%\xd6\xa1\
> \xbe\xcd\x00\x22a\xcb-\x051h\xca\xdd\xa3\xce\
`\x22\x5ci\x88G\xd9D\xd7\xbf\xe8\x12t\x7f\xe4\x19\
8f\x9d\x14\xfa\xa7e\x12\xd6\x05h\x93\xf4\xe9e\x0f\
+*\x801\xbe'\xd5\xe1\xda\xfa\xa6}r\xe3\x9e\xed\
\xf6d]\xc0U\xa4U\x1d\x07\xe1\xfe\x80\xbbKn\x0e\
\x81F\x08\x8f\xaa@\xfc\x17@\x1a\x95\xc0\x98\x08\xc9\xd3\
i\xd2\xdb#/\xba\xcc\xff\xbc\x16\xf5iq\xd9\x7f\x8b\
-\xf8\x92\x8f\xc3>\xd6\x09\xb5/\xdd\xa1T$\xf0n\
]\x03\x88\x00\xa08u\xef\xf4\x88\x99_\x17\xce\x9fO\
\xbc\xa9\xac\xca\x9c}EK\xc4\x95!\xae\x0e&\x14\xec\
\x85G\x15\x7f\x93\xe50\x06\x06\xe4\x19\xadR\xb8|\xcd\
\xaeh\xb76\xb0\x1fn2\xf2U\xf0\x97\xee\x99\x9b_\
\xb2\xb9\xe53\xe4\x9b\xe1a\xc7\xfa\xfb\xbb\x1c\xba\xbd\x8b\
\xd9Q15\xf7^\x02\x8c\xdd}\x0e\xc9\xd4\xd9\xdb\xb2\
\xfd]\x8c\x9a\xa0I\xa5\xd0\xe6\x88\x9f\x0c\x0f\xba\xd6\xd9\
\xdePV\xe1\xb0\xc1@:\x80\x09)\xd3\xc8\xe4BF\
\xd7\xdc\x5c\x0b\xb5H\xf7mww\xcdvw1\x9dw\
\xc8\xcf\xca\x8a\x0d\x9a\xca\xd7\xb4%\x8d\x83\xb92\xed\xa9\
\xce\xf3\xb5h\xbf\xaa\x91\xeb\xe6\xd6\x89\xea\xdaQ\xba\xf6\
\xe5\x89\x00\xf2\xb8\x1f\x88\xe0\x04\x14\xfev/\x98\x17r\
(\xcb#\xfb\xe4\x82i\xfc8\xd02\xf6\xf3\xca\x0ap\
ml\xa8.\xfb;\x1b\xf7\xed\x10\x03\x87\x0d4\x0a%\
\x82\x8e\x04\x0f\xb8\xb2\x92\xf0C\x16Us\x1e\xa3\xea*\
kc\x06YUi\x1f\xa0\x03\x13\x10\x9a\xb5\xf4\xa7d\
m\x80\xa8\xa8\xa5(\xfb\xe3\x80\xf3!@\xf3\x99\xb4\xa5\
\x05dt-\xd8\xcc\xfc\xb1\xd4hs\x0e\x0e\xb1\x06h\
T\x04\x98\xcd\xdc\xfa\xbe'\xafxgl\xcb\xaacp\
X\xfcq\x89s\xb1\xd6\xbf\x0bK\xe3\xc8\xca<x\xec\
g\x80S\x1cD\x99\x1d\xb0<<\xf8\xc8L\x1a0^\
\x04&\x0bs\x9e:\xb1\xc2\x99\x061)\x114H\xcd\
A\xee\xda\x0b]0\x02\x13\x09|?\x9f\x05\x10\xb4\xa6\
\xb0\x8cP&\x05\xc91l\x09@\x9ae\xb7b5A\
\xa8a\xe8\xf7~j\x03\xac\xea1\xedZ\xf4\x10\x81\xf3\
\x91}xm\xd5>\xfa\xe4\x86\xcf\xf5!\x17\xd5!\xac\
\x8b\xd8\xe76\x04meuD\x1c\x81n\x9fq\x9a\x12\
\xed\x896\xc9d\x94\x84!\x5cE\xbf_t\x09\xe6\xc4\
s\x18\x8f\x08F\xae\xe8=\xde\xfd\xe8\xea\xae,\x07\x92\
\xe2\xd6\x0a\x10\xf4\xef\x19b\xda\xe6\x8e}z\xfd\xb6\xdd\
]\xefZ\x7f\xa8\x01\xf6\xf0\xe2pU\xe1\xab&\x5c1\
Q_\x9b\x10\xea\xde\x06h\x1c\xf4\xe3BQ]\xc0\x93\
\xf4\xb0\x93\xdbT\xc2F\xe7\xf5}|\x8e\x8b\x03\x9e\xc2\
1\xcf\xb3\xcb\x9c\xfer]\xa2\x16\xe2w\xba1\xe6\xb4\
'\x88\x8c@\x03\xea\x0d\x8fc\x91\x908\xb5\x95\xac\x1c\
\x04\xe2_{\xf1\xa2--\x22\xfb+b\x1dN\xd3T\
\xe8\xaa}\x17\xee\xa2\x7f)t\x05L\x1e\xe5\x95GW\
<\x07\xdb'\xfdf\x9c\xcf\xe1\xf1X\x5c9\xc5\xecM\
\xcd\x0c8c\xdd$\x9b\xf6\x93\xe5\xd1IVH\x0f\x93\
\xdbm\xad\xda\xa0\xbb\xe3\xbc7G\xd0\xa4kk\x00\x8b\
\x1c\xa3\x84'Kd\xa6\x9dh9Y-\xab\xb7\xec\xe1\
\xdd\x1b\xb6~\xff\xbe\xed\xed\xecs\x18\xa7\x83\x9e\x92~\
 \xa3\xb6w\xbb\xb6\xbdv\x97\xcat\x9fs\xdc\xd7\xf4\
\xac\xfdB_G\xe9\xaa\xa6\xfb\xa1\x80\xa6j'\xf1\xae\
\xe8\x87\xe2\x9c\xff\x956\xfc\xbc\xcb\x13\x01\xe4\xf3,u\
!X(\x88\x9b\x9a\x90|\xbfv\x1b\x84&X[!\
B\xd4\xd8\xe2\xdc(!\xef\xb6\xf5\xb6\x1e\xe8\xc3\x0c\xa6\
\xb0\x80\x84\xda@CSHBsF\xaa\x1b\x03\x82\xd0\
\xba1\xd7\x01]*r\xab@k\xe0P\x00\xee3e\
\xff\x8f62\xb7\x1a\x0c\xbcN$3q6!>\x82\
\x5c\xd3\x89(\x16\x16\x8f\xb1#O&\xce \x9e0\x9d\
+\x02\xcd&.V\xb7\x08\xb2\x99Ls\x18\x8c+\xeb\
\x03\x5cT@Cu'\x06\x14s?\xba\x04wc7\
\x04p\x0d&\x13T\xebh\xf90\x80(?\xb0\x82\xe6\
\xb5\xb9\x8f5r\xe8\x01\xbcUV\x0b\xac\x93\xb4\x22\x0d\
\xf1\xb5\x97/\xd9\xf93\xc7\xa8\x11\xf2}.-\x82\x96\
\xa8E\xf2\xbc\xca\xed4'\xc2\xf3\x8e\xa5\x8ay\xc8]\
B\x92\xf0v\xc3oP\x5c\xc6S\x1a\x8a\x0b\xf1\x19~\
\x0d\x07\xf1\x1e\x00\xc8\xcd\x07\xfb\xf6\xf6\x07\x9f\xd8\xeaC\
$R(p>6H\xa2\xc7;\xf2\xfe!zr\x17\
M=b\x06\xb5\xfbJ\xa9\xe2\xa0\xbf\xca\xf2 \x0db\
\xef\xe9\x18\xe6\xc9\x8b\xd7\x99\xb8\x91\xdb\xfc\x17\xfcQ1\
th\x92\x8c\xd3D\x99s\x0c'\xc0\xb1X&XA\
\xd7\xf7\x1e\xac\xda\xb5\xdb\xf78\x14{\xd41\x16\x81\x84\
Q\xd1`\xc5\xa27\xbf\xa1\xdd\xf4\x8d\xfc\xc3{\xeb\xf2\
\xf8\xe7\xa3\x1e \xe8\xc4\xb7Nwq\xddB\x91\xc0)\
\xdd\xa3;t\x9d\xe7\x09`\xf1{-\x92\x03\xa8{\xdd\
\x848\x09\xe8\xc0\x9fN\x9ab\xfb\xe3\xb2\xbf\x07\xc7\x08\
\xb0\x9f?{\xcc\xce\x9f?Gm\x9d1\x0e\x82\x08\xc0\
B\xbc\x19\xd9Ur\xd7N\x8ey\x0b`\xd2\xe0\x18\xf7\
\xcbz\x80\x8b\xc8\xaf;\xbf\xd2\xc3\xe0\x09\x07\x11@\xd7\
\xd6y\xbf\x11\xef\x08\x05M\xa05;\x07E\xf3\xb42\
\xc8\x0e0\xb2\xae\xea`\x88.\x03\x89\x0e{Iy\xc5\
\xe4w\xfd\xceN\xb2H\xb6\x12 `\xaa\xe5\x83d}\
\xec\xdb\x1eA\x00V\xc4\x01\x81\x13^\x80\xd1\xe80\xdd\
\xb7a\x9b\xabwl\xe3\xfe\x1d\xdb\xdd\xda\xe2\x5c\xea\x98\
tj\x1b\xc1\xf9\xf5-;\xdcO\xd6\xc76R\xd81\
$\xbc\xcb\xcb#\x8ay\xa6'_\xc5\x80\xde\xd6\xfe\xa7\
v\xc6u5z\xa6\x81\xd2\x00j\x8c\xc7,u\xbb\x1e\
]\x9e\x0a@\xf8\xb2\xa1\x03F~Y\xf1\xf9\xe6\x15\xf7\
\xc6\x07\xf95\x14^\xbd\xd1q>\x82\x9a \xce\xcaG\
\xcd\x0a\xc1\xbd\x03\xcei\xbe\x95\x10\xba\xb7\xaf\xd47j\
\xc6\x87\x98\xdev\x9f\x8c\x04!\x8a>\x07K\xc7\x97l\
\xe5\xf4Iv0<\x18\xfa\xc0\x8biew\x7f\x8c\x5c\
\xd9\xef\xd3\x05\x83\xa0/\xe2 Be\x05\xed\xc3G?\
?\x87^\x9f\x0b\xd6Z8\x96\xf6\xe7HX%\x05\xb0\
\x22\xb4J\xf3)~S\x81\x89\x04{\x98\xcc\x05<j\
k\xc3\xb0\x8f\xbf\x90\x9c\xac\xbeq\x10!\xdb\xfbq\x06\
\x98\x09u\xaa\xe4U\x7f\x1e\x81\x8d\x84>!k\x83 \
YL\xfc\x00\x88pS\xe5\x9e\xbc8\xf6q\xb0\x90\xe1\
r\xee\xcc\x19{3Y\x1f\xf3-h\x89\xaa\x1b\x0eC\
\xcdztZ\xf4\xf6&\xb3T\xca\x80\xb74\xb7(S\
4?\x80D\xf3\x9e\xa3\xfd\x8b{\x0a\xfb\x10\x22\xf5P\
\xef\x88\xb7\x84\xff\x1c\xee\x98O\xae\xdf\xb1\x1b7o\xd3\
\xe7\x1fYW9P\x1eAt\xb7D\x94\xaa+wO\
\x08Y) \x05<\x82\xd1H\x83\xfe\x1d\xb1\x1f\xcbg\
1\xc8\xd3/\xd5\xb3\xb0\xcb\xd7\xe5\x8aT\x19j\xc6\xf7\
\xfd\x5c\xf6AX\x22\xfe]\xfem\x00\x12\x04]\xd13\
\xfd\xc6\xad\xbb\xb6\xb1\xd3!\xe0\xa2n+jr\xfe\xf1\
\xef4\x81\xb2\xc6\xc3\x92\xa5\x17\xed\x10\x9f,p\x88?\
oMU\xd1\xd8o\x10c\xe1O@\x9e\xfe.,8\
7v\xcc\xfb\xfc;G\x016Z\xd0\xc6%9\x034\
,R\xc71\xdc\xd4\xf1p\xc4\xe1^\xbex\xce\x16\x17\
\xe6\xe9\x92\xca\x8a\x9a\x83\x04\x15\xb4\x00\x03\xee\x07/\xe2\
\x99\xaed\xe5\xf3\xfe\x1b\x82\x84\xf8\x98\xcf\xf4ge\x0b\
\xde]\xd2\xc5\xb2\x89w\xe8<z\x87\xcf\x1f;e\x8d\
$'@\x7f\xc8\x88\x02\xfd\xc1\x02CV'xO\xbc\
\x93dNw/\x01\xc3\xa6\xf5\xb6\xd7\xd2\xfe.\xdb\x83\
 \xc7o\xf5.\x08\x183ln1)u\xb3\xac\x1b\
L\x84\xd7I\xb2\xae\x93\xe4\xdb\xee\xee\xbe\xad>X'\
\xb0t\x92\x12\x0d\xcbS\xe0\x81v,V\x08\x15 \xf0\
,WY\xa1\xaa\xf7\x00n\xbf\xee<K\xdb3h\x10\
\xf4\x88\xc5\xe9\x80\x97\xf0\xbc\xa7\x5c>\x13@2c\xc5\
6\xce\xe7\x9d\x91b\x1e$B\x9d\xc7\x19\xe3\x84)#\
1\xae\x0b\x12\xac9\x05-\x98\x87\x952p\xed\xd5\xd1\
\xd5\xb7@\xdc\xdd\xedu;\xd8{\xc8W\xb1c\x0e\x84\
_\x928\x08Z\xednm\x8b\x00`a\xb8\xab\x84\x80\
\xc4Y\xbd0\xfb\xe9i(\x00\x00 \x00IDAT\
\x11\x95\xca\xc3\x94ON<$\x0d\xae\xd7\xe91G\x1b\
\xb7\xf0\xb9\xe9\xbev\xb2B\xda\xf3\x0b\x898\x969R\
(\x07Cs\x02\xa5&C\xa2BgC\x10&\x8e\x0b\
\xb1)\xf3J@\x83a\x11D\xd48\x161\x034\x8a\
5\x12\x80\x80\xf3hPg/\x9e\x12\xd8H\x1a\xc8\xe5\
\xa3K\x10\xb2\xb06\xf4\xdb\xa2-\x89\xf0\xf1\xae\xc8F\
\xc9LA\x10\x99\xf4>\x1e\x02\x90\x18\x03\xab\xb8\xae\xa6\
\xd9\xdb\xf5\xd5\x97.\xd9\xe9\x95\x04\x9a$0\x81\x08\xc7\
\x1f\xa3kI\xee&f\x82 \x18;P*\xaf\x84\xa0\
\x08\x96\xed\xcfo\x018\xe0\x09\xa2\x0e\xed\xd5\xe2\xa3\xba\
\x82\xcf\xcfk\xae\x05\xbb\xfbp\xd7>\xbc|%i_\
\x1am7,\x8c\xa3\xb3\x0cj\xd4Z?O\xad}@\
m=\xe2\x0a\x9a\xeb#\x043\xca+A\x09f\xca\xae\
7_\x8e\x90\xf6o\xb4\xe8\xb9\x91d\x80\x13\xaa+1\
\xb9\xde\x9b\xc1\x0d\x96\x07\xae\x130\xe0\xae*1\x11Z\
\x22\xd08y\xae\xb6J\xd4\xbf\xe0\xde\xfdU{\xf00\
i\xb7C\xd5%\x96\xd8\xf2u\xb9\xe6e\x1dF\xd9\xa2\
\x5c\x90\x1da!\xe4\x16\xc2\x03\xf4\xe3r\xaf\xb7\x18N\
C\x85\x81\xd0\x17\x0d\xab}I\xca\xf8)\x15\x00\xb5\xaf\
\xdc\x9b\xfeH\xff\xe33\x868\x16\xbf\xf1U\xb8\xae\xea\
\xe2\xf3\x15\xe4\x17]\xa1'\xfc\x0bgN\xd8\xa9S'\
\x19\xfb\x888cN\xc3%\x9d\x8b_8\xe4PN|\
\x01\x0f\x8a7\x0a`\xe07\x10\xde\xc1'\x02\x1b*{\
\x8c\x1b62\xdf\xe4\x98\xc8\xa4\x07\xe5\xb1%\x8f#x\
>\x9f\xac\x8f\x93\x06\xb7\x15\xea!\xe8\x1f\xddc\x03\x5c\
Q_\x8c\xd1\xb9\xfc\xea\xf7\xbbtkAq\xc6t\x06\
\x04\x19\xf0\x10\xea3)t\x9c~\x82\xa3\x14\xb79\xda\
8F\x90>LVLo\x7f\xcf\xb6\x1e\xaeZ7\x81\
\xc7\xce\xe6C\xf5)\xc9\xe0\x11\xf4\x13i\xe0\xa1,U\
q\x11\xcaQ\xb4\xaf\xf6\xe5P\x10\xfd\x95\xad\xca\x1b[\
\xfc\x89guN\x04\xfc\xeb\x97\xcf\x04\x90\xc7-\x01\x18\
\xf1\x9e\xf2\xbe\x00\x05i.:\x078\xc1/B\xfb\x12\
h\xc8\xf2p\xe6\x86\x19\xc8\x8f\x07\x01\xb9\xf6\xe5 \x82\
\x80Twg5U\xfe\xd0f\x90\x86\xdbnq\xc2\x9a\
\xd9\xb9v\x12x\x87\xa9r\xb7l\xf5\xde\xba\xed%\xd3\
o\x98\xccC\x1b\xf4\xa9\x0d \x93\x01\x83\x8e\xc1b\xd1\
h\x9a\x18\x19s\xc448\xcc\x0d\x81\xf7\x81\xa2\xd1\x90\
p\x01!\x00\xbf\xb44k\xed\xd9%k/\xac$+\
d\x9e\xc4Y\x08K&t\x04\xa9)\xa4AX \x0a\
\x0f^\x87\xb5\x92\x09\x1c\x04H\x02o\xe4\x0c\xae,\xfc\
\xd1Ti\x0bN\x92\x00u\xeb\x82\x7f\x13\xceX\xee\xb3\
\x06\xd8\x90A\xf5\xde0\xb9\x03(\x04l^6wa\
\xc9\xe5\x06\x8b\xc3-\x12Z\x1dn}\x00<&\x95\xc1\
v\xe6\xd4i\xbbp\xee\x94M50\xa9\xd0\x809\xe7\
1-\xad\xb4\x14\xd7B\x1dL(\x90G~\xec\xd7\xd1\
\xfe\x1c\x9a\xdd\xdb\x1b'\x08\x98\x95\xb0!\x18Rp\x84\
\xb8*[\x7f\x84\xedt\x87\xf6\x8b\x8f>e\xa6Q\x9f\
\x01\xf2\xc3\x9ci56T;\x81\x04.\x03)\x04\x04\
\x8c\xc8V\x02\xc3@0\xbb0&]\x91\xe6d\xd2\x13\
D|\x89\xb2\x16B~V\xcb\xa8\xf0\x04\xf7\xc91,\
C\xce\xc4\x02_\xa0\x1eQN\xf0\x03\x80\x03V\x82[\
\x1d\xe1\xd2\x0a\xd0\xc8\xab\xf7k\xd9J\xca\x13\x12\x0c\xd0\
3\x9d\x9f\x91\xeb\x15\xc2\xdc\x05\xf4HB\xb9\xaek\xac\
\xa1\xc0\x95_\xe8\x8a\xc6\xf1U\xbd\xa8\xdcj/\xb5\x9f\
n\xc23I\x13\xe5\x13\xb9\xa5\xf6\xcb\x8b\xf1\x16\x8f\xbf\
DY\xfc%\xac\x87\xf8\x1d\xca\x87\xd8\x88tL>\x93\
\xbfi\xa8\x8f\xca\xf1\xc4\x8f\xe8\xe5\x0e7u\xc0\x10\x95\
%\x07\x0b)S(\x9f@A\xbc'\x85NV\x84+\
y\xe0\x95\x00\x15*i\xe2g\x9e\xe3\xf7I\xe1\xab\x13\
P\x82\x9f\xe56\xc3P\xf93\x9c\xf3|\xa2\xb9(\xc1\
\x9cJ\xc3\x98bzv\x9eo\xe8\xb0g\x9c\xcf\xc54\
\xc3 >ph\x18\x17kH\xeb\xe2\xa0\xdf\xe1u\xd6\
\xc3\x10\xa3\x8a\xf7\xd3\xa5\x01e\x13\x5c\xcb\xedV\x931\
C\xb8\xc3:\x98\x85\x10\xee\xae>,\x12\xb8\xbd\x8a|\
\x14p\x81nDK\xa2w\xc8P\xd1y(H\x94\xbc\
\xd8\xb2\x1cAs\x0e\xd2\xde\x90\xa4\x1do7\x1e\xe7\xd6\
)K\x80\xcd\x93\x96\xa7\x06\x90X\xf4\xba\x11[\xbe\x14\
\x08\x1f\x12[0N\x5c;\xf2q\x9e=\xa0xH0\
\xbd\x08;W\xd4\x08\xc1\xf4\x03\xdb~x\xcfF\x87;\
\xc9\x9cm'\xc1\xde\xb4cK-;wz\xd9N\x9e\
>\x9e*}\xcaF}d4`\xd6\xb6\x06\x87\x01\x88\
\xe9j9#\x9b\x1dZ#1\x9d\xcc`\x09a\x8d\xeb\
\xe4\xebH\xc3&OO7\xec\xd8\xe2\xac\x1d?\xb5b\
\xed\xb9c\xb6|l\x99\xc3\xa6\x90\x08A\x5c\xae\xcd\xf0\
\x981\x87\xb2f\xed\xc8\x03p\x04\x1e\xd7p\x08\x00$\
R\xe7$\xb7Bt.\xc0\x03\xc7\xe6\xd7\xb1\x8d5\xee\
#\xdcp?\xde\x17&{\x80\x95r\xe4=\xfe\xe1\x00\
\x11`\x12\x01\xf3\xe9|^`\x82 \xe5+/^\xb4\
S\xcbm\xd6A\x92[\xea\xd3\xc1\xa93\xe5\xee\xc3~\
\x10PvgP9\xd0\xb9\x00\x19\xd1\x9f\x13Z|\x87\
\xd3D\xfe>\x5c\x1a\xe1\xb2\x0e\x0a\x98\x00\x8c\xcc.\xdf\
X\xb5w?\xfc\x94>`\x0e\xe9\x01M\xce;\x0df\
 !\xb0\xe0\x18\x82\xb6\xb8\xb0\x18<\x87p\x85\xbb\x07\
\xca\x07\xe8\x89\xb4\x15\xf4&:\x0b:\xfd2\x17\xf2\x04\
w\xa2n*\xfe\xa0\xe0\xf6\xf2\x80\xc6\xa1@\x050\xd3\
7\xee\xe0\xc7\x15`\x017lq\xcf\x85;\x0bA\xd9\
[\xf7\x1e\xd8\xfaN\x97\xf6>\x96,\xd49\xbf\x83\xd7\
\xb1\xde\xa6\xf6\xf1r\xb0\xf9x\xad\xc42\x14\xf3\xaaW\
5#\xad\x05\xde\xe9\xcd\xa9\x9f\x16\xf2T\xeb\x96\xc5_\
\x1d\x16I\xa4|\xe3\x7f\x1a\xdd\xf6\x98\xe7\x98\xdc\x9a\xb9\
c#\x5c\x9c\xe9\xe4R{\x9aS\x09\xac,/\x17^\
q>\xd2[\xc5k\x85O\xea\x15\xfc\x81\xf7;\xaf\xe0\
\xb9\x0e\x0a\x99\x87\xb2\xe5!\xf7o\xb8\xb7\xa4\xa4\xb9\x12\
\xe8<\x8c9L\xe6\x8f\x9dN\x0a\xec<\xef\xe9v\xfb\
\x8cS\xc0\x12\xd6\xfb\x01\x1aa\xd5\xe1\xd4\x04\xeb\x9a\xb3\
EN\x0aD\x06\x07=Z\xcd\xa8\x0d\x95\x0d\xb5\xa0\x11\
{Q\xe6I$\x02\xb5\xdaL\x08\xc2\xdcH\x87]\x81\
\x08:&\xd6\xd9\x84R\xb6AK!CEOc\xb1\
\xe5\xd8:\x90\x85\xb5\xa4\x8awj\x18\xa9]\xe2OW\
\xa2e>\xff\xf2k\x01$\x0b\x06\xdf\x92\x08\xf2\xc5\xf4\
/\xd23\xf2\x22\x92fa\xfc\xe32:\xfa\x87\x85&\
f\xbe\x15\x03\xb9\xc6\x88\x8a\xe1\xb1\x84\xc4\xee\xf6V\x02\
\x91\xfbI\x10\x8e\xec\xe4\xca\x9c\x1dO\x02\xaf5\x83\xe9\
9'\xd5\xcf#i(\xe0\x99pQ\x80\x10\x01 \x1c\
g\x86A\xe3\x09Z&S\x0d\xa4\xd0i\x02\x1d\xce\xd6\
6\xa1\xdcsL\xa0\x83\xd1AO,N\xd9\xc5S\xf3\
\xccA_YYI\x80\xe5c\xfc\xbbk(\xbb\x88\xb2\
fR\x1d\x07a\xf2>\xb8\xbf\xc2\xda\xc0\x16\xa0\x05\xa2\
\xd6\x96l\x07\xc2F\xb59'\x8e\x13\xbf\xaf\xba\x93\xf7\
\x82\xfb\xca\xf3\x04d\x02\xad\x18\xde\xc1\xe3\x1f\xbe\xd2\xd5\
\x97c\x1f\x0e\x22n\x81\x00@0\x04\xf7\x0b\xe7\xce\xd8\
K\xe7\xd1i\x10\xce\x091.[\x0fB\xc6\x90%\x85\
\xb8\x91\xa7\xe1\x1e\xc0}\xa5\x8c\xa9\x03Z\x1f\xa8j1\
\x0b\xef\xcf\x8a\x81\x9f\x03\xc1b\x1ft\xc0v\xf1g\xfb\
\xb1\xd3\xb5\xaf\x0d[\xdd\xec\xd9/>\xfc\xc4\xd6\xd66\
\x14,w\xc0P\xec\xa3\x9f\xca\x10\xe9\xba\xee\xba\xa2\xdb\
*\x5cW\x0e\x22\xd0\xdak\x06\xcbt\x17t\x88\xaf\xac\
\xca\xe4L\xf4\xcc\x17>2\x9e\x8b\xca\xc0\xa6\xae\x1f\xf1\
\x80\xf6\x87re\x05\xcd{\xd0\x5c\xb1\x0f|[9\xae\
\xbf\x19\xf5\xb3\xbe\xbea\xf7\x1enr\x80E<\x9fr\
\x0cT\xe3\xeeDY\x80^\x8a\xaa\xbe\xebsC\xd5\xc6\
\xd85=G_\x80\xa2G\xfb\x86p\xe4o\xfd\xf7\x5c\
\xfc\xfe:\x13O5\x0d\xf7\x99\xdc\x9a\xe0I\xd0W\xfd\
|,Hb\x99@\xff<>S\xae\xa0x\xe8\xe4\xe4\
\xc8N\x1f_\xb2\xb3gN\x19\xa6\x8d\xa5\xf2\xc5+z\
\x00y\xc9\x152*Y\xc1\x1f\xb4,*\x00p+\x22\
\xac\xf68\x07\xcfA\xceXt^\xe2H\x15\xce\xdf\x11\
\x03\x85\x22\xb9\xb0|\x22\x01\xc8\x19&\xdb\xa8+A\xaa\
\x8f\x03\xf5\x0cgp\x1b\xa5r\xfe\x86\x8a \x0b\x1d\x88\
r\xc0\x0f\x86\xdb\x0bu\xc9\xe9&0\xa7G\xa2Y\xc3\
\xbb1\xd3\xe0\x04\x00\x06_5\xc1\x98$\xb2GQY\
\x89\xd3\xac\xbb\xbfK>\xc8\xe3\xa5\xf9*z\x09@\x09\
\x9aw\x05<\xe8\x0a\xefw\x99\x8b\xad\xda\xd9i\xde\x1b\
\x8f\x9b\xaaM\xa3]\xca\xf5\xdc O\x5c~-\x80\x1c\
]\xf8H/\x04\xfe\x80\x1f\x859\x0aH\x10\x15\xf9\x0d\
B?}\x5cme\x0c3\xb2\x86\xcb*\xdf\x17\xfb\xe9\
\xd9h$\xa4\xb2\xf5\x92)\xb7\xbc\xd4\xb4\xe5\xc5&\xcb\
\xd1nbV6\x10\xcc\xc8Z\xcdi\xa6\xea\x0e\x10\x14\
\xef\xf7DL\xe8\x9f\x00\xbf\x22\x88\xb8\x81r\xc0\x1a\xc1\
\x80\x8b!\x8c\xd3y\x10vC\x04\xde\x9aJf\xf3\xfc\
\xb4\x9d<\xb1ds\x8b'\x92\x15\x82\xa1\xac=\x83#\
\x9b\xc3\x8fYs\xea\x9f\x13\xa9\x0b\xfb\xfa\x1c\x01#\x9f\
\xd3\xf1\x88\xc4^\x8e\xc7\x7fW\x18\x82\xe5\xcc\xcf\xc6Z\
\x80+\x9f\xcf\x16\x88\xf2\xe5cp\xb6:]\xb7\x1e8\
\xf1x\xfa\xb6\xaf\xbd|\xd1\xce\xae\xcc\xaa'1\xa74\
\x85\x10\x12x\x89\x948\x15\x8eu\x06\x0d\xdbK\xf4\xbe\
\x7f\xd0\xb0\xdea\x83\xe9\xa3\xfd\x03\x0do\x826\xa2\xb0\
\x19I\xc8\x90.\xd8\xe8\xa2L\xea\xae\x95\xd0\x90\xf0\x12\
8\x06\xed\x22m\xf7\x83+\xb7\xed\xd3k\xb7\xd8\xc9\x8a\
 Q\x05\xcb\xc9@\xe1\xbaB\xb6\xcb\x01\x00\x03\xe7\xa4\
\xa1\x87\xc5\xf1X:\x0a\x10\xe1\xbe\x84\xe0\x18\xd7|\x89\
\x8b\x18\xd5\xa8`\xd5\xd6w]\xbe\xf1\xb5\xfa\x06\x00\x22\
\x14\xa8\xa1\x00$:\x15\xc6w\xe2\xdc\xf6\xee\xae\xddM\
V\xc8^\xe7 \xb7\xdb\x04\x854\xfes\x165\xd5v\
\x08\xee\x5c6\xae\xb8\x09B^\x17\xd4*\xfe;\xe7a\
)\x06U\xfb\x81\xe3k\xe5\xc0\xef/\x8a\x8fx\x8d\xb4\
\x8c\xfb'`U8\xdd\xa2|\x5c\xfdy^F\x96\xa1\
\xa1\xb4\xf1X(Y\xd21\xa6\xd7\xbdx\xfe\x0c\x13[\
\xf2\xf7\xf0\xb7\x01\x1cxW\xe1#\xf1M\xa3\xe2\x9dq\
\xbe+|T\xf3\xd3\x11\xde\xaa\xf9=\xf16\xe6\x0cZ\
>\xf9\x82\xcda\x82\xba)\x0c\xea\x1a\xd3\x05O3\xab\
p\x04\xd7\xd5!z\x95\xf7%K\x906\x8f!\xd8}\
\x9e\x0f\x15:=k\x0a\x1dt\x91%\x0a\x9a=d\xbf\
&\xb4\xa7\xca\x8c\xba@7\x05\xcds4\x1at\xcd\x0e\
\xd0\x97\xa4[\xd1F\xa1\x15\xba\x93#\x9e\x8c\xbf#\xb4\
d\xb1\xef\xf26\x5cYc2Z\x0d\xcd\xba\xf6F\xff\
B\x5c\xf1\xd4\x00\x82\xc5_[\xf6\xbd *G]X\
\xb9\x0dtM\x1f\x16LTL\xb0\x00\x8c\x82\xacE(\
\xa0\x87\xf3\xa1m\xad\xaf\xd9\xc6\xfd\xbb\xb6\xb7\x0b\xb3q\
H+bq\xa1is\xed)\xba\xb1\xd8\x89\x90\x13P\
\xa1\xf1S{\xa11X:\x88@YD\x10\x87I\xea\
03\x0b\x16I\x03\x1a-4\x02v0D\x8f\xdd\x01\
\xa7\xa4\x9c\xc1\xf8X\xf3I\xe3X:\xcd~!c\xc2\
\xda\xcd]uB\x8ac\x8fKP\xab\x09\x17\x93\xbb\xb6\
\xb0\xcd \xe1\x9a\x12\xb6\x04\x8b\xe0\xcaq\xa1\x1dk\xbe\
\x17\x93\xcd\xe0\x19\xaeeem)\xd6\x88s\xe4\x009\
\xac.\xad\xece\xce\x9e\xe6q\x0e\xf3\xcb\xb7\x12Sb\
\xa6\xc1\x93\x9cC\x9b<<D\xa6\x0e\x9a\x07\xae\x13\xb9\
\xaa <R\xb5\x18s\xf6S)\x06`\x16\xd4\x22\xf2\
\xf8G\xd0L\xb5\xd6\x99=\xd8G&U\xad\xadb\xd1\
>EY\xfeDl@\xeb\xf7\x1e\xee\xda\x07\x97\xaf\xd1\
\xafO\x97\x15-\x8d\xd2I0[#\x91\xba\x9bSx\
C#\x1f\x17\xaea\xc5\x16w\xa9\xe8\x8f%ta\xa9\
2}\x11v\xf9|K<[L\xca\x1d\xfc\xc7\xb5h\
\x86\xa0\x7f\xad9\x99$\xd3\xbdb\x1e\x11L\xd7\x0a\x8b\
\xc4]wC\x0c\xb0\xd8\xb3\xbb\xf7Wmmk\x8fm\
\x14\x943\xce\xd0\xe5{\x05$~_C|\x8br\x91\
\xf4\xcc\x8f\x1f\xb3\x84\xa0'\xdf\xe2\x96\x86@B\xee-\
\xec\xfb\x8e.\x91\xffp\x0e\xb1?\x05\xdd\xe3\xf7Q\x03\
N\x02\xf1\xe2j\x91\xedR\x9e\x9b\xd8\xda.\xbdp\xda\
\xce\x9c<A~qg\xda\xa3%\xc5\x0fx2\xc0C\
\xfcC\xde\xf4\xf8G\xb1>\x1c\x1c\x9co\xc8\xb7\xceK\
:\xef\xeb\x04:/c\xd0Ddx\x9e0\xccQ\xce\
I\x9dX\x04W\xf6\x9c\x17\xb1(N\xa5YS\xa1\xd4\
\xa2S\xf2d\xd3\x87WB\x9d\xa5{8\x97J+\xc9\
\x94\xc4\x8b\xb4\xff\x12\xe8\xe0\x1a\xa7\xe3N\xef\xc2\xc0\x8c\
\x18\x0bp\xd0C\xa7\xc4\xdd$\x97\x10<\x0f\xeb\xa2d\
\x18\x86\xc5\x91\xb7\xa4'\xc9Q\x04\xec5\x9c\x8aW\xb8\
\xb7\xb3V\x9cW\x95\xd5\xf4\xffH}>\xc5\xf2\x85\x00\
\x84K\x14*\x1f\xd7\xe7\xe2\xbc\x18\x18\xe7H\x80\xa84\
\xfay\xc7?Z\xe7\x0a\xca\x0a\x5cF^qC\xf6\x09\
\xd9^\xbbm\xbbI\xeb\xda\xef\x1c\xcag\x7f \x90\xc0\
D.\x18e\x14\x9e*h\x08-\xf6\xe4\x9c\x22p`\
*VdX\xc1\xdd5\x934\x03NT\x95\x00\x07\x84\
951H\x04>\xa4\x0b\xa1\x9f@j/i\xc2\x9d\
\xc1\xa4\x06b\x5c^\xb1\xe6\xf2\x19[^\xc1lce\
\xb8\x84\xa2\xf5c\xdf\x09\xc8\x03p\x0a\xd4\xe9\x1e\x121\
MZ\x07\x91 jn\x05\x06\xa8z\xe8ib\xec\x00\
\x18\xdf\xe7\xef}\x8d\xfd\xfc\x8e ^\xb74\x028j\
@\xf1\xce\x83\xd9\x0aa\xda\xee\x14\x07R\x84\xf5\xf1\xd2\
\xa5\xf36\x9f\xea\x08\xae)\x8de5\xe0XVp\x87\
\xd0e\x81&k\x08(\x10\xe0T\x13\xca<\xd7\xa2\xb2\
\x06S\x87, \xa3T\x14\x15F\x09\x96\xa0\x8a\x9ad\
v\xba\x03\xfb\xe0\xd3[v\xe3\xd6\x1d\xe5\xd0\xc3\xfap\
\xb0\xc8\x99Wc.-\x09R\xc5\x06\xb0:\xad\x04=\
\xb9\x82\x22\x9a\x93\xe65V\x80\x5c\x8a\xe7\xb7\xe8\x8d\x05\
\xcc\x82\x17b\x8b\x95\x99mN\xeb\x14\x10\x00\x0f\xaeU\
\xfc\x83@\xe9|\xc2k\x07\xf6p}\xc3n?Xg\
\xdb\xe9]\x10\xe6xc%\x9c\x8f\xc8i\xb5\x01\xa4\xba\
\x11OU\x94\xaa\x9e\xfc\x1en\xa9Hx=Z\x11\xee\
\x914\x91\xef\x1c\xa9\xed\xb3\x22\xc4\x0d){\xac\xb6\x8f\
\x14\xc5\xe9\x9d\xd4\xa4?>C\xe7\x01 \xc8\xc6:\xb5\
\xb2`\x97\xce_`\x9a\xaf\x127\xbc\xac|\x98\xf3\x0c\
\xfe\x08\x1a\x15\x0f\xc5\xbe+xR\xf2\xc07\xce\xb7u\
\x90=\xf8\x9a<6\xc5\x15\xbf\x9b\x9b\x9f\xb7c\xa7/\
Zsv\x81\xed\x83\xf1\xa9\x0e\xfb]\x82>\x03\xf0p\
WO\xb7m\x02S\xdaN\xb5\x0cJ\x17'\xad;\xc0\
\xf4\x91\x03\xcdQ\x84\xd9\x0a\xd1\x17\xc5e\x88fuD\
\xc0|\x8a\x0cB\xfa\xee\xc3z\xc1\xa8\xbbC\xeba\xc6\
\xcd\xeeV\x02\x92]W&B&\x1e\xd9\xba\xfc\xa4%\
\xe2V\x05\xea%\x5c\xf9\xb5\xa5\x01\xc9\xab\xad\xffUm\
\xed\x04\xc1\xf3_dy:\x00\xa9_\x5c/Q\x00 \
\x9c\x9bT<7\xb6BX\xebC\xb2IEM\x0b\xe7\
#\xcbG\x0c\x12\x99X\x0a&&\x01\xdf\xeb\xd9Z\xb2\
@\xb6\xd7\x1fR\xfb\x99mM\xd2\xf5\xd2\x9a\x010L\
r$\xcf\xf6\x0c\xc6\xeb\xc1 m\x9a\x7f`~\xb6\xc9\
\xe1\x00\xe0\xdeB\x06\x17\x80`:\xedc\x82\x17\xccl\
\x88,%\xb8\xb8\xd0\x1b\x9a\xae\x99\xc1\x04\xd3\x22\xd1\xd0\
K\xcb\x0b6w\xec\x94-\x9d8g\x0b\x0b\x0b$\xae\
\x9c\x9d\xe1\x84\x905\x16\xec;q*\xdbJ\xf7pR\
\x9f\x09\x1f\x0e\x1a\xc7\x00\x1a\xcf\xf8\xb0\xb0JH\xdcr\
9\xc8\xf5\x10L\xe4\x0c\x10\x81y<\xdb5*\x10~\
\xce\x08\xcbe\x81I]Y!\x1eD?\x9a\xb6;\xdb\
j\xda\xcb\x97.\xd9\x0b'\x97SYP\xdf\x1e\xd7@\
\x00=Y\x1b\x87\xd0\xac\xdc\xda\xc1\x02kC\xed\xda`\
\xcfX\xf6\x1c\x1f\xea^L\xb1\x8asa\xad(\x14&\
\x09\xa0\x94d\x09\x01\xe7\xf3G\x16\x0c\xe5}\xfd\xee&\
\xd3v\xa1\x18\xc8\xd7\xaf\xb8Gva\x11L`e\x1c\
\xd9\xa7\xb6\x87U\xfbE\xe0J\xd8\x89\xb6P&\x94\x1e\
4\x17ou\xb1\xf7$:~\xa6\x8b\xbf\x03\xefr&\
\x85\xc0\xa8\xcb\x17C\xbasX\xf7\x00\x87\xa0\xff\xfc\x8d\
\xb1\xc6\xb7\x97\x98\xcf\xde\xde>\xb3\xb1\xb6\xf6\x10\x9c-\
\xaf\x05\x0d\xc9U\x8b\x13j\x03\x16\x817T\x8d\x01\xa5\
\x80\xfc\xe8\x16\xa5\xb7\xa5\x80\x03\xe7\xdd]\x02A\x87u\
\xa0c\xf4\xa9\x92`\xd3=G\x97x\x03\xde\x07\xba\xc8\
\x16\x0b\xb7\xa2\x0b\x1c\xd7n-\xac\x99X\xf2>\x94\xc2\
);~\xe6\x1c\xe7J\x87\x1bZ\x17P\xd8\xa3d%\
\xa5\xccU2\xe7\xa1\x09\xa5\xd6\x93\xdf\x9c7\x03(*\
^\xce\xfb\x99w\x15\xfbXI\xef]<y\x8e\x83\xb3\
*]\xb8A\x01\x0e-\x9fu\x09\xfaN\xf5\x87\xbe\x1d\
\xc8\xfeD\x0fs\xcc\x09\x8f\x11\xb0\x99\xd8q\xd85L\
Y\x0c93\x93\xac\x11\xa4\xed\xa2<\x1c\x18\xb6\xad\x99\
T\x91*\x0cz88@\xfa\xee\x96\x8d\x0e\xf7\x13\xa0\
\xecQ\xa1b\x96*ed\xd4\xb7\xe8C\x0a\xb6\x9fC\
Yx]\x96,\xc1CT/\x99K\xfa\x13\xcd\xa9\xd0\
N)\xe4\x8dB\x15yyJ\xde\xf8\x5c\x00\xf28\x86\
\xe3\xeb\xa3`X@x\x8d\xf2\xfe@\xcb\xb1\xb8\x07\xb5\
D|\x88\xce\xc5Gg7\x16\x18\x89\x95V~\x03\xa2\
AF\xcaf\x02\x8f;7\xaeZ'Ul\xab9I\
\xf7\x15\xb6\xf0\xdd\xb7Z\x090\xe0\xce\x9a\x99\xb0\xb9&\
\x86\x96\x06\xa1\x0e\x99\x81\x95\x1eH\x97\x16\x18\x10i\x9f\
\x18\xb3\xbf\xd3K\xdb\x04\x1a\xbb\xbd\x11}\xfb\x876\xc9\
|\x08\x08\xc7v\x02\x99\xd3\xc7\xdbv\xfa\xf4\x8a-\x9e\
\xb9d'\x12\x11)\x16\x020pb\xcbV\xc8$\xad\
\x00\xf6\x0b!\xa0D\x07D\xdd\x975\x1f\xb7 \xe4\xba\
\x12(pu )\x04.\x8b#kF \xb6\xd8\x07\
\x88\xe5kz\xfe\x14\xc0\x84V\x88\x8f\x15T\xad1\xfe\
\x15\xb3\xae&\x95\x85u\xee\xcci{\x03\xc3\xb5\xcf\xc3\
\x97\x0b\x06\x14\x01\xa9\x1du\x8c \xb9@U\x02\x05\x16\
H\x7f\x80\xfe \x1a\xa8\xaf{(\xa0\xe9162i\
\x9d\xc3\x09\xde\xcb\xf1\xb2\x5c\xf00\xc8\xee\xae.\xf5T\
w\x9a\x19\xb9\xb5\x92\x8e7\xf7\x06\xf6\xfe\xe5\xeb\xf4\xe3\
#\x0dRs}\xb8\xeb*\xdcWta\xa9\x97o\x8e\
y\xb8\xdb\x8a\xa9\xbbA3d,\xb0L\xa1\x1d\xfc\x89\
\x81\xf8\xe2L\xa7\x8f\xa3\xe5/o\xf1wrU\xf9\xb0\
d\xadr$\x01\x1c\xc7\xf1\x1d\x02\x91\x88}\x00L\xfc\
\x9bi\xa1\xe9\x1a\x15\xabTo\x98\xad\xf0\xfe\xfaN:\
\x06m$\x86\x0e\xa5\xc3%2=\xa5TL\xb4F\xb9\
T\xa6r\x8d\xc2P\x1b_\x05<Z\x9dNPv\xb4\
\xa9?%~KE\xa1z~>\x9f\xe9\xbd!\xba\xce\
e\x0b:\xaf\xef\x91\xc0\xa7%a!\x98\x92\xe2\x82\xf7\
M/[#\x09f\xa68\x87v-\x11\xa9\xf6\xf52\
\xe3\xfb\xb1S\x0fI\x12)\xba\xb2<\x82O\xa1l9\
\xaf\x86\xe5N~\x16?Aa[ZZ\xb6\xe5\xd3/\
'\x85s>\xd1\x94\xbe+\x12P0\xe7\x10\xf8\x10\x82\
\x9b\xf5;\xc2\xbb1\x81T\x02\x10N\xc3\xbd`S\xad\
\xf9\x0c\x8c\x9c\xf7>\x15t\x22\x81L{\xb6\xadI\xf1\
\xa60\x1c\x13\xeeO\xc0\x92\xb6x\xc3\xfe\xdeV\xa2\xf3\
mN\x88\xc7D\x0a\xb6\x7f\xc8\xc1\xa0\x0d\xa7\x0f\xa7{\
\xc31\xe8(ou\x1f\xcfc\x9b-\x91\xd8V2;\
\x8es\x8b\x96\xe5\xf3\xf2\xc9\xe7\x02\x10,\x8f{ _\
\x0c\xe0\xf0\x02\x8c\xf9\x9d\xf1\xd18\x17\x0d\xee\xe7\x85\xa0\
\xc1,\xbaOi\xbc\x01&\x12\xf6%}Q\x00\x83\xd4\
\xc5\xb5;\xd7m\xeb\xe1\x1aG\x1b\x05\xf23\x05wJ\
s\x09`\xd5\xfc\xdd\x98C\x04)\xba\x03\xa6\xf1rb\
{\x123\xb2\x8ddq\xec\xf5\x1b\xb6\xd3\x9d\xb0\xbd^\
\x12~\xc3\x04\x1e\x08n\xa5\xba\xee\x1c`Xr\xcc\x92\
\x86\xc6HZ\xf6a\x02\x8e\xf6\x0a\x07h$\x18 x\
\xe6\x1a?\x09\x8f\xd9\x5c D\xc5?r\x1f\x11'\xdc\
\xd0x\xc6\xddX\xce\x1e\xc1,\xdc\x06\xb8\xf8\xfd,\xaf\
\xc0\x02\x5c1\xf6\x1c\xf8g\x09bS\x9c\xfbD\x03\xcc\
\xc9]\x15+G\xd9\xa5+\xab\xf4>_ZZ\xb4\xd7\
_{\xc5\xce\xae\xccq\xee\x86\x06\xb4\xb5\x09\xb9\x09&\
!xh\x08)\xa8z\x80\xb8\xc7H\xda\xd54\x82\xeb\
(qC>\xed\x00\x15\x90\x03\x02\xe9\x08\xaa'<N\
\x00\x82\xd1\x92G\xd9\x0a\x08M;\xe2!$\x9f\x86~\
\xdfI\xa0\xfd\xd1\xb5\xfbv\xf9\xd3+\x09\xd0\x91\xc9\x02\
\xb0p\xcb\x83\xf1\x8d*\xce\x11n\xad*\x1e\xa01\xaf\
@?\x87\xa4\x17\x09c\xd0Qa\x1a\xbc\x90t\xe9\xe5\
(b\xef\xf9,c\x80\xc5U\xfb('\x0e(\xfe\xfc\
8\xacs\xf2\x01-\xa9z\x15x\xc4>;\x1eR\xbb\
\xd5\xf9\xcd\xcd\x0d\xbb\x85>!\x87\xde\xff\x86\x7f\x12\xfc\
\xa1\xe1\xd7\x00\x02A+ppX\xf0j)\xbf\xf2\xe3\
\xb8\xcfW\x9c\xc0&\x9e'\xa9\xad{\xbdi\xf9D\xbf\
5?\x8d\xb7\xe2\xe9\xfeN=\xa7\xac\x05D@\x91\xfe\
\xc8\x06hp\xc2\xb6:#\xbb|s\xc3~\xf1\x8b\x7f\
\xb1\xad\xd5{\x06^\x09\xe0\x8d:\x1dkW<\x13|\
F\xda.@*\xb0*.+)b:\x8e>\x1f\xe4\
[fXMR\xc0\xaf\x9c\xb9h\xb3\x0b'\x92\x1ci\
(a\x04\x8f\x9f\xc0\xe0\xa1\x88\xb7\xc2\x93\x81\xbeT\xe8\
\xc4<Mw/\x94g\xbcGu\x8a\xc4\x1cY\x1d\xcd\
\xd6,\x9f\x07\x99\xc4~\x22#\xcda\x84\x91\xc31\xaf\
\xc8,F\xf7m5\xc9ST&\x92\xf5\x814\xde\x0c\
\x16h{\x02F\xb1P\x83\xdeCA\x17\xc0\x04\xb8T\
2\xb8ZQ_\xe2\x07\x16\x90\xfbA\xa3y9z\xfc\
9\x96\xcf\x0d O\xb7\x8cD\x09\xc1\xc8yuF\x1f\
\xfbh\x07\x8d\xd8gE\x05\xc0\xa8\xb2d\xce\x1f\xda\xc3\
\xb5U\xbb\x7f\xfb\xba\xedw{\xd2vG\x1a\x84-\x08\
\x93\x0c\xc6ghz\xdc^\xff\x90\xc2\xb0\x97\x18\xae\x93\
,\x8f\x9d\xbd\x8e\xed\xef\xf7\xac\xd3M\xc7\xdd\x83\xf4\x9c\
\x03K\xff\xac\xd3\x1f\xd2*\x01\x816\x93UCW\xcd\
!:#\xf6m/\x111F\xe0D\xca\xb0\xfa\x84\xb8\
\xfb\x88.#\xd7hB\x93\x815\x00\xe0\xc8Z\x0d\xb4\
\x1e\xb7\x18he\xe8z\xf4\x9e\xe5J\x22\x17\xa0\x88\xb9\
\x5c{\xc4\xd6\xcd\xef\xa2\xb1U E0\x13\xf1G\xe7\
@eai\x9bc\x22\x93H2\x98\xb1\x0b/\x9c\xb3\
\x97\xcf\x9f\xb66f\x00\xae\x04\x05\x96\xcc\xf4\xce\xf5(\
\xcaT\x03\xa6\xb9)\xcd\xb9i\xb6\xd0\x1a\xd9\xec\x8c\xd9\
b\xb3\x91\xb6\xa3\x04\xd8#\xc6\x980\xedm\x0c\xf1\x0d\
F\xa2\xca\x85\xfd\x8a\xc7%2u\x8cq\x84n?\xdc\
\xb7\xf7>\xfc\x15}\xf8\x91u\xa5\x8c\xab\x08\xa2\xfbq\
\xb6D\x00\x22J\xe3\x95+\x07\x02T\xc26\x9b\xef\x00\
\x0e\xbd\xa50\xc7#\xfc\xf1\xf4\x0c\xf2\x9b,\xf5\xfb\xbc\
T\x99\x17\xc0\x1b\x99\x07\xc2\x1d\xe1\xb4.\x10\x89o\xf5\
\xd8\x07-\xb0\x00\x93\xb2E0\xfd\xe6\xed;\xb6\xbe\xd3\
c\xbb\x86\xd0\xce`A\xe5@@B\xb2\xe2\x16BU\
\x02=\x83A\xbd\xf0\x5c<\xe3\xc8\xb5jy\xa4:q\
\xbf6\x05h\xa2\x1c\xb1\xfa\xf5\xb2\xfao\xd2\x8aD\x0d\
(\x17\xab\x9b}\xfb\xe5\x95\xfb\xf6w?z\xdb\xbe\xfb\
\xdd\xef\xda;?\xf9\xbe\xf5\xbb{\x92\x1d\xe4q\xc9\x11\
6p\xd5\xcez\xb6\x7f\x1b\xb7\xe2\x99\xb1y>\x5c\xf9\
\x93\x15\xef\x96\x87+\x83a\xc9\x1f;~\xcaV\xce\xbe\
d\xad\xb99\xc6T\xe9\xfa\x86r\x96\xee\x1d5\x00\x12\
*\xb1\xe6\x0a\x9a\x90\xd5\xd2\x98\x96\xb7#]\x09\xf72\
c$\xe0\xcbd\x99hNtY.T\xc6\xa6\xe0\xf2\
\xd2\xfcF(\xd3A\xa2\xf9i\xebZgo\xc7\x83\xf5\
\xa2\x01\xc9\xc0\xb0D\x9d\xe6\xf1\xfd\xd8V\xcaS\xac\x92\
\xb9\x0e\xb2\x15\xbd\xe1\x0fuu\x94\x07x>\x164\x08\
\xce=\xd2\xb0O^\x9e\x1e@\x8e\x16\x80i\x8aU\x01\
\xf1\xe7\x8c!\xe6\xc0V&\x96\xc5\xb9\xa3+\x08\xe3\xe8\
\xb9\xbc\x16 \xc1\xf0\xc7w\xaf\x7fj\x1b\xabk\xb4\x12\
\xf0\x5c ;\xfax\xb0\xd2\x1aJ\xdb\x05\xb0\x1c$A\
\xd5I\xe0\xb0G\xb0\x18r\xd4\xcc\xdd\xfd\x04 \x1d\x8c\
\xb14\xd4\xccit]M\xd2\xa7\xbf\xb3\x7f\x90\xae\xf7\
l}\xbbg\xf7V\xf7\x92f\xb7\xcf\x0a\x9d\x9cD\xcc\
\x04\x93\xdcc\xaaM\x04\xc3@|ri\xd1\xe4\x0d\xcd\
&\x88\xd2s\xc9\xb9\x02P\x5c\x13\x92\xc6S4\xa3\xf1\
\xb52\xe3\xb3%\x02\xf0p& \xf88\x88\xb8\xc5\xa2\
\xfb\xe3\x1da\x19y\xe7G\x94\xc5\xcb\x0a\xc68vl\
\xd9^}\xf1\x82\x1d_\x98a}\xa9)\x82\x98\xbc\xdd\
\x86%`\x0e\xf0\x98\xe4\xf8Dla\xc6\x95\x16f\xd0\
_\xc68\xd9\xd4\x1c\xe2M\xd3\x00\x94tmJ@3\
\x05\xab\x86\x02\xa2\x90\x94'\xf2\x1a\xce\x92\xcfG\xeaq\
\xfe\xc1'\xd79\xde\x15b[\x02\x86\x1eG`\x8e\xde\
\xe7y\xd8\x12w]\xa9\xafG\xc5Hy{\x94V\xb4\
\x12L\x82q\xfc\x1b\x9f\x86)\x9e\xed\xe2\xef\xc6\xebE\
\x9c\xce\xe3\xc5}\x85sO\xa2y\x0e}\x01\x00\x85\xdb\
\xcaA#\x5cy\xb8\x07\x9d\xd9V\xd7\xd6\xed\xee\x83u\
Z\xd1E\xa3\xc7\xbe\xb4q\x09\xd2\xb0\x22\x0b\xdd\x958\
\x9d\x84\xeeQ\xba\xa4<\xc9\x00$\xe1\x9c\xa5=6\xbe\
\xe5q\xfa4\xb8rxO\x0e\xb2K\xc0dk\x03\xa5\
\x09\xe0\xc2_\x031\x05#/n%\xba\xb8qo\xdb\
~\xfa\xfeU\xfb\x1f\x7f\xff\x13\xfb\x8b\xff\xf9=\xfb\xde\
\xf7\x7f`\x9f|z\xd9z\x09$\xa9D\xd2\xadS\xda\
8\xd3p.\xcf\xb8\xd2\xc5\xef\x08k=\xf8%[\x22\
\x01&\xa1\x88)e\x7fnn\xd6N\x9c\xbbh\x0b+\
\xa7\xe8\xce\x9e\x9a\xf6\xfaAY\x0dM\xc5Y;\x8c.\
Z\xb8\x131\xcc\x08\xb3\xa5\x10\x9fQ\x9d\xc3U\x85L\
+Nf\x87\xe7bz\xecI\xb9\xb8\x90q\x85\xb8-\
\xa6\xfd\x85\xe5\x8f\x98\x08\xf8`\xd4G\xf6\xd5\x16\xc7\xfa\
#\xad\xc3\xca\x1c\xa3\x87j;&/q\x0et%\xf9\
:\xce\x07\xa8\x1f\x81\x89V\xb4\x93\xcbh\xdf\x8e-_\
\x80G\x9e\x1e@\xb0\xd4/\x8aB\xf9)\xc68x\xda\
\x8b\xc7\x82\xea#\xe4\xcep \xa9P\xb3\xce\xa6)\x02\
\x22\x98\xc5M\xb7\x01:\x91%+\xe4\xc1}\xbbu\xed\
r\x02\x93}k&\xa15\xdb\xc4<\xcf\x14Q\x22z\
\x83\xc6\x9b4\x85\xa9VZ\x9bllNh\x84 p\
7Y\x14;[\xb6\xf9\xf0~Z\x1f\xda\xc6\xfd\xfbv\
\xef\xe6-\xbb\x9e\x04\xda\xadk\xb7\xec\xea\xe5[\xf6\x8b\
w\xaf\xd9\xd5\xabw\x92\xb5\xb3\x91\x1aq\x98\xb4\x90\x05\
\x1bN\xce\xdaL{\x91\xf3\x14Kh;`T\xabF\
\xc3\x15\x81J\x9b\x81u\x81k\x85PE\xc8\xb2:\x18\
t'\x93:a\x93\xc9t\x9c\xddZ|\x86\xbf+\x98\
\x1a`\xe1\xdbl\xdd\x84V\xc5\xb50\x05V\x98\xcf\x17\
\xcf\x9f\xb7\xf3g\x8e\xd3j`\xab\xa0\xce\x9d\x88\xd0\x5c\
\x8c]\x19\xac\x035m\x0cn\x88Z\x0d\xda\xc4\xfdd\
\xa1\x91\xf4/\x94\x01\xee/\xb8\x101ca\x0e2\xe2\
>\x17\x18\x120\xe2n\xec\x03\xa8\xaf\xdf\xdb\xb0\x0f?\
\xfe\xd4v\x108\xf7\x18\x87\x5cU\xb2@\xe4\xb2\xaa\x06\
P\xcc\xf1\x8f\xa3\xee\xab\xc2`c\xda\x17\xec\x1d\xd2\xdc\
o\xd7\x12\xe5Q\x0b` 6\xd5%\xdb\x80\xda\xa4\xbe\
\xa1\x80\x87h>\xaf\xb4\xbe<\x98^\xb9\xf3p\xbc\xbb\
\xbbg\xd7o\xde\xb1\xfd\xde\x88\xd5\x0d\xe1\xacD\x06\xb4\
K\x0cX\x09\xfa\x09p\x91;R=\xbf\x05\x1c\x05X\
\x0aX\x906\xc3\xc6\x8f6\xf5\xbf\xb1\x05\x9fb\xc5\xd2\
\xc4\x82;\xe2.\xd2\x81\xaf\xf8^\xec\x82\xe6\xfaI\xe6\
\xae\xee\x1c\xda\xfbW\x1e\xd8\xdf\xfd\xf8}\xfb\xee\xf7\xfe\
\xc9\xfe\xeao\x7f`?\xf9\xe9\xcf\x12\x0f^\xb3\xed\xed\
mY\xa7\x9e\xba\x1d\x00\x9a\xb34G\xd0\xf8\xfd\xe5\xb1\
\xe0e\x15/\xf1\x9b\x1a\xf8V\xf0\x85\xbb\x9ba\xbd\x1f\
\xf5 L`\xc0\xc4\x19;~\xea\xac\x9d8{\xc9\xe6\
\x12\xaf#\xf3\x8b.[\x808d\xc8\x00\xa33x?\
%\xd0\x22y\x03C\x22A\x86\xa1\xd3 \xf8Z\xfd\xad\
\x14\x17E*0Rw\xdb\xd6L+G\x83\x98F\xff\
\x10\x81\x11\xea\x01\xa3\x82\xc3\xea\x18\xf56\x92l\xda`\
\xea\xae\xbc45\x0dT4\xc1s\xa2\x97\x88\x17\xcb\xf5\
/\x85\xa4\x80\x85\xe4.h,\xaf\x1e\x83{\x96\xcb\x17\
\x03\x90j)\xac\x8a\xad\xf6\xb3\xc6\xe5\x1f\xa2\xc2c?\
\x80$>\xcc\x99\x7f\xe8\x0cD\xd4t\x04E\xe5\xf8\xb5\
\x00\x16\xec\xef%\x84\xbeu\xe5\xb2m\xad\xad\xf1]H\
\xddE\xa7\x1d\x10\x0b\x04\xe0\xe1\x083\x82\xc1\x85\x85\x1e\
\xbb>\xc7zj \x8e\xd7\xdf\xc5\xe0f\xfb\xb6\xbf\xbd\
\xce\xb1\xf81L\xca\xf6\xc3\x07\x9c\xf4\x85\x0d\xd9?P\
\x00\x0b\x1d\xdaR#\xa1o\xc9\xfc\xc2\x02\x8708\xb0\
\xa6\xcd\xce/1\x97[\x1a\xbf\x08\x12\xa0\xa1}\x07\x0f\
nC\xe8\xfb\xbe\x83F\x00G\xb60\xfc\x1c\xca\x0e\xe2\
\x0b\xa2\x17\x034\x5ck\xc2\x16\xab?\xc7\x81\x87\xfb\x9c\
\xb3\xdd\x99\x84\xcf\xd5y\xf6Gq`:v\xec\x98\xbd\
r\xe9\x1c\xe7\xfa\x00#\xa1\xda\x99\xea\x07\xf2b\xa0[\
k\x104\xd6\xb0Dp\x8f\x8e}\x18\x13\x9c\x12\x7f\xa6\
gK3E\xc7*\xf4\xf6g9\x1b\x10>Z\x05B\
\x02\x11\x0a\x8c\xf4\x8e\xf5\xddC\xfb\xf0\xf2U\xbb\xf7\x00\
\x81s\x1fm\x17\x96\x07\xf6i\x81\xf4\x93%\x829\x13\
\x02L<\xf3*\xb4\xef\xac\x5c\x84\x86\x154R1M\
\x943hoL\xba|\x85\x0b\xca\x13<\x12e\x8d\x15\
\x7f\xd5\xf7\xe4os\xba\xcf`\x19}A\xdc\x02cP\
9\xad\x18\xe3\xed\xe6\x9d{v\x7f\x1d#Wg\x19*\
Q\xcf}\xb4\x80\xb6\x9f\xb5j\x09*\x18_D\x0fe\
\xc9\xb7c\xdf\x8f\x1fyD.\x87V\x02S\xfa\xaf\x93\
\x80\xe3\xc6j\xc7~\xf4\xdeu\xfb\xee\xdf\xfd\xd8\xfe\xf2\
\xaf\x7f`\x7f\xff\xc3\x1f\xdb{\x1f|d\xf7\x93R\xb7\
\xbf\xb7'z`R\x85h$\x0bR\xae\xaa'\xc8\x0f\
*@#w\xca\xe2;\xb8\x89o\xd2(\x0b\xc1;1\
&\xd6x<\xc4y5\xf1\xed\xe2\xf2\xb2\x9d}\xf1\xb5\
\x04\x22\xb2>\xc0g\x1cK/m\xc9\x03Pv\xba\x18\
\x0d<f\x06\x1c\xd1E\xa5xG[=\xc9\xc1\xff\x0d\
\xf0\x05@\x0a1I\xf1\x86\xf6%'\xc0\xeb8\xc6\xf3\
\xe1\x8e?\xe8m\xdbAg\xddvw\xf6]\xf6\xc9M\
G\x99\xe7r\xd1(\xff\x5c\x86\x86\x8c\xcc\x80Q\xef\x17\
\xba\x17/T\x7f\xce\xd3Y&\xd7mz\xb4\x81?\xe7\
\xf2T\x00\xa2\x82=y\xd1\xd5\xf1Bc\x19\xb2\xd0\xfa\
@\x82Gf\x0c\xaf\x0c\xa4\xa2\x05\xa3\xe4\xb44\xa0\xbe\
\x9f\xa39'\xe1\x81\xec\x93\x87\xabkv\xe7\xc65\xdb\
\xdc\xe9&\xa1\x0fw\x954e\xbc\x0e\xc4\x809@Z\
\xed\xa6\xb5\xdbJ\xe5\x9dF\x10k\x0a=\xd8\xf1\xb9\x22\
\x22\xf4\x18\x051b\xb8\x00\xe4\x5c#\x8dN~\xc5\x09\
\x12\x05\x1aZx\xdd\xb0\x99\xd9\xf9\xf4\xfb\xf9\xf4\x9cE\
\xe6\x86G\xa6\x95\xe2\x1c\xe1>r\xf0\x80K\xc9\xc1C\
V\x80\x883\x03K\xb5\xc6\xb9\xac)9\x10\x1d\xbd7\
\xb2\xb9j\xd7U\x80\x8b,\x19=\x83`\x94\x07o\x84\
\xf51\xc3y\xce\x91\xb6\x8bxE\xb4\x10\x98L\xfd:\
\xc8\x83\x89Qe\x1d\xb8\xfe\xeeD\x88\x1b\xd5!\x0cC\
\xafc4Q2\x5c\x06\x0cm1\xb4\xc34\xb6\xee\x0e\
\xe1l\x91\x00Aj\xb8\x026\x08\x0ddm]\xbd\xfd\
\xc0>\xbdr\x9d\x83d\x82\x09\xe1\xb6\xc2\xaa \xb9\xa7\
\xee\xba\xfb\x8a\xbd\xcf\x01\x1ep\xd7\xd0\x02\x89tF\xd0\
\x0a\x82\x91\xa0\x13\x07\x10\x146\x08\x00\xeb\x11:\xfdu\
t\xfb\xe5/\xd5\xfbQ<l\x82\xd1Cq\xaay\x00\
k|/\xb6\x00\x8el\x8d\xc4\xb5\xa8\x1f\x1c'\xcb|\
c3\x81\xc8\x03f\xc4\xc5\xeb \xbc\xe3\xd3%P\xcb\
\xf9z\xa9\xcf\xd7@\xa0\xfdq\x80\x090\x08\x19\x84\xa3\
\xbav\xe3:\xddY~\x0e\xd7\xd3'\xd8\xc3\xbd\x81}\
x}\xc3\xfe\xf6'\x1f\xd9\xff\xfb\xd7\xffh\xff\xf3o\
\xff\xd1~\xfe\xce\xfbv\xf3\xf6m\xdbI\xd6\x06\x95\x0a\
L\xbfp\x00\x97f\xec\x07}\xc0\x0aS/nv\xaa\
\x03\xaf\x86y\x5c\xd15\xfe\x97\xd2%\xba\x0b~\x92\xf2\
\x06\xfe\x0a\xde\x0d\xde\xd4~\xbb\xd5\xb2S\xe7.\xda\xca\
\x99\x0b\x0c\x8e\xe3\xb1L\x12\xe9c\xb0D\xc5\x1d\x00\x18\
\x01<\x99\xf7\xf0\x1c\xba\x8bK\xc5\xa1\xae8\xa8\xeb\x14\
Rt!\xfb\x05v\x00\x95fb\xc4v{\xc6f\xe7\
f\x19L?8\xec\xd9\xb0\xbf\xc59?@\xfb9\x95\
\x1b1>lC\x06\xe6U\xf2\x12m_\x14\x0c\x01\x0c\
^\x16\x09,j\x1c\x07\x1f\x82mi\x8b\xcfZ\x9e\x96\
W\x9e\x0a@\xb0\xe4\xc7W/*\xcc\xe0\x05\xc0?\x07\
\x07\xa1\xa7*?\x03\x06\xfex\xce\xd7A\xec\x17\xed\xb2\
\xecW\x15\x87\xfb\x06\x88it\xec\xf6\x8d\xab\xb6\xbe\xf6\
\x80\xe6#|\xf5\xb3\xa9Q\x16\x17\xe78\xaa\xee\xca\xf1\
E;}f\xc5^y\xf5\xac}\xe3\x0f^\xb6\x97_\
{\xd1N\xbfp\xc6\xce]<g\xe7.\x9c\xb3K\xaf\
\xbdn/}\xed\x1b\xb6\xb0\xb4l\xd0\xa4\x07\xfd.\xa7\
\xa6\xec\xefoq\xfc~\x80\x1c\xd9\x82\xc2j\xc0 t\
\xb35g\xc3\x896\xad\x10\x8c\xbf\x15\x84Xb\x0e\x95\
\xa8\x8f\x0b\xf4\x00\x00 \x00IDAT\xc5\x11\x80R\
\xc7C\x8e\xac\x12\xfaA\x8c\x02\x85\xb2\xf5\xfd\x00\x96 \
\xd8\xb1s\xd5=\xf5}\xf04#\x83*}\xd7\x89\x13\
\xa9\x0e^\xbah\x8b\xb3\xd3\xd0\xc3\xb2\xb6\x86\xadRn\
\x05\x18p\xa8\x04/\xa2\xf9B\xd8@c\x946e|\
\x1e\x9eA-\x12\x1a\x14*\x0e'I\x06\xc5]\xa0\x1f\
\xea^\xfc\x03\x81\xa16\x1flv\xd8\xe7c-&\x8a\
\x82`p-3\xd2u\x03H\x08\x22\x14\x8e\xe1\xb6r\
\xe1I\xb7fE\x0bY\xf8\x8a\xa6\xc6,\x11\xd2gl\
\xbf\xbae\xac,\xa8s\xec{\x99\x1f\xb56\xc6W\xf6\
\x07\x09\xe5)m\x11\x07A\xfcc\xacN\x00\xb0\xe9<\
\xe6\x8c\xc0DS\x1b\x08\xa6S\x8ey\xa8\xd7\xdb2\xc0\
 [\x8a\xa4'\xadl\xad\x06\xacS_\xd9v~\xde\
\xbf#\x9e\xa1\x87\x96\xe7\xc5\x122K_*\xbaBL\
\x061\xaf\x1b\x0f\xf6\xec'\xbf\xbca\xff\xfd\xef\x7ff\
\xff\xcf_\xff\xd0\xbe\xff\xc3\x9f\xd8\xaf>\xfe\xd4\xd6\xd7\
\xd7\xe9\x8a\xce\xa0\x01>L+\xb6\xb2Pa\x8d\x826\
\x5c\xc1\x08wfUGTR\xd9\xc4*\x8b\xca4\xce\
'\xe43\xf0\xe2\x98\x8b\xb9\xf0.b\x9b\xc7O\x9d\xb6\
s/\xbe\x9a\xf8{\x81\xc2[#S\xc3\xf5-K\x0f\
B\x98}6\x1a\x98s\x08\xdf\xaa\x8a`;6\xaa\xef\
gb\xcc$\xeb\x10}^\xe0\x16\x83\xbc`\x86\xd7\x04\
\xa6\xee\x9d\xa2b\x0b0\x83K\xfd`\x7f\xdbz\xbb\x1b\
\x9c}\xb3(\xd2G\xe4\xde\xd8\xaasc\x96\x08\x8e]\
\xbe\xa6\xff\xac\x11\xe7\xbcL\xc1\xf78P}9\x8f\xa8\
\xe2t\x93\xb7\xdb\xd3.O\x0d \xf1\xb2z\xbf\x14\x0a\
d3~Oa i\x0a\xb9\xa2\xc9@Bv1\x92\
\xa3<\xb4+T\x92kZ\x12\x18!8\xa4}\xc2\xff\
\xf8\xf0\xe1\xaa\xad\xde\xbd\xc5y\xce1\x94\xc9L\x13Y\
\x0dS\x9c\x1cj~\x0e\xc3#kn\xe1\xc9\xa4\x85\xb7\
\x17f\xed\xc2\x8b\xa7\xec\xa5\xaf_\xb2\xb3\xaf\xbcdK\
\xa7O\xdbT\xabm\x10\x80\xe8\x15\x8a\xc0VjQ\x06\
\xb30\x11\x0c\x5c\x5c\x18\xc4\xb1\xbb\x87|\xec>\x99\xac\
5\x8b\x1e\xa7Ikh.\xd9\xdc\xc2\x92\xfaX\x10$\
\xdc\x0a!a\x22\x1b*|\xab \xd2b\x9d\x10Tr\
\xec\xa4r{\x81\xd0c\xdfAA\x0c.\x8b\x02e\xcc\
\xd6\x05\xaf\xb9\xb0\x8es\xdc\x82\xd1\xfdO\x92>\x99\xe0\
-{\xe9\xd2%;\x97\xac\x0f\xf4\x95\x89f\xd1t\xa2\
\xde\xcb|$\xe2\x02+\xd0O\x8e`\xf8\x84\xd2z\xf3\
0\x14\x06\x80\xc1o\xa2-\xf5\x9b\x90&$N\xee9\
\xe0\xa4=\xac\x92-*S\xb77\xb2\xcb\xd7n\xdb\xb5\
\xeb7\xe8J\x0cwU\xee\xf3\xc1\x8c+\xacrk\xc5\
*k$\x5cXA\x0b`\x16X\x8aXA;(\x93\
\xb4/\xfeIz\x92\xd6~[\x17\x94l\x1c\xe4\xf4\x1d\
\x91\xd6\xaeU\x96\xb8F\xe5\x0d\xad\xbb\xc4>\xd0\x99O\
1\x22\x1cc\x04e\xcc\x13\xb2fwW7 C\xd8\
\x1e\xfa/vtP\xf8\xaf\xac\xf9\xae\x86\xaf\xf9\xee'\
\xd5b}\x871\xdd\x9b\xb0\xd3\x90\x12\x82\xd9\x12\x1fl\
u\x15\xdb\xf8\xe7\x0f\xed/\xbf\xf7c\xfb\x1f\x7f\xf7\x96\
\xfd\xf4g\xef\xda\x8d\x9b\xb7l;\xf1V\xaf\x8b\xb1\x9e\
:eMJ\xe1A\x17\xd3QcV\xbfD\x13a\x8d\
`?\xc0\x83\xf50T:,\xe5\x86\x13_)\x09y\
G+xC\xfcDk\x03\x81lZ\x1e\x00\x95\xa2\xf4\
\xe1\xda\xfc\xc2\xa2\x9d\xbb\xf4\x8a-\x9f8k\xed$C\
\xa4$\xc9\xf2\x86\x0c\x99\x9aQ\xdc\x02`mNk\xb2\
\x12\x01h\xb2\x16\xd4\xa8E\xd3g\x19\xd2\xbbc\xbam\
\xccy\x0e\x8f\x00\xdc\xe2(g\xaf\xd7\xb7\xed\xad\x87\xd6\
\xdb\xbeo{\xdb\x1b\xfcN\xc6\xf9@\xe3T\x1a\x8au\
\xa9\xef\x0e@\x11\xc8PVR~\x8e\xa4\xa0C\x81\x02\
\x1d\x19\x22\x1f\x0e\x10N_\xd1\xd0\xf8\xe3(\x02u\xa3\
?i\xffs.O\x0f \xbfn\xf1B\x88\x99\xab\x95\
\xcc!f\x81 \xd0\xf9R\x09DR\xa2jA\xe10\
\xe1b\x1e\x84\xda\x8d\xb1\xb7\xbbG+duu5i\
9`(\xbd5\xfc\xf2\xd3\xa9\xa1v\xf7\x0f\xec\xde\xbd\
\xdd\xa4\xf5\xee\xd9\xda\xeav\xba\xff\x81\xdd\xbar\xd3>\
}\xef\x03\xbb\xf2\xe1/mwg\x93\x8d\xcc\xe1\x06\xa6\
4\xd7:\xfaP\x00\xa0\x10/\xd9\xdb\xdf\xb3\xfd\x04\x22\
\xe8\xe869\xd5\xb4\xf6l\xd2N&\xe6lfv\xd9\
\xda\x1c'\x0b\xc4\x19\x84\x08\x02\xf5^\xdfn\xd6\xe2\x98\
\xd7\x000\x93\x1a\x1e!\x80C)\xbc\xd0\x8a@\xb0X\
\x01\x0a2\xb5\x8b\xcbJ AM1\x073\x050\xd1\
\x87\x04\xd4N\xad+3\x8e\x88\xf7\xf4\xa9\x93\xf6\xfa\xcb\
/\xda|\x13\xef\xaa\x04C\xf8\x16\x1a%\xeeA\xc1\x9f\
@\x06 \x92\x09\xce\x1cT\x1aN\x7f\xe6\xd6\x0a\xe9\x15\
\x81EoW\x7fF\xbc\x1f\xe0#\x0cSY\xd0,\xf7\
\xd6w\xed\x97\xbf\xba\xcc\xb4]\x80\x84\x5c\x14\xee\x9e\xc8\
\xe9\xba1\x03a\x80\x87[ c\x8c\x04E\x03\xcc\xe4\
\x82\xd6\xb5x\xf1\x07\xca\x83\xe2\xbb\x12\x83\xdd/\xc0\x10\
\xcfg\xf1\x0a\xad\xf9#+TA\xff\xe0\x11\x05\x8c\xeb\
\xb4^$\x92\xd0\x9d\x85z\x22\xa0\xb8\xd5\x96\x84\xd9\xc6\
\xe6\xa6]\xbfu\x8f\x99\x87\xde*\xe3\xef|\x8a%h\
&\xf6\xab+A>\xf9\xfc\xb0!\x17\xe5\xfa\xce\x81}\
|s\xc3~\xf8\xf6'\xf6\xdd\xef\xff\xcc\xfe\xf2o~\
d\xdf\xff\xd1\xcf\xec\xfd\x8f.\x93O1\x9bb\x9f\xc0\
\x91VL\xfdJ\xf0\x00hthq\xe0\x9c\xac\x0f\xac\
\x01\x1e\xael\xf0\x1b\x05\xa4\xcaBb\x05\xf2/\x97\xcc\
\x0b%\xa5\xaa\xb2\xf2qL^\x95\x02'\xfe\x94\x05\x82\
^\xe6\xe7.\x5c\xb2\x93\xe7_a\xe0\x9c\xf1\xbbt\x1d\
\xc3\x1f\x85E\x8d\xf4\xf4\x98\x067\x94F\xba\xaf\x0c\x8a\
^\xd4\x85\x5cZ\xd2\xf9\xe2\xdd\xe2Y\xac\xb0\xd8g \
_`\xc5\x18:\x0d\xeeSY\xed\xef'+l\x1f\xe3\
\x99I\xe6\xd5\x96v\xf4\x09\x02]H\xee9\x90\x84\xfc\
$\x0f\xb8\x22\xe5\xd67\xe9\x9f<\x10\xfc9^G\xa1\
\xe4\xd7\xe7~\x93\xe5\x99\x01\x08\x0b\xe4\x02\x85\xff\xfb\x07\
eT\x0c\x80`\xe3c\xdf\xfdu\xd8w\xadk\xcc=\
\xc1\xca\x92\xc6!\xf7\x17\x84\x893\x16\x18)\x11\xd4\xea\
\xfd{v\xeb\xda\x15[\xdf\xda\xa3i\x09\x0d\x1f\x03#\
\xee'\xe0\xd8\xda\xea\xd8\x83\xfb\x1b\xf6\xe0\xee\xaa\xdd\xbb\
\x91\xb4\xdf\x8f\xaf\xd9\xcdO\xaf\xd9\xda\xdd\xbb\xb6\xb7\xb5\
N\xa2E\x9a]\xa2,\x9a\xaah8,\x18\xd3f\xba\
9\xcb\xde\xa6\xb02\xc0\xc0\x1c\x15313b+0\
wG\x8d\x19[X\xc0h\xbdMZ\x0d\xd9\xe2`l\
 \xccc'\xd6\x00\x09\x10-\xb3\xb0tM\xee\xad\xb8\
?\xac\x90\xb00\xa4\xbd\x00$\x94q\xd5\xf0\xe0y\x9c\
w=\x9f\xcc\x12L#n\x06\x0d\xa1c\xd2+/\xbf\
d\xa7N,\xb0G\xbe(\x5c\x1b\x98\xd5\x93\x0d\xcf\xa4\
\xe2\xefdqL3\xd6\x11S\x8e:\x10D\xdb\xaai\
E\x9b.\xf0\x94B)\xf0\xc1\x9d\xa1\xb5\x91\xd9X~\
\xfdv\xa7k\xf6\xfe\xc7W\xed\xe6M\x8d\xb6K\xa1@\
\xe0@\xe0<Vw_1\xbbE\xf1\x8f\xb2\xd6B\xc3\
\xe9#\xb6A_d$/$K\xed\xcc\xf4[\xb4\xa8\
<\xce#\xdc8\xf8\xa1\xect\xe9\x16^\xc8i\x9a\xae\
0\xe5$\x02f\xa0\x094\xa2\x9e8;\xa3\xd7\x13\xac\
;\xc4A\xd6\xb7\xc1\x0fz\x9d\x93G\xa6\x95p[\x1d\
=\x7ft\x0d\xc1\x17\xfby\x9b\xbfG\xca\xc4^\xdf\xec\
\xe6j\xc7\xfe\xe5\x83[\xf6W\xff\xf8\x0b\xfb\x8b\xef\xfd\
\xc8\xfe\xe6\x1f~j?\x7f\xf7\x03\xbbq\xfb\xb6mo\
n\xc8\xda\xe8\x02,\xf6\xb9\x8f\x11\xb6\xfbIA\xd3\xda\
\xa1\xd5\x0109\xe8\xc1\x8d\xa55\x14\x0d\xb99\xf5\xcd\
J\xe9F\x1d\x84\xa2I\x82dy\xc4\x07*\xa1,s\
\xd0\xb9\xc7?\x5c\xc1#\xef\x91\x17\x05\x1e\x88\xd7\x9d8\
u\xc6\xce\xbf\xfa\x0d;q\xf2\xb8\xcd\xb7\x15\xfb\x04\x0d\
\xa3/X\xffp\xc8N\xcb\x83\x03\xbd\x13\xbc)\xfa\x16\
\x9f\xe2\xd9\x90\x07pSM'\xd9@\x99\x01\x8fF\xb2\
\xfe\x9b\xe9\xb8\xc9\x11,\x1a\x94Wt=\x92nG\xe9\
;\xfb\xd6\xdb\xdb\xb6Qw\xc3:\xbb[\xb4F\xd8\xae\
\x94qN\xdf\xa3\x18FF\xae\xb4G\xdc\x9c\xe1\xbd\xf1\
c\xd1P\xac#\xaf\x1b\xaf\x1f\xfes\x9e\x00\xfdQJ\
?\x9b\xe5\x0b\x01\xc8\x18sV\xfb\xdc#\x83\x1c)\x22\
\xb4\x05h\xbe\xf1A\xf8\x04G\xd80\xc52\x88\xb8\x06\
\x16=sk\xcb\x83&=\x19Jh\x0c\x0b\xe1\xe6\x95\
\xcbv\xe3\xcau\xfb\xf4\xc6C\xbbsw\x83\xeb\xd5k\
\xf7\xed\xda\xa77l\xfd\x1e2\xac\x90\xe1\x90\xac\x08\x04\
\xca\x91A\x01\x82\xf4J\x95 B\x10\xb9O\xe1\x86\xa9\
(\xd9\x19\x0e\x84\x07\xabd\x1a\xb1\x0e\xf54EU!\
\x0d\x0fi\xb1\xfd\xc1\xa4\x0d'Z\x9c\x94I\x01o\xb7\
@ha\xc4\xbe\x83J\x9cw\xa0\xd1=\xbe\xba\xcb\x8a\
\x16\x09VXC\xf9\x9ag\x88\xb8)\xae\xb8\x03\xb6\x12\
\xd2c-\xa7\x8a\xe7\x1f\x04\xf7\xa9\x93'\xed\xa5W^\
\xb6\x16\x0c\x14Z/\xbaG\xc2!\xd2p\xe1rP;\
\xb9\x15\xcc\x85\xef\xc1\xe3]\xc0(\x054\x84\x8d3(\
o\xf4\x95\xc2\x05\xcd\xea\xc1ToxhD\x18\xf2\xe4\
\xd3\x9b\xab\xf6\xfe/?\xa2\xdb\x82\xae\x09\xfa\xba#\xeb\
\x0a\x81twU\x01<\xe8\xdf\xf7\xf8\x07\x19G\x0aC\
n\x7f\xa7\x0b\x14\x964F\x9a\x10=\x95e\x8c\xf2~\
\xab\x96\xcc*\xbe\xe3\x9c\xc0\xba\x92&\x89\xed0\xd39\
\xbe\xad|\xbf[d\xe4\x07\xd4Q\x9c\x93\xf5\x01!\x0b\
p\xbe\x9f4\xfd[\xf7\x1f2)\x82\xcd\xe3/r\xd9\
Q\xad\x91\xa2\xed\x8a\x1cW]\xe3\xf9\xfa^\x13}\x80\
D0bu\xd2\xcflmod\x1f\x5c\xdb\xb4\xef\xff\
\xf3\x87\xf6\xdf\xfe\xf6-\xfb\xab\xef\xff\xc8~\xfc\xb3w\
\xed\xca\xb5\xc4w\xeb\x0f\xa9U\x1f\x10\x1c\xe4\x9e\x12x\
\xf8\xbe\xaf\xb4<\xd2\xda\xf3-\x12Y\xb0b\xf2%f\
\xe3e\xcb\xc3i\x22\xe8\x01t\x80?U\xa3\xd7$\xbe\
W\x96\x07xF|\x04\xcb\x03<\x16J^\xe1Q\xf0\
\xd4\xd2\xd2\x92\xbd\xfa\xe6\x1f\xd8\x9b_\x7f\xd1\xce\xae\xb4\
\xc9\x8b\xc1_\xe1\xe2\xc59Z\xdeC\x05\xb8U\xa7\x18\
\xdd\x22\xadP\xbc\xd0\xa7\x03c[!\x99\x04\xf1\x8e\xd9\
\xb6\xc0\x04\xe3g\x01X0\x18+\xf8\x16\x7f\xf8}R\
D;\xcc\xbc\xda\xb2\x83\xfdTO{\x983\xbdX\x16\
j\xd7\x22\xf7\xf2y\xf0C\x0d\x18\x03O\x1f\xe6*\xe5\
\x83\xd4D\x1a\x92,\xe0yT\x8d\x9f\xe36\xaa\xec\xc8\
\xf2E\x15\xae/\x04 OZT\xec8\xa8>$3\
\x89\x7fh\x5c\x8b\x8f\x02A\x84\xd6\xc5\x8a\x1a8\x02\xe3\
\xbc|\xbf\xeau9\xee\xca\x826\xb2\xbez\xdf\xee\xdf\
\xbcl\x1b\x0f\x1f\xda\xe6V\x02\x0avF\x83\xffT\xa6\
p\x8f>wi4\xca\x5c8L\x8d\x884\xdf>\x89\
\x16\x03\x9e\xc1\xaf\x09\xc2\xa0vp\x80y\xd3;\xd6\xed\
`F\xb0=C\xaa+\xccZ\x04\xd2\xa7\xdbs\xd6^\
\x5c\xb1\xb9\xb4\x1e6Z63\x8bx\xc8\xbc\x03\x05\xb4\
\x17\xf5\x02G\xe7!\x10i\xc4I\x14\xb8s\xcb\x83\xa0\
!\xb7U=\x86V\x8ei\xf0\xba\x00#\xbb\xa8\x18U\
(Kn4\x00B}%U'\xcay\xe9\x95\xd7\xec\
\xf8\xe2\x1c%\x08\x02\xd8$\x22\xc3\xbe\xda\x87\x96M\xc3\
\xfbo\x040\xf8c\xf8l\x80\x0e\x9e\xed(\x92\x03\xf8\
a\x0d9\xa31\x0dx\xa8\xa1Mb\x8a[\xbe\x0a\xcc\
\x97\x9etw\xa3o?\x7f\xe7=\xbbs\xe7\x8e\xac\x8c\
\xd4\x1e\x11<\xa7\xa6I\x10I\xc7\x03m\xc3\xea\x88\xc1\
\x13\x8b\x02!m*\x98%o\xf96\xbd\xb7\xa6\xa9/\
\xca\x0c_\xfeR\xca\x96i\x9f\x1b\xed\xc77*\x8b\xc6\
\x83\xe8.@\xc2\x8dU\xfc\xe4\x01\xbc\x12\xb2\x91\xf6\xbc\
\xb1\xb5e\x1f_\xbbc\x9b\xbb\xe8\x99\xce\xc7\x14`@\
;\x01\xd8\x07>8b\xac\x03?7\xf0\x09\xc3\x00*\
\xb8\x8f\xd7\xd1\xff\x01\xc3\xcf\x98\xad\xef\x1c\xda'\xb7\xb7\
\xed\xadwo\xd8\x7f\xfb\xde[\xf6\x17\x7f\xfd\xf7\xf6\xfd\
\x7f\xfa\xa9\xfd\xf2\xa3\xcbv\xff~R\xd6\x920\x94%\
!\xc0\x10Ph++\xa4\x8a{T\xfb\xb0@\xb8B\
\xb1\x80\x15\x02Z\xf0\xc0y\x00H\x1d\x07\x08\xcb\xcd\xa9\
\xcd@\xb5\xb5\x85\x95yhL\x11\x0b\xc5L<\xb70\
\xdf\xb6\xd7\xdf|\xd3\xfe\xe4O\xbei\xdf\xb88o'\
\x17\xc1\xa3nULO\x019\xc4;\x06\xcf\x06\xdc\xd1\
\xf8\xbd1\xf3\x10\x8a$\xac\x8d\xe9i\x9f&\x01\xa3\xee\
bM<\x0e6B\x9f\x10\xa6X\x0f\xd1!\x17\xee\xf4\
)\x9bi%\x8b\xa4\x05\x8f\xc5\x04\x07Jd\xda\xee\xb6\
\xfa}\xc85\x07\x85\x19t\xee\xb2\x0em^\xc5\x88\x0d\
\xdf\x1d\xe0A\x1a\x89\xac+\xec\xbbL\xcdu\xe2|\x80\
}\x5c\xab\x16\xf1\xcc\xb3[\xbe0\x80<\x91I\x83\x19\
\xf2\xbeo\xf3e}4?\xd8\xf7\x05\x1e\x850\x04\x16\
^a\x8e\xc2`\x1a\x8d\x02Z4\x11\x10\x16\xcc\xbf\xad\
\xb5\xdb\xd6\xddy\xc8\x9e\xe4\xd0hA\x00\xec\xf5\xd9n\
S\x80\xa3\x10\xe1\x1a\x8a\xbe\x09 \x16\x9c\x0f\x90\x8a\xdc\
\xed\xd4\xf2\x89\x98\xf7\x99\x95E\xd3\xba\x8f>!C\x97\
\xb0#\x8e\x83\xb3\xb0\xb8l\xb3\xf3\xc7\x12\x884\x13\x80\
,k\xac\x1bj6\xea\xfd\x0d\xd38k<\x00\x11\xa6\
\xf9a\xeb\x16\x09s\xc2\xe5\xde\xa2\x05\x13\xf7\xba{+\
\xc7?Pfj\xf8ZA\x9d\x10\xe0\xb4!\xbc^a\
\xba\xe6\xbaLe\x9f_Z\xb1\x93\xe7.\xd0\x0dE\x81\
1\x80\xd0\xd0\xcaf\xa8\x9a\x87Y!im\xa6{\xe9\
\xc2\x82\xeb\x0a\x19W|\x91\x83\x13\xbf\x1be\xc1\x0f\xf4\
\xda\xac\xa1\x062\xa9h\x822\xff\x09F\xdb\xfd\xf8\x93\
\xab\xf6\xab\xcb\x97m\x1f\x16`\x0f>n\xad\x02\x8e\x08\
\x9a+XZ\xe2\x1f\xa1i\xcb\xa4\xaf\xdb_\xf9\xff\x03\
\x0aX2Uf\x92\x9a-\x9e@\x97\xbfE\x8bJ\xe8\
`\xe2<\xa2]\x08\x01\x09\x82,,\x9d\xeeC3\x8d\
\xc0\xb9\x02\xcbJ(\x91\x0bP\xc0\xdcMu}\xed\xc6\
-\xbbvo\x8b\x03_\xd2`\x1b9P\x8c4\x9a\xb2\
\x80\x03\x00\x15 \x22:\xc9\xc02\xd0\xe0\x99\xdd\x83\x91\
\xad\xef\x0d\xec\xfa\x83}{\xfb\xf2]\xfb\xdb\x9f\xfc\xd2\
\xfe{\xb26\xfe\xbf\x1f\xfc\x93\x5cT\xb7\xee\xd8\xd6\xd6\
\xa6u\xbb\x88\x13viq\xa0\x1f\x15\x8e\x030`]\
\xf4z{\xb2>\xb0\x1f\xc0\xd1\xd7\x8c~\xca\xbar\xd7\
\x95\x8fL K5h\xc2]w.8\x1f\xa7 \x88\
6\x9d_\xbc\xaf\x87@D\xca\x9b\x02\xe6\xcek\x13\x9a\
\xb1\xf3\xd4\xd9\x17\xec\xc2ko\xd8Ls\x96\x03{n\
u\x86\x1c\xdd\xa2\xd3\xc3\x88\x14\xfd$\xd8!{P/\
P\xbb\x1a\x9c\x0a\xc104\x09\x94)\xf0\xfa\x14\x80f\
\x86\xcf\x85\xbf\x10\xbc\x06'\x0b\x96\xf0\x22 \xbd\x1dS\
M4\xdb\xd36;\x07\x17\xd7\x8c\xedv\xd2wu6\
\xad\xbf\xfd\x901!\xd15\xbe\xd1]\xb5\x1e\x94\x8f\x98\
W\x1e\x999\xe8!\xe4$i\xc5\x99\x9a\xfb\xe2\xc7\x5c\
?NW([\xe6\x91#\xf5\xc6{\xb8\xf9\xe2<\xf3\
\x85\x01\x04K~qU\x00\xb24\x0a\x1bl\xc2\x86\xd7\
\xc7\x06\x9a\xd6~\xde@\xd5\xb1\x15\xee+VX\x9cs\
D\xce\xe7t\x1cL\xb6\x93\xb4\xae\xed\x07\xd7\xad\x9b\x1a\
dcs\xdfv8\xf1\x14@c\x0aHa\x1c1\x0b\
\x1a\xb33\x0cz\x94\x8e\x0e1;!\x08Ds\x80\xab\
Q\xa0m\xf5\xe8J\xc1o\xd8\xc9\x0e\x9a\x04\xbe\xa5\x01\
_\xa6\x86\x95\x80\x8b\xab=\xb7\x94\x88g\xceF\x13m\
\x9b_\x5cb\x06Xd]\x95\x0c\x8f2\xb4\x88\xf6e\
\x99\x88\xb0A\x84e\x7f|\x8d\x14D\x8f\x91P\xf3w\
+\xc5\x9ca\xbc\xb6\xa3.Q\x8f\x00\x99\xc5\xd3/Y\
;\x81\x1b\x05\x81\xc9\x0c\x87;\x03\xeb`\xa0\x0c,\x97\
\xbdZ(\xf0\xdd\xca\xc0~e]\xe0\x22\xb3OFn\
\x0a\x13A\xf4r\xfd\x5ch\xa1g\xb9Kd\xa4\x80\xea\
\x95[\xeb\xf6/o\xbfg\x0f\xd7\xd6(\x5c\x00\x1c\xb2\
B\x00\x18\x02\x11\x1d{\xd0\x9c\xfem\xf9\x8a\xb3\xb6Y\
\xb5\xf18=\xe0{\x83Y\x9c\x0eY\x88/\xce\x08\xcf\
o\xf1\xb2\xea_\xa6\xbb\x1c\xf7x\x0cO\x88\xeee}\
D\x0cDn,w\xf1@[g=J\xf8\xae\xa5:\
\xbfr#\x09\xf7}\xb9=\xc6\xe2+\xf9\xd8\xddW\x0e\
&\xb4\xf8\xb1\xa6\xe3\xdd\xbe%\xeb\xb1g\x1f^[\xb5\
\xb7~\xf1\x89\xfd\xcd\x0f\x7ff\xdf\xfb\xc1\x8f\xed'?\
}\xdb._\xbdf\xeb\xebk\xec\xcb\x13\xd9S\x00\x0a\
\x80\x06\xd6\xb08hu\xc0m\xd5\xa9\x8e\x09\x22\x8aw\
(\x1e\xd6\x95\xc5QY\xa6\xa1L\x84\x22\x91\x03\xc7^\
/\xa4s\x11\xa3*\xd0\x95\xab\xdaJ\x0e\xb7\xb0\xf6\x83\
\xbf\x9c\xff\x12\xcf--\x1f\xb3K_{\xc3N\x9c<\
\xc9\xd95\x1f\xec\x0c93&\xa6\x88hrn!L\
/\x9b\x14A\xefL\xc8\xe7#\x08\xcf\xf8\xc9\xb4\xb7\xe3\
$\x90\x82[\xd4\x1d\xb8\x02\xa0\x818is6\xc9\x84\
d\xe1\xcc.\xccq\xf4\xdd\xd9\xd6\x0c\xe7\x22\xc2\x821\
\xbd\x0e\xf7\xee3\x03\x8bc^\xd52m\x18\xed\x15\xc7\
G\xf7\xcb\xb6\xc8B_AG\x91\x89\x15\x00\xe3<!\
y\xfc\xf8\xe57\x01\x0f,\xf8\xee\xdf\xe8\x09\xd4\x8c\xb5\
S\xce\xe1\x0f\xc7h@\x172\x1cx\xac!\x81\x08M\
\xa1\xa4\xad\x86 \xc56\xd2`\xd5\xd0\x9c\xcf\xdbG\x94\
\xd5t\xac\x9a\x92\xb5\xeck\x85)\xb9\xb8\xb4lg^\
\xfaC\x9b\x9a?\xcb\x0a\xc50\x04xF\xb7\x07\xe6\xea\
\x18\xe2\x1c\x18\x5c\x91\xda\x15\xdcY}\xe4\xcb+\x8f\x1b\
L\x19\xef\x86t\x05S\xa1\x93\x0fLU\x08P\xa4\xe0\
-..\xea:\xbe\x0b\xbfK\x0d\xb8\xbb\xb5a;\x9b\
\x0flr\xb8g\x9d\x9d5v\x86\xa2\x16\x1d\xda\x13\xdd\
3eh\x0e\xe5\xb3\xfb5\x0aGe\xd9P\xe3\x18B\
\xdc\x97Fg\x9d\xe1\xcf\x19\x02\x1a\x155\x1bZ4^\
\x0f\xd3M\xd5\x01\xe6~O\xdbV\x02\xb57\xff\xec\xbf\
\xda7\xff\xf0[\xf6\xc2\xe2\x90C\xdbg\x8b\x0b\xcd\x91\
W\xb5\x15\xf6\xd9<\x04Xda)\x8eA\x82\x00P\
p\x9c3\xb5i<Ge\xd4~0\xae\xce\x0aH\x0e\
\x12x<\xd8\xd8\xb1\xb7~\xfcc{\xff\xbdw\xe8\xd6\
\xc8n\xab\x88\x7f\xc0\x1a\xc9nF\x01\x0a\xea&\xfc\xde\
\x14 \xb0R\x08(\xc5\x22\x09@\x91 \x01\xe8KQ\
\xc9\x96P\xae\xbf\xdf\xdeE\xfc\xe2\xf5?\xc1 \x95\x0b\
:\x17x\xa4\x7fY\xa9\x18\xf6B3I\xc2e\xd2\xa4\
\xab\x04[\xbaO0$xZ\x11\xb0\x9d\x99is\xcb\
s\x08\xe2\xb6Z\xf6\xe6\x1bo\xd8\x7f\xfd/\xff\xd1.\
\x9d\x9c3\x8e\x04\x8b\x17\x8eXCe\xdf\x81\x97\xbd\x9e\
\x12Ov\xfbC[\xdf\xe9\xd8\xed{\xebv\xf3\xee}\
\xbb\xff`5)d[\xb6\xb7\xdf\xa1`\xa7\x05\xe4@\
\x16m\xc3!=@\xc3\x04\xfe\x81[\x0b\x83r\x0f=\
\x06C\xba\xa1#\x83N\x0a\xc2\xb8 \xccJ\xa6k7\
c\xca)I\x91\x84\xaa\xfa\xa3\x1c\x91\xc5\x11\xca\x95\x14\
4\x97%^\x87yJg\xd6'\x5cL\x18\xebj\xde\
\xbe\xf6\x07\x7fh\xdf\xfa\xcew\xec\xfc\xe9c6\xd5P\
\x87Z,\x1c\xa9\xfb\xc08\xcd\xc3f\x07c\xef\x1d\xda\
~\xb2F\xba\xdd>\x01\x1a\xdf\x0f-)b\x16\xf4\x0c\
\xb0\xee\xd4\xa2\x1a\xa9W@1\x03\xebc\x06\x1dl\x95\
\x15\x8a\xcfx\xb8\xbem\xebw>\xb6\xd5k\xef\xdbj\
\x1e\x8d\x01\xbc\xa1N\xb5t\xb3g\xf9\x01\x9e\x90\xb20\
6*CV \xb0\x1fu\xed[_\xa9\x80\xa0\x1e\x9d\
/B\xc1\x1c\x83\x11\xaf\xdf\xdf\x94_\xf0\xdd\xbf\xd1\x13\
2\x80\xe8@\x1b\x07\x0d6\xae\xefK\xd8H\x10j_\
\x1a;\x1b\x9dn\x1c\xb9\x80\x02<\xe4\x8b\xf4\xe1\xc8'\
! \xd18\xees\x0c\xf0\xa8\x04)@\xe4\xc4\x99\xf3\
\xb6r\xfe\x9bv8B\xc7\xb9\x01\x05-\xa6\xaam\x0c\
0\xb70L\xf4\x01\xb5 \xc4=\xd0\x7f\x04\xda\x16<\
Y\x10d r\x10\x9e&|\x02\xe0ax\x14\x09H\
\x0cS\x00\xc2Cf\x054\x0c\x98\xc0X\xfa\xdd\x9em\
l$\x0d{\x7f\xc3&G\xbb\xb6\xb5\xfe if\xfb\
\xb4`H\x04\xd0\x12\x034j\xf0p\x00\x91P,\x1a\
\x16\xc0K\x9a\x83\xac\x09\xd6$e\x8c\x5cZ\x142\xa8\
\x1f\x9fq0\xea\x02\xa61Ll\x08\x8f\xb9\xa5\x93\xb6\
r\xf2\x94\x1d[\x5c`\x9f\x18\x80 \x87x\x0fF\xf3\
mf>\xbe\xc6\xdb\xc6\xdb\x0f\x04\x11\x84!\xb3\xdc\x89\
\x8d\xff\xa3\x98Y\x0c\x81}\x5c\x18`\x96\xc8C\xdb\xdd\
\xebPC}\xf0\xe0\x1e\xb5\xcf\x00\x83\x12\xf7p\x97\x95\
\x83I\xd1>U?to\x81A\x5c\x0b\x95\xd6\xed\x02\
\x8a\xcc\xeb`\x0b\xc1\x07\xe2'cTe\xfc\x0d\x19\xe2\
\xcb^\x0a\xbfH9\xc0\xa1\xdaW\x00\xc2\x00/h\xdf\
-X\x81\x88\xdc\x1fTj\x98\xe5\x030\x01p8h\
\xcc(p\xcbc\xf7\xc7\x9f:y\xc2\xfe\x8f\xff\xfc\x9f\
\xec;\xdf|\xdd\xa6'\x0e\xfd\xbd\xa5n P0\x81\
\x1a\xd6\xdd\xde\xc0V7v\xed\xe6\xed{v\xfd\xd6\x1d\
{\xf0p\xdd\xf6v\xf6\xacG\x81V\x80\xbb\x06\xf4\x02\
\xec.\xc0\xf29\xec\xbb\x15\x09\x8b\xdd]\xce\x866\x8c\
d\x19z\x18@\xeb~L\xda\x17\xdd\xabp\xd1\x96Y\
\xa4\x18\xea+h4h\xd7\xaa:\x93\x0b8\xdc\xc8\xaa\
?\x0ch\x88\xfa\x9b\xf1\xf8$\xea\xe8\xd5W_\xb7o\
\xfdo\x7fn/^<gs-y\x19\x1cGS=\
\x0c\x99U\x86\xd9I\xb7\x01 ]d\xb6\x1d$\x99\xa1\
\xf8\x1c:\xe8\xc9\xd2\x07\xd9!n\xda /\xb2,\x06\
\x0bDC\xf8`\x95\xfb\x0a.\xe1\x09\xd8*\xb6\x9d\x80\
\xf9\xde\x9d\x9b\xb6~\xf3=\xbb{\xf3\xaau\xf6\xd5\xc7\
\x8cI$\xee~\x04P\xf0\x18\xfc\x01O\xc8\x18\x80T\
\x8a\x14\xf8\x83\xa0\x1d\xe0]\x94\xaa\x90%E9p\x1e\
A\xfd\xfe6\x02\x08\x96'\x81H\x98\x7f:\x0d\xc1\x05\
7I\xf1\xef#V\xa0\xb4V\xc5\x07H\x00\x1e\x1f\xc0\
dI\xdc\x82\x082P\x08L\xc8L\x18\xa4\x8c \x82\
\x8e>\x9aapv~\xceN]x\xd3\xa6\x17^ \
Q\xa3,\x14\x98#\x80\x05\xa6\x8cD|\x03C\x97\xec\
\x13<F \xc0\xf4\xf9\xca\x06\xea@~\x1b\xb5\xebI\
X\x1eX\x86\xfe\x0ei\x84\x1c\xbf\x7fv\x8e\xe7\x10\x00\
\x07\xc0c\x1c\xa2\xfd\x9duk\x1cn\xd9\xa8\xb7e\x1b\
\x0fW\xe9\xae\x89\x86\x8f>\x0d\xecUK\x22\x91fF\
M\xae\xb2D\xd4\xe8\x01 x;\xb8\x07\x15'+\x8e\
\x99Z\xc1,n\x9d\xb1\xef\x0a\xa6\xab\x05\xc0\xb2N\x04\
\xc0\xd2\x84\x5c\xe8\xb8\xd9-p\x06\x00!\x9d\x11m\xe3\
\xae1\x8f\x0d\xa1\xae\xb8!$\x10\xf6Ip\xf2\xa0\xca\
RC\x91H\x86A\x90\xceP\xf2\xd1\xfaw\x91\xf8\xa5\
-\xe5\xb8\x06\xc1C\x0c\x82\xeb\xfd\x03u\x16\xd3\xd8W\
b\x1e\x8c\xc8\xcb\xbaAl\xc4\x19\xa6\x08$\xd4\x17\x98\
\x04u\x83\xba\x92\xb0\xa1\xe5\xe1B\xe77e\x84\xe7\xb9\
\x8c\xf1\x04\xeb=\xdaC\xbeu\xc5\xc40\xe9\x17|\xec\
\xae8\x91\xfe\xb1\xad\x00\x04mL\x00iU\x80R\xee\
\xf9\x93?\xfd\x8e\xfd_\xff\xf9\x7f\xb7Ss\x08\xe6\x92\
\x98H\xd7pe\xa2\xb3\xdfF\x12jw\xee\xafs\x1c\
-\x0c\x09\x8f\xe1P\x90!\x846C\xbbf\xff<i\
\x14m)_|h\xc0T\x1c\x1e\x01\x95\xb0F\xa4\x05\
\xe3:\xb3\xe5\x0c\xcf\xd3o\xc08\xa1\x15\x17M9\x14\
\x81\x86\xb7i\xd4\x91\xca\x0dA\x0c\x8f\xbbR\x90\xdd{\
\xe1\x8a'\xf6c^\x1c\xf5\xb5B\x9c\x03\xa3\xe1J~\
\x84%r\xf6\xdcY\xfbw\xff\xe1?\xda\xff\xf2\x8d\xd7\
m!\x81\xc7\xc1\x10\xee;\x8ds\xb5\x7f \xd7\xdd>\
@#Y \x1d\xcc\x0b\x94\x80\x15\xebA\xff\xd0&\x10\
'5x/\x04~\xe0\x1dl\xa5\xe8N\xba\x85.+\
\x1ex\x82AF\x95\x1e\xaf\x01\x19\xef\xde}`\x0fo\
~dw\xaf\x7fh\x9b\xeb\xeb\x89\xc6\xa18\xc9+!\
+\x04\xf4/\x853<\x188\x0f0\xd6\x80\x92\xe8\x03\
\x14\xa9\xcc\xaaoz/\xc8\x17h\x1f\xd4i\xb1\xe8\xb2\
\xf5\x81ZE\xfb\x85\x98?\xc2'\xbf)\xdf|i\x00\
\x82\x85c\x22\x05\x838\xa0\x84\x15\x92\x85W\xb6@d\
u(?[\xc4@\x02\xa0\x06\xe6V\x08\x09A\xc22\
\xdc[\xca\x82\x80\xbbI\xdb\xe5\xe3I\xfb>\xf7\x0d\x1b\
M.\x1af\x02Cc\xa2D\x10T\xea\xa5\x9c\xcc\xd2\
=uX\x12m\xc2\xcc\x9c\xe4\xbd\x18x\x11\x9d\x061\
8#|\x9e`\x140\x224?T<R\xf50I\
\x0c\xb4\xbcl\x19\xc0\xe7\x0fP\xda\xdb\xb6\xe6\xe4\x81\xf5\
\x935\x82I~rv\xcc\xa0O??G\x14u\xc2\
\x90\xbf_D\x913\xcb\xb2\xe6P\x0bD\xac!`\xaa\
\xba\x0b\x0d\xcb\x01U\xb3\x10B\xd8\xa0N\xca\xbe43\
w}a\xdf\x7f\xabT\xc7\x00r\xb5\x1f3\xbe\xf2\x12\
mXH\xa3\x06\xb6\xd0p(\x04Xv\xb9\x01\xc3\xcd\
\x14f6W\x80shX\xac\x13\xdfw@\x09\xebC\
\xd6\x1a4=\x07\x1e<\x8b.\x10iX\xa1\xb1\x06h\
\x95\xf2\xa0l\xe1\x84\xf8\xddY\xc43hO\xf1I\xe6\
\x09(\x09\x10\x84\xe4\x0b\x81\x07\x03\xb6\xa10M\xc3\xc2\
\xc0\xbe\xc0B\xe0\xd1\xcc`\x22\x97.\x5c\x9b\xd3v\xf2\
\xf4Y\xfb/\xff\xe7\xffm\x7f\xf4\xb5\x8b\xd6\x9a\x84\x12\
\x95\xb4\xebN\xdf\x1e\xac\xef\x124n%\xd0x\xb0\xba\
f;;;\xa9\x8d\xd0~\xa2\xbf\x10\xfc\x14N</\
\xfa$p\x80N\xa3\x8dq\xde\xc1\xa4X\x22\x95_?\
@\xc6\xdb\xce|?\xe8'\xbbU\xf0\x0fVw\xd0\x1d\
7p\xbfz=\xb9\xc5!\xf7\xb7\x94)\xc56\xc0\xbb\
\x054h}$^\xc0p!\xb0>2_\xa4\xf3\xc7\
W\x8e\xd97\xff\xd7?\xb3?\xfe\x93o\xdb\x85\xe3M\
\xbe\x13\x13\xa1a\x22.\x00\xc9^\x0f\xe9\xc9#\xce\x0b\
\x04W\x1e\xa6lFP\x9dY\x9d\x90\xc7\x00B\xd6\x89\
\xd3\xddH\xa2\x8ei\xef\xcc\xccRf#\x95\xceI\x94\
K.b(\xc9{\x9d\x9e\xdd\xbd\xf6\xa9\xdd\xfb\xf4m\
\xbb{\xeb&'\x8c\xa2\xc2D\xebC\xae\xdb\xe8PK\
\xab\x04\xbc@\x99\x11@R\xd51\x94+\xd6\xbf\xdad\
\xcc\xea\xa8dH\x941+\xa5\xbf\xb3\x00\xc2S\x0e$\
\xb4@\xc6\x01\xa4\xc4B*S\x94\xc2\xcf]Z\xaem\
k\x96=Y!0\xe9\x03Xr\x1c\x00\xf7\xa4m\xbb\
=k'\xce\xbels'_5hZ\x00\x0a\xa0\x08\
*\x1e\x15\x0cbDC!\x98u\xd0OV\x87\xb9\xab\
,\x95\x0d\xe7\xe1\xe2\xc2=\x8cw\xe0*L\xd0$\xa4\
\x11/\x81\x06\x02\x8d\x7f\xaa9+\xe2\x9cD\x00\x0dd\
?dvI'\x81Hk\xfa\xd0z\xbb\xeb\x0c\xec\x93\
\x10j\xd7\x15\xb5\x0d\x17\xac\x00\x14\x0aH\x07\x10\xac9\
mO\x1av\xd4\xa7\xaa4\x5c\x80`$\x07\x06f\x96\
\xb8\xe5A\xd0\x95\xef7\xc0\x83\x80\x0cf\xca\xeeB\xff\
-\xb6B@=\x9f\xe0\xaev\xabZ\x92\x0b!\xc3\x89\
\x11\xffq\x7f\x189\xe8\x10\x02N\xc0 \xea\x10\xf8\x0e\
\x00\x01\x22e,#\x81\x05\xebc,\xd3\x06\x00R\xee\
\x0f\x01U\xb4_\x81\x06S\x17\xb9%g8\xf1\x17 \
\xf9]ZB\xb3\x96r \x00G\xdb\xb0}i\x8d\xbb\
\x15\x12mY[\xdb\x00\x13\xc4Bp\x8en+\x1d3\
FBk]n,\x0c\xc5\xf1\xea\x1b\xdf\xb6o~\xfb\
\xdf[s\x22Y\xca\xdb\x1b\xb6\xba\xf6\xc0\xee?X\xb3\
\xed\x04\x1a\xb0\x9e\xa9\xad\x9a\xda8\x84;\x05SV\x06\
\x02\x14\xdc\x82pAF\x0d\x98m\x16m\xae\xe1E\xa2\
\x8f\x16\xfb\xb0\x80\x9eq/\xdeAz\xc1\xb3\x9d\xb6\xd9\
\x86\x00\x10\xbc|\xacf\x5c0\xabNb-\xa3X\xfb\
\x9aAC\x16y\xc8\x0ey,$3\x04\x1eS\x8c_\
~\xe3\x8f\xbem\xdf\xfe\xf7\xdf\xb1\x8b\xa7\x169\xa9\x1a\
\x14td\x0a\xc2\x12\xe3z\xa8\x18\x08\x12l\x90\x81\x86\
\xb4\xe5^_\xe5E\xe6\x1a\x81\x04;C\xcd%\x04w\
\x16Fo\xe0\xe8\xd3ps'\x00A\xc6\x95\xb29\x95\
\xd5\x08\x0b\x04\x16\xcd\xdd;\xf7\x13x\xfc\xc2n_\xfb\
(\xc9\x05\x0cQ/kCJ\x94\xef\x13@\xc2s!\
^\x89}\x0d\xe5\xafQ\x08\x82'\xc2sA\xbe`{\
A~\x8c\x03\xb3x\x15\xb6_\xa5`U\xbc\xf2,\xf8\
\xe6K\x05\x10\x0a&Q\x83\x02\xb7\x04\x0f\x81\x084\x8c\
\xe8\x8d-7\x96\xc0\x04\xae+\xf5\x1c\x0d\x00\x91KF\
s|\xbb+\x86\x9a\x18V\x8f\x03TV\x89\x02\xea\xc7\
\xec\xc4\xc5?\xb0\x89\xd9S$l4\x0e\x01d\x04s\
\xb4'\xda\x1d \xe5\x11sR\x00T\xa4\xd9\xa0\xc1\x99\
\xde8P\x068\x06F\x13AN\xd2\xd5%\xd0\xc3\xdc\
\xc6\xed\xc4\xb0\xb3\x04\x17\xf6BM\xe5C\x83o#\x1e\
\xd2\xdfM\xda\xde\xa1\xedn\xa1\x93\xd0\x1e-\x90 \x84\
\xe2\x9eq-\xc2\x09C\xfe}\x08I0\xa3\x18,\x18\
;\x9a\x87\xe2&\x03Ha\x22\xfa\xcb3\xf0\x0a,\xe4\
\xb6\x0a\xa0\xc19\xdd\x1b\x00\x94\x19\x93\xfb\xde^\x10b\
\xfe\xc6z\x91\x8cV\x19B`\xd7ZNXO\xd9\x95\
\x95\x85\x8ao\xc7\xbe\xfd\x80\xa0J-*g_\x05h\
8\x83x\x9d\x04(\x85\xf6\x1a \x22\xd7\x15K#A\
\x94\xcb\xf5\xbb\xb7d\x17\x16\xc1\xdb\xb5l\xb4\x93\xb7\x1d\
x\x00\xbc!\x05\xca\x85cX\xe4\x01 pW\x81\xf6\
\x99H\x81\x91\x12\xc4\x1b\xe2\x9b\xb4&\xabda\xf9$\
G\x1f\xa0\xe0b\x9d\xa2\xbe\x9c7A_\xa07\x07\x90\
\xec\x16!p\x04\x90\xab\x8d\x05\x1a.\xbc\xa8\x8d\xab\xbd\
\x8a\x15\x8dgD[Ut\xe1\x80A\x8f|\xa5\xc1\x93\
\xae\x9c\xe8\xa4#I\x99\xe1\x96\x82\x19\xf53\x1e\x1f*\
\xb4\x0c\x05JVGV2}_\x0a\x95\xe4A\xbb\xdd\
\xb6\xd7\xbe\xf6\x86\xfd\xe9\x7f\xf8s\xfb\xda\x8bgl\x16\
3r\x8e\x94\x9d\x884g`\x02\xfa\xbb\xec\xd3\x121\
z\x14\x90\xb1\xb8\x97\xae\xc1\x1a\x81\xdc\xc2\xbd\x1d\xf6H\
\xd7 \xab\x03\x84\xe0\x00 \x0d\xc5P\xd1\x9f\x8a\xc1r\
\xcc\x8d3\x81\x8e\xb7\x02\x10\x0c\xc4x{u\xc7n\x7f\
\xfa\x91\xdd\xb9\xfcs\x8e\x9c\x11\x93\xa8\x15\xeb\xbb(R\
\xb4@\xa0t:\xa0HN\xb8b\xe5\xc0\x1d`\xfd8\
\xeb#\x94\x00\x815\xbe\xd3\xf9%\x08\x0e\xcbo#\x80\
`y\x1c\x88\x84H\xe25\x00\x07\xb2}\xa8m\xc1\xdc\
\xc3\xfe\x11\xad\x18\xa0A\x00)&i\xb1@\xa6i\xae\
\x8a8\xc2\x1f\x5c\x83\x0840\xed7\x13s\xad\x9c\xbd\
`K\xa7\xdf\xb0\xc6\xf4,\x85\x17R\x07\xd1I\x87c\
\xec\xa4\x06I\x14/\xd7J_H\x1e\xe5T?m\x00\
\xc9!\xb5\x8d\x1c\xab\x01\x13D9\xa70|A\x8b\xf3\
\x1ac\xe8\xe7\x19\xb8\xb8\x1a\x08\xaa\xef\xdb\xf6\xe6\x83\xf4\
\xe3\x8eM[\xcf\xb66\xd7e\xae\x86\xd6\xcd\x0esA\
\x10\x00\x120\xab\x0bZ\xd7(H\x185\x80\x80\xd9#\
\xc1\x9c\x8cU@@C\xa0\x14\xa6\x12\x83Mx\x07*\
g<g\xb6\xec\x02\x1b\x03\x0f\x091=;\xff\x97\x0f\
\xc5\xe7\xce\xec`~nA\xa48'\xc1\x10\x1aPN\
\xbd\xa6\xe0\x09`\x94\xc6D-\x8a\x00\x02\xa1\x13\x0c\x02\
\xe1\xa3:\xa0\x9f\xd7\x7f\x97Mu\x7f\x96\xea\x22,\xb3\
`\x0c\xfe\xc7\xb2<\x0b&\xf8\xaa\x96l\x85\xa0m\xb8\
\xeb\xca\xc1\x11\xf0\x0f\x0b3\x5c\xbb\x8a\x09V+\x14'\
\xc4>\x98i\x84sR\xb8\x22#I<&z\x00(\
\x15\xce\xd4B\xad\xd5i.,\xbd\x00\x0eY\x10j\x8b\
1\x00\x09\xba\xf5\xf8\x1d\xdb\x1d<\xe2\x01r\xd1\xb1\x84\
\x1b\x09\x08r-h\x88`\xc27\x17\xc0\xe0\xe7O\xf0\
8\xd3\xf7\x91r\x83\xbec_\xc0Z\xc9\x08\xbas]\
6L)h\x8e\xa4\x97\x8b/\xbeh\xdf\xf9\xf3?\xb7\
o\xbe\xf9\xb2-7'\xec\xd0\x04\x08(V_\xc5e\
Y\xf6}J\x03\x1c\x03Xv\x0f\xe5\xc2B\xb9@\xee\
\xe8d\x19\xd2\x01\xdf\x84\x01$\x05\x14\x02\x10\x00\x06\xa6\
L\x90\xdbM\xdf\xb6\xbe\xdd\xb7\xabWo\xda\xad\x8f~\
j\xb7\xae~\xec\x19\x89nm\xd0\xf2p\xf7m\xb8q\
\x09\x18\xe3V{\x8c2P\x03\x88\x5c\x83\xcek./\
\x04 `K\x00F\x05\xd4,\x89\xf3\xc83\x06\x0f,\
\x94\x13GO~\xd1\xe5I \x22+D\xc2*\xb4\xae\
\x08\x86e\x8d:\xb4\x0a\x10\x0c\xb50\x07\x0e\x5cs\xa2\
\xc8\xe0\xc15\xc0C`\x82\xa1G\xf2\xb9t<7;\
o'/|\x8d\x01u\xbc'z\xa3\xcb\x14Ofh\
w\x87\x95L\x0d$5`\xa3\x01\xa2\x07\x117\x18 \
\xa7\xbf\xf3\xb0\xab\x86\xc0`\x87\x89\xa91\x14\x01\xbe\x0b\
&3\x06[k61:\xef\x02{\x98NM\xb5\xc8\
@\xfd\xce\xa6\xedm\xaf\xdb\xa4\xf5\xd3\x83\xf7\x12\xa0\xac\
[\x1f\x01cj\xda\x02\xaf\x98\xebBA\xb2`V\x11\
H\xf81E\x18.$Y\xb0R\xbfQ\x87\x148n\
\xda\x17\xcb\x04\xe0\xe0\xc0\x0cF\x0b\xb0\xf0sl\x11\xd6\
\x7f\xb8\x17\xa3\xcd\xbc\x9d|!Q\x90\xd1\x0b\xf1\x85\xe6\
\x18\x1a\xa5\x00D\xe5\xa5\x00\x22Ac\xeb\xc4\x1e \x02\
+0\x02\x808\xc7\xba(\x00\x13\xccA\x97H0\x09\
\x85Y\x01\x0e\xd5GU\x0e\xee:\xc8\xfe\x8e.\xaa\xee\
h\xcb\x9a'\x04\x22\x11\x13\x94rP\xb4k*R\x0e\
\x12\xb0B\x10\x13\x91\x12\x85\xf3H()JW\xc4\x16\
\x8b\x02\x91%\x5c^\x08 \x04\x0e\x07\x90\xdc\x06\x01\x1c\
Ep\x95\xe1\x84\x0a\xc0d\xe0A\x1b\xb9\xf0*\x82\x8d\
R\xad\x08\x99Jp\x1d\xa5\xbd\xa0\xd5\x18\x95\xa1(F\
\xaa\x07Y\xd8.\x1bhq\x17y\x90\x15N\xb7\xbep\
\xef\x993g\xec\x8f\xbf\xf3g\xf6\xado\xa1\xa8\xd46\
\x00\x00 \x00IDAT}\xc3N/5-\x86o\
\x81\xa5\x81-]S\x03\x0d\xcf\x82xH\x1f\xae\xabC\
\x0d\xd5\x12\xb1\x0ey\x04TJ\xc0\x1b\xac\x0e,\x04\x8c\
\x84\x1c\xad)M\x01\x8d\x18\x08\xf6\xc1U\xb8ck\x7f\
\xc8\xe1\x95n\xfe\xeam\xbb\xf6\xe1\xdb\xec\x0f5\x06\x18\
a\x81\x0042\x80\x04`T\xd6\xb9\xf3\x8f\x86s)\
\xedBw!\xda\x03m\x87\xf3T\xaeP\xd7\xee\xb2\xf2\
\xf2?\x0e<t8~\xfcE\x97g\x0a X>\x0b\
D\x8a\xe0\x93K\x8b\xe3?U\x9aF\x10\x07\x09\x9eZ\
\xb4\x18!\xdc3b\x8a\x19\x11OX\x1e\x0e\x18\x99\x99\
\x08(\x8a\x91,/\xaf\xd8\xf2\xb9o\xd8`r1U\
\xa8\x862\xa1\xf6`\x88\x8d \x8d\x0e\x0d\x90\x88\x05\x19\
R\xa9\x81\x98\x81\x95\xca\x00y-\xc1\x0d\xa69\xe0\x17\
\xa0\xc29v\xd4H\x811X\x1d\x1c\x12\xa49g\xad\
&\xd2(\xe7X~\xa8Z\xe8y\xdb\xd9Z\xb5\x99\x89\
$8\xfb;\x1cPN~\xcd\x03\x05\xd7I\x0cE\x90\
R\xb8f )\x16Hd\xaf\x04\x90\x94%@\xd9\xc1\
\x18\xe0\xe6\xf5\x1b`\x82%\xc0\x04\xf5\x1d\xf5\xcc&o\
\xe8Z<\x8b\xff\x1f\x15*\xf9\x7f&\xea\x8a\xe3\xf8O\
\xe5Q\xdf\x8b\xe2\xf6\x10\xe8I\x88\xf0\x1b\x9c\xc0\xc3g\
\xabot\x80\xa0\xc5%\xedU}`\xa4Qi\x7f\x1c\
\x94\xb8\x92A\xc4\x1c,\x95\xd7\xc7\xb3b\x82\xafj\xa9\
\x15\x02\xb6\x09\xb6\xce\x0b\xb8&\xbf\xbe+W\xe4\x0b\x09\
I\x8et@\xbe\xc0\x18L\xd3J\xa6H\xf48M\x01\
:\x9d,x\x80\x8c\xee\xaf-\xd0B\x03\xf5\xe2\x82\x06\
\x82\xc7\x81 \xac\x90\xdc&\xce7\x04\x10\x9csZ%\
\x80\x07pP`9\x08!\x18\x0fb\xc15\xbe\xc2\xdb\
\x09\xdb,\x13\xe2\xbb]6@8\x93^+\x85\x08\xdf\
\xc0s\xb26\xea:\xc8`\xea\xf2\xa1(\x98\xb2\xbc\x96\
\x96\x96\xed[\x7f\xf2\xa7\xf6\xcd\x7f\xf7m\xbbpb>\
\x09\xf7\x86\xc1\xcf\x00\x0b\x03\x00\x82-&\xdf\x8a\xde\xf9\
\x88\x83\xc0\xf2\xc05\xb8\xb4\xe0\xceF\x07\x0f\x02\x89\x97\
\x97\x9f\x946\xb04\x90\xa2\xdbD\xc7\xc3t\x1fFr\
\xc0\xb4\xda-\xf4-l\xc0\xb2\x19\xd9\xd5\xfb]\xfb\xe8\
\x83\x0f\xed\xca\xbb\xffd\xb7o\xdcR\x8f{\xf0\xbe[\
\x1a\x9ay\xf3P\xe0\xe1\x8a\xa5\x02\xe7Zi\xb5SF\
\x08<\x98\x12\xcdv\x080w a\xdb\x89_\x0ah\
\x08\xb83x\xb0\xece\xffY\xf2\xcds\x03\x10n]\
\xbb \xd1\x800(\x08A  \x1e\xf94\x15\x1b\x81\
\x86!\xa6\x91\x09\xee&*\xcf\x87\x06\xe6\xda\x87\xbb\xb1\
\x04 \x1a-WA\xc6if\xa6`\x86\xb1\xd6\xb1W\
)\xff\x1a\x18\x10-U\xf6a\xa2\x98\xbe\xfb\x11\xd9\x10\
\xb0\x04\x86\x18\xeb?Y*\x8e\xee(:2\x95\xd8\x18\
H\xb9\x03\xe5@\x0b\x1a\xa1\xd3a\xb2P&0\xb5\xed\
\x04MXt\xe4\x9al\xc2\x9d\x85sH\xef\x1d\xd9\xfe\
\xce\x86\xf5:;\xd6\x9e\x19\xd8\xc1\xfe\xa6\xed\xee\xec\xba\
\xb6\x11D\xe2\xae\x9d\xbcum\xe3\x88F\x17Zaq\
!\xf9\x22\x1c0\xc4o$|p\x04\xa6S\x9d\xf2\x03\
\x5c(\x8d\x09*\xd6\xbb\x1e\xa0\xd3\xfe\xa0\xc7P\x81\x8b\
k\xfdO\x01\x8e\xad\x84:\x0a#\xbf\xb9\x04EX\x09\
\xd9z\xcaD>\x0e$\xe1\xfe\x08\xa1\xa4\xe0\xab\xdc$\
#\x08+\x12\xbf\x03(\x83\xb0\xfan\x82\x18\xdf\x8f\xf2\
Te\xfa\x1d_\xd46\x85\x0fxD\x85\x00\xb4\x0fE\
\x0b\x82\xb2(W\x12\x96\xae\x8d\x13L\x8a&\xce5\x80\
\x03\xe7\xc9;\x05<J\xfcQ\x14\xa0\x0a\xc5?\x17\xfe\
\xacs(\x07\x00\x0b\xd0\x1e\xda\x10\xe7\x15\xa3\x0b\xc5\x00\
\xeeF\xb69\x05X\xfc.~\xabg\x09@d\xa5\xf2\
\x1b\xa3\xa9@n,\x83\xbe]\xd9\x80E\xc1\xc9\xd6\xb3\
[\x1f\x91\x95\x99\x95H\x07\x10y%\x02L\xdc\x0a\x89\
\xce\x82\xf3\xf3\xf6\xfa\x9b\x7f@\xeb\xe3\xd2\xb9\xe3\xd6\x9e\
\xd6\xf7\xc2u\x85\xc09\x87s\xd1\xa7\xb3< \xe1\xfe\
a\x83\x16\x08f7\xc5u^\xc3'\xe8\x16\x07\x14\xac\
C\x82\xd1\x0c;\x08\x8e\x08\x1a\x00\x90v\x12]MX\
#\xe9\xbe\xb5\xfd\x91\xbd\xf3\xf1={\xef'?\xb0O\
>x\x9f\x93E\x094\xdc\xda`J\xbf@\x22\xdcY\
T$\xa9`\xa6c\xd4\xb7+Y\xe8\x17\x12cc\xc1\
\x05\xac4v\xb4\x85\xea_V\x1f\x8a%\x9e\x8c\xf6P\
\xf1+\xfep^y\xd6<\xf3\x04\xd1\xf1\xc5\x97\xc7\x01\
\x08w\xc9$\x058\xf8/kE\x22\x1a\x11\x8f\xf6\x95\
\xda+\x86\xa0\x19;\x85\x8c\x0a\x0dd\x16i\xaa\x22\xa0\
\x19f\x9f\xd0\xef\xcb>\x22\x01\x22\x08\xa8c\x0e\x8fY\
;~\xee5\x9b\x9c;CM\xd6\x10H?8\xb4~\
\xb2\x12(\xc4l*Y\x09\x1d2\x09\x87%\x00\xdaS\
@\x06Q\x83)\xd0x\xca\xe0\xb2t\x1f\xe7\xd4\x98\xf0\
wM x\x06@S6\x18\xb6 jh\x18;[\
\x1b6:\xd8\xb3\xf9\xb61\xcdwo\xd7A\x84\x9a\x85\
\x5cY\xca\xac\x00\x11\xe9\x1c\x88E\xbee\x17\xa4\xcc\xcc\
\x02#\xa2\xec\xd20\xc6\x16jo\xd5>\x81\xc3\xeb\xba\
>g\xd1cV\x7f~\xd1\x7fg\x220<\xba\xa2\x08\
'9\xfd\xf3{\xa4\xf1\x14\x10\x91\xbb\xc2\x85\x87\x83H\
\xb8\x9e\x94\x91\x03b/\xc0\x08\x001\x00Fh\xb5\x04\
\x93\x11\xef!`\x10\x94\xf4\xed\x05\xa8j\xf0\xc0V\x0c\
\xf2\xfb\xb1\x94\xf6\x91 \xd5\x9a\x05?\x14\xab\x88\x89p\
\x1f\xd6y\x11\xa61d\x0e5r\x08V\xf0\x0d\xf6\xe9\
\xfa*\xda\xbch\x99L\x97Cju\x9b\xb2\x9eQ\xe7\
\xf8C\xfbA\xe3E;\xbb\xa6\x1bn\x13\xb5\x8d+9\
N\x07\xa5\xfdG\x8c\x0dh\xac2=\xd3?\xd1\xdf\xa9\
o\x8co\x0e\x8b\xa3\x96\x01\x00\x0a\x1cG</,\x8d\
\xb1\x09\xdb\x9c\xbf\x8b'\xc2;\xcb&\xfe\xc7\xd0!\x97\
^|\xc5\xbe\xfe\xc7\xdf\xb1\x97^<g\xf3-(t\
\xf2 \x10<F\x00\x8f\x06\xb7\xa0)\xf6\x8f\x01\x0fO\
 m\x06\xe0!\x8b\x04\xa0R\x8f\xd8\x10\xa2\x0c\x16\x07\
\x02\xf1\xd3\x13\xb2D\xe6\xa6\xb4M\xd5n\xc0)X1\
\x1f\xdd\xdd\xb7_\xfc\xfcg\x09@\xfe\xd1\xd6\xd60\x03\
'b\xad\xb2<r\xb6\xd5\xc0{\x9f\x87\xab\x8a\xc0\x11\
\x0a\xa6\xcb\x00\xb7D\x94\xd4\x10\xbc\x12\xed!^\x8bv\
c;\xb2\xed\xd0\x16\xf8\xb4\x8aG\xa2\x1d\xb8[\xf6\x9f\
\xc5R\x89\x8bg\xb7d\x10\xa9\x00D\x87\xd2\x86%\xdc\
\x5c\xe3\xc2>5\x0e\x5c\x0bM+\xfc\x9e\xd2\xba\xc6\xcc\
V2\x8d\x88F\x1d\xe6\xe4\xbeR\xf0\xd0\xcf{`\x11\
[\xa45.\x1e;nK\xa7_\xb3\xc6\xcc2\x1b\x01\
\xe3\xf0\x8c\xfa\x10\xe6\x07L\xddC\xacC\x8d\x005\x03\
\x15\x0f\x06P\xc8\x0c\xcc\x80\xb2\xa0q0\xca/\xac\x15\
\xb2\x00:y50\xd4\x96F\xe6dJ-\xca\x91\xca\
\xd9l\xb5\xd2\x0dS\x1c\xd2\x1aC\x9cL\xd8\xc0f\x9b\
\x0d\xeb\xecm\xd8>\x06P\x03Q\x84\xe5Q\x81HX\
 \xd9T\xcd\xd6\x88\x13\x0c\x05\xa9\x98U\x0b\xb6\xe3M\
\xc8\xb0dT;/\x81\xfa\xe3\xae\x10Vq\x7f\xdd>\
\xf8\xe6\xb2_SE\x16\xdc<\x1f rD\xf0\xd4\xc2\
\xc4\x8f3\xa1S\x9b\x15\x90D/\xe4\x08\xbe\x0al|\
PK\xff\x1d\xbeq\x8c)\xf0\x1a\x1cG)\x9e1\x13\
|\xd5K\xd6\xc8\xc9\x03\xce?\x00\x0b\x9c\x87p%/\
\x14\xad\x9c\xe0@\xabD@\x12\xd6{I\xa4\xf0\xeb\xe4\
\xa7\x10\xd2x\xa6\xf3\x9d\xbf\x97\xb5X\xb5m\xd4\x7f\x00\
E\xb4e\x9en\xc1-\x90<\xa0%\xa4l\xb4y~\
V\xb4OyK(,\xda\x06H\x02\x08\xe1\x91\x00\x90\
\xe8\x1b\x02@\x82\xff\xf5\x9d\xe3\xbc/\x17\xb6\x1f;\xb8\
\x84\xd7\x01S\xc7\x9e\xb9\xf0\xa2\xbd\xf4\xc6\xb7\xec\xfc\x85\
\x0b\xb687C\xf0\xa0\x91\x9c\xde\xcd~.\x88\x87\x0e\
\x15@\x87\xf5\xaczA6%\xd2\xf9U\xff\xf8\x98\x09\
\x18\xeb\x8d\xc8\xaaR\xd9qn\x16@1!K\x03V\
\x07c \xb8\xa7!\xab\xe6\xe6\xc6\xa1\xbd\xfb\xc1\xc7\xf6\
\xee\x8f\xff\xc1n^\xbdj=\x8cr1\x16\xf7\x10\x90\
\x84\xeb*\x14G\x01\x09\x94K\x80\x87\x5c\xdbr\xf1\xc2\
\xfa\x0b\xcb=dA\xd9'\x1f\xd2]\xe5r\x01\xfcx\
T\xc1\xaa\xf8\xe5Y\xf3N-M\x9e\xd9\xf2D\x00\xc1\
\x9f\x13s&\xa6\xca|\xa5\xb6\x94\x19F\xab,\x11\x11\
J\xa46\x86\x85!\xcd\x1f@\x01m\xa4\xc5\xc0\xa2\x80\
\x05\x9d\xff\x1cH\x5c\xa0\x1f;\xf9\x82\xcd\x9dx9U\
\xf3tj\xbc\x04\x18\x18*\x00\xc3\xbd\xc3\xefx\x88\xac\
,\x0dW\x80\xa1\x1d\xe8\xaa\x9a\x00h\x98\x98\xa6\x01\x0d\
c\x86#\x8b\x0e\xbc\xc7\xba\xdc\x01\xb8\x15\xcf\x9f%\x01\
\xcb\x82\xc2\xf4\xba\x00\x94\x192\x1b\xb2\xbf\xf6v\xb7\x92\
vrh\xb3\xadQ\x02\x94\x0d\x0dc0\xf4\xf4b\x00\
\x07\xfd\x9ce\x95{\xc7\x81\x84f+\x84t\xa5\xf5\x91\
a\xc5\xacXjm/7f\x1cG\x1bP\x18\xabI\
\x94K\x82\xdf\xc4\xcd\xd8\xf5\x03>v\x9c\x00y\x05\xbf\
\x8fgr_\x04\x9b\xcb\xc3\x22\xc4\xbe\xae\x15B\x97\xd0\
\xd1\xc4]r{\xa4\x0b\xa6\xf9\x0d\xc2\x0d\x82\x07\x94\xdf\
\xc67\xf2\x95\xf9\xdd\xd5\xf7\xfe\x1e-\xe2\x17\x17^\x14\
\xae\x10^a\x81\x84\x86\xae}\xf6\xeb\xa1\xab2\x14-\
\x09\xdc\x12l\x970\xa6pv\xa1\x1c\x0a\x1b\xfeq[\
\xb3e\xd5\xa6\x02\x82\x91\x5cO\xb9]\xd4F\xa5\x1d\xeb\
6\xf7v\xc16\xd3S\xd56\x99\xcf\xf5\x8d\xc1\xff,\
\x05\xf9\x1d\xab\xfa\xbe\x84\xc7A )\x0b\xa4\xc4|\xd4\
A\x10\xc7J\xab\xd7q\x00\x07\xce\xb7\x9aM;y\xf6\
\x05;\xff\xb5?\xb2S/\xbc\x98\xc0\xa3Iw\x1di\
\x0e\x9fd\x9a\x96\x19\xe5`\xf0\x5c\xfa\x09\x8f'0\x1c\
I\xda\xa2C\xe0\x14\xc6\xaf\x0a\xf0\xa0\x9b\x0a#V\xcb\
\xca`\xac#\x00\xa4!\x97\x15\x00\x04nl\xa4\xf9\xc3\
u\xf5\xfe\x95\xfb\xf6\xce[?\xb4\xcb\x1f\xbck\xbb\xbb\
\xbb\x04\x0a\xc472\x80`\x9f2G\xfd?\x22\xcd\xbd\
\x04\xcd\xc1'\x95;\x1b2\x81\xcad\xadpy\xbbx\
\xfbD\xfd\xd7|3\xb6Tm\xfc\xac\x17\x97$\xcf~\
y\x12\x88\xe4\xce\x85 l\x07\x91 &h[`\x16\
\x0e\xab\x1e\xe0\x11V\x085-\x98\xa9\x01 \x85\x98\xb8\
\x9f\xe3\x1f\xc5\x02\x89\x01\x11\xb1\x9d\x9d\x9b\xb3\x953\xaf\
\xd8\xcc\xdcY\xfap\x07\x09@F\x87\x18\xd4\x0f\x0d\x03\
\xeb\x22i\x0a\xbd\x1dZ\x03b\xe6i\x03\x96Hn\x89\
\xf0#\xe8\x0b\x97\xd7(\x01\x0e\xb5$O\x9d\x9cn\xcd\
\xa5m\xcb\xd0\x97C\x03\xdei\x9a\x5c|}\xaf\xb3k\
\x9d\xdd\xcdDx\x03k\xcd\x18\xe7@\xeev\x01bp\
\x8di\xb8\x02Y$\x02\x8f\x00\x11l#hY\xbb\x0d\
(x\xe9\xd2\x12Q\x90\xa8X\xab.p\x0d\xae\x04F\
M\xbc\xd6\x9dx\x82\x80\x1a2\xe9)\xc8\x9d\x04\xf2\x9d\
\xbc\xaf>\xe3{\xac\x07'T\x10-\x0f\xf5\x8c\xec\xf7\
\xe6\xf5\xb4\x1d\xc4\xf9qB\xcf\x00\x88c\x07\x92\xf8-\
\x85\x96\xc7?\xf0\x1e\x96=\x17\x01\xf7\xb0\x00\xbe\xfd\xfd\
Z\x82W\xc2\x12!O@\xe0:O\x94\xb9b\x04\x0a\
1\x9eYh\xebP\x5c\xe0\xce)\xf7\xe0|\x01\x1d\x0a\
nZ3\x02'\xd6+\x05\xba\xb7.\xeb\x17\x1boC\
\xa7)e \xc9B\x94\xa0\xd2u\xb6\x0f\xda,\xe8\xc4\
\xe9\x02\xff\xf4)\x85\xf7\xb1\xa7\xf8\x8b\x002:\x12\x83\
\xc7`%Ma?\xca\x1fV\x87\x03a\xf4\xff\x92\xe5\
!\xc0\xa0\xab\x0a<\xeeJed\x9f\xad\x9c<ig\
_\xf9\xa6\x1d;\xf3\xa2\xcd\xcd\xaa\x8fV,\x9c\xe3\x04\
\xa8\x91\xde=\x9a\xc4\x90F\xf2,\xb0\x9e=\xdb\x8de\
\x9d\xc0\xbc?\x1a\x9a\x04)\xba\xb0H\x90i57\xa3\
\x0c+\xc4=\xe6g\x00$\xc5\x02\xc1>\x00\x05i\xc0\
\xbf\xbc\xbdg\xef\xfc\xf4\x9f\xed\xdd\x7f~\xcb\xd6\x1e\xae\
\xab\x879@\x81YV\x0e\x1e\xd9mU\xb9\xaf2\x80\
\xc8\xe2\xc0\x98a\xb4<(\x07J\xe7L  \x952\
\xe7\x13\xcd\x1f\x82/\x8c\xf6\xf0\xb6\xcb\x8c\x83K\xda\xff\
\xb2\xf8\xe6K\x03\x10,\x8f\x03\x11\x11s\x10\xb4\x8e\xa1\
\xca\x13D\xaa\xb4\xde\xcc,\xd4\xa8\xc4,\xa1\x95dm\
\xc4-\x8c\xec\x13\xcdYXNX\x88GLah\x03\
\xf5\x11Y\x5c>\x9e\x08\xec\xb5DDsJ\xa5\x85\xc9\
H\xbf\xe2\x90\xae\xa9\xd1\x00\x83\xfb!\x1e\xa2@;\xfc\
\xa1\xd0\x8a`n\x0f1$\x1a\x846\x1a\x0bB\x9f)\
\xbe\x87\x045\xc3`w \xee\xe9\xb6!C\x86#\x01\
\xe3\xdd\x9e\x19\x03P\xeau\xf78}es\x1aZ\xcc\
\x81\xedno\xb1S#\xc0!\x83\x08\x08\x88 %\xcb\
CS\x5c\xba\xf6\xe1\x02\xb7\x0e\xb2\xf3\x98D\xe3\xa6,\
\xd7\xc2\xe4\xdc\x0ff\x06\xc1\x8d\x11QMl\x0d\x09n\
R\x83\x13\x1c5\x99r\xaf6\xba;gx\xf8{\xc2\
\xe7M\xa1\xe3\x82\x85\xc2\x06\xc0L\xc1#\x97\x07A\xc2\
\x05\x922G\xf4\xbb\x10L\xe3e\x1f'|\x81\xdd\xef\
\xef\x22^\x11op\x01O\xe0\x98\x827\x040V\x08\
=\x01D\xb6\xd6\xb3\xeb\xb7\x02\x1b\x9e\x8f\xdf\xc5s}\
\x1b\xec\xc8\xaaE]\xfb!\xe8\x89\xca\x01\xda*\x14\x15\
\xb4k\xd56t\x95T\xed\x81}#\x05\xf1\x90\xfc\xec\
\xdf\x10\xef\x95kZ\x00\x16\xca\xa2b;\x0e\x16\xae$\
F\xc0\x5c\xf3\x97CY\x0c\xf7TX\x1b\xca<+C\
\xf7\xe8\xfc\xf2\xb1\x15;}\xe9\x0d\x9b?\xf5r\xe2\xf9\
\x16\xf9\x17J(g$4\x00\xc8\x90\xfc\xcc\xb2\x22\xd6\
\x01\xb7\x16\xb3\x9a\x14\xe0\xd7\xf3\xd5\xb1\x99\xb3\x0b\xb6\xa6\
m\xa6\x89\x0c\xb7\x09k%t\x98oN\xd8l+\x81\
H\xe2\xdd\xa5\xd6\x04{\xb2\x03\x9ef\x91\x895)\xa7\
\xf7\xd5\xf5C{\xe7\x9d\x0f\xec\x17o\xfd\x83\xdd\xbcq\
\xe3\xc8\xbc7\x95\xbb\xca\xf7\x05 \xe0u\x07\x12(\x8c\
\xee\x89(Jd\xb8\xaeB\x81\x0c\xa5\xabV\xc6\xd4\x00\
\x19\xfc+\xae\xcd\x0d\xcb\xdd\xea\xfc3\x5c\x9e\x0f\x80\xe8\
@\x1b\xa7\xdeL\xd8Np\xd9\xd4v\xe0( \x22\xb7\
U1\xd9\xe5\xca\x92\xdb*\xfc\xa0\x0e\x1cnm(\xfe\
\x01\x82\xd3\xc8\xb9$D\x08\xf3d\x15\x1c?u\xd6\x16\
N\xbe\x9e\x8c\x8ai5\x142\xac\xba\xbbj(\x83\x9f\
Th\x8f\x86\x87P\x1f\xd9\x14\x858\xc1>\x09=\x9a\
\xd9\x0d\x98\xc6]\xf6\x15A\xf1Qv@\xcch\xa2\xc9\
aN\xd03\x1deGgC\x06\xe9\xd2\xfd\xc3\xd1\x84\
&\xd8\xe9l'\xd3\x17\xa1\xfb\x04\x22;\x02\x11ZD\
\xd48\x00LHy\x05p\x08Pjb\x12p\xc8\x94\
\x8d\xb8\x82\x98\xde\x852\xfe*\xc2\xca\xe7(\xd4%\xe8\
\xb9\x84\xb0\xc6>\xec{\x0b\x8d\xdfE\x01\xef\xd7u<\
\x07-\x86\xdf\xc2\xaa\xd1\xf3\xf4\x1c\x12+\xdf\xe7Gx\
\x07\x89\x5c\x04\xadw\x0e\xf9\x0e]\xab\x88\x1e\xef$\xb8\
\xe8\x1a\x18DEs\x16\xf0\xf3Z\xea\xfd\xdf\xcf%\x04\
|\xde\x07]e\xaba\x1c@\xb0\xaf\x8e\xa2.\x9c\x1d\
L\xc4/.\xa0y\xaf\xcea\xc9#AT,\xa9(\
:\xda\xc3S\xb5\xd9\xe6\x0dn\x91\xd8\xc0s\xac{\xb5\
g\xb1<\xf9\xbf?\xc3\xbc\xd8z\xb0\xde\xe3\xfb|7\
x\x1b\xaei\x94[@Rz\xda;o{\xccf,\
P\x1e\x8a\x22-\x8c\xb8W)\xba\xb2:\xa6\xe8\xa6\xc6\
\xdc\x1e'\xce\xbf\x9ex\xfaEk\xb6\xe7\x0d\x1e\x02\x8c\
\xb4\x0d\x0b\x02\xef\xc20\xf5 \xf1\x01\x02\xe8\xe4i\xf5\
\xe5B\xfa.\xe6:o$\x9eF\x02N\xc9pK|\
\xdbj[\xab\x0d\xe5t\x82\x16\xc9|25\xe6f\xa7\
l1\xad\x98\x22!\xe1\x0b\xad\xc0\x88\x7f\xdc\xdb\x1e\xd8\
\xaf\xae\xdc\xb2\x0f\x90u\xf5\xf1\xc7\x1c\xacu\xac\x8f\x07\
-\x8fpU\xc9\x1a\xc9\x1d\x04\x03H\xc0\xe3\x95+;\
g)\xc2\x0b\x01e\xcb\xad\x8f\x1a@\xc8#\xce\x1b\xb9\
mr\xbb\x8c\xf3\xcb\x97\xc5?h\xe9/\xe7\xc9\x16L\
1vB\x9b\x00\x0d2\x88\xee\xcb\xa6v\x05 a\x82\
?\x02\x22\x9c\x18F\x9a\x89\xcc\xdb ,Y\x1e\x1a\xf6\
\xda\xad\x12\x1e\x87E2c\xed\xd6\xac\x9d8\xf7\x92\xcd\
\x9dx\xc9\xa0Gp.\xf4~\xcc\xc9\x0c\xcd\x00}U\
\xc5T\x22<4\xa8\x1a_Z\xba\xcaC&K\xc7\x0d\
\xa4ZRXB\x00\xa2\x17=\xb2\xb00?rz?\
\xd2{Q\xbe$y1@#\xbe\xb3\xbb\xbf\xc5\xf4\xde\
V\x22Lt6D\xa6\x16:\x1af\xa0\x08m\x04\xef\
\xcc\xe7\x00( \x22\xb7F\x02@\x86\x1a\x0b\x07&\xaf\
\xd2]\x8bf\x02\x02\xa2\x86\x0f\x83\x97\xd7\xd0\xcc.\xec\
q\x1f\x9a\xdd\x05;\x89.\x84\x84v\xfc~\x09\x0f,\
<\xe6\xbd\xfa=7\x99xu/\xdf\x89s8v\xa0\
\x10\xa0\xf9}<\xa7\xdf\xb3d\xa8?\x1e\xaa\x9cz\x8f\
\xfe\x1b'x\xff\xdd\xef\xf92\x06\x22\x04\x81,\x96)\
tA{89\x09>q\xb7\x0bx(\xbb\xaa \xb0\
\xe3\xd8\xc1&g^\xe9\xa9\xfe\xaf\xe6K\xb5q\xb4\xbb\
\x8e]\xd9\xa8\xdb\x9c\x02\x0a\xfb\xfe[\xde\x1b\xcf\xf3\x85\
\xe5\xf1\xf7\x81\xa7s\xd9\x22\xb6\xa9cy\x15\x0a\x800\
\xab\xcc\xddVc\x19e\xe4_w]\xb9\xe5\x91\xd3v\
\x13Oc\xc8\xa2\x93\x17^\xb3\xf9\xe3\x17\xad\xd9\x9a\xa3\
\xd5v\xe8\xa3\xe5B`\x83\xde0\x1e\x1e\xe2\x80\x1c\xd3\
\xeaP#Q0=\x7fB\x93\xc5!\xab\x12\x96\xc6D\
\xb2\x5c\xd0\xdf\x04\xfa^\xb3\x9d\x00dn6\xc9\x8ai\
k\xcf\xce$\x00\x99\xb1\xc5\xb9)[Y\x98\xb2\xa56\
,\x10\xf5@\xc7\xf2p\x7fd\xbf\xba\xb6j\xbfz\xfb\
-\xfb\xd5\xfb\xef\xd8\xf6&\xe6\x04r\x8b\xa3vW9\
\x80\xe4\xf1\xf0b20\xe7w\xba\xaf\xb9\xef\x0a\xec\x11\
\xcb#\xf7\xaf\x01\xef\x83\x1f\xdc*T\xb39\x8f\xa9\xa5\
\xb4T\x0c\xf3e\x81\x07\x16\xf2\xef\xd1\x93\xcfjy\x12\
\x80p\x17\x7f$6m\xb3v\x855\x9b\xe5\x22\xbe\x12\
L/V\x88\xe2\x0f\xb2.Hx\xb4<\xaa\xc0\xda\x14\
\xd2xE\x84\xea\x1f\xe2q\x91\xb4\x9d_\x9c\xb7\x93\xe7\
\xbfn3\x0b\xe7HX\x10\xc6\x07\x9d-\x0e\x86\xc8Q\
IS\x83\x8b\x094J/\xd2~\xd1\xc0\x0d\xccW\xcc\
*\xc3P\x06\x0d\xa4`\xf9\x97@P\xc2\x1a\x91\xe5\x81\
*\xc5\xc8\xbd(\xd3\xc4\xa4[A\x09X\xf0m \x08\
\x04\xe31\xa5g\xa2\xcd\x84P\xfb\xb6\xbb\xb9\xa9\xb9\x91\
a]P\x0b\x09\xed\x04`\x01\x82s\x82B\x8aq\x0d\
 \xd4L\x9c\xc0 \xa8}\x8bc\x10P\x9d\xd9\x14\x02\
\x5c\x9a\x8bDA\xce\xe2@\x830C\xc5x?\xae\xa2\
\x03\x15\xb6$\x10'@Z!&`\xe2\x13x\xac\xeb\
\x05\x88\xf0\xdc\xb8\x8e\xf7\xc5>6\xc3,\x98x/\xca\
\xc6'\xc7u?\xca\x04\x7f\xf4\xf8\xf7{)\xfc\xe2\x22\
\xdeAD\xd7\x0a(D\xe2\x09\xc1\xc2\x854n\x0c\xed\
?,\x92|\x8e\x0e\x17>D\xfc\xe6o\x89\xfa\x8ez\
\x1e\xb3P\xd9>Q\xf7O\xa8\x7f\x7fPXJ8\x11\
\xb1\x9b\x00\x0f\xba\xd1\x00\x12\x04\x90\xe0e\x81G\x09\xfc\
\x83\x97\xb1//Bd^\x85\xfb*b\x1e\xba&>\
_XZ\xb2\x93/\xbcj\xf3\xa7_N\x82~\x9ee\
\xee\xf5\x93\xf5\x0e\x9aB\xcc\xe3\x00\x1d\xf7\x00\x22(=\
\xc6\xa5\xf2X\x02\x952\xcc\xfd3I\xeb\x04\xca\xdfD\
#\xad\xd3\xb3\x92!\x08\x9c\xa7\xf7\xb4\xe7\xe7\xd2;\x16\
\xac\xdd\x9eN\x002i'\x96f\xec\xf8\xe2\xa4\x9d$\
\x80(\xeb\x0a\xc3\xbf\xbf\x7fk\xc7>|\xfbg\xf6\xc1\
\xcf\x7flk\xab\x0f\x0d}:0D\x12\x87\xee\xc1\xca\
\xe1\x8b\xc2\xf2\xa8\x83\xe5\x01 J\x96a@=[\x1f\
G]W\xe0\x1b(\x89\x03\xb6\xcbQ\xf0\xc02\x96y\
u\x84_\xbeL\xfeq\xca\xfar\x96\xcf*\xb8\x8b-\
},%\x97\x0b\x0bV\x10*G\x82\x0f[\x0a\x1e\x17\
\x9aBa\xafT\xd7\xc8!x9z\xa87\x86b\x06\
.\x80\xd1\x18\xb9\xd1\xb4\xee\xed\xee\xd9\xc6\x83\xabv\xd0\
\xddd\x00\x8f\x16C\xb3mS3\xb3\x8c\x9b\x00\xb4\x00\
\x08|\x96!\xa8\x0f\xad\x09\x0c0CF\xa0\xff\x14\xe5\
JD`ps\x8d\xc0\xeb\xb0\x8c\xc4\xf0H\xdb\x1d\xe1\
]\xfd\xae\x0d\xfb\xbb\xa9\x5cH\xff\xed\xb1\xdc\x93\xd3\x18\
Ck>\x99\xc8\xcb\xd6;H&\xf6\x04\x06\xbb;\xc6\
N\x882\xe1\x83y\xb4\x1f~\xe1\xe80\x16\x81S\x06\
OC\x800\xe8\x1f@\xec\xc2E\x95Y\xb6\xa8fa\
\x83\xc0\xe6\xd0\xdd^\x04\x1e\x10\xa8\xfah\x10\x8cP\xcf\
 ^\x12r\x10\xb4\x86\xb1\x88k\xaa{\xaf\xdb\x5c\xe7\
~\x7f\xd6\xa0\x1c\xbc\xf8\x1e\x01\x9e@k\xe8\xe0\x01F\
\xf87\xf0\x88\xa5\xfeV\xeeE\xdd\xe4}\xd5\xa7\x94\x85\
\xe0\x03\xd1?\xda-\x8fYE>\x18H\x19\x09\x85$\
\xda(x\xe1\xb0\x16f\xba\x8f\x02\xca\xdb1\x14\x93Z\
\xf9\xa8W\x11\x94\xe5>%X\x84!\xa2A\xb9\xa0\x11\
\xcf\xa8@\x22\x80\xc3\xf7\xe9\xb6\xf2^\xf5\xe1\x82\xd6t\
\x04\xbe\x1f\xe0\x11\xb4\xcf\xeb\xd3\xb6\xb0\xb8h'\xcf\xbd\
bs'^\xb4fs.\x95\xb3a\x9d\x1e\xe2\x8c]\
\xebw\x92r\xd6\xd9\xb5CfLv\xc9w\xf0\x0e\xb0\
\xef\x16\x14\xbf\x09(q\xfaFp\x09@\x0b\xa9\xbdP\
\x1a\xe5F\x85\x1b\x1b\xf3\x06!\x86\x81\x8e|ie\xc7\
\xe3\xa1u\xfa\xea#\x826\xc1h\xbdW\xd6z\xf6\xe9\
\xe5O\xec\xcaG\xef\xd9\xfa\xc3\x8d\x5c\xcf\x1a\x06\x09\xed\
\x22EP#M\x17p\xc8\xbc\xe3n\xa9\xcc[.\xd7\
H\x07.\xf7r}S\x11S\xb5\xc76d\xe8xl\
s|\xf9\xb2\xf9\xe7K\x05\x90G\x96\xeac\xa8\xb7\xe7\
c\xa1\xa7*\x0eD)\xdfy\xd6lY\x99\xda\x0f\x01\
WoQ\xf9\xecK\xc1\x00\xb4zl\xaa\x01\xc1L\xb1\
\xef\xa3\xbd:\x88@\xeb\xdf]\xbdj\xa3\x83}\x8e\x87\
\x83\xf8Ek~\xd9\xdas\x8b\x14\xf0\xd3\xcd\xf9\xa4\x9d\
$\x22\xc3dT\xcc\xc2\x8a\xfe&\x9ejh\xb0\x5c\xfa\
t\x1f\xa1S\x12\xe6PG\x83\xc2\xd3\x00\xe6`\xb9I\
\x1c#\xba\xc9\xc8\xa8<\xee'\x8bd\x82\xa3\x846g\
\x17\xad\xdbGf\xc8l\x02\x91\x15\x0e\xccH\x10\xa1v\
\x16L$\xf3\xbd\x04\x1b\x05\x22\xb4\xd2x\x0c\x17\x80,\
\xb6\xac\xa5\xe2\x8fL\x1c\x9a*\xed\x04\xaeA\x9c4\x83\
CH\x03@\x00\xdaN\xbc!\xa0\xb8\xcdu,b\x0f\
\x82\x0f\x90\x96\xc5\xa3\xbaV{\x08\x8c\xb2\x80\xe39\x0d\
{!\xd7\x96V\xd5O9\xce\xed\xaf\xbd#\xc7\xff\xda\
\x96\xea\xbbYWl9\xdf\x17/\xa8\x8eQ\x87\xa1H\
ie=C8\xb9;D\x96+V\xf0A\x01\x0fY\
\xb7\x02\x1d\xde7\xf2}o\xb7b\xb9\xc6Z\xdaI\x0b\
h\xcb\xe86\x12\xadA\x99q`\x08\x9a\x0c\x1a\xa5\xa5\
\xa15\xdcT\x8c7L\x22P-\xd72\xb6\x1c]\x02\
\xca\x93\xcfq\x93]X>e\x01xaqq\xc9N\
$\xcb\xa3}<\x81G\xe2\xd3\xc3^R\x08\xf7\xf68\
4}\xb7\x9b\xd6^?)f\x07\xcc\xae\x84\x05\xd2\xef\
c\x7f\xe0\xf2\xb7AAL\x8bm\x84lK\xf4\x03\x01\
\xd9c\xa4b\xd4I\x8fu\x85\xdb0\xd4\xfa\xde\xf6\xb6\
\xf5\xf6\xc1\xbb\x87\xb4n\xf6{\x03\xdb\xe8\x0e\xd9Y\xf0\
\xde\xee\xa1}r\xe5\x96]\xfb\xe5\xdbv\xff\xde]\xba\
\xbfCiEL\xb3\x06\x8dQ\x80t\xb4C\xe5\xa2\xca\
\xb2\x0c<\x99\x15\x83R\xe7\xe3`\x12\xc7\xde\x0e~\x9c\
-J?\xf7<\x97\x90,_\xfa2\xe6\xce\xaa\xf6i\
P;\x01\xc6~\x98\xe82\x83\xc7]Y\xd8G\x86\x05\
\xc6\xfb\x89\x19\x0c\x8b\xa6.M\xe6h<$\xb26\xe4\
;\x0dW\xd6t\xb2\x02f\xed\xf8\xd9\x97\xad\xb5\xf2r\
\x22\xf8f\xa2$\xf4\xcd\xe8$\xcb\xa4\xc3F>\xe8\xee\
i \xc4\x03\xf4RWO\xf4\x06\xee\x81\xb9\xe9\x04\xa9\
\x18\x04\xe6\x05\x90\xf5\x81\xefd\xf98n\x164\x1e\xa4\
!bD_e\x8d\xe0\x9b\xf0\xde\xc6\xa4|\xae\xdd\xce\
v\xd2\x98\xb68nVc\xd8\xb3\xdd\xedM\x0e\xf9\x0c\
\xa2\xd2\x00\x84\x85\xf8\xb26\x09\xe6\x1f\x04 \x16\x81\x1e\
\xfeR^\xc7\x1fG\xfb\x0d\xad\xdf\x85;\x85L\x01\xe3\
\x88Qd\x1f+\xc8\xc1Md\xae\x013<\x87\xbd\xa3\
\xfeq(\x02\xdeK\x1eW+\xe2\x86z\x1a \xc1\xb3\
\xd8\x06\x98\xe5\xe7\xc5\xa2\xfd\x7f\xbd\xa01\xbe\x88_*\
>\x11qq\xbf\x04\xaa\xdd\xe2\xa4\xdb4\xacO\x5c*\
.\xab:\xa8\xed'\xe3R\xde\xcf'F\x12\xa8\xf5B\
\x9e\xe4\xe5\xfa9\xb2\xc8y>\xdcT\xee\xb6R,\xc6\
\x95\x1d\x0f\xf0\xcbZFzl\x15\xfb\xa0\xa5-\x0b%\
\x07\xc9\xb3\xc2T\xac\xf0\x9c\xb6\x9b\xd6\x85\x85E;~\
.\x81\xc7\xb1\x17ljf\x8ee\x80%\xdd\x03\x8f\x12\
\xfc\x1a\x04\x0c\x80\x01\x01b\xa4\xf9=\xe8zMe\x93\
\x85\x81\xcf\x00M\xca\xfa\xc0$\x5c\x1a\x16\xe4\x80\xe5\x9c\
M\x0a\xe4T\xb3M\x19\x84\xba[Z\x9a\xb5\xe5\xb4.\
.4meqZs\x9dO5\xec\xc6\xbdu\xfb\xe5\
O\xdf\xb2\xcb\xef\xbdm;\xbb;\xe3\xa9\xbaX}\x92\
\xa8\xda\xd2S\xecC[\xf2-\xb6\x00\x1c(X\x94+\
\xae\x04\x90\x8f\x05(\xb2\x021z\x03\xa3\x99\xe2\x1b\xf2\
`\xd9\x1f[\x9c\x7f\x9e\x17\x1f=7\x0b\xe4I\x1f\xc4\
\x0a\x80`\xa1\x90\xf1}Z\xc8\xd8/\x1aP\xd9Wj\
(\xcdmhM\xa1a\x85&\xe5\xc7\xdawm+\x8e\
\xdd\xc5\x15\xe7z\xc92\xd8^\xbbm\x83\xbd\xfb\xb44\
\xc4\x8c\x00\x99\x96|\xaepi\xb5\x1655,@\x8d\
\xe5\x05C\x08\xa4\xc0,\xd2\x90&X648\xac\x1f\
d\x81 \xeb\xca\x98\x96\x0cBD\x06S:w\x80\xec\
\x0c\xcc\x86\x08M\x07#\x00\x8f\xac\x95\x08\x18\x9d\xa0\xd8\
#\xbe\xd1\xb4\xf9\xc5c\xec\xf8\x18L$\x8bCkq\
\x03\xb8\xdb\xcd\xb7\xb12X\x09\x06v\x8b$\xdcjt\
'0\xf4\xeaL\x8e\xef4\x09\x07\x0a\x06\xd65\xda\xc7\
\xeb\x9f\xe6\xbe\xb7\x17w\xd56\x01<y\xe5\xfd\x05\x84\
\xb2\xa6\x14\xa0\xe5\xc1\xfbhyn\x87\x959\x9e\x97\xf2\
\xcc\x7f[\xea\xe5H}x\x1b\x01\xd6c\x9f\x7f\xac\xff\
P\x14\x5c\x93e;\xb8\xd5X\xf1H(\x13a!f\
m\x17\xc2\x95m\xe8\xaf\xe5\xab\x1f\x05\x8fb\xd9\x0a\xb8\
\xf2\xe8\xc1\x91J\xec\xe0\xc1\x98e\x9e\x96aJY\x91\
\xa4awI\x91\x87\x04\x0c\xdc\x0f\xc5\xce\xcf\xc7Xw\
8\x9e\xf1l+\x80Gk\xf1\x05\xc3l\x8c(\xceA\
\xb2,\x90\xa2+\xa1\xcb\x0ab\x19AG\xcaZ\x02M\
%r\x83`\xef\xed\xb3\x130\x07N\x85\x825\xc2\xbc\
\x1e\x0a\xaa\x1bxdR\xb3\x8e\x12lh=!\xfd_\
s\x04\x01\x9f\xd9\x07\xa45\xc9\xac\xac[k\xbbv\xe3\
\xf2\x87v\xeb\xeae\xdb\xc5\xc8\x12\x8cu\x84\xccq%\
\xef\x88L\xd2qX!\xb5\xe5\xa16\xc1\xf9q\xab\xcf\
\x81\xc3\x953\xb6\xb9\x03\x06\xf9\xe43\xc0\xe3y.\xcf\
\x0d@\xc6\x96'|\xe8\x18\x88\xf8=!X\xb2[\xc4\
+X\xe8\x0c\xe6\xa9\x1bDH>\xd6@\xe1\xc2\xa2\xbb\
\xc5\x01\x85\xbf\x91&\xbf\xbf\xb7m\x9b\x0f\xae\xd8\xc1\xfe\
C>\x0f\x8c0\xd3F@-i!\x89x\x9b\x98\xae\
r\xa6m\x133\xf3\xcc\xaa\xc2\x18X\x00\x112\x05\x02\
\xe3S\xe8\x85\xaeY\xe1\xd0\x0f\x04YX\xf8\x06\x9a\xae\
\x90\xa7H\xf0\x9dh\xd9\x08\xfdE\x10\x94O\xbf\x85i\
\x0d\x93\x9bY_\xe9>0\x17F\xf4=\xc4\xfc\xcc\x8c\
\x89\x1c\xe7\xdc\xeb\xa1\x95I[\x93\xb5%\xf0\xd2V\xfe\
\xe5\x024d\xda\xcaR\xcbZ!\x99=4TYw\
\x12\x0e\xaeQ\x86f\x19\xd7u\xe4\xe7ae\x85\xc0\xf2\
\x85\x82\xc6\xc1\xa1:_\xda\xcf\x8f\xe3\xdc\x91\xfb\xe2^\
\xdf\xf3\xed\x11\xd5\xf7_\xf9r\xb4~\xf2q\xbd\xc19\
\xe7\x09\xec\xf3/x\xc2\x01\x22\xc0DmV\xdd\x93\xdb\
D\xe7\xb9\xfa{t>\xdb\x1e\xfa\xdf\xe9FV\x86\x00\
%\xfaw\x94lI\xac\x1e\xa3#\x88\xc0\x82p\xd7o\
X\x1d\x5c\xe5\x0d(\x9e\x02\xb9\xad\xc6\xb2)\xfd\xb8\x99\
\x14\xac\xe5\x15LS\xfd\x9a\xb5\x96\xcf'\x1el\xf1\xdb\
CC\x87\xf5\xd1M@\x02\xf7\x15,w\xf0\x96\xe2\x8d\
=z\x11\xa8\xe0\x84@\xe6\x97@\xd9\x93\x95$\xafF\
\x83\xe9\xfdH\xdd\xc5\xb3\xf1]\xa9\xf8\x1am\x17\xd34\
L\x03H0\xfa\xb6\xd2\x817v\xfbv\xe7\xda'v\
\xf5\xc3wl}mUV\x05e\x8edL\xb8\xcc\x15\
o\x92[=\xaf\x00\x09\x07\x0a\x9d\x8bv\xc2\x8az\x0f\
\xf96\xce3\xdc\x0a!\x9f\xbcdz\xa9h\xe59,\
R\xaa\x9f\xd3\x22\xb3<\x1f\x94}\x83Y._\xbd\x04\
\x18`_\xe7p\x9b\xd2\x00\x9dX\xb3\x90\xc4>L\xe2\
\xa2\xe5P\x98\x8ei7n\x0a{\x16T\x1e\xea\xa4\xea\
\x80\x88}\x04\xb0\x97\x8f\x9f\xb6\xa5\xb3_\xe7xY\xb0\
\x18\xd0\xf8}j-\x9e\xcf\x0d\xd3\x13~\xd5>\xac\x0b\
dd\xa5\x06mL!,\xa7@]\xaa\xc6\x81M1\
;\x03C\xc7\xb3c\x15M\xf8\xa4\xd9L\xa8c\x12\xc6\
6\x22\xc1\x18Lj\xb8\xba\x90\xdakL#\xc41\x07\
y\xecwh\xad`V\xc3\xfd\xbdM\x06\xfc\x15\xcb)\
>\xd6 T\xb8\xb0\x18\xac\xa7e\xe5Z\x0f\xdc^\xb8\
\x0e\x22u\xa2\x96\xeb\xca\x09\x16\xf7\x00\x80\xa9\xa1I\xc8\
\x10t\x1d\x94A\x88E\x8b\x95\xb0\xc1\xef\xf0}\x22\xe4\
pa\xe9:\x96\x10D\x99\xe8\x9d\xa2(\xac\xfc7G\
\x97,\xbc\xc6\x8e\xffm\xa9\x971~\x09kQ\x17\xc6\
\xae\xe7m\xfeO|\x93\x7f\xe3|\x95\xef\xf5\xaa\x96\xeb\
\xab~Ou?\xcf\x17\x9e\x8cL/\xf2'-\x8e\x02\
\x1cX\xc3e\xa5\xd8\x9cw\x04\x8c\xfe\x1d\xc1\xb3\xa1\x10\
\x11X\x00\x12\xb8\xa6\xac+\xba\xab\x18\xf7\x8b\xd8\x07&\
m\x9b\xb6c\x89/\x17O\xbdl\x93s\xa78D\x90\
b>\xa2y\xf0\x1e\x5c\xcc\xe0K\x81\xa5\x5cV\xa3\xc3\
\x0e\xdd\xd1\xc8\xb2\xc2\x97\xb0\xcf\x07\x07C\xc5T\x0cM\
Y\xf4\xa1\x94\xa5\x15\xfdG0\x8c\x89d\xf4\xc8\xdas\
m\x8e\xab5==I+di\xbe\xc5l\xac\xdd\xbd\
\x8em\xac\xdd\xb6[\x1f\xfeT\xe3\x5cu;\x1a\xa6\x84\
.\xaa\xc8\xb6\xd2\xfe\xd1\xf9=\xc8\xaf~\x9c\xddW\xce\
\x93a\xad\x04\x7f\x8a\xff\xc2\x22q\xber\xb9\x11\xfc\xc4\
s\xb5\xe8\xae\xf8\xe7y\xf2\xd2s\xb5@\xc6>\xec\xc8\
G\x8eW\x8c\xfb\xf7xl^\x91!\xf0\xdc,\xe76\
\xd6\xaa\x01\xb8V\xc2\x92\x0d\x04\xf4G'\xbd\xd0\x0c\xbc\
\xf1(`\x0f\x08\x0a[\xeb\xab\xb6\xbfv5A\x00R\
x'iR\xcf`\x8e\x0fL];\xdd\xb4i\x10=\
\x18\x09#/$\xe2nL\xc3\xaa\x98\xd2{\x0c\xb3\xa5\
\xe3\xba\x91\xc9&\x92U21=\xc7\x8c+X\x09\xa0\
L\x12F\xba\xc6\x09o\xb8\xc2\x0c\x17\x09p~\x82T\
\x16\x10k\xb3\xbdh\x07\xa3\xa6\xed\x1dL\xd9\xec\xdc\x8a\
\xcd/.\xd0\x9d&-\xae\x98\xf5\xd8\xa2\xc3b\x04\xd5\
3c\xba5\x92\x19\x96\x8c\xac}j\x87\x95\x85\x12\xab\
\xa1_\x0b\xf6\xc3Z\x09M\xd3\x05\x0a\x85D\xec\xbbp\
!7R\x18\xd5m\xea\xe7\xab\xa5>\x12\xc9;\xe1\x8f\
\xdfV\x9e\xed\xeb\xbf-\xe2\x89q\x96)\x02\xa4>\x1e\
_q>\xc0\xbd\xdc\x9f\x85\x91\x0b\xa2\xf8}\xbd\x1do\
\x03\x07\x07\x07\x8a\xb15\x9f\x03\x1dM\x09(\xb2P\x9e\
\xf2yy\xa6\xa8\xb0ez\x85\xd2\xc6\xf3R\xe8\x14\x87\
,\xc1\xf18\x1f\xae,\xb8uWN\x9e\xb5\xc5\xb3\xaf\
\xd9\xf4\xdc\x09C\x0c\x11eG\x8c\xa3\xd7Cp\xfc\xd0\
\xba\x1d\x8cg\x17=\xb9\x87\xb4>\x98M\x05~\x84r\
\x87\xbe\x5c\x86~ \x13\x046\x10\xdd\x10gh\x8dC\
A\x85\xa7@#A\xc0k\x0b\xfe\x03\x0f\x03lD\x82\
\xb8_J\xdf\xf6n\xc7V\xef\xde\xb6\xdb\x1f\xfe\xccn\
\xdf\xb8A\x0fBN&\xf1XF\xb1D\xa4\xd0I\xc6\
\x84\x1c*\x16\xc7\xa3\xf2k\x98\x15\xb8X\xc7\xdat(\
\xeb#\xb7%\xd6\x1a<\xaa%\xda\xf2y-\xa8\xa6\xe7\
\xfa\xc6G\x84Cu\x1cB\xca\xc2\xf2\xc0_h9N\
\xd4\xb28p,mG\xfeVMu)-&\xcc\xe4\
\x8ax\xb3%\xe2~V\xfac\xb5\x9fG\xf0\x85\xb9\xdc\
n\xd9\xe9\xf3\xaf\xda\xfc\xa9\xd7\x0c\x83.B\xf0C\x93\
@Z\xa0\x08\x02\x04\x8cq\xb0\xd0\xdbu\xc0\xec,s\
\xa0bZ\xefH\x96\x85\x98\x0f\xf3$\x03<`:C\
\xd0\x0e]\xf3\xc2\xb0*\xc8\xb6\x82U\x05\xff&\xba`\
$\xa2\x1e\xf4\x08L\x13\x93-\x1e\xf7\xf6w\xac1\xec\
\xdalsd\xdd\xddd\x89\xec\xed\x8aA\x1c\x0c\xa5\xd1\
H\xf3\x12\x03)\xb6\xc3\xb2\x90\xa8\x05\x8e\x04P\xac4\
\xa7\x0b\xa8\xc6\xb6\x00\xb2\x88\xba\xf8\xce\x03\xb4QFl\
]\x18\x99gi\xf9\xf7\xf2\x98\x84]\x08<\x16\x92y\
u.\x0b\xac'\x91\xdcg\x10\xff\xf3f\x8c\xafzy\
\x84O\xb8\xf89\xe7\x0d\xedk\x1b\xf7\xf3<\xfee \
.\xcf\xa1\xb2\xa0\x9be\xf1\xfb~\x0d\x1a\xf9\x18V\x0c\
A\x82\x0f\xe3oC\xb1\xc8\x9e\x80lq\x14\xa5D\x09\
-\xa1\xbc\x04?V^\x02\x07\x99\xcc\x9b\x1eoP\xf0\
\x5cJP\xab\x8d\xc1O\xcf\xd9\xdc\xc9\x97\xad\x95\x94(\
\x94\x86I\x22\x03\xf0\x9d'\xb1$\x1a$\x0f\x92>E\
\x1f\x0c,\x83\xe6\xb1\x85\xbbx\xa8~K\xec\x8dN\xfa\
\xc5\xd0C\x08\xe6\xa3_XR\x0a\x9b\x18p\x11@\x92\
\x14\xb7\xd9\xb9du\xa0c\x96Q\x96,.b~\x9f\
ik\xce \xf1e\xc8I\xe1\x1e\x5cy\xc7\xae\x7f\xfc\
~\xb2D05\xad\x03\x17y2\x02\xe8\x87\xd9c!\
K$\xbc\x05n\x85\x10L\xdc+\x00\xcb\x84|(\x1e\
S\xb7\x01\xdf'H\x88\x0fc_\xdfXY\xfd\xc1C\
G\xf8\xe2y\xf3\x09\xa8\xeb\xf9\xbe\xd1\x0a\xb1W'\xb4\
qb\xa7\x86@3\xbc\x10o\x10\xbd\x86\x80\x06q\x83\
\xf0\x12a\xc2M\x04\xa2\x05\xc1v\x15\xdc\x00\x00 \x00\
IDATa\x930\x83Pa\x22W\xc4J3\x19\
\x1d\xfb\xd4\xc1\xb0h>\x01*\xca\xd6\x9a\x9d\x9f\xb73\
\x17^\xb7\xf6\xca\x8b\x86aL\x1a\xa9\x111>\x16F\
\xd5E>\xb8\x04m\xb2Zz\x98 \xe6\x80\x0c\x86\xc1\
\xda\xa0\x85\x80\x08\xa0\xfd\x80\xa9@(\x08\xbccA \
\x1b\x9f\x06\x1f*\xca\x83t]\xc4W\xb0\xcf\xaf\x1ea\
\xc8\x14\x80\xe54\x87F\x00\xa8\x81 \xbb\x00\xae\x83\x9e\
5\xa7\xd3{{;\xb6\x83\x0c\xad\x03\x8c\xd9\xe5=W\
At$N\x81Fh=\xb5/\x96\x89\x06\xdc\x1f\xd0\
\xf5&\x97V\x00\xc80\x03I\xfa\xcf'\xd3\x0a\x13\xda\
\xc1\x83.\xacB\xc8G\xfd\xb4\x00\x97\xbco\xf2Ms\
\xa9\x09\x9d\xff\xc8\x01~\xe9\x08\x13\x1c]>\x83\x09\x9e\
7\x83<\xcf\xe5\x11\xbe\xa8\x97#\xd7j\x00!L\x04\
 \xc49^\x0e\x10\xd1\xb3\x83\x9f\xf8W\x1f;p\x10\
$\xf04?G\xb0\x98\x14/\xf2\x1aA\xc3-\x0f(\
q\xcc\xa8\x0ak\x16V\x88[\xba\xb0\xe01\x9c|\xf0\
\x1fy\xd0c\x22N\xf7\x02\x90\x88\x93\xe8\x1c\xf8pn\
n\xde\x96O\x9e\xb7\xd6\xf1K6\xd3Z\x22\x0f\x81\xde\
5w\x86\xbb\x90\xe1M\xc09\x9fQ\x10v\xc2\x80\xfa\
\x8c\xf8p\x08\xbb\x81\xf1Fc\x87_\xcdh0\xf2:\
lp6\xd1\x99\x04\x183Mx\x0af\xf8\xcd\xed6\
<\x0e\xcdt\x1d6\xcb\x84\xcd\xce6mq~\x86B\
}c}\xcd6\xef^\xb6;W>\xb0\xcd\xf5uw\
O!\x18\xaf\x8c/\xb9\xb8\x01\x1e\xbe\xef\x80\xa1\x91$\
pN\xbcX\xbc\x1e\xbe_)n:\x0e\xd0\x10O\x91\
\x97\xc0[\xf8#\xa0<\x86o*~\xf8*x\x035\
\xfa\xfc\xdfj\x22\xe8#'bG\x7f\xcc^\xaa4&\
\x08a\x07\x96\xd0x\xa4!a$OhB\x02\x10Y\
(\x00\x8fbRg\x00\xa1\x15\x12\xa0\x81k\x058\xb4\
U>\xfa\xfc\xf2\x92\x9d:\xffuk/_\xe4o\xa1\
-t\x93E\x80 \x1d\xd2\xf3\x18w\xa0\xe9+\xadA\
i\xbd\x10\x9cjtd`I\xb8\x0e\xf4\x0d\xd0\xd4<\
\xadW~a\xb8\x98`\xa1\xd0\x1f\xe6\xcc\x03+Ji\
\x8d\xcc\x9cJ\xd5\x81\x0c\x91\xfd\xf4^\x0c\xb5\xd2\x9e\x1e\
\xb0\xcf\xca^\xb2Fz\x1d\xcc\x90\xe8\x1d\x96\x9c I\
\xac\xf0\x05c[\xf5^\xd7q\x10\xb04\xb6\x08\xe8e\
 \x090q\xf0\x88\xf1\xb6d\x89\x8c\xb4u\xe0\x00\xc1\
j\x80\xc4\x02\x1c:\x8f{\xc4\xa8\x01\x22$,\xfc\x9e\
L\x09\xd6\xf4\xb3\xfaGp\x8es\x8f%\xc4\xcf`\x88\
|\xe53\xee\xf9\xad_B\xb8\x1f9=\xb6\x1c\xe5\x13\
_\xc4%\xd8\x09\x81/\xe1\xa8k~\x9e\x1b\xb7\x22x\
\x00\x800\xf1\x11x\x0a\x99y\xe9\x04\x86\xf5\x90\xc2\xa6\
{\xb9\xc53\xc3\xfa\xa7\xeb\xd3\xf9.+o\xe07\x1f\
\x96\x84\x80\xa1\xac\xc4\x00\x92\x989\x10\xa0\x13\xb3\x8b\x82\
\xbf\x22m7:\xc8bX\xa2\x06\x82\xd43\x89\xef\x16\
\x16m\xf1D\x02\x8f\xe5\x0b\xec\x8b\x852\x06( X\
~\xd0\x97\xf5\x0d:\x95R\x04KD\xe24\xe2\x08R\
\xe20H\x04\xac\x09\xc4?\x8c4\x828\xa35\xc0w\
\x9a*x\xba\xbd\xc0lGy%\xa0\xd4!\x16\x9a\xca\
\x93\xac\x0d0'\xdc\xc3\xcd\xe6\xa4mom\xda\xc6\x9d\
\x8fm\xf5\xc6\xafls\xe3\xa1\xc6\xae\x03P\xb8\xbb,\
\xc7?\x0e\xa1\xd4\xb9\x15\x92\x01D\xae\xad\xe8\x13\x02\xb9\
A%\x8d<\x1b\xcah\xf0\x22\xf8m@\xf0\x0b\xa5M\
\xb4\x0d\xfe\xc2\xae\xf3[P\xfe\x11\xba\xff*\xc0\x03\xcb\
c\xf9\xf6y,O\x06\x10g\x8e\x8a1\x04(a\x91\
H\x1b\xa2FD\xc2\x06\xb8\x80h=\x90\xe7\x1aO\xb8\
\xb2bX\x04\x8c\x8a\xcb`\x1d\xfd\xb2%\x9e\x10#\xf7\
\x86E\x12n\xae\xa5c\xc7\xed\xf4\xc57\x99s\x0ew\
\x19;\x07%\xe2\xe9u\xf6\xad\xdf\xed\x90\x90A\xac\xea\
\xad*\xa2Fy\xd1\xee\x1a\xf2#-\x9c~R\x15,\
\x82\xc0=2\xa1QF\x98\xc6\x0c\x22\xd6V\xd1tK\
D>!\xa2\xc0\xf3\xf7\xf6\xb6\x99\x868\xd58H\x04\
\xde\xb5\xee\xce\x96u:\x9a\xd3\x9d\xfeV\x9a\xc7E\xb3\
\xd1y7\x993x\x84\xc5\x02\xc2-\x00\x12\xc3;\x84\
5\x22\x00\xa9\x00\x85\xdbbyp\xe4\xdd|\x5c\xef\xf3\
\x83M\xe9\x87\xd8\x0dp\x01\xf5\xf3J&z\xed\xfb\x96\
'\xfc>_\xf2\xf9\xa3\xcb\xafa\x92\xaf\x8a\x89\x9ef\
y\x84\xee\x8f.O\xb8\xeep\xa1\xfd\xb8\x87\xbc\x11\xdb\
8\x87C)^\xbc\x8d\xd7\xc0;F\xc1\x18\x96\xbd\xae\
\x01(\x9c\xaf\xa8\xb48_\xf1\xba\x00\x22\xdc\xc6:/\
\xab?\x80B\xa33\x84\xd2\xa6\xac&Y\x19\xa1\xb8I\
\xd1+\xb1\xbbr\x8d\x80\x82-\x05\xb5&}[8~\
\x81\xc1\xf2\xa9\xe9\xb9duO\x88\xe70\xdd\xc2@|\
&\xd0\xf0\x11\xacI\xf7}\x0b\xc5\x85\x93E\x0d1\xba\
\xee\x88\xdf\x1c\x0a&H\x024K\xd9\x00\x0fDC}\
X\xd0Qx\xaa\x89Q\xb4'\xd9\xa9WC\x1eM1\
M\x17\xbf\xe7\xf0EIq\xdb}x\xdd\x1e\xde\xfc\xd0\
\xd6W\x1f\x08<\x12\xafq\xfe\xf2\x0c \x05<\xb4u\
w\x15y\xd2y0\xf3cX rS\xc9\x1b ~\
\x0bWrm\xddS13|\xe2\x11\xf0\xe0\xc9qZ\
\xff\xaah\x1fd\xf4\x95\xbc\xf9\x11F\xaa\x8e\xc5\x14A\
\xc8\xce\x1c\xb1O\xe2\x90\x16\x14\xfd\x1eH\x1cN\xe41\
LB\x99\xcd\xcc\x89\x15\xfb\x04\x0e\x80\x08\x88\xd9\x89\x9a\
\xa0\x82\xf3\x08\xf2\xc9r\xc1yh$K\xc7O\xda\xa9\
\x0boXs\xf1\x1c\xdf\x85\xc6\xef\xa1\xa7+\x06`D\
\x86\x16\x88\x17\x84\x8ca\xd9\x19\xbc\xc3\xa45\x90\x8cj\
xM\x16\xa3\xa0\xbc\x84\xe4\xc0\xa0\xa1\xd3\xd2\xa0\xd67\
r0\xc1H\xc1Z\xff\xff\xf6\xde\x84K\xae\xe3\xc8\xd2\
\xf4\xc85r\x03\x12\x0b\xc1M\x94T%\xa9\xa4\x9a:\
\xb5t\xf5\xfc\xff\xbf1g\xce\xd4\xe9\xea.I\xa4(\
\x90Xr\x8b\xc85\xc6\xbf{\xcd\xfc\xf9\x8b\xcc\x04A\
\x16E\x82`x\x22\xf0\x9e/o7\xb3\xeb\xb6\xb8;\
\xa1\xc0r\xd6\xd7:\xc2\x0bq\xb0\x13ir9;\xd6\
\x8a\x86\x8a\xd0\xda\xbc\xa9\xf9\xa3rr|l\x82\x15\x91\
\x06\x88\x00\x0e-*k \xd8\xa66\xb7\xfdN\x03\x89\
\x9eP\xc6\xa2\xa7Z\x9d\xe0\x90\xaav\x86\x1a\x1aPb\
\x9fgm\xf9\x8e\xe8;\x80\xc9\xa4\xb6P[\x10{\x02\
I\xb6w\xd9R\xfd}\xe9\x0d\x0c\xf3c1\xd3\x9b\xd2\
-z\xef\xd3\x1b\xea\x06`\xe8 \xa4\xf1D\xd7\x86s\
\x80\x03\xc4\xc5\x08\x1c\x5c\xd9\x00\xa2\xf1\xcf\x90\xef\xfd\x1a\
\x8d\xafh\xd3\xf1\x95\xea\x92\xb7\xa2\xd3\x86\x00\x86\xbf\xe4\
\x83\x94\x09+LW\xfa\xb9\xac\xef\xc4\x8d@E\xc0B\
\xde&,\xfc\x1d\x87O>*\xbbO~U\xb6w\x1f\
\x17\xcc\xb8|w\xb4S\xfb\xeeb\xe9W\x0d\x16\xf48\
+\x99\xa9\xa0\xc9\x05.nx\xce\x1d\x1bx\x8fw\xa1\
Y\x22&\xf6A\xf2\xa8\x94\xa2%\xc1\xe7\x935V\x18\
e\x15\xd1\x1du\xda\xe0\xf9\xed\xdd\x83\xc2\x1a [\x9b\
\xbe\x1f@\xeb\xc5\xd7/\xca\xc5\xf1\x9f\xcb\xc9\x97\xffQ\
\x9e\x7f\xf9\x17[\x1f\x02\x14\xfa\xc5\xa1\xd0\xfa\xa5\x814\
SU\xb4\xe1\x1e\xa3\x83g\x1e\x0c>\xcd\xceZ\xf0T\
\x03\x90\xe4\xab\xe0%\xe8[\x7f\xc1W\xc8\x94\x11U\xff\
\xdc\x01\x844b\xaa%&\x12\x8b$\xa1G\x8f*\x99\
\xc0\x84\xbc\xd4;\xea@$\x095\x89:\x89v\x00\x8d\
X\x94\xaa\xd3B\xac\x81D|\xbaL]\x16\xe8\x8f\x9f\
<+\x1f\xfc\xea\x9f\xcb\xc6\xeeS\xdd\x13=\x1f\x22A\
.Y\x16\x17\x85\xb3\xe6\xb5\x86\xc8\x15sb1\xe3\xa7\
g\x01\x95S\x0c\xe2\xba\xc67r-\xc6\x03p\x88\xd7\
\x82\xb1$0\xf9M\x98\xb97&\x5c\xe4\x9a\x9a\x15\x14\
SA\xd5B\xb6w\xb5/b\xaa\xe7\xb8\x9a\x1fk\x1d\
\x91\x0a)e\xbaQAd~\xe4uE\x88}\xbf\x1e\
\xfc\x22\x83\x16\x92ZGO\xc8V\xf3U'\xbf\x88A\
\xc4\x11$\x03A\x9b\xc8=?\xd60H\xcd\xf71\x00\
\x88\x1d\xe8&\xfa\x18\xf0\x94\xc4\x1e\xf5\xcb\xcc\xc0>\xa9\
\xd5\xc5~\x96+\x1f$9b\x8a8\xc7\x9d\xa9ow\
G\xfa1\x98\xeb\x8d\x80\x91\xe9\x0e\x9a\x1f2\xde\xcf\xf3\
,\xd7\xb5\xf3\xc3\x22\x1d\xaf\x90l6\x8d\xfd\x00\x05\xb5\
\x0a\xf3\x94\xda'\xdf\xc4\xb9\x0c\x1c\xe6'\x83\x86\xf9\xc8\
<fm\xc4\xbdzk\x1c\xc9gm\xccG\x98\xa5d\
\xbe\x8a\xfd\x018\xe8\xfd\x87\x06\xb26,\x08\xb7\xb7\xb7\
[;i\x9fj|\xc7\xc6\xceC\x81\x8ah\x09\xa7\xf4\
\xb5i\x0f\xdaF\xf3/\xd0\x7f\xd0\xa4\xc3x\xcf\x0b>\
J\xa8\x05Z\xeei\x88{\xc3`\xaa\xb1Rkv\x8c\
3I\x22\x9dB8P\x1d\xc4\xdaqC\xf3\xd9\xaa\xbf\
\xcd\xcagl\xb7\xa6\xc8\x80\xf5r\xfc\xfa\xb8\xbc\xfa\xf2\
?\xcb\xd1\x97\xff_\xf9\xfa\xaf\x7f)\xe7\xb3Y\xd3,\
0K\xb5\xe9\xd8\xbb\xb0\xdd\xf49Ro\x0d\xc4<\xa6\
{K~\x0b\xfeR\x19\xfb\xad3\xd6\x03\xc8\xf0\x1c\xee\
p\x05\x1f-\xd3~\xcf/?\x02}g\xfaQ\x01$\
\xd3}@\xd23\x86\x08\x5c\xdcbFp\xcf*\x89\xda\
\x04\x9fa\xaam\x14l\x10t\x03\x14\x81D\x00\x89\xc0\
\xc3\x8e\xbb\xe6P\xcf(\xadV\xc7\xca\x82\x9b\xe5\xe9\xb3\
O\xca\xa3_\xfcS\x99l\x1f\xca?\xc1\x87&\x06\xdc\
vM\xd4i\x13\x10w\xccJ\x87\xb2\xcd\x0aHl\xab\
U\xb4\x14\x03\x0ak~]f,34L\x89\xf3\x8f\
\xfbe\x11\xaa\xa2{\xb7\x86\xb4\x85I\x80\x98u\xdd\x1f\
\xce\xff\xadB\x14\x09\xc4\xeauEN\xca\xc6\xa4j7\
\x97'U\x13yY\xe6\xb3y\x00\x86{m\xc3\xd4\xd0\
\xe1`\x0fp1\x90\x84\x16\x12`\x93\x91 \xbd6\x92\
\xbd$F\x93\xcb\xcc%P\xb4\x86\xd2|\x22\x9dF\x22\
\xb1\xbfH\xdbmj\x1f\x90}0\x01-\x92!\xf8\xb8\
\xc1\x18\xde5\xd34B\xcc\xf2\x8e4\x9b\x80\xa0h\x12\
uQ}\x8b\xb9\xde&}\x9fL\xd7\xd3\xef[$\xd1\
\xb1\xd2\xc2\xf4\x9c\xf9\x9e\xf6c\x7f\xa8\xebr\xc1\x0fY\
\xde\xf3\x89\xe8\xaa\xdfO\x00\xd11\x83\xb6\xc1\xcf\xfe\x0e\
\xf8\xc7\xdb\xa1c\x96\x00\x91\x1d\xb3\xe0\xad\xd46\xf8\x09\
P\x02\x1c\xb2\xb3& \x81\xef\x22\xb4<\xea\xec@\xb7\
\xf6\xcf9\x08\xf3=x\xf0\xb0<\xf8\xe0\xb3\xb2y\xf0\
Q\xadg\xd0,\xe6_h\x17\xdf\xa2\xe9\x939\xa4X\
r\x1a>b^:\xe6\xeb\x92\x00\x8e\xf9\xee4\xb4c\
\x02\xa0\x5c\x89\x8f\x8c\x1b\xac\x05\xb2\xae\xd0{\xa6'\xb2\
\xac\xa0nCe\xdb[a\xa6\x06\xc8\xb6\xa7\x8a\xbc$\
\xd2\x8a)\xdc\xb9\xd7y\xe5\xebW\xcf\xff\xab\x1c}\xfe\
\xff\x94\xe7_\xfcI|5\x80D\x02\xc6\xb0\x1d\xf6\xdd\
Yl\xe6\xe4\x06 \xd1a\x13\xff%?\x86\xa9*;\
c\xd19\x1bMO\x22r\x0f>\xea\xe9\xfb\x1d\x01\x8e\
LP\xd9\x8f\x7f\x17e`\x98\xc8x\x13\xcc#\xa26\
\xa7\x98Y\xb2\xe7$\xc2\x0e\xa6\xe8\x09\x1d\xe2'/U\
9\x80$Tik#\x01\x12\xf4\x96\xa4}x\xe5\xc2\
\x04\x13i \x02\x14\x9b\xb4\x18\xc0\xf4\xf4\xc3O\xcb\xc3\
O\xfeP6w\x1f\xe9\x1e\xd4\x0b\xe1\x17\x84\xa2i\x15\
4\x02\xd6\xa0\x22\x93\xd6\xc2\xbd\x08\xafM\xc0\xfdF\x94\
\xc8\xc2\xe1\x85\x80 /\xdf\xe3K\x0c\x868\xd5\xb76\
\x08\x0a0\xd3\xd1#\xe2\x9e\xcc\x0c\xdc\x9b\x19bvv\
Zf\xa7\xaf+,\xcd\xcb\xda\xcd\x5cK\xe6\x9eE\xa8\
\xaf\x085\x089\xc1\xc2\xfb\xb1M_H\x02Nl\xe5\
\x03!\x1f\xe0\xa1A\x89\x10v\x94g(d\xafj\xc3\
\xdc\xe9hw\xbe\x07\x0f\xe7y\x11}\x9d\xf2\xaa\xf3>\
\xa91J\x82BW\xa7|G\xa6\x8dq\xfa\xfan_\
\xf9w\x83\xac\x95\x1a\x08d\xbe\x09\xff\xbb\xcbG\xed\xb3\
L \x10\xf4\x1f\xbc\xa0\x5c\x80\x01\xed|\xbcACy\
\x1d\xc7>\xb45\xd4\x0d\xbc\xc31\xcbf*\xf2\xd4G\
^t8\x00\x87\xfd\x1c\x09\x22\x01\x12\xa1m\xe4J\x82\
\xe94\xef\xcdV\x09$\xdbSO\x1c\x8a\xbfcs\xef\
\x99\xd6\xe1\xe0\xbe\xd4a\xb9\x8c\xc8&\x00DB\xd9\x0e\
k\x1e\xc4\xe4\xb0P$\xa4&F%\x1aK\x1d\x17:\
9\xac\xe1\xb3\xf0s\x16\x16}\xab\x1d\xaf-\xaf\x0e\xca\
3\x0c\xe1\xfdX\x15\xa6Z\x9d\xd4f\xedM\x85\xee\x02\
 \xf8?f\xf5\x9c\xc7/\xbe(\xc7\x7f\xf9\x7f+x\
\xfcW\xe5/\xfb\x19\x1dqe\x80\xb0\xf6q\xe5m\x03\
\x90\x00\x0b\xf1\x5cDB\xf2\x0c\xad\x83\x06\xc0e\x07-\
:f\xe2\x97\x00\x10\xf1K\xf0T\xf0\x80\xb8A\xcf\xb7\
D\xcbo\xa0\xf9\x1f#AU?\xfe]\x94`\x90!\
3\xec\x06\x93\x98!\x82\x89D\xf0.o*wh#\
b\x90 p\xf7\x80L\xe0&jk\x16&\x1ezD\
&x\x9b\xb1\xecX\x97\x93]e\xf6\x89\xd8\xf4\xb5\xa5\
9\xab\x9e|\xf4Y9\xfc\xf8\x1f\xca\xc6\xf4\x91>*\
\xeb\x83\xc8\x9cu\xc5\xa8u\x065\xcd\xd4\xbb\x10\xa1H\
p2(\xc91\xe2\x08\xcf|\xd9v\x930\x9d4\x04\
\x13\xda\x94\x18\x90(\x11&k\x8b5\x9a'D\x8c\xc0\
\x00\x9b\x8ac\x22\xec0\xef\x93k\x10ZL\xa8/#\
o7&\xac\xacx\x5cN\x8f\x8f\xca\xfc\x9ci\xacC\
\x93P\xaf(\x098zB\x80\x80\xea\xdd\x1b\x12\xf1\x87\
\x09\xabi\x1c\x8d\xe0=\x1f\xcf\xe0\x1fIU\xdb\xcf\xd8\
4\x90\x00\x871\xb8\xf4\xa0a\xe6h\xd3h\xf0&\xc4\
0\xbc\x94E,\x8eG[\x154\xe6h\xcc\xc3K\x8b\
\xd4\xca\xda\xa6g\xb0\xae\xe4\x07\x06\x15\x8b\xec\xe5\xc2\xa5\
\xd2\x9e\xb6\x97\xe8<v\xfc\x9f\xfe\xb9\xac\x07\x1c\xf3\x80\
i\xa3\x01\x8e\xf6C\xd3 OG\x84\x96MSO\x1e\
\x8a\x0eWFZ\x05\xef\x98\xfe\xe0\x93\x04\x18\x80\xc3c\
\xab\x1c&\x1f`\x02\xd8\xd0\xd1\x0a0Q\xa7L@b\
\xcd\x19\xf3\x96\xf8L\xe5\x01\x1c\x8d\xdf6\xcb\xfe\xc1A\
\xd9{\xf4a\x99>\xf8\xb8\xf6\xf8\x0f+xl\x16\xbc\
6\x191x9g-\x0d\xa6_\xa7\xd3\x85\x80\xb6v\
\xaf\x05\xdb\xea\xfd_\xddx<\x08\xfe\x07\x9bz\xa0=\
4\xff\xa2o-~\xe1\x19*(1P\x17k\x814\
\xfa-\xe6\x96\xc3t\xb6\xe6\xb5\x81\xea\xaf>\x80\x1c\xe8\
\x98\xb1\xa8C\xf8\x9f\x1d\xff\xb5\xbc\xfe\xe2?\xca\xd7_\
\xfe\xb1\x82\xc7\xa9y\x17\x80\x90\xc3\xdc\xe0\xe0\xb1\x1e\xdc\
\xaf}\x22\x9e\x1e?\x22\xad\x82\xd7ZG-\x81\x03\x9e\
\x91\x5c\xe84{\xf8\xa1\xf1P\xf2\x85e\x86\xe84\xf9\
gD\xdb\x1d\x0f\xbc\x03\xe0AJ\x99\xf6\xa3\xa7\x11\x80\
\xb8`\xd8\xe5O\x0c@\xb1\xb5\x11zP\xc9d\x10\x00\
{\xd93\xca\x09\xde\x98\x9e@@\x22\x0d\x84\xba\x1e@\
\x22\x0ad\xd9\x94\xd59\xd8\x9bF\x12 \xb2\xb3\xbb[\
\x1e\x7f\xf8\x8br\xf8\xd1\xef\xab\xfa\xbb\xaf\x97wy\x85\
\xdf\x831!\x00\x88{P)hED\xd9K\x91/\
\xc4\xa6\x1e\x9b9ank\x22\x05\x86\x87\xe1\xd6\xd2~\
\xcc\xf3\xf2\x1c&*\xdf7\xbe\x92\x1d\xf9KP\xc5\xa5\
\xad\xdc\xe0\x8f9\xaf\xbfy\xb9<\xc3\xc1~\x11\xda\xc8\
\xebr\xc2\x0c\xa1\x02\x0bzs\x01\x1c\xcd\x84\x15\x1a\x87\
4\x11k\x17\xf2\x9f\x08\xf8:B\x0f\x00\x11\xa1\x07(\
\xfa8\x83\x84{O\xe4\x93\xf8\x87:\x81I\x00H2\
\x83{\x8c\x1dcD;\x92\xf1\x81\x85\xba\xd8\x0f\x06*\
\x80t\xd6/\x1a\xb5\xba\xc8\xbd33\x1cUn\xa7C\
\xd9\x17\xf9L\x1a\xf0\x90\x8d#h\xd5\xf6\x9c]\xca\x7f\
SZ\xa6U_L\xf7\x00=\xeal\xea\xf1\x97vn\
\xfa\xc6n\x94\x22\x81o\xec\x22j\xb9'\xcd1\x15\xb7\
\x22\xed4\x9e\x81vh\xa9\x8e\xed\x1b\xc0C\xc7\x8f\xc0\
\xc3\xe5\xd2@\xd8G\x98\xe2f\xe6\xbc\xd1\xce\x00\x12\xc0\
\x91`\xa1\xb2\xa1\x03&\xe79\xbf0Sey3S\
\x05`\xa8s\x96e\xa2\xdb\xd4NL\xaf\xf0\x11\xf5\xf8\
\x17\x1eT\xadc\xf7\xd1'ec\xe7i\xd9bv\x87\
\x0d\x8f\xd3\x10\x9fT\x1ad\xbd\x8d\x0cF\x81V\xb5(\
\x13\x9d\x9b+f\xc2\xe6\xa3VP!&\x97\xf7'-\
\xbe\xe8\xb9r\xc12\xa6\x16\xe2\x19\xc4?\xeb\x06\x05\x9b\
\xdd\x180\x18\xc13\x1bD|\x11 3\xd5\xe0B\x06\
\x0ar\x1f\x17L\x03\x7f\xfa\xbc\x9c}\xfd\x9f\xe5\xab/\
\xfeX5\xf9\xd3p\x94\x07h\x04\x80\xc8\xbf\xd1\xc0\xc4\
!\xbb\x9ek\x8f:\x83F\xf2Y\x82\x08\xbc\xe0Y\xb3\
;\xfe\x08>JS\xb0iz!Z\xbdI\x93o\xf2\
H\xa6%\x1a]\x01\xc8R\xfa&\x00q\x91\x19ay\
|\x88\x98\xa91C\xfaD \xe0.BK\xc4l\xa2\
\x92\x96!\xe2\xda\x083U\xa7\x95\x08@\x12P\xec\x13\
\xc9\xb9z\xf0\x89\x10;\xfe\xf4\xa3_\x96\xc7\x9f\xfc\xbe\
\xaa\xc9\x07\x22\xe0a\xee\x9b!\x9c\x0f\x22a\x10`\xc6\
\x8b\x13\xfa'\xa2\xb9\xc6\x19\xe8\xc7\xd3r\xe9\x08\x071\
\xa1\xef\x1f-\xc4\xd7\xc4\xa1h\x01LL:\xf7\x5c\x16\
kZs}\xbd\x82\x88F\xb9O\xcc\x80\x10\xd7\xe5\xfc\
\xa4\x9c\x9d\x9dh\xac\xc8\xd6\x1aQ[\xaf\xe5`\x07`\
\x08ql\xa6\xab\x04\x8f\xa6\x81te\xa9=\xf5\xf9\xec\
Ai\x9b\xa6\xac1\x03\xa4\xfa\xadr\xf5\xa8\x12D\xd8\
\x8a;\x5cnN\xd1;\xeb\xb5\x123\xcc\x00&\xae[\
\x84Vb\x011h$j00Wn\x1aC\x8d\xcb\
3\x8d\x98\xb1O>\xe1r\xe97$>\xdcr\xd9\x90\
\x92^#\xb3\xbc\x13\xa4=\x9cc\xa0o\x03\x89J\xd8\
\xd7\xac\xc8\x06\x0a:\x14\x99\x9a3\xbc\x81F\xb7\xbf\x06\
]\xe1O3\x884\xfe\x08\xa0p>\xfd\x1e=x\x98\
\x06\x1bX\x08@\x92w\xbc\xb5\x96q\x0f\x80\xc4\xbeM\
\xc7\x9b\xe1\x87`:\x9e\xfd\xf2\xa0j\x1d\xdb\x0f?.\
\xeb\xdb\x0f\xc4C@\xa1i\xd2t\x02~b\xb6\x22L\
vQ\x057\xb3Y_A\x0f\x08`\x81E\xa55\x8e\
\xc2\x0c\xcc\xbe\x04q\x11\xaf@\x87z>H\xa6\xfe\xd9\
\xc7\xc9\xfd\xd4\x0e\xe5\xc6\xb4jL\x9e\xe8\x14\xcd\x88\xce\
\xd7\x0es\xd2\x11\x8d%\xbe_WD\xe5\xec\xf5\x97e\
V\xc1\xe3\xeb/\xffd\xf0\x08~\xa6\xf3w\x89I\xea\
2Bw\xb9\x97\xeb\xe4q\x83\x9b@Ef\xab\xec\x84\
\xc1;\xce\x8b\x1fd\xcab\x1f0\x19:[\xcd\xef\x11\
\xfcK\x12U\x8bo\x86|K+\x00y\xbb4\x02\x92\
%P\x11\xa3\x09@\xbc\xd5_0\x88\xca\x83\xf8\xad\x82\
\x9b\xe8\x15M\x92L \x02\x0f\xe0h\x84\x16ZF\x96\
\xc9\xb4E\x8f*5\x90p\xac\xab\x8e\xb2-\xcd\xd2\xf9\
\xc1\xc7\xbf,\x87\x9f\xfcS\x05\x91=\x09\xc9\xe64\xbb\
`F\xd0\x08\xf9\x933\xb0\xe6\xe7\xd8R/\x15f\x08\
a]\xd2\xeb'\x1ed\xe2e\xa8\x1a\xb3\xf2\xb7\xc1\xc0\
*O\xb5\x80&\x02\xa18t\xd2\xc2 #\xb5\xa4\x81\
LR\xeb\xa2\x9d\x19rv\xc2\x228\xaf\xca\xf6\xc6U\
Y\xbb\x9e\x95\xe3\xd7/*\xb0\x9cu\xc4\x1d>\x0f\xfd\
z\xffGh'=p\xc46{R\xd6.\xcc\x18Z\
\x05\x12A\x1eZ\x8b']\x1c\xb4\x12\x09y\xf5\xb4\xcc\
\x10\xd2D\xa8\x87-\x02 \xb2\xf7\xd8\xea\xc9E\x9d\x01\
E%\xe3r\xe7\x22?\xd4\xb76\xaemec\x1e|\
\x03\xa9\xbf\xa9n9-\xd1e\xa61\xed\xf6\xbbC\xe6\
.\xfa\xce\xb2\xa4\xef,KPP\x1e\xba\x8ec\x92\xee\
u\x84\x0e\x01\x04\xa2\x9cz\xb5ek~\xd01\x02\x99\
\x00\x91\x1c\xdf\xa1\x0e\xcb\xba\xb6\x8d_Z\x9b\xd0<\xc4\
7\xd6H4`\x17`\x080Q\x9b\xa8W^>:\
\x00\x84\xf1\x14\x0c\xc8}\x5c\xf6\xd0:\xf6\x9eI{\xe6\
\x13cb\x12=\x85\xa9T\xa6\xd1\xe2\xb9\xe0\x04*W\
\xccu5/\x0c\xba\xcb\x0e\x08\x9a8\xf3ZA?\xe8\
\x91no\x9aC\x83`EB\x9e\x91\xfb\xc5\xef\xa1A\
\x83\x05\xde\xa8\xbc;\xdd\x95\xdfC\xf3\xd9\x11\xaa\xbb1\
)[S\xa2\x1b\xd7\xca\x9cE\xa8\x8e\xfeZN\xbf\xfa\
\x8f\xf2\xa2\x82\xc7\xeclf\xe0\xd0\xd4$i\xb2\x0a\xed\
C\xa6+k\x1e6Sy\x0e\xad\x0c\xcf\xb5f\xcf\xbe\
\xebzs\x95\xb6<\xb3\xf8\x01\x90\xb0\x09KZ5\xfc\
\x11D\x9a`2\xa2_RG\x9bo\xa4\xe1\x1f!A\
\x93\xef\xd4\x1d\xbdI\x13!\x89\x8d\x024\xccp\xc1@\
\xc1$\xbd:>\xa8\xe5\xf9C@\x0f \xd2\xec\xb5r\
\xfc\xc5\xc8\xf5\xc8\x0f\x00B\x19\x02=\x8e\x89H-4\
\x91g\x1f\xff\xaa<\xc0'R{V\xbcE\x88\x08\xbf\
\x84b\xd6Y\x1b\x99\x9e\x0b\x03\x92\xe4\x1c\x9c\x8b\xc0\x1c\
jka*\x19X\xef?\xe7\xec\x819\x00,9\xcb\
7\x1cB\xe9\xc75\xa0\xa9'%\xf5\x9f\x1e\x95\x81Q\
\xf5\x13F\xdeziN\xd6\x83\x9e\xcf\x8e\xcbe\xbd\x8f\
\xb5\xc5y\x99\x5c\x1d\x97\xf9\xd9\xcbrz|\x12\xdaH\
\xaf\x81\x98\xf8\x0d\x14K\x9a\x08 \x11\xf7\xdazOQ\
\xde\x80\x04&\x10\x80D\x8f\xaa\x01H\x00\x00y\x01\x01\
\xcf\x1b\x00#\xa0\xe0\xc1C+\x11\x13\x01\xa7.K\x06\
\xd29\x00\x18Q\xa8\x85\x86\xea\xd4\x84\x5c\xcfT6\x03\
h_\x86\xaa\xa0\x19\x9dK\x85\xf9\xdf\xad\x94\xe7\xfd\xb6\
\xe9\x16\x9d\xf6I\xb4\xd92\xedv\x92^[N\xfb\x16\
\xfa\xb7\xf3\xecB\xd7.\x1bEV\xd5-\x13sz\xb4\
x\x82\x83\xf9\xc1`\x12y\xe8\x9d\xb2u\xe8$\x80\xa1\
\xaf\xeb\xf8b4\xdb\xb5@\x85\xfc\x00\x10\xea\xbc\xa4\x16\
\x9f\xa0#^\x22\x1f\xc0\xb1\xee\xa0\x14\xb4\x8e\xfd\xc3g\
e\x8a\xd61}T\xcbv\xa49\xa0Y@'\xccW\
\xa5\xc8\xa4\xfa\xa94{\xae\x80\x81\xf1\x1cW\xea\xf5\x9f\
+@\xc5\x02\x97'\xae\x97V\xe7\xcbo\x05:\x84\x8e\
\xfc\x0d\x04\x90zU\xf02|1\xa9\x00\xc2X\x12\xc0\
\xaav\xb6\xa6;\x9a\xa2dX*\xd7c\xb0\x18[5\
?\xfd\xbaj\x1e\xff\xab|\xfd\x17|\x1eC\xa8\xae\xcd\
S\xd6@Z\x84Ul\x01\x0dk!\xf0Kj$\x06\
\x0cf\x80X\xee|\xb15p\x98?\xc6\xb38\x98n\
\x93\xde\x91\x09A\xe9CZ\xa2\xcd\x15\x80\xbce\xba\xab\
\xa7\x96id\xc2B\xb5\x8f\xaczT0An\x05\x22\
\xc9$\xc1 \x0a3\x1czOi\x1b\x85\x09\xd2\x94u\
\xdb\xff\x91\x9aH\xec\xa3\xfen\x10\xc1\x819+\x1d\xeb\
\x87\x85\xde\xc5%\xfe\x08\x0d.\x0a\xd3\x15\xeax\x05\x10\
BoY\xf5LSN\xd76\xeeI\x11\x12\x8c\xfc\xc4\
\x86kB\xe3\x99\xd2\xc4 A\x01\xa7\xc0\xbc\xf5zL\
\xef@\xef\x09\xedD\x03f\xb9_tw-\x82\x85Y\
K\xa3L,T\xea\xd9\x89\xca\x22:k\xed\x1aG\xfb\
\xa9&h<;;\xd5\x14)\x06\x00\xfbG\x06m$\
\x88>~\x06\x90d\x04\x18=zW\x02\x8a\x00\x8e\x0e\
@\x06\x0d\xc4\xbf!:+\xf3\xeea\xd9\xee\x1bu\xc1\
<\x83\xea>\x06\x89A\xf3\x10\xa7\xb9m\xd49e\x9b\
\xd8\x8f2\xfd\x9fe\xd14\xfd$C\x8b\xccDnT\
xOJR\xech2\xf7|x\x00A^S\x82?\
\xca]\xa0\xfdV7\xda\x860\xd41n\x97\xc7'\xcd\
[\xf8\x07PP\xa1\xfc\xd0\x81r'\xca\xfb\xd45s\
T\xdb7X\xc8\xc7\x01]\x91Wy\x98\xb0\x04\x0e\x01\
\x1c\xf8\x10\x01\x12\x01\x885\xf6\x16\x85\x05\x9f4-\xc5\
\x1d/\xf8a\xff\xe0\xb0\xec\x1c~T6w\x9fj\xd5\
@\xea\xb8\x8f+&>\xbc2\x80h\xe9X\xb6\xd0\x5c\
\x98{\x85!\xc5\x9a\x88;3\xd1\xd1h\x9d\x10\x9e\x81\
O\x85\xc6\xc2\xf7\xe6y\xd0\xde\xe1\x01@2\xf8\x96\x8e\
\x15Z\xbc:a\xe6\xd5\xa9@\xc4\x1dF\xd2l\xc6l\
\x0e\xcf\xcb\xec\xd5\x7f\x95\x97_\xfeY<a\xcd#\x01\
#\xc7u,i \x02\x8c\xe8\x04\xa2m\x04\xef06\
\xcc\x00\xe2\xad5\x0e\xf3M\xe19\x01\x8f\xa4\xff\x00\x89\
\xec8\x89\x9e\xb9\xa9\x04\x95\x9e\x08\x93.\xb5\xfb6\xc4\
\xf9\xc3\xa7\x8e\xd4\xdf\xad\xf4&\x00\x81q\x92\xc9\xcc_\
\xa9\xa6G\x8f${[0\x14D\xaf|\x00\x88\x98\xc1\
\xc0aF\x18\xd4n\x87\xf6\x0eZH\x86\xf2\xbam\x00\
\x87zah\x22&P\x88\xf3\x83\x8f~!\x10)\x9b\
\x0f\xa1\x031\x81T]i \x17\x9a\xc7\xe7\xe6\x92\xc1\
\x86\xa8\xbc\x0c\x8eBEG\x88\xb2\xce\x86#K$T\
\xc5!\xf1\x8c\xa8\x15\x0bF\xd7\xe2#1xaz@\
\x03!\x8e\x1eF\xf13\x151\xcf\xe6&\x11ZL\xcb\
n\x10\x9cN\xb7=\x0d\xca\xf1q9\xaf\x1a\xc9\xcd\xe5\
IY\xbb\xa9 vyZ\xceN\x8e5\x15\x8a\xd7\x13\
\xb9\x96\xad9\xcd\x09r\xa2\x87\x7f\xc4\xf7\xe5\xfc`\xc6\
J\xa0H\xed\xc4=\xc8\xa6\x91D\x1bEn\x01~\x12\
\x000J\xb4\x0b0\x11\xff\x08P\x82qZ\xb9_\x80\
\x80\x93m0\x95{\xa9\x14P\xc6\xbb\x0a\xfe\xe2\x18\xbd\
\xb4V\x10|7\x1c\xefds\xa0\xd3\xf26\xe8\xebm\
8\xa1\x91b\x5c\xb3+\x1c\x93i\x02F\xecg&\x1a\
E\xed@\xc7\xceD\x995\x8f\x01P\xf8\xcf\x024\xdb\
\x8b\xb69\xaa\x81\x02\xf9\x02\xb1\x94\x04\x10\xd1=\xe7\x96\
\xc9*\xe8\xbf\xb5wO\xdc\x0es\xf8\x22\x00D\xf4\x13\
\xe6\xe0\x04\x88\xf8I+f\x9bu\xc1C\xacu\xb3\xbb\
\xf7\xb0\xec<xV\xb6v\x9f\x94\xc9\xf6~\xc1|\xa4\
kWq\x89\xef[\xb4#\xbe\xb0\x99J\xab\x8a\xf2\xed\
$\x80\xddQ\xc1\xc7\xe1\xce\x80\xdb\x88\x04\x16\x9a\x90\xdd\
/A\x13#\x068\xf2\xa8\x98\x80\x01A\xf1/\x9a\xbb\
\x17\x7f\x827\xc53\x9b\xb6\x14\xb0l-f-\xce}\
^5\xf3\xd3W\x7f)g_\xff\xef\xf2\xfa\xab\xbfx\
\xbd\x9d\x04\x09\x81\x83\x97}h\xa0\xa1H\xac\xe8\x10F\
T\xa3\xb4\x93\x00\xbf\x0cL\xb1Y\x0e\x9a\x1f\x00\xc44\
?t\xacx\x96\xd4\xd0!R\xfd\xe5~\xe4G\xa9\xd1\
kO\xc7\xefV\x82\xe6\xde\xc9;\x1b\x01\x88\x0b\x86\xdd\
\x8e\xf9$hU\x12\x8c%\xe6\xa0\xbc\xefmu\x00\x92\
\x0c\x91@\x02H\x04\xa3\xa4\x9f#\x1d\x81v\x9c{\xae\
*\x81H\x86\xfa\xaa\xdd\x86\xdbHX\xef\x94\xc7\xcf>\
)\x8f?\xfd}Y\xdb~Rx\xa5\x8e\xd0\xb8Tx\
\xef\xfc\xfc\xacj\x01s\xcd$\xaa\xb5\xd6\x99\xdf\x07\x86\
\x91iha\x01\x0e\x1d\xf1P\x08\xc7\x1b/\xaf\x0b\x10\
.\xc4\xe80F0\xbc\x80l+\x9e\xc3\x8cn\xc1\x01\
\x880\xf0\x10\x1f\x89\xcd]0\xbb\x19\xb6\x82\xd8\xd9I\
\xd5\x82\x8e\xab&r\xa65O./\x22\xe4\xb7\xf6\xc6\
\x9a_C\xbd\xa6\xd02\x82\xa9m\xa62\x93\xa4&\xe2\
-\x0c\x92e\x08\xf8\xd8\x17x\xc4\xb2\xc3\x11uB\xde\
\xcf\x1bf+\xca\xb0k[\xb2\x08`\x14\xa1\x22\x81\x91\
\x80\xc1\xf9\xdbK1\x83\x89\x89\x0c\x10=\x184\xd0\xe9\
\xea\x1bY\xf7L\xb8\x94wY\x97\x1fW\xdd\x9d\x82\x0c\
\x83\x02\xbb\xf2\xa4\xca!\x1f;\x1d\xe9\xb2\xdf\x97\xf7\xf9\
\xa0g\xe5M\xd7I\xd3\xfa\x0b\xbaV^?\x83\x83;\
K\xceS\xd7\xc0\x04Z\x0f\xdaw\x07*5\x8d\x01p\
F\xe6*m\x872\xf8fp\x94\x1bX\xecos\x19\
\xf5\xf8\x14\xf6\xf6\x0f\xca\xde\x83\xa7es\xef\x83\xb2\xb6\
\xf5@t\x08\xdd\x99\xb6\xf9\xd6tN\x8a\xbe\xb3\x81\x82\
Oo\x87\xb3\x9f\x99\xa5i\xd1H\x16z\x9d<+\xc7\
I\x90\xab\xcf\xb0\x90Y\x8a\xa8)\xce\xa1\xfa\xb87\x85\
\xec\xd6\x9ffo\x80\xf6\x19\xac\xb8\xc6\xba\x1e\xe6_x\
`\xbb\xf2&\x83\x07\xa1\xc3\xd3\xd3\xb32?\xf9\xb2\x9c\
~\xf5\xbf\xca\x8b\xbf~Qi?|\x93\x9d\xa6!P\
\xc8<\xe0\x86f\xc2\xe4\xa4\x0a\xdd\x05(\x5cn\x9e\xf0\
/;`\xcdl%\xc0\xb0\xc9\xca\x9aG\xee\x87\xf6\x0d\
\xcf\x07\xb1\x0d\x9a\xf72-.\xd1\xe9R\xfe]IP\
\xeb\xbbyg\xc5\x0c\xd5e\x86}\xb2\x1d3\xc2\x18\xda\
\xc2X0GcN3D2\x90\x84mlS\x1d\xef\
U\xf1\x0c\xf1\xcd\x01|\xd24\x12Td\xc6\x0aM$\
\xc0\xa5\x99\xb8\xaa\xd0fj\x84GO?(O?\xfb\
\xc7\xb2>}\xaa\x90C\x84 cDn.\xce\x1ca\
B\xec\xb84\x90K\xa9\xb6\x1e\xf4\xe7\xde\x8d\xcdY\xf5\
ST\xe6\x9a\xd42F\xd8\x96*\xeaY\xb4\x0a\x1b\x9d\
\x99\xd8a\x8a,\xbdIDI)\x84B\xf2,\xd1c\
\xd5s\x016\x9eDNK\xf0N\x1c\x1bO\xc2t\xc6\
\x08\xf6\x8b\xf9i=\xea\xbc\xac\xdf\xcc*\xb0\x1c\x95\xa3\
\xa3#\x03\x9e\x08?\x00D\x0c\x11 By\x0f.\xc1\
 C9\x0c2f\x9c\xf4}\xd8\xf4\x95\x8c\x94ZF\
\x96\x0d\xc0 \xa0\x91\xf0\x1f\xca\x11\x18\xda\xc0t\x94\xf1\
\x10\xdaf}0\xa2v\x93\x8c\xc7\x00\xd23^_\x1e\
%\xdd\xfe\xed\xec\x9diD\x86}&h\xb1\x15A\x7f\
\xfd6\x8b\x0d\x08\xfe\x974\x1c\xf9\xd4\x22D\xbb\xfa\xa0\
\xfe\xae\xcd,\xa9F\xa6\xe3h\x93\xed\xda,\xba\x0d@\
\x92\xd6\x03,\x12T\x04$a\x86\x12p\xb8<\xe7\xb8\
\x1a:X\xa9}`\x12\x1a4\x11\x99\x8a\xd6=\x01\xe1\
\xfe\xc3\xc7e\xba\xff\xac\xac\xef<\xae\xa4\xba\xe3o\x85\
y\xaaj\x0a\xd0;l\x89Vq}\xc5\xf8(O9\
B\xb8\xadgT\x88^\xf9\x84z\x83\x05\x8f\x82I\x8d\
\xcf\x90\x1e\x0f\x0d\x80L\x93\x9b>4\xe1\xba\xee\xc0\xad\
\xf3\xfc\xdc\x1f\xf3\xc9\xc5\x04\xa5\x80\xaa\xe6\xb8\xc2_\xc8\
\xe4\x88\x9a\xa2}\xa2\x09I/\x8e\xbe,'_\xfdg\
y\xf1\x1c\xf0\xf0L\x12\xcdD\x85y*5\x0d\xe5\x13\
HR\xeb\x00,\x22\xda*\x00\xc4f\xab\xd0<\xa4}\
\x00\x0e\x1d\x1f\x88\xfe\xdd\xd1\xd2\xbb\xe1O<\x1e4,\
\x9a7\x8d\x06u\x0fiD\xb7oC\x98?N\xe2+\
\xbd\xbbwW \xaa\x9e\xfbZ\xe1\xb0\x9bL\xd8\x18\x8a\
\x9eX\x94'h\xdc\x01 \x9e\x8e\x1a\x82\x1bl\xba\x1e\
\xad\x1a\xbd\x9b\xd4L\x02D\x9a&\x22\x101h\x0c\xe0\
\x92\xf9\xcd\xf2\xf8\xe9S\x87\xf8\xee<-\x08x4\x00\
\xd6\xf0(\xea\x91\xc5\x0aj\xb5\xc7\x05#]\xdfL\xca\
\xf9\x1c\xfb\xebi\x91#GB\x16BE`R\xe4\x1e\
\x1f\x09\x22Z+\x95\x01\xd7+C0\xc5J\xdc3y\
\x8dV_'\x02\x850d\xb4\x13\x0b\x1cM\x81\x02+\
N\xdc\x83\x83`aB\xae9?;\xab\x84?/\xdb\
k\x95y/N\xca\xc9\xc9\xeb2\x1bEk\xa5\xa6\x01\
\xc8%P$p,\x03\x09\xcc\x10\xe5h\x19\xd9\xfbL\
\xd0PY\x08\x0c1S\xb4\xef\xc0\xc2?\xb7\xd5_\xec\
\x8b\xed\xa2\xbe\x07\x14\x91\xc0\x023\x18m\xcc\x88T\xe6\
L\xc8:2\xf7#\x1c6\x0a\x1b\xc1\x8f\x19s1\xa2\
\xab{SwH\xeb\xc0h\xd3\xd1d\xe4\xf5\xcdx\xf7\
QH\xb1M\x93I\xb7\x1e\xeba\xa78ea\x8a\x15\
\xedF>\x80C\xa0\xd0h\xdc\xb4=\x94\x0d@\xc1\xf1\
)\xf8{\x00\x19\xb4p\xd7%?\xa8\x83\xd5\xcaB\xe3\
\x88:w\xb2\x5c\xa6%\x06*\xbda\x12\xda\xdd{P\
v\x1f~P\xd6w\x9f\xd6\x0e\x8eM\xaa<3\xda\xf6\
u\xed,\xf1\x0d.\xaf\xb9\xebk\xd19Ns\x1c\xe8\
\xf4\xe4y\x07\x90\xb7' \xf4`Z\x87\xc2b\x96\x9b\
\x84\xc3\xdf|\xcaK\xd8\xa0#\x15\x8b\xbfQ\x04Oy\
\xf6\xea\x00\xb4\x89\x01\xce~\x0f\xee\x13\x00\xf1t)^\
\xa0m\xa3\xd2\xfaI\x99\xbd\xfe\xbcj\x1e\x15<\xfe\xfa\
\x972\x8f\xf1Z\xcd9.\x7f\x86\xf3\xeeH]\xc6x\
\x0f\x83F+\x030\x14\xbe\x0b\xed&\x80`\x02\x0e\xf3\
\xafh}\x0c \x99\x17\xd5\x05\xed\xe6\xf6\x16p\x8c\xe8\
1\x8bn\x97\xbdK)y\xed\x9dN\xb7@\xa4\xcb\x8b\
-\x839a\xb6\xb5`B\x0a\xd6\xc4\x88\xd1[\x1b1\
\x95\xcdAf\x0c\x0bi\xed\x07`$\xa0xf\xde\x01\
D\xee\x0a\xf9M\x10q{\xa2\xa46\xca\xc3\xc3'\xe5\
\xd1'\xbf+\x1b\xbb\xcf*\xa1\xe1\xb8c\x80\xdc\xb5|\
 \x8a-\x8f\x10A\x1c\xdeZ\xc1\xec\x82A\x7fV\x93\
\xb5\xda \xdaK8\xd2s\xaa\x09\x0b\x1d|&\xe0\x0a\
\xbd\xb1Z\xc4\x9cC\x8a<q4\x16\x00\xa2\xd5\x0e\x01\
\x18\xf5\xc8\x96\x04E\x08'\xee\x07\xa6`\x12H\xb4\x12\
z\x8d\x93\xc5\x99f\xf8=;\xc1\xacu\x16\xaa\xfb2\
`t\xa0A\xcf\xaa\xed_Ih$\xf0\x0c\xc010\
\x15\x8c\xa0c\x13$\x16a\xbe\xeb@$\x8f\xe5a]\
\x17\xc0Qz\x0d%\x990\x98O\xd4\x9b\xed\x82\xe1T\
\xe7r\x1d\x90\xe5]\x1a\x8e\x1d\xa7\x11Cw)(l\
\xb906]\x9dH\x8f\xbciP\xb9\xdcj\x93\xf4J\
\xb9\x8f\x1b:@P\xac\xdb$8x\xdf\xc25\xcb\x1d\
}\x95ZHh\x10\xd1\xde\xa6\xa8,\x0f0\x88\xb0\xdd\
\x01(\xa2\xf3\x14\xb4\xe1\xf2l;\xf0D\x86\xf8B\xeb\
,\x82\xb6\xb3\xb7_v\x1e<\xad\xca\xc6\xe3\xb2\xb6y\
P46e\xe2w\x0b=i\xdcF\xac\xd7\xc1\xc0@\
\xf6\x01\x08\xbe\x1dS\xfd@wv\x82\xaf\x09T\xe8\xbd\
\xf3\x1e<u\x0e\x9d\x82z\x8f\xeb,\xf0\x94\x83*\xe9\
\xfc\xd4{\xda`$\xb9}\x1d\x98\xc8<G\x1d\xe6*\
?;fd\xd1\xbd\xc0\xcf\xa1\xed\xf8?\x08\x97\xbf8\
?+\x17\xc7\x9f\x97\xe3\xaf\xfewy\xf5\xd5s\x83\x5c\
\x82\xc6\xb55\x90\xe5h\xab\x5c\xc3#\xc3r\x9bv\xd2\
\x80b\xd0@\xb8\xef!\xf8d\xa0y:;\x06\x91\x8e\
\x8e\xa1q\xd1w\xd2)\xc0\xd2\xa5e\x1a]\xca\xbf\x8b\
\x09z}\xe7\xef\xf2M\x00\xa2\xac\x98\xd5\x8c\xd6\x84\xa4\
\x98\xcc\xceF\xb5H\x00\x81\xc9\xc44\xd1\xcb\xa2\x0cs\
\x95\x22O6\xc2A\x18`\x12\x9aG3quNt\
\x98\xaaEj5\xe7\xbb\xf3\xa8\xd0\xfb\x0f\x0f\xcb\xa3\x0f\
\xff\xael\x1f|\x22\x06\x903\x11bL\xb3\x15\xd3\x9b\
\x04!b\x03\x16\xa8\xe87S\x0fM\x1dk\xee\x1cF\
\x86\xa1\xb2WF\x19\xc2\x97\xe7\xab\xccVx\x96\x05=\
]\x0eX'\x9eW\xcf\xa9u\xa9\xc3_\xc2}J\xad\
\xdf\xf0\xda\xe7\xf1&\x13#\x00\x00 \x00IDAT\
\xbc\x0b\xec\xca\x8e\xf2b4\xfbE9\x9f\x9dJ#)\
\xd7'\xe5\xf2\xecU\xf8GN\xcb\xe59\xceL\x04?\
\xf7\x0aS\x84v\x12\x00\xa2\x1eX\x94\x89y\x14b\x19\
\x00\x02ce/\x0c&J&\x13C\x85F\x12\xf94\
y5F\xa3\x1c\xcdb\xd1i\x19\xc9\x88\xd4\xc4\x0b\xa2\
\x8dy\xd2\xc7\xe9OU\xe4{&\x8c\xad\xda\xf4\xc9y\
\xbd\xbe\xb7M\x01\x08\xe3lO\x93\xa6C\xef\xb2\xef2\
g\xd9vt*M#\xcaD\x9fn\xcb7l\xed\xf4\
\xe3\xbb\x0d\xfb\xf2o$\x8d\xd36\x01$\xbe\xafMV\
\xdeZ\xcb\x184\x13\xf7\xdcM\xe79\x07\xdb\x00 h\
\xe5\x08r\xd3<sEM\xf7\x0e\xb4\xb4\xec\x06\xd3\xad\
o\xec\x17f\xb8\xe5>s\x92@\x07X\x00\x10\x0b;\
\xc5o<\x15\x09\x9d\x13\xe8\x9eW\x8b\x90%\xc4\x9c\x05\
\x0d6\xd6\xfc\xadh\x97\x82\xb4iIq}^\x09\xef\
\x05\x1f\xa0\x80\x83\xe7\x08~\x96y\x8a\xce\x12\x9d\xa4\x0d\
x\x92\x89\x11w\x04\x1ah\xe3\x9c\x0b~\x22|\xfd\xe2\
\xe8\xf3r\xf2\xd5\x1f\xb5\x18\x14\xe0!\xad!\xa2\xac\xbc\
\xd0\x93\xc1$}\x96\x02B\xb4\x8d\xd0F\x14\x9a\xab\xfd\
\xe84-\x5c\xee\xce\x13\xc7\xb25m{\x9e\xb8\xec\x08\
\x0d\xb3S\xcbT\xd5h3\xe84\xf2\xa3\xd4h5\xb3\
\xdf\x86(\x7f\x9c\x04\xb9\xbe\xfbw\x19i\x04$#\x86\
5\xb1\xa9\x1e\x06jM &\x9b\x08\xc4`b\x1e\xf7\
\xc6\xcch\xd1\x0bS\xcf\xc5\xc4\xeb9|\xdc+\x1b|\
\x22&L\x9b\xb8R\x131`d\x08p:\xd7\x15\x0e\
\x0c!on\x94\xbd\xfd\x07\xe5\xf1\x87\xbf.{O~\
]A\x04\x1bq\x0c8\xa4\x97s]\x89\x19&K\xfb\
*D\x1a\xd3'\xb0\xa2!\xbd\x17\xcc=\x12\x82k\x98\
C\xcc<<#B\x5c\xcf\x85\xe63a \x15\x83\x12\
\x11&\xf4\xd0\xd6Mx\x93\x18d81\x98p?\xd2\
d\x0a\x9a\x0a\x8c\xc7\xdcZ\xf4\xe4\xa6*\xbf\xbab\xbd\
wF\xce\x9f\xc9\xd1\xbe8?\xaa\x1a\xc9\xab\xaa\x91\xbc\
.g\xa7\x98\xb6\xc6\xa6,\x83\x01\xe0\xe1|\xaa\xf2j\
#f\x0a\xedDm\xf9\xc1X\x00Ih.0\xd7\x0d\
\x9a\x99\xeb{s\x96\xc3|\x07\xe1\x22\xfe\x0b\x001S\
\x86\x19\x80\xb2\x1b\xe0u\xe8\xd5\x99\xe7\xf8/\xf6\xfd_\
#\xf2[\x80\x12\xbb\xce\xbd\x0d+$ \x0c\xf9\xf6\x7f\
T\x8c\xf6\xe3\x9d'\xed&\x80\xc4?\xd1\xa4\xce\x19\xfb\
Y?\x02\x90\xa0\xd9\x01L\xa0\x85\xd4P\xd7D\xf3=\
]\x1b \x06\xc0\xc8\xce\x13\xb4!S\x14?\x8e\x17\xdd\
\x0f b\x13\x90\xf3\xdb\xdb\xd32e\x9d\xf0\x83'e\
k\xf7Q\xa5\xc1\x9dz|\xd5\x04\xa0\xbb\xfa\xbe/\x11\
\x9c\xa9q\xa0U\xf3-1\x98\xde\xe0#\xb8\xf1\xbcp\
L.Z\xe9VA\x12\x8c\xdf\xb8\xc1\x0f\xc2\xd4\xea\xe4\
=\x0d\x09\xc2Z\x9d\x03:p\xd2\x9cM\xa7\x9354\
\x0a\x22\x14Y\x0a\xc1Z\x10<\xc8\xd55\x9d\x0f\x9d\xa2\
\x18 \x08\xff\x02&8\xcfy}\x98\x89g\x15<\xce\
_\xff\xb1\x1c}\xf5\xa7r\xf2\xfa\xb5B\xd7\xd3\xb7\x91\
~\x0e\x9b\xa4\xc6\xfe\x0e\xf1f\x02c\x0f\x1eM\x0b\x1f\
\xb4qk\x1e\xd0\x96\xc1\x05~m\xa3\xeb\xa1[\xe8\x8e\
\x8e\x0et\x994(py3x\xfc\x14\x80#\x13\xd4\
\xfa\x93\xb9\xdb\x11\x80\xb8`\x94]swN\xe5b4\
q\xa9{i\xfak\x8c\x86`\x9dD\x88o\xf6\xca\xac\
\x22\xdb\x99\xe8\xde\xd7\xb0 \xd5x\x8d\x834_\xa5\x16\
b\x8d\x05\x00a\x0e\x1eLY\x1b\x9a(\x8e\xedNe\
\xc2'\x1f\x7fV\x1e>\xfbm%\xf6\x031\x13\x82Z\
\xcb\xe2Vb\xba\xa8\xbd\xfct\xa43xJ+\xad)\
\x9c\xd11\xe4\x88G\xb1\x1f<F\x99\xf2\xeb\x8eJ\xe1\
\xf1\x98\xde\x01\xa6\xd6\xb3\x18\x0cM\xb0\xc8\x95\x8c\xf3\xb7\
iC\x86\xf6\xe2(\x15\x9eC\x133\xaa'\xc73n\
\xe9]]\xc1\xe4\x97\xf3\x0a\x1e\xa7\xe5\xba\x82\xc8\xe4\xba\
n/N+\x888\xf4\x17F4(T\xe1\x01\x93t\
\xea\xbbz\x99\x01\x18L\xbd\x0d\xb3\x0c~\x11@\xc2e\
\x19\x8d\x95@d\xcd\xc3\xa0b\x86\x0b\xed\x84gm\xa0\
\xe1\xf2\x060\xd4\xdex\x00\xa6\xb5\x11?\xb3\x8e\xd7\xbc\
\x16\xc1\xa2\xf1\x9fyr\x5c\xd6\x12\xcd=\x17\xc67'\
\x09\xfe\x9e\xee\x8c\x04v\xb3\x98\x9d\x1aH\xa8(\xb7\xfc\
G\xe7\xc6\xedu\x96\xa0K\xd3+\x9b\x04\x90\xa4\xd3\xa8\
S\xdb\x00\x10\xf5\xc2C\xfb\xe8:E\x09 %\xc0A\
N\xf5N\xb3\x90\x10\x8e\xad\x81\xc2\xda(\x13#\xb2\xf5\
\xe8r&\x17\xdc.;\xfbh\x1c\x8f\xca\xda\xf6\xa1\x22\
\xab\xd0b\xbd.9\xdf\xf2J\x00\xc2\xfb\x84V5b\
\xfc\xc6\x03f\xb5|,\xef\x18\x00\xd1\x0c\xb6\xccN\x8d\
\xa6\xe1Gv\xcf\x9ce\x9d\xf1\xcc\xd1\xd1\xe1\x5c\x98\xb4\
x5\x01\x04\xd0\xe1&a\xb7\xebp\xb3\x840<\xb6\
%\x1aeL\x89\xc1\xc2\x9d\x1f\x03\x09\xef\x956<\xfe\
lvR\xaeN_\x94\xf9\xeb?\x95W\xcf\xff\x5cN\
ON\xd41K\xb0hV\x800O)\xc8Ey\x9b\
\xaarl\x87L\xcc\x80\x84@\x85\x8e\x8f\xdbk\x04}\
G\xf3\xcd\xcf\x81\x89\x1a\xf0\x88\x0e\x91(-\xe8Y\x7f\
A\xc7\x09\x0eA\x89NK\x80\xb1\x02\x90\xbfaz\x13\
\x88\x88\xd12?I\xf3UA\x05Q\xb9Uc3^\
\x9b0NuK \x12\x9a\x885\x13\xc0\x82^Y\x82\
D\x00I\xa7\x894\x7f\x89\xc6\x86Dy\x02\xc9\x06\x93\
\xc9M\xcb\x93g\x1f\x95\xc7\x1f\xff\xa1v\xe2\x1e\xeb\x96\
\xac\x8d\x5c\x94Kl\xb4\xacp\xc8\xf4&\x101=\xa1\
\xca\xa4\x08{\x08\x99\x84\xb8$\xe4umB\xf4\x16U\
\xac-\x02/m\x88@\xb9>\x84[o\x1fv+6\
y\xb1\xce\x08\xf7\x9a[\x9b\x01\xd0nxC\xac\xff,\
G#\xcf\x18\xc0)0\xdc\xe0\xf8*\x1c\xceg\x9a2\
\x9e\xa8\xad\x9b\xabYY\x9f\x9c\x97rqR\xcb\x18\xd9\
~\x16N\xd1\xd0&\xf4s/\x0cf\xca\x10\xde\xd4:\
\xaca\xa46\x02`\xc0Xy\x5c0]0^\x869\
Z\xcb0\xc3\xe9O\xed\x22/\x06\xeb\x99\xd2\x02\xcd\xa4\
\x9c\x80\xe2|\xafq\x0c\xbb\xcbL\x1cl\xf06\x9c\xd0\
\x91\x9f\x84\xbfv:\x1a\xbc\xb5?\xd0\xa4\x01B{\xce\
C\x7f\x938Ovr\xf2\x18\xfc\x16\x91\x17\xed\xf2!\
\xe9 \xe0\xd9Sg\x81\xf3\xf1\xdd\xa0Y\xd3t\xfe\x96\
5\x0f\x83\xc6\x9ag\xd6\xd5\xb7\xa6\x0d=\xfd\xd0R\xab\
p\x9e\x02\x1c\xbb\xfb\x0a\xc9\xc59\xbe\xbe\xb9[I\x8d\
\xf9\xd8\xf8\xae\x17\x0a\xf8\xb8\xc2A~\xc5\xca\x9b~6\
EOA\xa3\xf5\xfd\xe3o@\x8b\xf5\xfbw\xef|\x81\
\xa9\xe8\x06\x80AG\xe4\x19\xaa\xb0\x87\xb6\x81\x85\x09\xda\
\x04\xdf\x95\xe9\xd7q\x90\xa7\x9f\x91\xa8\xaa\xa9|{\x02\
:='K\xd0\x02\x16\xac\x89\x83\x93\xdc\x1d3\xc0\x0e\
z\xcd\x88-|w\x84\xe9\xce_\xfc\x9f\xf2\xf2\xf9\x97\
\x0e\xd3\x0dPh\xdaF\xd3<\xd2\x12\x00\xcf\xc5\xf4$\
7\xbd\xb6\x11mD\xd3>~\x1c8\xe2\xadh\x8fN\
_\xd05\xef\xa2i\xc8A\x9fI\xcb\xa4\xa4\xe7\x96\x1a\
Qf\xf6m\x88\xf0\xddI\xc19?\xad4\x02\x91~\
\x9fl2\xa78\x8c\xde\x98(PO:\x00H\x0f\x22\
\xd9\x8b\x8b\x1e|\x82H\xefX\x8f\xdeYj$\x1bk\
\xccW\x15\xbdxi\x1d\x1cc\x87\xba\xdb\xd0\xb37\xe0\
\xd8F\x8b\x93o\xb3<z\xf2A\x05\x91\x7f(\xdb\x0f\
>\xd2|W\x93k\x00\x84\xd9t\x89\xce\x9a\xabg\x04\
\xc1\x9a\xc8\xc3\xbe\x8aY\x00\x02\x84Q\xf5\xb5\x1cQ\xa5\
\xfb\x8eg\xe5\x99\xc4\xd4\x80\x04\x02F\x90\xc332\xd0\
j\xa2\xc9\xf52\xfc\x92g\x5c\x14\x22T\xd6\xb4\x84'\
\xcf\xc0\xf9`J\x1c\xa5 \x8e\xdeY%dVP\xc4\
n\xec\x05\xac\xce\xca\xe4fV6n\xe6\xb5\xc7vZ\
\xe6\xf3\xd3\x0a&'\xb1\xd4g0\xd2\x12c\x99\xd1\x16\
\xea\xb5iLHls:\x07\x83\x87\x01\xc0\xc7\x04P\
\x84\xc6b\x13\x15\xff/\xac\xcd$#\x925\x87\xfa\xba\
\xa2\xe0\x04\x8b\xc8\xab\x99\xdb8\x19@\x12|\x86\xd4\x01\
\xcb[\xa6\x81\xe4r'i\x8e\x1f\x9d\x16}\x8dFk\
|3\x15\x07 \xa8*\xf6M\xcb|O\x7fM\x1d?\
I_\x86Z\xa9\xbe\x01\x01\x7f\x1a!\x1e\x80\x91\x1a\x09\
uA\xbf\x03hX\x131XD\x1d\xe3\x8a\x98hp\
\x8dH\xa5M-\xa4\xb4\xb3wP\xb6w\x1f\x95\x8d\xfa\
[\xdbdu\xbe=]\x87\x01\xb0|\xf7kV\xdc\xe4\
=\xdd`\x82\x8a0\xd6\x1b\xc2\xcd\xf9fh\x10\x0bO\
8x\x89\xc9j\xa1\xfb'\xaa\xea\xe6z.-E/\
\x18\xa0@\xebIg\x13\xfc\x15t\x86)\xb6\xaa:\xba\
?4\x0f\xe8p\x12+s\x12U\x05\x88\xc0K\xd2@\
\x82\xa7vv\x18 h\x0d\x84%\x15\xe6gG\xe5\xf2\
\xf8\xcbr\xf6\xf2\x8f\xe5\xf5\x8b\xbf\x96\xf3y\xac-\x22\
m\xc2&*k h\x15\x8e\x00k\xce\xf4\x04\x98l\
K]\x03\x0c\x03\x89:F\x80I\xa3k\xd3\xbb\xfd\x80\
\xd0\x9c\x7f<O\x02\xc8\xb0?tdF\xe0\xa1\x82!\
\xffS\x03\x0f\x92D\xd2r\xe1O!\x8d@\xc4\x05\xe3\
lc\xd6`T\x1e\xb5\xeb\xe5\x094\x92\xf1\x96\x00\xa4\
\xf9D\xc2\x1fb?\x08@b[lj 9\x8a\xdd\
f\xad\x98\x84\x91\xfd\x1c\xbd\xde\x97\xe1`\xaf=\xfe\x87\
\x0f\x0e\xcb\xd3O~S\xa6\x87\x9fT&\xd9UOg\
r5\xaf\xccj\x13\x01&\x01M\x0f\x1fS\xa2\x10S\
oAx\xa5u\x11\xe8m\x11\xd9\xb5X\xc3\x04\xc03\
\xe3\xff(\x06\x0f=\xd7\x86\x84-I1\xf4\x12:\x00\
\x9c\x7f\x14i)\xd0\xda\x0e\xb3\x00\xa0G\x8f\xd6\xda\x12\
\x0bW\xad\x8b\xb17`\x5cz\xb6\x5c\xbd\xe6\xb1\x05\xb3\
\xb4'+\xb6\x15\x9c\xed\xc4\xf6kz\x94\xd7e~z\
\xa2\xb8z\xb4\x12\xf7\xd8\x02\x0cb\xf1\xa9T\xed\x93\xe9\
\xc6\x0e\xf5\xfc\x19<\x1a\xa8D\x9d'\x9c\x93\x88\x1a\xda\
Q\x16\xdb4\x11\x18\x08\xb2\x9c\xa7\x8fRe(\x8f\x92\
\xa8k\xff\x7fW\xa6\x0d\x10h\x99\xbe\xacm\x83\xee\xf8\
\xa7x\xdd\x08\x86P\xdb\xa0\xc3\xa4Q4Ci\x12Y\
\x16@\xc0_\xd0+[u\x82\xf4\x1d\x13@\xbc\xdf\x22\
\xadt\x5cj\x19\x03]s>E'\xad3r|\xab\
\x02\xc7^\x05\x8e\x87\x158\x0e\xcb\xfa\xf4\xb0T\xf4\x88\
\x0e\x06\xefh\x22\x8d\x82 \x0af\x94\xb6\x16b\x93\xa5\
\x9c\xcdle\xce\x0as\x9d\xb4M\xa2\x08\xdd\xd6\x9d\x84\
5\x9bi\xf9||\xa3\x85\xe7\xb5\xa2s#\xf3\x1a#\
\xd5\xd51sG\x8dP]\xf8jK\xfeC\xaf\xc4\x99\
\xef@\xcb=\x07\x98`\x1a\x96\x9f\x11\xb3V\xd5\xec\x01\
\xa8\xd9\xa9\x9d\xe5\xa7/?/\xc7\xaf\xbeV\xa7,}\
\x1d\xcc\xa2\xd0\xd6\xeaH\xb0\x90\x99\xcayk\xfe\xb4I\
\xb3\x965\xe9q\xb4\x15\xfb\x09 \xd6\xb0\x06\x00Iz\
\x0e\xfa\x84\xaa\xee0[\x99\x1a\xbb\xb4Dw?E\xf0\
 \xf1M\x7f\x9aw^\xe0\xbbd\xe0V0\xceF\xcf\
\xceU0b\xf8\x0d\xa8\xb1\xd4m\x0c\xd7zma\xce\
\x92\xbdX@\xd2k\x220\xaaAE=\x22\xb4\x8d\x00\
\x994]y\xac\x08y;\xd6\x9b\xcf$@\x04\xc2g\
\xf4\xee\xe3\x0f\x7fY\xf6\x9f\xfeR\xeb\x8a\xa8wMO\
\xe6\x9a\xc1\x85\xee!1\xd8O\x84\xbe\xc0\x9f`g\x22\
\x04/\xc2[0~\xc0\x03\xae\xe4\x17\xc1\x1c\x80p\x81\
1\x01\x12\x11mF\xb6\xc0x\x83\xb0q\x88\xa4A\x10\
\xad\xc8&9\xcf\x5c\xba\x16#\xdcyM,\xb1K<\
=\xd1Z\x1c\xcb3B\xe48\xbd\xd1\x90\x18(F\x18\
0q\xff8\xdb\xcfO_WF>\xd2\xbcB\xe7\xe7\
\x8e*k`\x90=7~\xb1?\x00\x8a{i*\x13\
C\xfa\xdeU&S\x94\x99\xd3mx4\xca\xa3W\xa7\
\xbah\x13@\x91\xfe\x10\xff\x0b\x06\x86\x00\x92\x89;j\
oL\xdd\xca\xde\x86\x15\x0c\x08\xb1\xd7\xfe\x0fT\x88M\
\xb7\x0d\x9a\xf4v\x094\xf8&\x94\xae\xa1\x9e\x18$R\
c\x16Pd\x87'@\x22\x01\x02\xa0\x19\x01H\xfb\xbe\
\x9c\x13\x9a\xed\xe9\x99o\xbbQX\x9a\xd9\x8e\xf1\xaam\
\xec\x1d\x96\x8d\xe9C\xd1\xdeF\xed\xc4`.Z\x9b\xdc\
(2p\xce\x02i\x17\xd0 A\x1eU\xfbX\xd8\xf1\
\xcd\xec\x08\xf6yX\xfb\x90\x80]`3\xe5\x9d\x19`\
0u\xb9\xa7n\x0dX\xdf\x11\x1f\x09\xe7\x88\xcf\xb2N\
\x04V\xad\xd3\xdcm\x9b^\xb3\x1c\x9e\x12\x8dmp\x9f\
Dx9\xf0C\x1d\x9a0mi1\xa8X\xe2\x99g\
C+\x83&.\xcf_\x95\xf9\xab?\x97\xe3\xaf>\xd7\
\x1a8h\xf2\x0e\xbdM\xad#5\x8b\xdet5\xe4=\
MO\xecs\xef2a\x01&\x06\x0d\x87\xea\xfa\x99Z\
\x87\xa7\xeb\xfc\xb0-\x09\x22Iw\xa2U\xd3\x92;8\
\xee\xd0\x8d\xd2\x0a@~\xfc\xf4M\x00BJ\xb3\xd5h\
\x7f\xc2~\x02\x8a\x99\xce\x0eF\x84\xa7\xcb\x1d\x9d\x12\xa6\
+\xd5\x01\x16.S\xcfI\x1a\x88}\x1fm\xaa\x07\x81\
\x86\xb7\xaa\x0b3\x96{L\x98\xc0\xecx\x07t\x98b\
\xe1\xf1\xd3\x0f\xcb\xa3\x8f\x7fS;\x7fO|\xfdz\x8f\
\x17U\x13\xc1tp\xc9\x94\xd6\x0b@\x05\xe2\xce\xf5\x13\
\xb0\x1f\xe3;A8s\xeb\x16\xe8\xa8\xf5z\xa8\x14*\
\x98\x8b\x16\x9e\xf6\xc1\xd3=\x0c\x80#\xe0\xd4\xe8u\x9e\
\x01\xc7%\xcet\xdf36e\xeeO=\xdd5\x1c\xac\
\x1e\x94\xa5\xf7\xb0a0\xd9\xded!\x1e\xeeu\xa2\xde\
\xe8\xf9\xf9\xa5\x07 \xce\x8f\xcb\xc5\xe9+\x8f%\xa9`\
rr|TN\x98:\x02SB\x82Fc\xc0\x00\x93\
.\xdfk\x1c\xad]0\xa25\x8d\xdc\xa7\xed\x00\x18\xad\
\xac1\xecM\x07\x14};\xe7\xfd/I>\xb6\xd9\xfc\
\xadX!\xc1\xa1\xfd\x17\xbb\xb9o\x00hE|\x8f(\
3\xe9\xe5~\xf84\xd4\x86\xbc\xcb\x12`$$;\x1a\
\x85>\xdc~\x00\x8e\x81V)O\xda\xb5\xc6\xc1>\x0b\
&\x01\x1a\xf86\xa6\xfbh\x1a\x154v\x0ej\xcf}\
\xbf\xb0\xd0\x124\x89\xac\xcf\xd0V\x02$\x98\xf2\x06M\
\x82o[\xe2{0j\x1cs\xa6\x85e\x84\xba\x82*\
\xf2\xc5e\xf4\x91{\xe3\x84\x98\x13\x85\x85\x80\xf7\xf8\x8e\
z\x1e\xa2\x06e\xea\x9a\x04X\xd1\x11\xdb\xd6\xd8\x0d:\
-\x1ewb\xfes\xe7\x8d\xb5;\xe0\x15\xa2\xb2\xd0\x8a\
\xd7\x14\xf0\xb1M\xa8n\xa5\xc5\x0b\xb4\x0a\x80\xe2\xfce\
\x99\xbd\xfa\x93LVsM\x88\x080\xa4yj\x194\
\x02$R3\x11\xa8\xd8T%\x879\x80A^&+\
\xf8\xc7\x002\x1a$\x984\xc91A\x8f\xbc\xa3\xa4[\
\x91\xcf\x22\xccV\xa4~\xbfO\xef\x09x\x90 \xdf\x9f\
\xee\xdd\x17x\xcb\xcc\xda\x15\x8c\xb3\xf1'Ne\xa3\xd8\
\x0e\xe7\x0d\x22\xb42C\xca'B\x81\xf6\x19l\x08\xa1\
\xa7\x86b\xe2\xb6\xc3\xcf\x025\xd7Z\xef\xc3\x7fS\xeb\
\xd0\x18\x12\x99\xb2`l\xc6ap\xbet\x14\x1a``\
\xf0\x83\xc3'\xe5\xe9\xa7\xbf-\xfb\x8f?-,\x80\x83\
\xbf\xe0\xfc\xc2\xbd=\x08\x19\xe6SX$=%&d\
\xac\xe5\x17\xc1\xf4k\x0bB \xb1F\xd1k\xab\xcf\xa3\
AX\xc4\xdc\x13\x1e\xec^ S\xa2\xf0\x5c\x10\xad\x18\
\x5c\xcf@\x04K\x98\x0a6\xa7\x12$\x1e\x17\xe0g\x08\
N\xd0\xd2\xba\xf4\xfc\xacQy\x8a\x14\xd6\x8f\xde\xdef\
\xddv\x00\x06a\x16\xa3\xbd\xeb}^\xccgZ{\xe4\
\xf4\xf4D\x1a\xc9\xfc\xf8E9;~]^\xbf~]\
\x8e+\x98\xf0\x5c\xd6:\x10\xf2\x01\x04\x0d8\x106\x0e\
[\xb6\xf6\x11\x80\x11mA\xcc\x04\x93\xb4+\xc3\xb4\x8c\
\x81i\xbd\xbf4g\x05H\x98\xc1\x0d\x17\xc9\xec=\xc9\
s\xdd\xa4\xfet\xc4\xbe\x99\x1d\xdcF\x1e\xa7Ff\x13\
\x09kE\xb85z\x0a\x9a\x13\x99Q\xe0r\xae\x91B\
\x9fs H5\x9e\xa7,i\xc4A\x83\x1cg\xed\xd1\
\xf9\x0cG\xb7i\xcam3\x9f@\xc2\xf7\xa3#\xb0\xbb\
\xb7[\xb5\x8dCi\x1b\x9bu\xbb9=\x90_A\x1d\
\x1dhe\xcdc3\xf0\x1f\x9c\x9f_H(2\xd1\xe0\
\xf59\x83H\xcf\xab\x90\xe6n\xaf\x1d\xc6\xaa\xef\xc0\xfb\
B\xa0Z@\xf3]d\x9e\xaa?\xe8\x10'\xb2V\x8f\
\x94\xf9\x8az\xfb\xee\x06a\xca\xeb1\x9fi]\x11\xb4\
\x22\xad\xac\xb9\xe6\x8e\x15\xbc\xa2\xf7a\xdf\x0c\xcb\xd0n\
i,\x93\xb5\xff\xf5-\xd63\xdf\x12x]\xd4N\xca\
\xe5\xe9W\xe5\xec\xd5\xe7\xe5\xf5\xcb\xaf\x06?\x5c\x8c\xdf\
\x10X\xc07\x1a\x98KPJ}\x0e\x81\xcb\x00(\x02\
\x81\xfa#`%\xc1C\xa0r\x13c<B\x03I\xb3\
\x15\xcf\x84\xa6\xa1\xe7\x0e\x1a\x96\xe9\xae@\x7f\xc5/\xa2\
\xd2)\xd4\x1a\x04\xa7-%\xa3\xb4\x04\x16?e\xf0 \
\x0d\xdc\xf4\x13Oo\x05$b\xc0\x80\x14\x98\x0f\xfe\x8b\
r\xab\xfb\x01\x16\x99\x97F\xe2\xb2\x0cwD\xc86\xdb\
-Z\xc52p\xc8\xd7\xd0Gc\xa1y\x84\x09+\xcb\
\x05@6\x81a\xd2:\xd8\x7fP>\xfc\xc5\xdf\x95G\
\x9f\xfc\xb62\xca\x81Bi%l \xdc`V\xe6\xd6\
b\xfa\xea\xed\xca\x5c07\x91[\x0a\xad\x94\xca\x1dQ\
W\x95\xe1 PBnY\x0f\x84\xe4q)\x80\x04\xd0\
\x89\xf9j\x22A\x82\x06\xb4NT\xcc:\xb6j\x98\x09\
\x01\xbe(\xf8=x+<\xc7\x16\xdaH\xd8\xac7\xb6\
\x99\xefkS\xa0\xb1\xbe\xbe\x10\x98l\xa2\x8d\xd4w\xb0\
\xb3\x05\xb0T\xc6_#\xb6\xff\xba\xcc\xe6W\xe5\xe4l\
Vf\xf5>\xceO\x8e\xa4\x99\x9c\x9d\xbc*\xaf*\x90\
\xbcz}\x5cN\xcf\xf0\x97 \x88\x124\x10\xf6\xbe~\
\xeb\xe55\xc0\x18\x80\xa3i\x1708\x0f\xb7\x080Q\
y0\xa3\xdaC\xd4\x06\x87\xd4@\x94T\x1e\xc0\x12\xf9\
L\x86\x99\xb7K\xd0L\xecx\xa3\xad\xe9*\x0b\x92\x1e\
\xbdM\xda\x83\xc6\xe2\xf8hc\xb3\xe2\xb0\xafc\x12 \
\xa2\xdc\xe6,\x00\x84\xed`\xbe\xf2>\x0b(\xe1x\xde\
\xaa\x80\xb1\xaf\xd1\xe2[;\x0f\xca\xfa\xce\xc3\xb25}\
P6*pl\xe3p\xc6\x04\x89\xf0\xa33Ri\xca\
+e\x12\xbc\xc14#tV.5\xa0\x14\xc1\xc9X\
\xa0\x9c\xbe_\x13\x1d\xf2\xde*\x8d\xf0\x86d\x16b?\
\xde\xe1\xf5M\xe5\x8b\x1bk\xcb\x09\xd8\xd0\x8c|_\xfa\
\x86\xd0 Zm\x98C\x01J\x82Lj\xc7\x063\xd5\
b\x0dS\xd6NtRh\x03\xbd:\xbc\x9c\xa5g\x15\
\xacR\xaf\x03>\x13\x89\xc8$\xa0\x17G_\x94\xe3\x17\
\x9fk\xb0\xab\xc6w(J*\x00`\xd91\x1e\xdb\x9c\
~=\xb5\x0ek <\x07A+\x06J\xfb6b\x1b\
ZGvxn\x087n\x9aH\xd0\x22\xcf,z4\
\xbd\xb5\x0eK\xbc\x9b\x11M%\xcd\xb5\xec\xdb\xd3\xdb\xbb\
\x9c\xa0\xee\xf7\xe3IJ2\xeb\xa8`\xd8M&\x8e\xf2\
\xde\x9c\xa5:\x01\x08m\xecl\x1ezw\xa1y$\x98\
\xa4\x09K\x1a\x8a{\xe66sy?\xc7\x8a\x184\x06\
`i&/m\xa3\x8c\xe3b\x7f\xaf\xf6\x18?\xfc\xe4\
\xb3\xf2\xe9\xdf\xfdcy\xf2\xe1\xa7\xe5\xc9\x93\x87e\xba\
\xc9d\x89\xe1\xa8\xac\xf7\xb8=\xc5G1)\xa7\xf3\x9b\
rtr^f\xe7\xd6L\xd4\xcf\xa9D\x9c\xf6jL\
J\x84\xe0^\xd2\xb3\xac\x8c\xbb\xbd\xb3[\x85\xca\x8e4\
\x0dzw^\x19q\xe8\x19q\xf6\x0bz\x9a\xe7\x8c\x1c\
\xf6\xbb`9R-5\xb2\xc6\xc0/\xbf\x1b9\xd77\
\xd8\xda<\x86)k\x8a\x99d\x03\xd3\xd6\xa4\x0a)\x22\
f|\xbf\x1e`u#\xc1\xc3@D\xe2\xf1\xb9'\xa6\
\x92\x7f\xfd\xba\x82\xc9\xabW\xb5\x8c\xf5I\x08 \x88\x15\
\x1c\xc3\xce\x0c\x08xk\xc6\xcc\xfc\xa0y\x14\x95%\xb0\
\x0c\xa0a\xc6&I\xbb\xd0\xb6\x03\x0c19\x85\xaa\x19\
\x13>\xed\xfa\xfc=I\x14\x14t\xd4\xa8\x0b\x81\xde\x15\
L\xe8\x99\xc865h \x1c#\x9a\xca2\xf2:\xd4\
t(\xb8\x88\xfd\xd4B4/\x94\xbf\x88\x04\xafL?\
|\x9b\x0d;\x9b\xb7\x98iv\xba[\xb6\x19\xf0W\x01\
c\xbd\x02\x07+dj\x1a\x1b\xc6R`~\xe4[X\
\xaeI(f\x87\x83\x99\xa1o4V\xc3\x03\xec\x10\xc4\
\xf4\xee\x0d.s\x09\xd1\x04l\x06\xe6\x01\x1c\x8a\xa4\xe3\
\xfd\x8b~\xc2\xc4\xc5\xc9y\x1e\x09T\x84/Y\x8fc\
BX\xb3\x0f}\xcb\x84;\x81\x9e\xe8\x88\x99\x17l>\
e\xcd\xf2\x0a \x9b\x98\xa7\xe0\x13\xc6t\x18@\xccO\
\x13\x05\x93\x5c\x9c\x9f\x96\xc5e\xed\x8c\x1c\xff\xa5\x1c\xbd\
|^;'\x84\xe8\x068dtU\x02HDN\x19\
$\x00\x8e\x00\x0d\x81\x04\xa1\xba\xde\xfa\x18\x9e\xd3Z\xc8\
0\x18\x96\xfd\x00\x0eupl\x82\xd5 A\xd1\x93\xeb\
D1A\x8b\x1e,\xc9\xbe\xe9\xedM\xe0\xe1\xa2\xdbe\
?\xc5\x04\x0d\xbf\x1fORL\xb8K\x05\xe3,\x7fY\
\x06CJ\x05\x81\x99\xc9&\xf3\x92\x0f'z0l\x8b\
\xa7\xef\x01E\x0c0h \x1eO\xd1i\x17\xd2Rb\
_`a\x10\xb1\x962\x80LF?\x014\xd3\xda\xcb\
\x7f\xf6\xec\xc3\xf2\xbb?\xfcS\xf9\x97\xff\xf1/\xe5\xb3\
O\x9f\x96'\xbb\xeb\x12\xca\x16\xd9E\x83\xb2fU\x03\
\x99],\xca\xf9\x15\xa0\xc1\xe0?\xe2\xf0%j\xf5\xab\
\xb2\xa1\x9cU-`v\x81@X\xd0\x05\x14(\x22P\
\xe8\x1f\x12\xaf\x0f\xc3\x90\xf0\xafpN\x1c\xa7\x08\x15\x98\
\x03L\xb2\xd8\xb3\xe4\x81@X\xc0J\x8eL\xfc%\xd2\
\xdc\x98f\x1bpA0`\x8e\xd1\xdc\xc1E\xa1\xc3\xf5\
\x87\x99d\xbb\x02\xcc\xde\xb6'q\xbc\xa8B`^\xaf\
q|z^\x01\xe4\xa4\xbc>>.'GG2w\
\xe1|g\xc2;B\x83/\xe68\xe7YC\xde\x0cn\
F\x83a\x13,\x02\x98\x22\xef\xfd\x80\x83\xc8\xbbG\x18\
\xedK2\xeb\xf0,\xc9\xd0M\x00\xb8\xb6\xfd\xff\xe6\xe4\
\xef\xa0\xbd\xb6\x13\x9aC\x14\xaaET\x9a\xae\x5c\xeb\x0e\
\x8a\xdf\xac\xc8\x0c\xe0A#\x8c:\x01\x91~E>+\
\x057\xacy\xae'L\x8e\x84\xb7\xa29N\xab\x96\xb1\
\xbd{ M\x03G8\xa1\xb7\x1b[;\xa2\xb7<\x9e\
\x1f\xbe\x0b\x9bq0]VA\xcc\x1ck<\xf25\x02\
\xb9\xbe\xe7\x0a\x1e\x85\x91\xe4\xd7^-\xd0\xd3y\x002\
\x00\x8b\xb5\x0c\x80\xdb\xe3=p\x90\xa7\x00\x05/\x00\x13\
\x7f\x07\xdd\xaf^1\x02\x17`!\xcf,\x03\xcc\x98P\
+\xe5o!\x92\xca\xa63\x99\x817<\x8a\xdc\xb36\
xF\x04M\xc7\xbe\x9e\x13%\xda\x17\x879\x16\xf0\xb8\
<}^\xe6G\x7f)\xc7G/\x15\xa2\x9b\x1a\x84\xe7\
\xa8\xea~\x09\x0e\x98\xac\xba\x09\x10[{mC\xd3`\
+\xe0\x88}i \x01\x9c\x02\x0f\x03\x88\xdf\x83AD\
4D\xdeD\xa7<\xfa\x89{5d\x97\xc0\xc3\x85K\
\xd9\xb7\xa1\xb3\x9fF\x82\x9a\xdf\x9f\xa7)0Nru\
+\x18\xe7)\xe2\x0fJf?\x19\xbec\xe4\xb4\xd5\x0e\
\x00\x12\x1aH\xe4\x0d \xd6:\x12(<\xf80@\xa4\
\xd3,\xa4\xcd\xd0\xd3\x12\xd3\x04\x90\x04\xf84\xb3\x16\xa1\
\x89:\x8f\xa3\xa2\x0e\x1f>,\xbf\xfb\xfd\xef\xcb\xff\xf8\
\x9f\xffZ\xfe\xf0\xbb_\x95\x0f\x1ex\x05B\xbe\x94@\
\xe2\xc6@\x026\x8c\xb6\xfcj\xfd%\xdb\xba\x83\xaf\x84\
\xf2\x0b\x0a\xe3K\xcb)*W\x03L\xc0\xac\xa9\x00\x12\
k2\xa0-\xc08\x06\x16\x04\xc3\xc5\x85#\xc3\x10b\
\x9b\x1b\x96J\xf4$7\x98 \x18\xc1Q\x99\x08\xb3\x84\
\x85\xcc\xb5&\x97\xf7\x88\x14o\xa7,4\xb4\x85\x99\x0b\
\xa0q\x0d\x93\xec\x9d\xcen\xca\xc9\xecR`r|z\
QNN\x99\x1d\xf8\xb8\x82\x07\xf3p\xd5\xed\xec\xd8\x93\
\xe0\x9d\xcf\xaa\xb0\x98\xd7\xad\x01\xa5\x99\x13B\xe3\xd0\x7f\
\x15\xac\x06\xad\x03\xe6\x0e&w\x01\xf0\xa2\xe7VI\x13\
v\xc9\xe2\x16\x86dB\xc6\x0feK\xa9\xa7+]\x96\
l\x1cd\xbaq\xb9\xe8H\xe3>DU>.\x8f\xc5\
\xcf\x94\x17\x9a\xa0Qp\xb5\xd0|\x11\xac\x0a\xb7f\xa4\
5f\xa9-\xad\xf0\xb7\xbd\x8b/c\xbf\xec\x00\x18\xd3\
\xfd\xb2\xb1\xe3U)\xd5k\xdf\xd8.\xd6~\xfcn\xbd\
\xf6\x8b{\xd5\xdc\x0c\xef\x0c-T\x0b{M0`\xe2\
\x97`\xe2\xc3K\x8d\xed \x92\x8eQ\xda\xd6\x16\xdc\xa9\
\xd0$\x9br\xa2\xf3\x1e=\xfe\xc1a\xbc\xb4q\x07\x83\
\xeb\x09Px\xbf\x0b\xee{\x11\xcb\x0e\xd4\x84\x0fA\xef\
\xf4\xaa\xa0\xa9J\xae\xaey\x9e*\xcc\x9d\x09 \x13\xf1\
\x83'\xfd\x04\x18\xf1y\x90\xf7\x1a;^\xa9\xf3\xeaj\
^\xae\xe7\x150\x8e\xbf,'/\xff\xaa\x156ez\
\x93\xc0\xb7I\xaa\xad\x06\x18\x8e\xf0\xc1t\xd5;\xca\x0d\
\x18\x0e>q\xfb\x06\x18\xbc\xb34[%`\xdc\x02\x90\
\xd08\xd8\x8a>LKm\x9f\xc7M\x1a\x0c\xcaji\
\x89\x98\xde'\xf0 \x85Xy\xbf\xd2\xdb\x80\x88\xb4\x8f\
03,\x83\x88#\x95\x92\xb1\x07-d\xa4\x81\xb4\x9f\
\xc7Q\xf4\x11Z\xa9\x9e73U\x9a\xb7\x120\xa4q\
X\x8b\xb1f\xd2i)\x8a\xe6\xda\xd0z\x0b\x9f|\xfa\
I\xf9\xd7\x7f\xfb\xb7\xf2/\xff\xfc\x8f\xe5\x17\x1f=*\
\xfb\xcc\xe4\x8e6BX\xafi\xd8\xa0\x11[\xc0@\xfb\
\xf1\xbb\xa2\x0d\x8c\xd8\xb5\x13\xed\x17\xe7\x0d\x22>.-\
\x11\x123!\xe4\x14R\x5c\x1br\xaf\xbe\x96\xa7'G\
8\x22`\x00\x0c\x16A\xa4\xa7{qN\x8f\x8f\xd0a\
\xcc\x1b\x1c\xbd([\x9bkeg\x13\xff\xc8\x9a\xcei\
fe\xe6 z\x96\xa1M].\xaaf\xe2\xc0\x81\xd9\
\xec\xa2\x82\xcbL\x115L\xf1\xc2\xda\xee\xd7Z\xdf\xfd\
\xac\x5c\xd5\xdf9\x03\x1a+\xa0Hp\x5c\x11h`\x06\
\xb7\xef\x042N\x001Qk\x0c\x8b\xf6\xe3\xc1#\xef\
\xe4\xb2\x96\xed\x92C\x83\xc7)\xc3\xc1\xb5\xbf\xbc\xa7N\
\xc7\x90o\xa0\xa1w\xaa\xc0\xe9\xc8\xfa=P\x86f\xb2\
\xb1\x99\xda\xc5\x96\xa6\xe6\xd8\xd9\xa9`\xb1\x93&\xa9}\
Mb\xb8{\xf0@~\x8dm\xa2\x92\xd6=6\xc2\xdf\
j\x22\xed\x12\xe0'r\x8fw\x81/\xc3#\xa9\x01\x03\
f[\xbe\x94\x8f\x03\xd3&\xe0\x85Y\xd2kuT@\
f\x19\x81\x00\x10\xa6\x1d\xb9\xb9\xe1\x9bX\x90J\xe8^\
\x12\xa0a\x87\xb2\xcd<\xf1[\xf0\xf5\xa0\xab\x14\xb6t\
8\xf0\xad\x99\x07\xa8\x94\xf9Qov\xdd\xdf`\x020\
z\xdc\x91#\xfa\x1c\xaa\x0b\xeflN\xf7\xa4UmV\
\x0d\x0a\x93\x1cc\x9b\x04`\x17\xf5\xfe\xe6_\x97\xb3\x97\
_\x94\x93\xd7/\xdaw\xb7\xa6\x91\xe0\x90\xe1\xba\xa1U\
t\xbe\x0fk\x17\x9di\x0b:Q'\xc4`8\xf8:\
\xac5\xa5\xbf\xa3\x07\x0c?Gl\xc9\x07aeG\xa5\
\x81\x81\xf2\x06\x94[\xa9\x03\x8c\xf7\x0d<H\xd0\xc2\xfb\
\xf7T%\x98x\x5c0\xce\x8a\xa9\x83\xd1K\x98\x1aT\
\xe1\xf2f\xd2J\x00\xb9C+\xf1\xc4th\x1f\xf8G\
\x02D\xa4I`\xbb5\xa0\x8cLVY\x87\x19Hy\
\x83E\xd3J\xd8_\xf3\xa0>zh\xa8\xfdh#\xbf\
\xfd\xfd\xef\xca\xbf\xff\xdf\xff\xb3\xfc\xe3?\xfc\xba<=\
X/\xdbq\xab\xd0\xa3\x80\x02\x00(\x01\x12\x1d`\xf4\
\x00\x92\xfb\x09$b\x0d\xb6\xe6\x09\x0b\x85\xc5\xf0\x9a\xd8\
\xb8_[\xdfM\x5c\xcf\x02\xd1\xed\xab\xcc\x92\xa9jk\
\x1d\xc1S\xb5\x15\x04\xd9\xa5\x859\xe0\xc25\xb6\xd7\xab\
\x16\x82\x90\x5c[H(K\x83\x88w\x8eV\xa4\xc5\x86\
t\xaf\x12\xb1\x12\x82\xf8w\x08\x0d>\x9b\x9f\x97\xf9\xbc\
\x0a\xb7\x1c\x14\x86\xd0\xb8\x9c\x95\xf5E\xed\xf9^\xce\xcb\
\xfc\xf4\xa8\x9c2\xf5\xbc\xa6U9\xb7\x10\xc1\x96\x8f\x90\
\x90P\xa0\xf7\xeb\xeb\xea/\x00D\x8f\xd1\x18\xdf\xff9\
\xd7\xd3G\xd4\xc7\x9ek\xb2\xde\xf7\xdaj\x83^\x86V\
<\x9f\xf7<\xbe\xc6QGh\x96\xf2[\x10\x8c\xc0\x1a\
\xddU\x8b\xd8\xdbc\xea\x90\x832\xdd\x7f`\xb3\xd4\xce\
\x9e\x1c\xc7\xb4\xdb\x9dn\x95\x9d\xed\x8d\xb2-mD\xdd\
\x1d\x05W\x9cb\x9a<\xbf\xd6\xf6\xbc\xbeD\x0d@\xad\
\x00\xac\xd0V\xcc\x91h\x17\x98o\x04\xb295G\xa1\
\xdbo\x00\xa9\xe7 D\x5ca\xaf\xccU\xc5\xbb\xc5|\
u\xed\x15\x03e\xba\x8a^:>\x0d\x9e\x83\xf3L\x88\
\xf8\xa3\x9c\x81\xad\x0b\x9b*mb\xaco\xa1\x0a`\xf1\
Ct\x964\xcd\xfbM=7\x13$\xd2\x11\x13\xae0\
\x1d\xc9Tt\x8eF\xaeulj[\xde\x05\x936n\
\xd7\xf7\xc2\xfcX\x84}_\xcd\xbf*\x17\xc7_\x94\xa3\
\x17U\xeb`.+}\xd3\x1cU\x1e@ P\x08\xc0\
H\x13\x15@\xd0\xfc!\xf83\x88\xb2\xeaBtS\xeb\
\x10\xf0\x05\x9d`vk\xe5\xa1e\xc4\xd6\x1a\xaf5\xf2\
\xf4\xbf\x99\x8c\xc2\x84E\xd2\x0b\x08Mw9\xbd\xe7\xe0\
A\x82\xd4\xdf\xcf'+\xf0v/\x14T0\xceS$\
M\x83\x9d\xb0\x1dK\x00X\x08`\x1cP\xb9\x98\x83\x9c\
\xf7\x91\xa8\x9e\x06\x05!1\x98\xb2\xda\xafi\x22\xeey\
\xd972\x98\xad\x1a\xa0\xc4\x96\xe8\x93f\xe6Zj\xc3\
\x8f\xb0\xccO>\xfe\xb8\xfc\xeb\xbf\xff{\xf9\x97\x7f\xfd\
\xc7\xf2\xd9G\x87\xe5`\x9b\xc5v\xf4\x00\xf0\xf5-\x8d\
C\x1a\x03\xbd|\xb6\xd4\x05p\xa4\xb6\x22\x10\xe1W\x06\
 \x81\x12b\x13\xeffH\xec\xbb\xf7\xdcm\xa3\x9c\xf6\
\x80\xc0E\xd5&,\xc8\xa8\xd7xw\xf9K\x0af\x8f\
\x10\xe0\x000\xd7\xe6H\xccY\x12\x5c\xe4\xd5\xc9[\x94\
\xf3K\x18\xfa\x86\xd7^v\xa6\x0e:\xe0\x82\xba\xc7k\
\x0b.z\xdcG\xc7\xa7\xe5\xd5\x8b\x97\xe5\xf8\xd5\xcbr\
F4N\xedQ3z_\xbdIEx]\xb6PM\
\x0b:\xb4\x1f\x0b\x12\xfbO|_\x02\x19\x09\x01n)\
\xc0$_\x80\xee\xf2\xf6\x8e\xcd\x9cC\x07D\xdf\x8c^\
6>\xad\xf8mM\xa7U\x8b\xc0\xc9\x8d\x80\xdc\xadZ\
\xc4\x9e4\x8c]EIU\x00\xd9\xaee;\xdbe\x97\
\xdf\xd4\xa6\xbeM\xfc\xcb|\xcf\xf6\x11\x10\xd2\xd6\x08\xd1\
\x22.\xeb\xfb=\x9e_Wp\xbd.\xc7g\x80\xecU\
\x99\xa3\xf9][\xf3\xe0w\xc98\x22\x80\x5c`\x80\x80\
\xbd\x89{\xf4\x82K\x9aj\x9dy\xceNO4\xca\x5c\
\x83B\xeb5\x10\xca\x8b\x1b;\xd2\x19A\x0eQi\xca\
\x99\x093\x1b\x00$\x94\xf9}\x01\x22\x0c\x08\xd4\x18\x89\
xw\x02i\xb4\x1ci\xd8\xf5A\x00\xa0\xe2\xb9\xb6\xbc\
.M\xa5m|\x1e\xa2ik\xe46\xdf\xe2D\x9f\x16\
\x08@Z\xc7\xe9\xd7\xe5\xf4u\xd5:^\xbd\xa8`2\
\x0fP\xb0\xc6\xd0|\x1ch\x182I\x85\x06\x22\x80p\
\xfd`\xb6\xca6\xd6\x92\x5c\x86\x09\x8bNE\x80dh\
\x19\xa9\x95\xf4\xceq\xd3\x89\xf7I\xe43y\xcc\x07 \
\xc3s\x07\x90\xf4i\x09,\xdeW\xf0 %\xff\xbf\xb7\
\xe9\x16\x88\xb8p\x9c\x0d\xa1@y\xb6w\x14\x96\xebR\
\xe3\xb0\x832\xb5\x12\x9c\x12a\xd2\x02(\xd0Ld\xe3\
\xad?\x0d\xea\x0aS\x16\xe3(\xb4\x9f\xe3GR\x13\xa1\
-\xe0\x11\xa0\x91\x0ev\xd5%\x80$Cz \xe2\x83\
\x87\x0f\xcao~\xfb\x0f\xe5\x9f\xff\xed\x9f\xcb\xef\x7f\xf3\
\xcb\xf2\xc1\xe1\xaez\xf8\x08g\x98\x15R\x86V\x11\xd0\
<\x05@\x810\x92\x06r\x07\xc8P\xcf\xc7\x17\xd8P\
\x1e\xc7S\x96\xdbL\x9c/\x89E\x00\x12[\xf0A\xdb\
\x09\x06\x8f\x22g>`R\x1f[s\x18\xc1h\x1cd\
A\xed3\xe9\xfc\x01\x16\x0a!\xe5\x06b\xbe(\xcd\x06\
\x8c\xd0\xac'T\x0f\x9c\xf0`\x9c\xf78\xeck\xfd\xee\
\x96\xa7XA\x98\x1eU!zrvQ\xceN\x99\xf8\
q&\x9f\xca\xab\xe3\x99\xc0\x05\xcd\xc4q\xff\xbc\x840\
\xb3h\xc4\xb4{\xa8\xd8\xe7\xd7n\xdcs\xf4\xd4\x1b\xdc\
\x83\xcd\x12\xba\xcf \x11u\x22\xb4c\xb8\x94VAh\
\xa9L\x97\xfevt\xb1\x15z\x8a0\x9c\x12\xfd\xb4%\
\xc088\xd8\xab\x1a\xe4^\xd9\xaf q\xb0\xbbYv\
\xea\xb30\x10\x93\xe7\xe0}\xe1\xd7B\x9b\xe4\xd9\xf4\x8e\
\x8a5\xbb\xaa`\x94s\x81\x1c?\xc0\x13\xedm\xa1o\
8\xbbDK\xab\x1aH}v@d>w\x18\xae\x01\
\xc4Qy\xe4e\xbe\xbaf\x10\x1f\x91P\xa6M\x80Y\
\xed.\xceca%Ga)2\x0b\x01\xc9{\x10\x90\
\xd8\xd7\xc1{\xd2\xd3\x0bh\x11\xa8\xfevb\x11\x99\xb2\
\x00\x13\x82$d\xb3\x0c\x9e\xf1\xe0\xd5\x124\x8f\x96\xee\
A\xba\xee(\xa5\xcfO3\x1f\xac\xdbo\x82\xa3|r\
y\x5c\xceO\x9f\x97\xd3W\xcf=\x83.\xc2^\xe6\xa8\
\x00\x83\x11@\x18T\x1c\xbe;\x80\xc6\xd0f0[)\
\xaa\x8a_h\x1e\xfe\xf1\x8c\xd0\x19 \x13\xdf\x5cZ\x89\
5\x92\xcc\xdb\x84\x05/@\x1b\x82\xc8a?\xf2\xa3d\
\x02_*\xba]\xf6>\xa5\x94\x09\xefu\xfa. 2\
\xd6D`\x00\xf6\xb1a\x1b@l\xd2\x02,P\xd1)\
\x1f\xc0\xa4\x81\x08 \x01\x08$\x98\xa4v\xd1\xb4\x94\x0c\
\xeb\xed\xb5\x12\xb4\x16\x18\x0f\xf0\xe9\xdb\x98\xf9\xb0\x95?\
{\xf6\xb4\x02\xc9\xef\xcb\xef\xfe\xf0\xfb\xf2\x8b_|\x5c\
\x0e\xf7\xa7ew\x1b!\x8by\xc1\x82H!\xb8\x93A\
\xe3\xe0#\x0b(\x02T\x10\xa9tN\xb3\xecN\x8d$\
\xf6\x97\x09\x847\xa7\xb7\xe7\xd7\xd3\x00\xa4\x95\x17k\x1e\
\x00H\x96\xcby\x1f\xf7AB\xfb\x90\x06r\xe9\x12^\
5\xeeY\x00\x04s\x18\x02\x13\x99M(3 \xe2P\
\xe1R\xf67+\xb0\xe8\x17\x00\x95\xc7\xd6s\x9f\xd6s\
}\xf1\xe2\xa2\xfc\xd7\xf3\xb3\xf2\xe2\xf5\x5c\xda\x10\x81\x00\
\x0c\x96#\x14\x14\x87+\xfb8\xe5\xd5\xcb\xae\xf7\xe4%\
T}\x12\x80\x98o\x9fNz\x992\xeb\x03\xd0k\x96\
\xe9\x8dT\xcb5r\x9f\xefW\x05\xe1&\x1a\xc7&\x83\
\xe2\xdc\xf3f\xbc\xc5v\xd5(\xf6w\xf8m\x94\x87\xbb\
\x1b\xe5`gRv\x01\x0b\xe6\x12\x8c{\xa5\xe7\xce\xbb\
a\xb4?\x80\xc2\xf5x?\x00;A\x10\x98\xf8\xd8\x22\
\x80\xd0\x10\x00\xb8\xec\x04\x9c_\x00\x22\x97\xe5\xf4\x14s\
\x96\x07\x02\xe2\x83B\xbb\xd09*\x0a1\xa6C\xe6+\
@$\xbe\x0as\xacy\xfcG\x08\xd8\xe8\xc1\xb3\x05h\
\xe1\xbc\xb1s\x00\x00 \x00IDAT\xf8\x12\x94\xdb\
y\xee\xe8+nL\xb3X\xa5p\x85 t:\x80\x02\
\x1cq9\xcf\xd5O\xc3\xd2\x07\x8c\xd09J\x1f\xa2\xd6\
\x9f\xc1\x97Cb-\x90\xebY\xb98\xfb\xba\xcc\x8e\xbe\
*\xa7\xc7\xaf\x15\xd2\xdd\x00A\x00\xd2\x81Bg\xa2J\
\x0d\xa4\xed\x07\x80\xa4\x7fC\x9a\x0a\xc0'0\x09\x93\x95\
4\x8d\x04\xc34\xc1\x85\xa6!P\xb0F\x92\x1d\x89>\
\xd2j\x04\x1e*2\xb8\xb4t\x07P\xbc\xef\xe0A\x82\
\x14\xde\xff\xa7,\x16\x06K\x05\xe3l0\xd9\xbd \x12\
\xdaG2\x88A$\xf7\xadqX\xe0\x04\x80$H\xf0\
#\xfa&\xb4\x13\x03H\x02B\x00L\x00\x88M]\x83\
\x96\xa2\xbc\xfc\x229\xe1aj+\x9beow\xa7|\
\xfc\xf1\xa7\xe5\xb7\xbf\xffC\xf9\xf5o~S>\xfa\xf0\
i9<\xd8R\xaf\x96\xfb\xce\xb8\xf4\xd4,\x08\xab\x95\
p\x84q\xb0c\x17\x7fx\x1c\xe8\xe7Uj]\xd0\xe3\
-\x06 =o\xbc\x8flw\x1f\x90h\xebW\xa4\xb4\
\xac\x95\xa8\xdf\x1e\xf5tPI\x16\x96\x84\x0f[\xdbH\
\xc0\xe2\xde.\xae\xd1L\x10\x967\xbagz\xe7\xdb\xdb\
\xeb\xd2\xb4\x00\x91\xfd-~U\x13\xc1\xb2\x15\xe7\xce\xc4\
\xb3~yrS\xfeXA\xe4\xf5\xc9\xa5\x00\xea\xec\xfc\
\xc6\xbe\x94\xfa\x93y\x8d\xdf%\xbdg\x9bcx\x9f-\
\xba.\xc0_\x1d\xe9\x1b\x83\xc9\x1ac[\x14\xfe\xec\x9b\
\xd7h\xfe\xbam\xedk\xe3\xe9\xd4\x03M\xe9H X\
\x98G\x8c\xd1\xfa\x00:\xd1k\x0agf\xb0eD\xb2\
\xf9M2f\xa6\x02d}\x8e-\xaeW\x06\xf0\x06\xd8\
\x01\x0f\x057\x14\x03\xc8\x1cP]\xf0\x0e\x1d\xa1\xc4`\
MLY\xf3s\x96m\xbdP\xc0\x834\x0f\x00\x04\x8d\
D\xb3\xe3\x1aH\xb2\xb7\xad\xc0\x83\x0b\x0bd\x09M\xfc\
\x0a\xbc\xf7k\xf6\xab6\x82\x86A\xef\x9c\xf1\x1e\x02\x12\
4\x12\xfb9\x10\xaa2\xf1I\xa8\x22`\xfdQ\xd5\xb9\
\x92\xe9\x8f\xef\xc5\xbb\x5c\xf0r\xa4a\xc8\xe9/\x00\x86\
(\xf9`\xd04S\xc4\xd7\xb6\x8b\xf3\xfa\x80\xaf\xcb\xd9\
\xc9\xf3r\xf2\xeae\x99\xcf\x98\xb97\xa6!\x09\x00\xf1\
4\x22\x0e\xc5M\xadb\xd8.\x9b\xab\xaci\xf4\xfb\xf2\
u\xd0&\xb4\x89\xc1l5\x80F\xef4O\xc7xj\
\x17\x02\xcb%\xf0\x10\x0dD\xd9(-\x81\xc5\xcf\x01<\
HI\xcd?\x8b\xf4M \xa2\x22\xfe\x02(\x94G\xf0\
\xf2\x9aB\x00\xfb\xd7\x01\x88\xb6\xf6\x87\xf4\xeb\x8ad\xe4\
V\x9a\xabr\xdf\x9aGh\x19\xa9\x8d\x84\xa61\x98\xb7\
\x0c0\xbd\x1fD\x00#p\x89\xf25\x06\x05n\x95\xfd\
\xfd\xfd\xf2\xe9/>\xab\xda\xc8\xffU~\xf5\xf7\xbf.\
\xcf\x9e\x1eTaU\x85\xd7Z\x08fz\xbb\xf1d\x10\
\xbdz\xa8\xd7\xecyn,\xf5x%\xa8X\x9b\xba\x88\
\xe1\x11\x9a\xdb\xf2\xf9\xd8\x9c\xc2y\xa4IL\x060\xc9\
\xc4.\xed\xf2Mj?2l\x1b\x98\xe46\x1a\xb3\xd1\
i\xc4\x8c\x01d\xd7\xac\x9d\xed\xf0\xe1\xcb\x1b4\x10\x04\
\xb4\xb5\x19\x8f\x89\x98T \xa9\x00\xb2=){\x96M\
\xba\x17\x041\xe7\xa3\xd7\xfezv]^\x9f]\x95\xa3\
\xda;W\x88\xf0Y\xfd\x1d\x9dy\x11/I`\xceU\
\xdfa\xe1\x1a\xb1_\xbf'\xab>\xaa\x87LH5c\
Yx\x0f\x13&\xfdc\xc0\xe4\x96\x00\x5c&\x8e\xd0\x06\
\x10<\xba\xae\xbe\xab\xc7\xd8\xf0\xc0\x16J\x0b\x85\xe2\xfa\
\xde\x19\x18\xb7V\x1e\xec\xdb\x84\x85V\xd5f\x04\xa8\xbf\
\x8a\x87\x02\x96M=c|\xaf\x85\x9f\x85\xcf\xc1s\x09\
@\x08L@\x86\x07\x00\xe1o\x02T\xe4@g\x0cO\
\xad\xc7\xf7\xa1\xb1\x1e\xb5\xc5\x0d\x1a\xde\x9cy\xcaN5\
\x06\xc7\xbe\x03\x04e\xdd\xc7\xbc% \xe0^#\xf4W\
\xa6\xac\xcb\x0a\x9c\x04@,\x04\x1eh\x086\xf9p_\
\x8e\xb0\xe3\xea</\x82\xdb\xc9\xdf\x08*\xd3\xfb\x10\x80\
\x10\xa2\xeb\xd9u\xb9_\xbe\x1b\xcb\x12\xc8\xffU\x01a\
ruZ\xaef_\x97\xd3\xa3\x17\xbe?\x8d&\x0fa\
\x1f\x9aD\x0b\xcb\xe5\x87\xf6\x90\xe5z\x8eA\xebH\x80\
\x18\x80\xc3f\xa9\x04\x10O\xabb\xcd\xc3\x1aF\x82\x09\
y\xf6\x030nx\x1ek\xbeZ\x5c\x0c0\xd5\x00B\
h\x06B3\xb8\x90V\xe01\xa4\xc6\xc7?\x97\xf4M\
 \xb2\xac\x89\x90F\x11Z0>\x7f\xda\xb7\xd61\x06\
\x14\x0b\x94\x8c\xdeJ\x7fH\x8bP\x11\x88P\x97\xc0`\
{z\x02\x06uh\x1aj'3@\x80K\xa7\xa98\
\x04\xd8>\x15\xf2\xcc\xa9\xf5\xe8\xf0\xb0\xfc\xea\xd7\x7f_\
~\xf3\x0f\x7f\xa8\x80\xf2Qy\xf2p\xaf\xec\x10\xbd\x83\
}\xbd\xa4\x1d\xddB)MV\xf48\x052\x13z\xbc\
\xeb\xaas\xc8) \x82\x88\xb5`O*\xd1@0\x09\
\xc5\x81hz0!\xf5oS\xfb\xbc\xc62\x80\x07\xfb\
\xfcR\xe8\xe7k\xe646\xd1\x10it--$O\
\xc0= te\x16\xab?F\xbd\x13D\x80?\x81\xc7\
\xd3\x80\xc65k5\xf0.\x9a\xcd\x8b\xd3\xeb\xf2\xf2\xf8\
\xa2\x9c\xcd.\xcb\xab\xd7\xf3\x0a$s\xf9\x0b\xf2\xc6=\
9`\x91\xa0\xc9\x07$\xdcT\xd3\xd8\x0b\xd0q\x8a\xdb\
|\x06\x80`\xa6\xa2\x0d\x82\xc8\x8e~\x84\x16\x12\xdd6\
~\x00\xc4\xd3\xc0\x10\x09\x85f\xc3Y\x0d\xd2\x1c\xbb\xb3\
\xb3U\x1e\xecy\xd5<\xa8\x89\xb6\x9a=Y\xef\xb3\x02\
c\xf8yx\x9f|\x1b\x05\x16p,\x8d\x17|\x1f\x9f\
\x97\xc4\xf7Bs\x03l\x09\xe3eyY\xf2\x98\xb64\
\x0d\x0e\xdf\x94v\x15(\xceN\xe7\x1ax\x87\xc0\xd4\xbb\
^8\xbc\xf7\xa6j\x04\x06\x0e\x0f \x04`\x09\xef\x95\
\xa6\xb1@\x08\x22d\x09D`\xdc\x05\xe7\xab4\x0d\xa8\
h\xcf\xa6\x1e\xf6\xb8\x18\xa1\xe5\xbcB\xe8\x14-%\xe7\
U\x83\x07\xb8cuZ\xea\xb5\xd6of\xe5\xe6\xfc\x85\
\xe6H#\x82.\xa7N\x19\xa6\x22I\x00\xb0\x964\x98\
\xb2\x120\xb2\x9c\xebw\xa02\x02\x8e\xd8\x0a(\x0c\x1e\
\xc3\xa8r\x97\xf3\x8c\xbd\xc9\xaai\x1f\xfc\xf1\x01\x12(\
\xd4\xb9q~\x05\x1ew'S\xfc\xcf0}\x1b Q\
\xe4U\x96\xf5\x00\xc21\x12\xaa\x03\x90\x0c\x0ew\xb4\x04\
\x1f\xeb24\x08\x9bH\xac\x85\xc4O\xc0`\x90\xb0\x96\
\x11\xe1\x90\xa9u\xa4\x1f$\x8fQ\x9bN[\x09\x90\x81\
i\xa7\xdb\xd3\xf2\xf4\xe9\x93\xf2\xd9\xaf\xfe\xbe\xfc\xfa\xb7\
\xbf-\x1f\x7f\xfc\xac\x1c\x1e\xech\xae*\x09pz\x8e\
\x0b\x84\x0f\x82\x8a\x1em\x84\xd12\x9a]\xc2\xc0\xc4 \
S\xd6\xc4?\x9e\x1a\xa6\xa0\x8d\x9e\x1dp\xa9\xbb\xcc{\
\x053%\x80\xe8\x18\xfe\x90%\xbc\x0b\x17[h\xc5>\
I \xc2\xa9\xa8\xcb|\xd7\x8e\xd3\x9d_\x13\xcd\xe5\x1e\
7\xf2\x0c\x93\x0e\x95\x08X\xcc=\x8c/9\xd8BK\
\x1a\xce\xd7\xaeW,\x80\xe7\xf5\xbf\xaa\x80H\xa8\xbe>\
\xab rtQf3\x22\x97<\xde\x84\x19\x8f\x99\xba\
\x05\x14\x11pr\xdf\xc5B\x9do\xc2\x85\xf9v8\xc7\
\xb7\xb6=\x19\xa6\x07\xb8y\xe4>/Q\xbd\xfd\x09\xa3\
\x1d,L\xb540\xe6\x1c\x00\x1at\x8a\xf3A\x17\xeb\
\x15\xe4\xa7\xd3\xadz\x1e\xaf\xb5\xe2\xef\x8a\x01\x88t\x13\
~\x14\xfb\xb1\x04\xea\xf1,<\x1f \xc23\x0a\x18\xf8\
^\xbc\x97\x05\xa6-\xfb\x90\x14Yu\x05\x00\xbb\x07M\
c\xc0\xf0\xea\xdc!\xbd\x98\xb2$\xe8\xd7=\xd6\x83\x81\
\x8e`\x11\x9a\x89|%\x1a\x17\x12\xa6\x22\x04\xac\x84\xaf\
\xe3\x8b&7>V\xef\xa8\xd6k\xe0a\xdd\xa2\xa5j\
yW\x09L\xeb\xb32\xf3A\x9bk\xf8w<p\x11\
\xb3\xd9\xcd\xd5\x99\x06\x04^\x9c\xbe\xa8\x80v$\x93\x9b\
\xca\x130\xa0E4\x8b\x00\x12G\xd0\x01\x8a\xa9\x85t\
&\xaa\x06\x16\x01\x1e:\x87\x81A\xdaU\x80\x04\xf7\x98\
QV\xd6\x0am\xb6\xb2\x1f\xa73W\xf5\xfbP\x1f\x00\
,*\x84\x04\x00\x15\x13\xc7\x0a8\xeeN\xc9\xb3?\xbb\
t\x0b@\x5c8\xce\x86XJm\xc4\x82\x8a\xae%L\
\x8aP\xb6/\xc1\x02\x5c\xe2\xc7\xe0!\x00\xa1\x1e\x0d\x80\
\xe3\xd2\x84e\x00\x194\x12\xea\x0d\x04r\x9e\x0bd\x12\
<\x22\x048\x80\xa5\xb5\x17p\x84\xf6\x92\xe7\x09\xc0I\
\x0d\x85\xd5\xda\x9e}\xf0a\xf9\xc5\xdf\xfd}\xf9\xec\x97\
\xbf*\x1f<{Z\x0e\xf6v\xd5\x9b\xd6'\x87!\xc4\
\x14arY\x98\x08\xf2yR`\xa7ST\x1a\x0bB\
\x8b\xee\xb3\x04\x03&\x18\xc4\xa6\x1d\xbb\x22\xa08\x96s\
a\xb2\x91\xb9\xdf\xc5\xd2\x1a\xfc>\x07bK\x00\x89K\
\xa8\x02\x9cV\x19Y\x1aF9=\xee\x94\xa8\x12\xa8\x13\
;\xa4\xd9'\xb5\xf3p\xde\x89\x8fU\xe4\x99\xee{\xa1\
\xc1\x8aG3&y\xbc.G\x15U\xbe\xfe\xfa\xb4\x9c\
\x1c\x9fi\xfd\x0b\x0bL\x04\x0b\x98\xc0\xe8in\xc4\xf3\
\x80\xe9\x9c8\xc7\xd7\x18\xc7QAd\x1b\x93\x8c\x1fF\
\xa0\x0aRqc\x08\xdb\x89\xb5O\x0b+\xde)7\x1e\
7-\x8d\x11g;@\xe4q!\x00\x88\xc2\xc0\x8b{\
\xf0L\x1aH(\xb74\xd0\x0d\x9b}\xf0\x9f\xf0<m\
\xdf\x8f\xebo\xc1V\x97\xb0\xbf\x08\x8c\xf0T%\xf6\xeb\
\xe8\x1ey.\x90\xe5\xda\xdfXk~\xc4\xc7\xe5\xfe\x08\
\x87\xc6\xf9\xee\xde<\xb8Ao\xdf\xa1\xbc\xee\x88\xf32\
=\xcbn\xae\xaf\x01\xd8\x10\x8c\xc0\xd7\xe6])jK\
4\xc4\x01\x9c[/G\xc2\x1f\xb0\xb99\x7f]\xc1\xe9\
e\x99\x1d\xbfTXn:\xf6\x07\xc7w\x02C\xdcG\
DW5\xe0H\x90\x08\x00\x19\xccT6o\xb5Q\xf2\
\x02\xbd\x00\x09i\x15\xd9\x96{\xe3\x85\x91O\xb0\xa0\x9e\
we\xff\x8e\xfd\x85\xda\x11m\xfb\x11\xdc\x86r\x97,\
%\x1d\xd3g\xefl\xf5\xde\xa7`\xd1\x9fgz\x1b\x10\
!\x8dLX\xfce\x1b\xf2\xd1\xc3\xbc\x0b@,<\x0d\
\x18\xcd\xa4\x15\xfb\xce\xa7\xf3\xd5\xdaE\xfaJ\x06 \x89\
_\x98\xb0\x063\x17m\xd8\xc7\x8f\xd2\x1d\x97Z\x8b\xb4\
\x98\x8d\xb2\xbf\xbfW\x9eT \xf9\xf8\xb3\xbf+\x1f}\
\xf6\xab\xf2\xe8\xc9S\x8dh&\x8a\x89\x9e.__\xc2\
\xb7x\xee*I\xcdb9\x00\xdbP\xa6\x9e\xa7\x8c\x16\
\x014\x8b\xda\xab$\xb4T\xcf\x88s\xd9\xa0!\x8d\x85\
}\xde\x82\x06\xbe\x19~\xe9=cbzS\xca7\xce\
-\xa4\x90\xec5\x8b\xee\xd6T@\x9b\x06\x1e\xd1.\xaa\
Z9I\x87,\xec\xc79\xbe\xc04vc\x93\xd6\xab\
Yy\xfd\xea\xb4\x0aO\xcf@k!\xe8\x1e\xaf\x9f\xd4\
\x0e_\xccL\x08{\xc9\x11\x9e\x87h\x22\xbe+\xdaI\
\x5cX\xb6\xf5\x8e\x1eH\x0e\x97\xe5M,4\xea^\xc0\
\xa0\x8e\x00\xc0\xba\xd0\x80>\x7f3@\x87wU\xcf\x91\
\x9d\x09:\x0e\x1bh\x93\x80\x96\xd7_!iB\xcb5\
4\x8b\xf0C\xc4\x8b \xb4\x16\x0d\x84\xf0_E\x10\xa9\
\xd3\x82V\x14\x0f\x0f\xcaH\xb8\xfb\xc7\xb1\xea\xe53\x88\
\x13\xed\xe4\xc2\xf3dq\xeb\xbe\xef+9\xda\x09\xc7\xe6\
\xb11ay\x10(`A\xb4\xd7\xb9\x06\x1e\xbaw\xae\
\xf8,\x09zGw\x01d\x97\x15\xb9O\xca\xd5\xfcu\
9\x9f\x1dyZ\xff\xd9\x994\x8e\x06\x18\x02\x08\x80\x01\
\x93\x13\xf9\xd4~\xc2\x04%\xf0\x18\x80\xa49\xc2G\x00\
2\x98\xa9\x1a\x90pOj\x13\x9a\xc6\xc2`b\xb3\x15\
\xcf\xd0\x03\x08\xf7\xbfh \xa1\x7f\x8b\x00\x90\x00\x836\
X\xb0Ow\x00\xc5\xcf\x15<H|\xff\x9f\xef\xd3G\
\xba\x05$K\xf9\x91&\xc2\x96\xaer\x94\xb7\xfd\x89\x81\
e\x00\x0fk\x1ei\xc2\x18\x01\x88\xf2\xa9\x81\xc46\xfd\
 \xd1F\x1a\x85\xc0\x85m\xb4k\x9a\xc8\x00\x22\xee\xb5\
z\xbf9\xdf\x03|\x00\x22z\xbd\x0c^{\xf2\xf4\xc3\
\xf2\xe1/~Y\x9e|\xf4\x8b\xf2\xf0\xd1\xe3\xf2`\x8f\
\xd0_\xd6\xf8\xe0)\xf0/\xb8\xb7ka\xb9\x88\x90\xd6\
d\x0e\x0bK\xc4\x8f\xa6\x22Q\x9bzm\xf9\x05<\x12\
\x1dV\xbb\x01h\xd7l\xf7N_\x8a\xd6\xb4\xa6\x18y\
\xc7\xf9\xf4\xb6\xbe9\xf1\xa6{`\xe8\xf3\x02\x97\xae\x5c\
\xb7\x97\xfb\xd4\x87&\xa3\xfbXxN\xb0\xe3\xf3E9\
\x9e\xb1L\xeb\x95MYg\xe76e1\xf29z\xd1\
\x9c\x17\xf3\x92A\xb3\x08\xb4\xe4k\x90\xaf\xc0 c\xa1\
\xc45\xd0\x14\x98\x1a\xa4D\x87\xc0`@\xa2^\xa1\xb1\
\x0b\xe9'z\x17\x1eL\x87\x7f\xc5c\x1f<\x9d\xcd\xba\
\xc0V\x8b\x82\xf1\x15\xa0\x19\x80\xa5~\xc7\xe9\xd6\x9a\xe7\
H\x0b\x8dD7\xa4}4\x98\x04|\x9b\xc8,\x03\xfd\
\xcd\xf2\x991W\xe9n\x16^\xf2\x98\xfe\x82\xde\xff\x82\
\x22\x0bF\xb6\xfav7\x8c\xdb\xf1K\xe4\xf9p\xcc3\
\xf1eN\xae\xa8oY\xacU\xcc\xce.\x146\xcc\x8a\
\x93\x12\xc27\xb4?\xd7Z\x22\x97\xe7\x0c\x04|Y\xce\
\xcf^\x94y\x00\x87W\xa6Lm#A\xc2 \xe2\xd5\
\xffB\x9b\x90\x09+\xdb\xa4\xd9*\xda.k\x1c\x01\x16\
\xce\x0f`2\xf89\x06\xa0H\xe7\xf9\xc8d\xc5\x1f\xef\
<\xde\xc5\xa0u\xf8}% \xdc\xd2=\xee\x00\x8a\x9f\
3x\x90\x92\xcf~\xf6\xe9[\x81\x08\x8c\xce_\x93p\
\xb1\x1f\x0c\xed:\xa4\x98\x85\x86\x04\x8b\xf6\x13\x5c\x12$\
\x12P\x0c\x1cv\xb0\xa7vA>\x9c\xe7\xa9\x8d$`\
t`a@\x89\xfa\xben\xcd\xbe\x14\xfb^\x88\xd8\xf2\
\xfcZ\x87\x8f\x9fj\xed\x91g\x9f\xfc\xaa<y\xf6\xac\
<<\xd8Q\x88\xa9\x05\x0e\xe0`&s\xd8\xaf\xc4Z\
{\x03\x16N0\x18\x15x\xae7\xc2\xa7\x02\x13\xae\x95\
\xeb\x89{\xeb^\xfd\x10S\x8a\x81\x94h'\xde\x09\xe3\
8\xf0a\xe8<qV\xd2p\x85\xbbS+\xcf\xd7\x1d\
\xd9\x04$\xb6\xec\xb0\xf1=;\x7f\x8e \xbf!\xa2\xa9\
j\x1f\xe7W\x154\xae+`\x10\xb1\xe4)>\xae\x19\
\xf4\x18\x82K\x01\x05\x02\xc7\x89\x04:\xebj_h\x22\
\xc7Y\xd5R\xe6\x1e\xdd\xae\xb6\x5c\xd0cs\x1c\x11\xe7\
A\x84\xac\xf1\xcd\xf7C\x00q\xbcc\x94&\xd1\xc3\xb5\
Pb\xf5=\xc6\x8dh\xea\x96\x89}&\x80\x8fV\x1b\
d\xec\x85t\x91\xa4\x0f^q|\xe3\x0d\x7fK\xcdK\
\xb6\xe1\xc9\x16\xa5\x1di\x9a\x93\x22\xb0\xd1\xa2`\x05\xbf\
\x11\xdfo\x00m\x80\x83\xfdf\xf2[\xd8\xec%\xb0\xc4\
\x8f\xc1\xf7B\x13Xx\x8d\x17\xda\xf2^\x08yVd\
W\xd5\xda\xd0z8\x0f\x02\xfb\xb4\x02\xf0\xd1\xc9\xbc\x9c\
\x9d0\xd1\xe5L+\x03\xce\xcfX<\xec\xab\xfa\xfbk\
9=zU\x81cf\x1fGo\xa6B\x98\xe7\xbb\xbe\
\xf6Hp\xfb;\x128\xf2\x17\xf9(K\x9fGj\x18\
\x83&\xc2;EC\x09M\x040\xd1w\x8f\xbaho\
m\x83\xc7\xce}\xc0\xc3\xbf8\xc0\x7f\xca\xc76JG\
i\x09(~\xee\xc0\x91)Hj\x952\xdd\x02\x12\x17\
\x8e\xb2\x98\x0f\x14\xf6Y\xe8\xb5\x87O\x80W\x89\xd0\xed\
\x01\x04\xa1\x0c`\x94\x00\x8f\x0e@\xb8N\xd3H\x04\x02\
\x01*\xf2\x97X\xe3h\x03\x10#\xaf\xfa\xfc\x85s]\
\x80\x11cL\x06\x7f\xca\x92\xd6\x92\xd7\x98\xb8-k\x8f\
<y\xf2a\xf9\xe0\xd3_U0\xa9@\xf2\xc1\xd3r\
\xb03-;\xdb\xeb\x12\x140\x1a\xf7'g/\x22\x8d\
\xae,\x82\x87W\x11\xcf)\xe1\x08h,\xc2yK\xcb\
\x09B\x18MD!H~\x97\xbc\x1f\x9d\xd3~\x93\xad\
\xda\x9b\x96+\xa6\xd8\xbaBb\xa3S\x06O\xc3\x9b\xe4\
s\xab6\x1d\x95\xb6\xaf\x11;\xfd\xd7\xa1=\xf7\x00h\
\x5c\x10$p\xe3\xa9\xee\xaf/\x996e!?\x08\x0e\
t\x84\x0a\xf7\xc7}!\xc8\xe6U+9=!bi\
^\xdb\xce5\xdd\x87\xf7=b;{\xa67\x0b\x9e\xcd\
\xdf\x0eP\xd6\xfb\x9d\xee\x95\xcd\xed=\xdf\x00\x17\xe7=\
\xc4\xf3\x22\xe8\x01c\xf9K\xf4\xfd}M(F\xd3\xde\
K\xf0\xfba\xf5\xee\xe29\xf2\x9b\xeaZ\xf1\x1d\x01v\
\x22\xa1X\xdcK\xeb\xd9\x87O\x85q2\xbb\xbbD\xe5\
\xf9=!$C\xa1\xa8\xd7g\xc4\xbb\x07_*\xd2\x98\
[\xe4\xbd.<\xd9%\x9f\x16\xf8\x074\xf4m\xc2\xd7\
\x02h\xf0\xbe\xce\xcf\x11\xc4\xbe'\x00\x85\xd1\xef_~\
u\x5c\xbez\xfe\xa2\x82\xc5\xf3rqTA\xe3\xe5_\
\xcb\xc9Q\xcd\x9f2\xbfV\x08\xff\xd0,F\xe0\x10\xe5\
\xd6<\x5c\xd6\x9c\xe2Y\x9f[\x01\x815\xa0\x04\x8c\x06\
\x0c\x02\xa4<_\x96\x07@\x08$\xc6Z\x88@C \
\xe1}^\x92\xbf\x80\x9f\x9d2\xadl\xb9,\x0a\xef\x01\
\x89\x15x\x0c)\xd8v\x95\xfat\x0bD\x96\xf3\x14\xf1\
'\x01\xc9?\xdbL\x1a\x88\xc4\x0f.\x16\x8b*\xdfi\
 \xb1u\x1e\x01a\x90\x10p\xa8\x1e\xc1D/2\x16\
\xad\x92\x13\xb6\xf7\x8f\xd0&\x00f#\xcb\x102\x09$\
\xa1yD\xde~\x12\xae\x15\xbd\xe65/,\xb5\xb3\xbb\
S\x1e\x1e>)\x1f|\xfc\xcb\xaa\x91\xfc\xa2<|\xf2\
A9\xd8\xdf+;[L\xfc'\x98\x94\xf0S\xc8)\
\xa0\xa2G\xf1\xf3x\x8a\x0d\x84Q\xf4\xda\x82\x92\xc4\x9f\
\xbc\x09\xa4\x99\xda\x85\xb3\x17*\x03Lto6\x13\xe1\
\x80\xa75\x11]\xbc\x07\xcah\xaf\xde\xf1\x9aGh\xeb\
\xbcQ\xfe6\x89\xeb0\x86\x82\xc1\x91\xf8\x06$\x94\xd5\
+g\xfd\x14\x0bD\xc0\x822\x9e\x8f{g\x10\xde\xd9\
\xf1I9zY{\xcf'\xaf\xb4\xac\xabF\xce\xcb\xc9\
P{\xb6\xd8\xf5C\x8b\xc0\x07$\xe1\xc37]c&\
\xddm-\xe24\xd9\xd8r\xe0\x00\xf7\xbb\xa6\x95Q\xf4\
\x9dX\xd5\x11M\x81\xe7\xb8\xba\xe6\x9d\xe9\x86t\xfe\x5c\
|\x8b\xf3($\xf6\x06\xdf\x84QD\xeb\xaa\xf0\xdd8\
g\xfd^\x9a\xd1v\x0d\x8d\xc6#\xcb7\x99\x90\xb1~\
'\xa2\xbb\x18\xe8\xc8d\x84\xdb\xbb^1\xd2w\xe8g\
\xe6:\x8c\xe6\x9fn\x19\x1c\xb8\x0f\xf0\x9b\x09.\x19\x9c\
9\xddD\xb3\xf0\xbb\xd7\x9a\xf7\xa1\xad\xa8#Q<\xe6\
\x85\x90\xea\x19\xd1l\xa7\x15<\xfe\xfa\xaa\xfc\xe5\x8b?\
\x97\x17_\xfcWy\xfd\xfc\xf3r\xfc\xeaE\x99\x85\xa9\
\xca\xe6\xbd\x0e\x1c\xc2\x0c\x05@\xa3ay!\xa7\x1b\xf9\
)d~\xaa?\x96\x94\x95\xdfB\x83\x17\x13\x14\x5c/\
\xcd\x03\xc1\x0e\x88h\xb1\xaa\x1e@\x00\xdc4[\xf1]\
p\x88\x8f\xc1\xc3\xf4\xe0\xf7=h\x1d~7\xfe\x17\xf9\
,[Nw\x10\xdd\x0a<\xc6)\xd8~\x95\x96\xd3\x08\
D\xee\x00\x10\xd2\x00\x22\xda\xd3\xdb\xbc\x05\x22m?\xc1\
\xc3Z\x09\xc2\x14\x00\xa0\xde\xdaG\x07,\x9d\xb6\x91\xa0\
\xd2\x83\x81\xcb\x13,8\xf6\xb6&b\xd3H\x82\xca\x00\
&\xfeq>\x1f\x83\xe9c{:-\x0f\x1e>*\x8f\
\x9e}\x5c\x9e~\xf4Yy\xfc\xf4Yy\xf8\xf0\xb0\xf6\
\xaaYm\xd0\xcb\xd6\xe2\xcb\xd58\x07\x091\x98\xce\xe0\
!yI\xb10\xd4\x8c\xe9\x97C\x8d{\xe2\xfe\xa1\x89\
\xa0\xb9m8B\x8a\xd1\xf0\xfa-\xa4\xcdq>\x8d\xe4\
.\x1e\xa1\x8d\x93?\x05\x19\xa9'\xd27\xf10u\x00\
\x13sI\x9d_a\x037\x80p\x1a\x84\xe0lF\xe8\
\xaa\xe7B\xa2\x90\xc9\x07\x89Db\x86Z\xad=2\x9f\
I0a\xfbb>&\xf2\xac\xd0\xb7\xb8b\xd9V\xdd\
\xa4\x04\x94\x9f\x16\x877\xefv\xdb\xbe\xaau\xcf8\xcb\
\xc4\x81\xb4qd\x9d\xa3\xae\x0a\xdf\x0c\xf3\x15\xe7\xbd\xb8\
\x14\x18+<\x973\x05(\x0b\xb4\xaeC\xd0\xc5\x13\xa3\
\xa5@SLT\xe8e\x06\x8a{\xcc\xbc\x9fm\xafm\
\xcfYX3\x9c\xb5C\xd0F\xb4v\x8b\xde\x83\xdf=\
w\xca\xb5\xe8\x14\x00:\x045\xf0n\xf7j\xdb-4\
\x13p2\xbe\xd7\xb4\xd6\xedl\x10\xa6\xed;\xa8\x0aG\
yy</\xcf\xbf~Y\xbe\xfc\xfc\xf3\xf2\xe5\x9f\xfe\
O\xf9\xea\x8b?\x95\xd7/\xbf\xd6\xe8q\xf98\x10\xdc\
\x9d\xf0\x17\x00t\xfe\x0d\x99\x97\x12\x14$\xe0\x09\xcf\xe5\
\xdb\x00\x98\x00\x88\xf7G\xc7\x03\x0ei\x9e\xe2\xd7\xae\x11\
 \x92\xa0\xa0\xf3\x05x\x90\x17\x88y\xbfP\xc6\x9f\xe8\
\x95\xfc\xb7\x00\x0fRGh+\xe0\xb8;A5\xab7\
sG\xba\xa5\x85\xb8p\x9c\xd5\xeb\x8b\xb6Q\xd7Gl\
A\x80\x08n\x81\x08\x7f\xeai[\xeb\xe85\x12\xa4I\
\x03\x11\x81L\xe6\x0d\x14\x94\xd9\x9f\x91\xa1\xbd\x80\x8e\x81\
\xa1\x07\x92\xe6\x0fI\xcdE\x80\x92\xe0\xd3k)\x09:\
k2m\xad3\xed6@Q\x85\xd0\xc1\xc1\xc3\xf2\xa8\
j\x22\x8f\x9f}Z\x1e~\xf0Q98|,\xadd\
\xafvU\x1d\x06l\x01\x06s\xe6c\x13\xee+l)\
\xa1\xa5\xb8\x95\xdf\xcfB\x1dj\xf5\xe6q\xb2\xe7\x14\xee\
\xf0#yz\xde\x02\x16\xcat\xc28r\xcd\xa6\xae\xed\
\xf5\x10p~\xab\xda\x86\xec\x0f\x93\xda\xc0\xe7=!K\
\x18k\x8d\x0b4\x09\xf6\x8b\x06\x00\x9e\x9f3\xda\xdd\xb3\
\x00\x13C\xc4\x94\xe8\xd7\x97\xee\xc9\xe64'\x98\xbd\x08\
W\xbd\x98\xcd\xca\xf9\xd9I\x05\x9139\x8a\x09q\xd5\
\xf5\xaf\xd1\x02\xd8\xab\xdfa\x03\x01N\xf8.\x8a\xc7\xba\
4\x92\x8d\x8dm\x9d\x83;L\xd0&\xf2J\xf3@M\
X\x8f\x03\x8df\xe1\xef\xc8\x03\x84\xf0\xe6\xb9-`\x17\
\xd28\xd6\xd064x\x0f \xe0\x9dX\xb3d=q\
\x0c.\x1a\x1f\xc4(y\xe8b\xc3\xebmh\xa2B\xbe\
;(\x11\x02UB\xf6\xca\xce\xf4\xe9t\xa3Lw\xb7\
\x05\xd0\xac\x16\xc94+h\x1e8\xe7\x01;\x04%w\
C\xe0\xc0lv.\xa0x\xfe\xf9\x9f\xcb\x97\x7f\xfe?\
\xe5\xc5\x97_\x94\xa3W\xaf\xec\xfb\x90\x86\x80`\x0f'\
\xb6\xb4\x84(K\xa1\xafp\xe0\x00\x01\x81D\x02\x0a[\
k\x10\xfeu\xbe\x8c\xf8\x0d\xe0q\xe3\xf3R&\xf00\
@\x08\xc4\x05\x1a\xf1\xbeb\xd4\xf8\x00$&2\x8e\x0d\
\x1b\xaa\xe8\xa2\x01F\xb6\xd1\xdb\xed)G\x8d\xc6y\x15\
\xdd.[\xa5\xe0\xbf\xe5\xc2U\x1a\xa7[`\xf2\x0d@\
\x92\xedU\x1e\xf9A#Y\x06\x10\x97%(4-E\
u\x16>\xa9M\xe8\xb8\x06\x12\x01\x0c\x08\xff\x00\x90\xb1\
v\xc1y\xc2F\xcf\xf9F\xe0\x92@D\x9b<\xd6y\
\xca1oMww\xcaa\x05\x8f\xa7\x15H\x1e\x7f\xf4\
qy\xf0\xe4\xc3r\xf0\xe0A\x158\x9b\xb2\x91cW\
\xd7:\x15\x8a\xaf\x85!\xed\xacM\xb3\x8c\xa6\x03\x91\xd9\
\x87WP\x05S\xbd\x8e\xe6\xe0Bp\x14\x0bx\x83\xc7\
\xbaBX\x11\xf0\x12\xa0b\xfa\xdan\x1d\x93\xcb\x9a\x00\
\xc4\xf3{\x8d\x09U\xfbQ \xd3W\xfe\xb8^k5\
\xc8\x02\xda0J\x9be\x80\xf1\x89h\xd2\xc6+\x06\x1a\
\xe2,F\x98\xd1\xfbg`\x1e\x00\xe3\xf9\xa5f\xc7g\
\x0aC=\x9f\x9dh\x8d\x12\x96\x7fE\x9b@x\xfa\xd3\
\x1a\xf0\x014\xf5\xb2%\xac\x00\x06<\xd6\xf1=0a\
!\xdc\xabf\xb2\xbd\xb3#MDk\xd5\xab\x97\x1c \
\xac\xef\xb0\x06\x1c\x89^4\xde\x86\xf3\xa8\x07\xcd8\x0c\
\x83\x16\xef\x88)B\xe8\x93 <\xa5\xe5\xc4\xf7\xcc`\
\x0d}\xc3\x0d4\x0b\xa6d\xe1t\xbcg\xd6\xf4`\x06\
b\x83\xfa\x06\x03#\xd71c\xb2\xa6=\x1d\x8d\xd0\xfc\
\xea\xbb\x9e\x9d3\xf5\xcbq9{\xf5\xbc\x1c\xbf\xf8K\
y\xfd\xfc\xcf\xe5\xe8\xeb\xe7Z\x0d\x90eo=*<\
LP\x01\x18<K\x8e\xc3\xb0\xa0O\x13T\x94\xa9-\
\xa6\xac\xcea\xce\xfdS\xae\xfdl\xdbi\x13r\xec\x0f\
e\xd6<\x0c\x0e\x997\x08\xf8=$p\x18TB\xb3\
P~\xd00Z>\x88b\x05\x1c\xff\xfd\xb4\xcc\x97\xab\
tG\xba\x05 .\x1cg\x97@\x84\xd4\xb4\x11\xca\x03\
,\xda\xb9:\x00I0\xe1\xb8^3I\x01o\x00\x89\
\xfd(\xefA\xa3\xcd\xc1\x95\x0e\xf7\x1e`0g\xe1<\
O\xcd\x03M\x86\xf6M\x13\x896\xba\x865\x9e\x8c\x02\
\x03L\x18\x94\xf8\xf0\xf0P\xd1[\x87\x1f|Z\xf6\x9f\
|\x5c\xf6\xab\x96r\xc0\x0c\xc0\xd3m/W\x1bc\x13\
\x18\x81\x0c\x80\xe8Z\x02\x15\xf7z\x11n\x8en23\
\xcb\xa8\x82 \xe0\xfdLl\xff\xbf\x12x\xd8\xaf\x82\x86\
\x22\xa1H\xafx\xc2y\xad\xe1\xf0\xea8\x9f,4P\
ml\xa5\x10\xc5{\xb6\xe5\xdb)y\x9fM\xee\xe7\x14\
!\x98wN.J9;\xf7\xb4)h'8\x895\
\x87\x14!\xac,hu\xe2\x95\x11\xaf/q\xa8\x0fk\
\x82\x03r\xd2,\xf5\xd4\x16v\x8a,\x12 Lbf\
^\xa6\x0b\xden\xdf\x0eM\x01\xa7;IZ\x11\x02\xf0\
\x06\xc0\xf11\xbc\xf7\xcd\xe9\x96\xfcY6\xe5\x01\xc6\xd0\
\x03M\x16\x1a\xc4'-\x88Q\x95\x80E<1\x82\xba\
\x91\x94\x020\x18\xbb\x12\x1a*\x1a\x11\xfb\xf5|\x0c\xa8\
\xe3\xdes\x96Z4'\x16pbp!\x1e\x10\x00\xf3\
|~T\xaeO\xbf*\xc7_WM\xe3\xe5\xf3\x0a\xa0\
\xc7\x9a\x1d\xb7M\x1f\xa2^\xbe\xcdSi:r(-\
\x00\x12\x134RF]8\xc6\x9d\x0f \x08\x90\xc8\xd0\
[/\xa5\x9b \x030D\xa8t\x00\x12\xc7\x0e\xa01\
\x00\x05\xef\xcc\xfb\x03\x80PFZ\x06\x0f\xbe\xbe\xbf\xbf\
\xf3\xf7\x82\x87\x0a\xc7e+\xf0\xf8\xe6\x04\xe9\xad\xde\xd2\
[\xa4\xb7\x01\x11\x15\xf1Ja|e\xd8\x92\x8f\xf25\
\xe7\x13d\xdcS\x1fLX\xbd\x86b\xbf\xc7\x00$\x05\
\x81J]\x03\x08\x03@\xf3\x91 \xfc\x9b\x96\xe1\x9f\xea\
0Q\xa9\x1de\xe9\x0bI\xb0\xc8\xe3\x06\xe0q\xdb\xe1\
|Z\xe7d\xdd\xf3AM+\x98\x00\x1e\x8f\x9eV\x8d\
\xe4\x83\x0f\xcb\xc3G\xcf\xb4F\xc9\x83]\x16F\xda\x92\
3\x1c\xc7l\xce\x09\xc50C\x83\x8a\xdf\x8d\x98v\xa1\
G\x14\xbfk\xa8\x1d>\x05\x00\x04\xd3\x96\xc4\xa2\x1d\xba\
\xee\x95\xfb}A\xa0\x80\x90\xfc0\x13\xfb\x0e|\xbe\xf8\
I{qFy\xae\x17e\xf9\xcb\xf6\xda\xde\x18Hf\
\xf5\xbf\x93\xf3E\x99\x9f\xdfh\x95?@D\xc2\xfd\x9a\
0\xde*\xb0\xcff\xe5\xac\xfe.\xe7gU3\xb9r\
0\xc0\x15\xce\xe2\x85\xee\x8f\xd1\xe9\xdc1\x02P\xe0\xb6\
N\xd9\x96\xb4\x0e\xea\x15\x1a,\xd5\x8a\x15\xfb\xf8\xa6\x84\
9\xf3\xe07\xed\xfb\xb7\x0e\x04\xc7noK\xc3\xe3\x5c\
\xbc\x0b\x80\x92a#\x9a\x11\xa0^\x93\xb9\xaa\xb4b\xdf\
5k\xd1{\x0c\x0eB\x16?\x04\x82X`-\xad\x94\
\x170Q\x08\x96\xa6\x7f\xe1\xbf0\x1d\x12^;;c\
\xec\xcb\x85\x07\x04^\xcf\xca\xd5\xf9q\xb9d\x9a\x91\xe3\
\xaf\xca\xd9Q\xd5\xb8\xce\x191n\xd0\xb8F\xab\xea\xc1\
\x02\x81\x9d\xe6(\xed\x87\x09\xabi\x09\x9d\xd6\xd1\xc0$\
\x8f\x8b\xba\xf6\x0b\xadb\x94\xc7/\xc2;\xb2\xf9)\x01\
D\xa1\xe2\x02\x89\x85\xca\x12@\x14\xb6\xcb\x97M?\x87\
\xbe/%\xb1\x9f\x04\xa2}w_n\xa5;\x80b\x05\
\x1eo\x97\xcc\xe9\xab\xf4\xad\xd2-0Y\xca;\x97@\
\xc1>@\xc0n:\x08&\x12\xa2\x0dl\x10\xe8*\xb0\
0q\x8f\xd4\xe0\x91?GQIBX\xd8\xd3\xdbD\
K\xe0\xdc\x12\xf8k\x0d@R\x8b0hL\x02\x08\x02\
p\x96@f(\x03T,\xf8\xd2\xac%0\x093\x9a\
\xc7\xa5X\x93\xa1\x87\xbd\xbb\xbbW\x1e\x1c>)\x0f\xd1\
L\x9eT0y\xf2\xa4\x1c>\xa8`\xb2\xbfSvj\
O\x9a\x19f\xd1\x1c\xb66<U\x87\x81\xd2\xa3\xb3\xf3\
m9\x92\x0b\xc0\xf0\x5c\x5c\x80IN5\xcf\x0b\x12\xd0\
\x14k%\xf5V\xca\x16\xf7\xc4+\x88_\x9ft\x0cr\
\x84MP\xb4dG\xbf\xdf\x1a:1\xc0\x90iNp\
\xae35:?L[h\x22Z\x0f^\xa6,\x9c\xec\
\xe7\xf2\x090\xba\x5c+\xf7U\xf1\xbe\xc9@@\x1c\xe8\
\x13\xfc,\xee\x9d\xafu\x00\x88\x00\xc2\x8f\x22\xbf\x09\xda\
\x09\x17\xe4}\x02>\xb4\x02\xcc7\xb7\x14m\xc6;/\
\x98\x1a\xeb9\x19y\x9e\xdf\x1f\xed`\x13s\x94\x06|\
\xfa\xdchB\xcc.\xec5h\xec3\xf1\xfa&\xee\xbd\
\xf3}\xf4\x86\xe9\xc9Cq\x13k $\xc0\x03\x8d\x8a\
\xd5\x08/\xce^\x95\xcb\xd9\xab\x9agY\xe0#\x0f\xfa\
c\x92\xc5\xf4Gp|\x08j;\xc3Ch7@\xf0\
Hrk\x13\x8b%\xed\x02\xb0\xc9\xf6\x80\x08\xbe\x9c\x01\
d\x86s\x198R\x9bq\xb4\x9c#\xaf\x06\xad#L\
Z\xba\x9f\xd0.\x8a\x8f\x17a\x00\x1f\xea\x8c,t\x8d\
\xfc\xbe>\x87\x81\xba\x07\x94QZ\x02\x89\x15h|\xfb\
\xb4\x02\x90\xef\x90n\x01H\xa6[\xe5\x82\x88\x00\x92\x00\
\x94,\xcd\xbc\xfe%`\x04\x80\xf0\x87\xc0\x0ep\xe8\xfd\
%\xd66\xac\x91\x18x\x0c\x14\xa9m\xb8\x9d\xdb\xa4\x96\
a@\x08\xe0\xa1,\xb4\x8af\xc2\x8a\xfaf\x1eku\
\x98\xbf\xb87\x03\x87\xee-@\x07@\x03p6\xb7\xb7\
\xca\xde\xfeAyx\xf8\xa8\x02\xc9\x07\xe5\xc1\xa3\x0f\xca\
\xe1\xe3\xc7r\xc6\xef\xee\xed\x96\xfd\xe9z\xd9!\x84T\
\xbe\x0c\x9e\x0f8]\xf0_aR?\x13\x9f\xed\xfe8\
\xd1\x0d(03\x82\xcf\xef\x09Y\x81\xc6 _\xce\x9a\
!(\x01\x04\xd1\xc89\x13XH\xea\x98zW\xdb\xcc\
\xab,\x05L\x94\xd3+g\xa6\xdb\xf9\x85\xa7G\x9f3\
\xc3\xed\x95\xd7\xe0\xe0\xc7\xd4\xf2\x08m\xd6\x1egbF\
&&Th3\xe37\xb8\x97z<QU\xd2\x02\xd0\
R\xae\xbd\xe2\x1ff\xaf\x9c\xdd6\xdf\xbf\xde#7[\
\xcb.\xe5\x14g\xcd\xf3M\x8d\xe9\xd0\xb4\xfd[\x1bz\
7\xbc_-\x22\xa6\xad\x07\x0c\xeeU\x0d\x0f\xdf\x05\x13\
$\x1e\x1d\x9d\x0a\xe0\xf8\xb66\x9f]X\xabY\xd8|\
\xc8\xc3\x11\xc2\xcc=k\xbd\xf3\xabsE\x92]ij\
\x91\x97e\xae\x1f\x93\x1a\xcebbC\x0b}\x99\xca\xc2\
\x8c\xd4&(\xec\x04\x7fF?\xf5\xe6\xa5\xb1Vq\x13\
\xbe\x8b<\xa6\x07\x9e\x01<\x86\xfd8G\x07V\xd4\xf1\
\x1c>\x07\xc0\x01\x10\xd8\xd4gg9\x1f\xd3\xc7\x083\
\x04(\x8b\x00\x13\x8a\xb2M@F\xd6/\xa7;\xc0b\
\x05 \xdf>\xad\x00\xe4\xbf\x91\xee\x04\x92\xa52C\xc8\
\x00\x22\xb9?\x02\x91,\x0b\xed\x83r\x81D\x00\x8b@\
\xa1\x07\x99,C\xe0\x87Pw\xd9\x18@Fe\xec\xe3\
p\x97 K\xa0\xa0\xac\xd3B:\xa7\xbd\x8f\x09\xb0P\
Y\x82Q\x1c\x1b@\x94\xe61FU\x13V:\x9d\xee\
\x94\xdd\x0a\x1e\x8c/9$\x1c\xf8q\xd5R\x1e>\xac\
\xda\xc9^\xd9\xdb\xdd.;8n\x09\x13\x95\x86\xc2\xf5\
!\xbfxK!\x90Ilu\xbdb\xd3\x0b\xa3\xd9\x15\
\x99\xb4n\x8d\x85zd\x86|$\x01\x1e\x98\xb8xk\
2aeB\x96x\xa3czb\xd7\x959O1\x90\
\xe0\x179\xab\xe0qv\xe1\x89\x09\x99F\x1e\xf3\x16\xf3\
g\xcd\xcfY>\xf6\xaa\xcc\xe66a\xf1\x1e\x01\x8c\x8b\
\xf9y\xb9`\xd2\xc0K\x04o\x15\x8c\x08\xec\x0a\x1eh\
\x1e\xf8\x1b\xf05\xe4\xb2\xc5\x8c!\xd1{\x9c\x10%l\
\xb3\x0a\x1a\x08\xa1\xbf\x1b\xf5g?\x15\x03\xfe\xd6\x04P\
\xfa\x05hno{6_@kv\xea\xa9\xe9\xf1!\
\xe9m\xdc0\xe3\xae\x01\x00\xe1\x0e \x5c\xceOj;\
\x03\xc6\xc5\xc9Q\x99\x9dE0\x00\x13\x1a\x86_\xc3\xa3\
\xd6\x03$\x024,\xdc\x03H$\xc0m\x86J\xa1?\
h\x0b\xb1\x0d\x13V\x03\x82\x00\x9e\xde1\x9e\xe6\xab\xf4\
W\x0c\xe7\xcaks\x1f\x09\x18\x03h4\x8d#\x00\xa6\
\x81\x03\xf7\x176\xca\x01,\xfce[>\x08\xe9\x16x\
\xdc\x01\x12+\xe0\xf8\xeei\x05 \xff\x8d\xf46\x00\x92\
I\x00p\x17\x888#\xc1`P!\x1b@\xd1\x03\x8a\
\x80\xa2/\x0fa\x0e\x08\xe8\xa0\x10\xea\x9dp\x1f@ \
\x9c\xaa\x91w\x1d\xbdb\x8e\x05<\x02H\x22\xecwX\
\x18\xab\x03\x9b5\xc62\x18L\x12\x90\x9a\xc6\x22\xd3\xd7\
p\x8f\xb4\xd9d\x5c\xc2tZ\xb5\x93\xfd\xf2\xf0\xd1\x93\
\xf2\xa8\x82\x09\xbf\xc7\x8f\x0e\xcb\xe1\xe1A\xd9\xdfc\xe4\
{\x15\x8ak\xac\xef\x11\xda\x85\x1e\xdf\x0ev\x11\xa5^\
\x8fMXZ\xe7\x82\x88\xad\x09\xa3\xdf\xd3\x85<6g\
%\xa0\x10\xc1\xbaI\xb9\xd0d\x00\x90<(\xf3\xbd\xdc\
`\x17w\xc5U-<\xc6\xb9\xce4\xe9W\xd6L\x8e\
gW\x12\xd8ggL\x09\xcf\xba\x19\xd7jO4\x15\
\xd3\x9dp\xbf\x0e\xa3\xb5\xa9HS\x89\xc7l\xb4hR\
\xbc\x13\xf5\xdc\x03@\xe4\x17\xa9g\xe0\xd3\x22X)c\
q0\x1c\xedh\x1c\x00\x08\xe3;\xbc\xe6\x0b\xed\x1cf\
\xbb\xc5`\xc1\xaa\xa5\xc8\x9c\xc6\xe2Q1y!Z\xd1\
\xf9\xd9i\xb9\x9e\x1fk\x02\xc3\xd9\xc9\xeb2;\xf6|\
T,\xd8ty1\x97\x0fG\x93%^\x13\x16<\xee\
\xf1\x8f\xcdU\x91O\x13T\x17\x09\x95\xe0\xd1k\x13\xf9\
K\x13Z;G\x80A\x0f\x22=\x80\x18<l\xa6\x1a\
\xb6\xfe\xf1az0Q>\xcaS\xe3P(\xb9^v\
\xe4\xf3cF\x1b\xed6*\xe9\xd2\x1d`\xb1\x02\x90\xef\
\x9e`\xbd\xd5\xdb\xfb\x9e\xd2\xdb\x00\xca\x084\x04\x22\xb2\
\xe5\xc4\xb1\x06\x10\xfc!\x9aX\xaf\x01I\xfe,\xece\
\xda\xea\x80\x04s\x12\xe7\x1b\xaf\xd7n\xc1\x9e\x1aI\x86\
\x06\xe7T)\x83\xc6\x11 \x90\xe7N\x9f\x07eh+\
\x5c\x0b`i\x80\x94\xe7^7\xf8d;\xae\x1f\xe5H\
n\x8e\xcb\xf6\x84\xbenO\xb7\xab\x06\xb2[\x0e\x18\xb0\
\xf8\xe4iy\xf2\xd4\xa6\xae\x07\x0f\x89\xe8\xaa\xe5\xbb\x9b\
\x9a\xdc\x91\xb0]\x1eG\xb6{\xcbc\xf1\xbc|\x0b\x13\
ke\x1a\x84\xd8\xbd\x17\xf5\x98\x8b\x01d\xbaN\x14\x92\
#\xb5r\xa0\x9e\xce\x11\xe7\xc9tW\x9e\xe3)c\x0e\
\xad\xd9\x85\xd7\xdb\x98\x13\xea+ a=ul\xfb\x9e\
\x5c\x113\xd7\xfc\xc2sji`\x9f\x80Y\xf0\xa7\xf3\
\xd1\xabFh\xe3\x8c\xd7l\xb51\xb9\x22\xbe\x01\xd6:\
Q\xaf[\xe6'\x0bUi\x1e\x1b6\x09n\xb0\xa2\xe4\
: \x5c\xb5\x97\x09\x03\x12\x1d\xf1\xe5q=\xac\xe3\xc1\
\x18\x8dY\xb9\xa8\x1a\xc5\xc5\xec\xb8\x02\xc6\xcb2gu\
?\xa6L?;V\x1d&5\xdf[\x80C\x08\xe7\x06\
\x02M\x98[H\xa7?\x22\xc1\xc4\xfe\x8dh\x17\xf78\
DI\xa1]\xdc\xc8\xef\xd0\x06\xf7\x05\xd0x\xd4y\x9c\
\xbb\x03\x14\x83\x84\x1d\xf2\x09\x0c\x0d|$\xf49\xdb\x8d\
\xb5\x8b\xaeM\x02\x88\xce\x99y};k z\xd7q\
\x5c\xa6\x11p\xdc\x03\x0e+\xd0\xf8~\xd2\x0a@\xbe\xe7\
t\x0bD\x96\xf3\x91\x105\xadm\x0a\xc3\x1e\x5c\x9aF\
\xe2\x9e}k\x13\x82\xba\x840m\x00\x11\x91!Z\xff\
\x00\x00\x15-IDAT\xe5\x12\xe8\xd1\xbei\x10\x0d\
P\x02\x00\x04\x16\x1d($\x90\x048%\x104-C\
\xa6\x95\xd4N\xc6\xe7I3\x18\x92\xcd\xc7\x0c\x9a\xc8\xa0\
\xa1D\xc8\xeb\x9a\xc1\x8e\xe9=\xa6\xdb;\xd2N\x1e<\
x( \xd1\x0c\xc1\x87\x0f\xcb\xc3\x87\x07\xe5\xe1\xde\x8e\
l\xfeS\x00E\xc24Le KAV\x18(9\
\x9f\x84\xf2\xc2+'\x02\x18Sf\x17\xe6R\xfc\x8a\x9b\
\xb4\xa8\xad\xa0\xf4$\xf8F\xf8\xc8\xa7\xdc\x8d\xfd\x1bd\
R\x09\xd3\xd6\x8dMhL\x0b\xcf(w\xaf\xdb~S\
f\xe13Y \xa8\x01\xb8\xda\x96\x89\x14\xb96\xe60\
\xadQ\xce8\x93*T\xd1`\xe4\x94\xaf\x82\x1d\x9f\x0a\
\x02\x1e\xb0i\x9a\x00\xef\x1d?H\x0c\x04\xe4u1\x0e\
\xc6!\xb4\x84\xce\xb2z\xdf\xbc\xdcTm\xe2\x02\xa7\xf7\
\xe9\xabrv\xc2\x8c\xb7\x0e5\xc6\xd1\xaf\x09\x22\x11\xfc\
)p9w\x08\xfc\x14\xd2\x83\x06\x90\xf5\x08uz\xf8\
\x83Va_\x08m2\xdcv8.\x07\xed\xe5,\xb7\
#m\x83\xbaQ~\x00\xaa\xd2\x9f'\xef\x85-\xa6-\
}\x80\xfb\xb5\x0e\x92\xce\x91\xe0\x11\x1f,\x8fK\xad\xe4\
\xce\xb4\x04\x14+\xe0\xf8~\xd3\x0a@\xbe\xe7t\x0b@\
2\xddQ\xde\x83\x08\xc2\xb6\xe1G\x00\x87\xea\xf4\x0f\x81\
\xdc\x01\x0aRQ\xe0A>\x00A\xed\x13\x10:`\xe1\
8\xd5\x03\x00\x01*\xba\xd6\x00\x04\xad\xbc\x03\x89\x1ex\
\xe4\xfcm\xe5\x83\xd6\x92\x00\xb2\xdc\xde\xd7\x18\xeeG\xd7\
\x02ht\x8c\xc1$\xef\x11\xbb?\x0ec\xfc'\xbbh\
(\x07\xfb\xe5\xe0\xc1a\xd5L\x0e\xca\xe1\x83\x83\x0a0\
\x0fj~\xbf\xec\xd7\xba\x9d\xdd\xa9\xe6|\xd2\xea}\x9a\
B\x04\xe7\xbe\x057\x1d_\xc6\xa40\xee\x81+ \xf8\
I\x80G?\x13-)\x09\xfeN\xc2\x8fB\xc0\xa3/\
\xc2\xea\xc4\x1c[\x9c\x97\x01\x883\xfc%\x97\x8e\xe2\xb2\
0\x8ez\x04\x22\x02\x18\x90\xa9\x05\xf8N\x98:\xe5\xfc\
\xe2R\x11]\x08yf\xbaE\xfb\xb0)\x89\xb9\xb8X\
6\xd6\xc2\x94H5\x09\xe8\xab\xf3r\x83\xe3\xfb\xe2L\
#\xe1\xaf\xceO\x14N|17X8t\xf7\xca#\
\xea%\x5c-`\x07a\x1f\x02[\x002\x94g\xdb\xb1\
\xa0\x8f\x1f\xe7\xd0\xd6\xf7\x97\xe5D\x9diK\x99\x04|\
^#\x00%\x00I\xe5\xfcI{\x090\xe8\xae\xc1\x9b\
\xecA\xa2\xddK\x80\x80\xdbX\xc8s\xce\xb6/@\xd1\
\xd1\xed\x83p\x8eV\x7f\xd7\x97\xbc\x07(V\x00\xf2\xfd\
\xa6\x15\x80\xfc\x0d\xd2\xb7\x01\x11\x92\xa0A\xa0\xe0}\x9c\
\xc0k\xfa4\x00\x04Q9D\xd6`&\xa1,\x85\x7f\
\x82\x8b\x85?\xe7\x96\xc0\x168$\x80\xf8\xbc\x090M\
\xb3\x100\xf5\x00\xb2,\xf4\x07\xdf\xc7\x08\x1c\x04\x04\x1d\
\xc84\xc0\xf0v\x00\xb0\xe1\x18\xdfg\x9e\x8f\xf3\xe7u\
\x06MJ\xfbq\xaf\x5c[#\xb7\x99~~:-;\
;\xbbewo\xaf\x02\xcb\x9e\xc0d\xbf\x02\x0cQ_\
\xacq\x82\x06\xb3]Ae:e\xfa\x90M\xad\x0d\xbf\
M\xd8\xab\x87H\xc8\x1f\x82[\x02\xa7=@\xa2\xd7\x97\
i1\x10\xff}L\xd0\x97!w\xd0B\xf8a\xd6\x02\
<N\x98[\xeb\x92\xc1y^\x11\xf0\x8c)R4\x96\
\x84\xb1\x19\xcc\xfa{U\x01\x04\x077\x0exBz\xbd\
<,\xf3?\xdd\x5cx,\x06\x0e\xedKf\xfee\xca\
\xf8\x8b\x99@\x83y\xb9\xae\xae\xeao^\xf7\xaf\x02,\
\xaere>\x0be\x9bs\x0c\x1a\x16\xca\xd1\x13\x97&\
aPC8\x0f\xd1L!\xc4\xa3m\xaf9\xf4B\xbe\
o;\x80@\x076\xe4\x13Ht\x1f\x9c34\x96\xee\
z\xa5\x99\xad:\xb0\x08\x00\xf1}\x09\x05|\x9c\xd1\xc1\
\xcf\xc3\xbd+\xb2\x01\xb8`;|\x89\x1e,to\x05\
\xbdOz\x5c\xfbN-\xdd\x01\x14+\xf0\xf8\xfe\xd3}\
\xbc\xb3J\xdfS\xba\x13L\xee(\x93v\xc16\xeaz\
@\xc9\xf6\xa9\x91\xc8d\x14BX?*\x11\xdc\x02\x13\
\x0bo\x1d\x19Z\x87\xb5\x10\x9b\x96$\xb0\x9bp\xb7\xb0\
\xe7\xd8\x04\x88\x14\xf4\xa9-\xa8l\x9dcc_\xf5\x09\
\x06\x1dh\x84f3\x06\x17kI\x1e!=\x5c\xa34\
\xb00x\x0c\xbf0\x9b\xf1\x17\xe7\xb7/\x04P\xf1\xc0\
=\x064\xa2\x85Lq\xd0W\x10\xd9\xd9\xdb-{\xbb\
{e\xba\x87\x86\xb2'P\x99Vme\xab\xd6O5\
0\xcfk\x9aoW5dg\xcb#\xb37&\x9e\xda\
\x1c\xd7\x02\xda\x0a@\xa3\xd7\xac\xb7<\xde\x879\xf8\xa1\
00\x0d\x0af\xac9\xe0\xc1\xb8\x91\xaaa0\x86\x84\
\xe8\xac\xb3Z\x89O\x04\xf3\x14\xa1\xb3\x97\x97\x17\xe5\x9c\
\xb9\xb4\xe6\xb3r\x0dH\xe0\xc8\xae?LQl\xaf.\
\x98\xa4\x91\x15\xfepp\xe3p\xc7gqa\x90\xc8)\
?\xa49\x18(\xa4E\xf0\x97B\xbd\x01F\x0ar\xea\
\x90\xc2y\xdc2\x10\xd8$\xd4k\x06\x0d@\xa2\xddr\
\xbe\xb4\xb2\x04\x10_\xb3\x81O\x82\x81\xae\x1f\xf9\x82\xf6\
\xc5\x96r\xdf\xc7\xe0\x00\x8f\xf3\x0a,\xb8_\xc0#\x04\
{\x5cW\xbbj\xa0\x8a\x06\x0en\xe3\xeb\xfb\xbb\xdc!\
\xb6\xee\x00\x88\x15h\xfcm\xd3\x0a@~\x80t'\x88\
\x90\x96\xca\x03\x0a\x1a8xW\xe2\xb4\x95K\xb8E\x99\
\xdbX\x18g{\xf5\xeaK\xf6\xee-\x84\xfd\xb3P\xb6\
\x10\x0f0\x09a\x9f\xbe\x8b&\xc4%\xb4\x0d\x16\xde_\
\x02\x8fvl\x08y\x99\xb5\xbcOy\xd3V\xa2=\xf7\
\xe1c\x02\x88\x1a8\xe4=N\xc2\x11\x1f\xa0\xa9{\x05\
H\x02\x84x\xe8<\xbf\xce\xe5\xe7\xe6x\x85\x02W5\
c\x831)9\x99\xe1\x16@\xb3]\x81c\xbb\x82\xc8\
Te;{;\x1a\x97\xb2\xb99\xd5:\x1aS@e\
gZ\xb6\x99\x16\xbd-1\xeb\xeb%p\x91R\xc0i\
\xd9\xd8\x0a\x16h\x11h\x03\xb3*\xf8\xcf\xce\xe6ev\
6\xd3Z\xdf\xacl\xa8\x95\xf9\x18\x90\xc7bT\x15\x0c\
\xc8\xb3d\xae\xd6\x12\x97\x06q\xe5\xe3\x9by(}\x13\
\x5c\x84(-\x0bI\xffn\xec\xa4n`\x10\xc23\x84\
\xaa\xc3b]\xe6\xde\xb8\xdbPN\x9b\x14\xda\xcb\xc00\
h\x1b\x83\xd6\x90\xe7\xcdv\x06\x87\xd4 :M\x22\xea\
\xad\x1d\x0c\xf7_\xf2Y\xf4\xc2\x86k\xea\x19\x1ax\xdc\
~\x0e\xce!\x8d\x83\xb2\x00\x8d\xac\xf3\xbb\x8f\xb6q\xde\
\xdcW\xdb\xe5\x94\xedFE\xb7\xcbV\xe9\xfbM+\x00\
\xf9\x01\xd3\x9d@rWY\x11,X\xb8*#\xb80\
xD\xf9\xb0\x8fl\x0dA\xcc\x9f\x00$\x85\xf0`.\
\x92\xc0\xed\x85>e\x01 )\xb0\x05\x14q\x8eA\x83\
\x08@\x10\x10\x8c\x81\xa1\x09\xfavN\xb7\xcb|\x9e'\
\xb5\x12\xd7\xc7s\xb5\xf2\xb8\xbfp\xe4g~x\x8e\xa5\
\xeb\xb4g\x8cv\xf9~\xf4\x8c\xd1\xbe+3\xb0\x19\x04\
\x13\xe8<\xca\x9e\x19r=\x80\x8f\xf5\xc65\x95\xc8\x9a\
\x9d\xfc\xbe\x07\xbf_\x0b7da\x0aF\x84\xb3G\xa5\
cZ\xf2\x92\xad\x0c\xae\x1b\x04,~\x09\x87\x99\xa6\xe0\
\xec\x84\x9f\x84\xfdX(\xba\x0ea\x9bBt\x10\xb4\x16\
\xa8C^\x91Ll\x9b`\xf6=\x0d\xc7\xe0\x8f\xb0\xf0\
l\x00\xa1\xfb\x8a6<C\x1c\xeb)C\x5c\xd7\x0b\xfd\
\x06\x22\x1c\x13\xe5\xed\xdc\xed\x9a\x5c\xc7\xf76\xd4\x0f\xf7\
\xe3\x07\xf13\x8d\xfd\x19n\xcb\xf5\xdb1\x01\x1e\x94\xb5\
v~\x11\xe3\xfc])\xda\x8c\x8bn\x97\xad\xd2\xdf&\
\xc1k\xab\xb7\xfd#\xa4\x14xK\x85\xcb%\x06\x09\xb6\
\x08^\xbeT\xf4\xc8m\xfd\xa5\x22\x84'\x822\xa3\x93\
\xa2=\x7fM\x13IG|\x0a\xe4\x10\xc4\xbd\xc0\x1e\x81\
I\x02\x80|.\xa9!\xf8\xf8\x11\x10q9\x043\xe7\
\xef\x01$\xb6\x09\x1e:G\x07*YG\xb9\xc1\x85c\
\x0cty}\xd7\xe5=\x93\xe71\x91\xec\xc33\x0cm\
\xe2m\xa9\xce\xfb\xfe\xe7z^\x9d\xde\x93\xdea\xb4m\
\xffG\xd2\x81]\xdeG\x8d\xf3)\xd4\xbaz\xfa\xd2\xb2\
\xd5\xd3T\x15!\xeeB@\xb6|\x9a\xa1\xb2\xac\x13\xa2\
\xca\x0b\x5cB\x00v\xa0a\xc1\x9f\xc7\xd6\xfdk\xf6\x06\
A<\x08\xf0A\xf8\xfb\xdaK\xc2=A.\x8e\x1d\x83\
\xc3\x00 \xbd\xe3\xbd\xafK\x93\x15e#\x93\xd5\x08@\
\xe2:<Iw}\xbf\x0e\x9f\xabd;\xb5\xe1\xe7w\
\xa8|{o\xb1\xcd\xb2\xe5\x14\xe7\x1c\x17\xdd.[\xa5\
\xbfmj$\xbfJ?|\xfa\xd6 \x92uMxf\
\xb6\xd3:$`\xa3^\x00\xe0\xf2\xa6q\xe8\xb8(\x1f\
\x01\x81\xf7ul\xcbgY\x0a\xf8(\x93)*5\x92\
\xd0R\x04N\x1e\xe8\xa7\xb6*\xf7\xb9\xda9\x04ja\
\xc2\x02p\x146\xccy\xddV\xe7\x03\x04\x9b\x16\x90\xd7\
\xe6\xe9|]\xdd\x9fB\x8d'\xa6\x5c\xc0\xcb\x0f\xe9w\
\xa0v\xde\xf3\xfbb\x9byo\xe3_W\x96i\x94\x89\
\xfc2{\xa40\xecK\x10\x82\xb1\x97\xdbhd\xa1\x96\
\x02\x11!\x99\xe5l\xe8\x99OB\x10#\xb8\xa3\x0ea\
\x0aHL\x86\xe3\x1a(P\x9bB\x99\xbc4\x22k\x12\
:{\xf8@|\x0d\x83\x85\x95\x968F\xc2=\x1d\xed\
\xa9\xc9\x04(\xe8\xbc\x01\x06\x094\x01$\x0d0\xf2\x9a\
Y\xa7k\xf6Z\x87\x8f\x956\x15\xf7\x9a\xf7\xed{\xca\
\xfd|V\xbd\x918\x94\xf7\xc0\xd6e\xad\xaeOQ7\
.\xba]\xb6J?L\xba\x8bCV\xe9\x07Lw\x82\
\x08\xe9\x8erD\xa7\xb6Y\x17B6\xcb3o\x01\x99\
m\x07a<\x98\x85h`\x90\xb0\x10\xe5\xd7\xb5\x9b\xf4\
\xda\x01\x22\x19os^\x0b\x01\x1d\xbf8\xff\x00>\x16\
\xf2\xa9Q\x002\xac\xf5!\xedD\x97\x1a\xc0\x85s\xa7\
I\x8bs\x02n\xe9\xdb\xb8e\xae\xea\xee\xcbe\xd9\xae\
n\x993+\xf2\xfaG\xfb\x85\xe0\xc6\x83\x0d\x03h\xf2\
\x18\xfd#\xaf\xacZ\xb9\xbcp*\xce\x9e\xec\xe0\xb2!\
!\xce([\xe8x\xb3\x0d!\xc4\x92|\x9e>EZ\
\x88\x05\xac\x9b\xba\xce\x82=\x04b\x08Z\x0b\xd2\x14~\
>\xc6\xc2;\xae\xd5\x83D\x97\xd7\x9f\x00#\xcf\x11\xc2\
[B\xdee\x06\x04\x9a\xb0\x86z\x98\xd7\xa2\x5c\xf7\x1b\
y\x99\xc3\xb8\xed(\x13\x80\xb4\xf3_\xebVSch\
uR:\x02P\xda\xbd\xc7\xbd\xf5\xf9|\xb6h\xc7\x9f\
\xfe\xa9L\x0f\xa94\xd4\xe5\xf1:C\xab\x1f\xa5\xee\xb8\
>\xe5q\xab\xf4\xc3's\xc4*\xfd\xa8I\x02u9\
\xddUV\xf8`.\xd710N\x08XR\x88t\x7f\
\xd5,K\x81M\x91\x84>\xf5)\x90C8G\x9d\xf7\
-\xbc\x0d \xbe^\xaf\xa9\xa4\x062\x00\xce\x1d[\xd5\
\xc7O\xd7\xec\xcf\x19\xf7C\xbe;\x86k-\xfbr\xb2\
\x9dA\xcb\xe5y|\xab\xd3=\xe6y\xd9\x18$\xf5\xbc\
\xd9\xce\x99V\xd6\xd7\x0f\xc9\xc7\xbfM\xea\x05\xd6Hx\
IF\x22p\x87\xbcz\xf8\x99M\x80\x08Ak,\xb1\
`\xb6\x0c\xed@\xa3\x09\xd4\xd8o\xc2\x9d}\xca\x07\xa1\
m\x10\x1b\x8em&%i\x09C;k\x0c\x94\x91\x0f\
`H\x01\xdf\xae\x11\xe7\x11\xa0\xb8\xbd\x9e\xa3\xbb>\xa0\
\xd4\x8e\x89sp.\xddk\x9e\xdb\xb9h\x13\xcf\xcc\xd6\
\xff\x05\xa8\xe6\xcfm\xf3\x98;\x93N\xb2\x5ct\xbbl\
\x95~\xd8\x04\xcb\xac\xbe\xc2;\x94\xc6B\xad\x15.\x97\
(I\xa4\xf6u\x9d\xc0\x94\xb0%5\xc1\x1b\x025\x84\
-y\x0bl\xfe\x0d\xc0\x90\x82\xb4\x81E\x13\xccl#\
\xdfi\x1c:z\x8d\x1f\x01\xb1q\xaeV\xefk\xa4\xb6\
\xb2\xace\x0c~\x0e\x0b\xfd\xa6\xc9\xa8\xde\xf7\x9d\xe7\xc9\
k\xfb\xfe\xb2\x9c2\xdf\x9b\x1c\x1b\xedY i\xdfw\
\xfc\xe7c\xe2\x0ec'\x8e\x1bR\xb6\xf8\xa6\xd4\x0b\xb9\
&\xc4R>\x86\xd0\xcc&\xaeG\xe0r\xee\x10\xcej\
C]\x80\x0bB8@\x81}\xb5\xe84\x0e\xfdk\xfb\
\xa9qd~\x10\xe02\x17\x95\xdc\xfa\xbc\x9a\xb4\x91\xb6\
\xfc\x02 Hv\x82\xab\xb5\xce\xd9\xea\xb3m\xf7\xd35\
\x13\xfc\xe2\x9a\xcd\xd4\xd5\xb7\x1b\xdd\x0f\xff|\xefj\xaf\
\x1dv\xbd\x8d\x93\xf9\xd8\xa8\xbb\x95\xb2\xedRj\xe7X\
\xa5\x1f=A\xd5\xab\xaf\xf1\x0e\xa6e\xe1\xd6\xd2\x1d\xe5\
\xbd\xe0\xb3`\x0dQ)\xa1\xd9\xa4e\xc8\xce\x10\xbe\x14\
\xa1\x11t\xf9\x91IK\xfb>\x87\xc1!\x8f\x194\x07\
\xce9rj\xc7q\x06\x04\x03\x8b\xf4\xa2\xbe\xce'\x8d\
2\xc0\xc5\xf7\xd8LY]\x9d\xf6}\xd3\xbe\x0f\xdd\xa7\
\xeb]\xa7\x1bj\xe7\xcf\xfb\xf5\x01\xc3~\xd6\x0d\xf5\xda\
\xe3\x14m\x7f\x94\xba\xf6-\xdd\x12ZC>\x05Z\x0a\
\xd8^\xc0\x19$,H]=\x08\xdbA\xf0\x16\x09o\
m\xb3\x5c\xd9\x04\x1c\xd7g\x9dLP\xdd\xf1#\xcd%\
\xdb\xb6s\x0f\xfe\x09\xb5\x1b\xd5\x05\xd8D\xbe\x09\xfe\xae\
\xaei\x13q\x9c\xce#\xcd$\xaf\x17\xe7\x8a\xfdv\xbc\
\xda\xaau\x1cG\xa6\xdb\x8f\xba[\xa9\xab\xefS\x7f\xdc\
*\xbd;\x09NY}\x99w4\xf5\x82o\x94\xee)\
\x0f\x91\xda\x09\xd7a\xebM\x08\xd7\xd8\xb7 \xf6q*\
\x1d\x01\x08e\x1d\x10\xb8\x81\xeaRs\xc9\xba\x14\xf6\x09\
&\xban\xe4\x05\x12\xc5\xfe\x88\xc1dE\xbb\xb8N\xee\
Ks\x19\xee\xb17\xb7Y1\xea\xeeM\xc7(\xa7\xf2\
\xb8\x15\xe5}x\x80_\x1c\xaf\xb2,\xc9\xc6\xda\xa8E\
\x97\xc6\xb9\xfbS\x8a>\x0b\xccV6\xda\x8f\x16\xbd\xf0\
\xcc6]\x9d\x85\xae\xcf\x03,D\x83\x06\x18.\xe28\
\x03\x91\xcew\x83\xde`a\x9f>\x18\x9d?~#\x93\
\x92\xb4\x878N\xbf\xf0\x83\xe8\xda\x80\x0b\xcd\xe2\x5c\x01\
X,z\xe5\xf0\xdb\x0e\xd4\xc2\xcf\x92\xf7\xeb{\x8f\xe7\
j\xe7\x8b\xa4}\xe7F`\x92\xdb\xa1\xe58E\xfdr\
Z\x81\xc7\xbb\x9b\xe0\x98\xd5\xd7\xf9\x89\xa4o\x03(\x12\
\xa6\xdaq]\x9a\x89\x9a\x00\xed\xb6\x12\xca\xca\xa6\x90v\
\xfbl;\xd2\x0e\xd4l\x10\xee)\xd0S\xf0[\x8b\xf1\
9]\xdfk\x08\x83\xc6A\xdd\xa0\xf1\xe8\xc8\xb0B\xf5\
\xc7q&\xc6l@\xa4\xc35\x06\xd0\xd1\x85\xba\xf2\xb8\
\xdf\xc8\xfb\x9f\xb7Q\x13\xfb\xc3\xb1\xe3\xb4\x9c_Nw\
\xb0\x8a\xa5\xe8 L\xb3\x0drS\xff\xa5\xf0\xe4\xff\xde\
\x0c\xe4\xfa\x14\xb0\x5cYf\xa2h\xdc\xa2\x9a\xa2M\x13\
\xd2\xed|K\xdaI\x5c{\xd9?b_\x07\xed}\xae\
4s\xb9\xce\xe7iy\x81\x96\xaf\xdf\xfc5\xadmo\
\x96\xea\xef\xc3[7\xf6~\x03\xb5(wM\xe4\xfb\x94\
m\xeeH+\xd0\xf8i$\xe8v\xf5\xa5~B\xe9\xdb\
\x80\x08)De'h\xa34\x85k\x96\x84\xe0\xb7\x8c\
\xed\xda6aN>\x8e\xd3~\x08\xf8\x00\x137\xefL\
Rn\xe8cu~\xe9\x18e\x91\x00R\x7f^j5\
\xf2y\x8d\xbc~\x074>\xb5\x8f\x1f\x9ech\xab\xff\
\xa5\xa6\xe4\xbd\xc5>\x7fq\xce\xccC\xec\xfd;\x8c\xb3\
+\x8a*\x8f\xba?Y\x0c:\x0ak\xc8\x87(Uy\
\x13\x94\xb1?\x08\xc2%\xa1\x1bBX%M\xd8\x86\xd0\
\xae'b2\xc68a\x9c'\xeatL\x1c\x9f\xa6\xa9\
4iQ\x1e\xe6\xa543\x8d\xaf\xd5\x1d\x93\xe7\xe9\x1c\
\xe5\xcd\x5c\xa5\xf6\xc3\xf5n\xdd{ns\x9f\x83\xbb\xba\
\xbc^_wg\xca\xf6Ki\x05\x1e?\x9d\x04\xb7\xac\
\xbe\xd6O,\xdd\x0b\x22\xa4{\xeaF\xc2X\x05)\x88\
\x07!\x9a\xc7R\xde\xea\xf2|Q\xd6\xce3j\x9b\xc2\
?\xcb\x86|/\xc4\x09\xe7\xb5S\xff\xae\xf3\xb1\x09G\
\xbc2\x83\x06d\xd3\xd8\xf8z\xce\xf0/\xaf\x93\xe7\x8c\
\x8ah\xe0\xf6\xe3\xb2\xf8\xd7\x95E\xcd(\xdbg\x06\x16\
\xb9-\xdbBDv\xc2\x93C\x87,;\xfe\xa5@\xce\
\xf6\xda\xeb\xda5\xa7:\xf9\xd4\x06Bki@\xa0c\
B\xfb\xd0\xbf\x10\xd6q\xdee\xd3\x97\xaf\x9b\xbf8\x7f\
\x9c\xa7\x8f\x98\xea\xafim\xc3W\xef\x01\xa3\x07\x08m\
\xe2\x0e{0\xc9|\xd6\xddJ]\xbb\xe5\xb4\x02\x8e\x9f\
^\x82KV_\xed'\x9a\xee\x05\x92{\xcaC\xccf\
\xa6\xe5\xed\x9fH\x91\x9ae\xd2'b\xe1\xa6\xa1\xbc\x09\
wg\x5c\xce\xbf\x10\xeai\xc2J\xa1\xde\x9c\xe1:\x7f\
l\xe3|\x16\xee:\xb8k\x1b\xd7H\x0d'\xae1\x00\
\x94\xef\xc7\x97Hs\x19[\x16\xe5\x8ak\xabM%k\
\xf2\x8b\x5c\xac+\x12\x00\xd6(\xde\xf7\x92\xbb\x1e\xcc\xf1\
\xa6\xc49\xbd\xc9lft\xa8\x04iT5a\xc8\xd6\
S\xa2\xb8\x1c\x81]\x1b\xcb\x5c\x15\xa3\xd8)O\x93U\
'|\xc7&\xa5\xac\xb7\xa9\xab\x09\xf1N\xb0\x0f\xfb\xdd\
\xb6sx\xbb<\xdb\xf9\x1cqdTwf\xb1(\xd3\
\x5c\xb7\xaa\x1b\xca\xbd\xd3]\xb7\x95\xe5&v\x96S\xb4\
_N+\xe0\xf8\xe9\xa6\x9e\x1dV\xe9=H\xdf\x16T\
HM@+\xe3m\x03\x86&d\xfb\xbc\x85\xba\xff\xf5\
B\x9f\xedX\xf0k;\xaa\x8b\xebp\xa4\xbd\xe3qI\
\xb5\x0e\x0d%\x8e\xe9\x00#\xcf\x95\xe7\xf16\xf3}]\
\x0e\x0d\x8c\xf3\xe9\xfa\xdaQ}N\x01\xd3n\xa3\xa5[\
\x05w&\x9f{\xcc2\x12\xca]y/\x10\x9b\xe0\x1f\
\x95\xfb\x00\xf2\x1e\xb1\xedc{ \x90\x80v\xa3V\x96\
yW\x0f\xe7\x1a\x8d\x02W\xdb%\x7fE;.\xc0 \
\xaf\x95u\xb7\xae\x99\xa7\x1e\xf2\xd9\xae\xbf\x1fm[\xe3\
\xa5\xd4\xeeo\x9cV`\xf1~%\xb8f\xf5E\xdf\xb3\
t/\x88\x90\xee\xa9\x0bqk\x81\x1b\xdbV\xae\x7f\xdd\
q\x96\xe8\xa3\xba\x01\x80:\xedDe\x83\x00'?\x12\
\xf6:\xd8\xf5c\xed\xe1\xf6y{\x80s\xb9\xdbf\xbb\
v\xcel\xd7\xd7\xdd\x99wQ\x9fi\x87~C\xba%\
\x04[6\x04s\x97zA\x9f\xc2\xdb\x82Y\x95.\x8f\
\xfdaK\x9b\xf1\xb1\x06\x09\xefg\x9b<_\x0a\x7fR\
\x1b\x03\xd2\xdd\xcb\x00\x0ed\x06?GnG\xe0\x90\xbb\
y\x0f]\x9d\x8f\x8f\xe3\xb2\xfc\xae\xd4\xee{\x9c\x96\xdf\
\xcd*\xfd\xf4\x13,\xb3\xfa\xaa\xefi\xfa.@Bj\
\x82\xbd\x15XhgA\xab\xe9\x85vW7\x16\xf6.\
U\xdbI\x9a\xca\xa2\xb4s|\xf7 \x90\xd7#\xeb\x01\
x\xde7\x00-\x9d7\x8e\xf7n\x94\xe7}\xb5\xff\xb3\
\xddP'\xe1\x18\x87\xf5\xc7\xbcUZD\xc8m$\x1d\
\xd9\x0b\xde\x10\xbeC\x9e\x1doe\xb8J+V\x07\x10\
\x09\x06\x92\xff\x9a\x0e\x85\xed\x8d\xcem\xf9\xef\xf3\x1a\x0c\
\xe2\x988\xb7\xca\x00\x988\xe7\x00(\xd1\xa6\xddB\x0f\
\x16\xdd\xf5\x97AA\x87\xe49\xf2rKm\xeeJ\xf7\
\x00\xc4\x0a8\xde\xdf$\xfa\x5c.\x5c\xa5\xf705\xa1\
;.S\x82\xc1\x97\x04hO\x18\xf2\x85P\xd6\xf97\
\xb2\xbc\xe5\xd5@\xff\xe9\x9f\xe6\xc1\xaa\xe7M\xdfJ \
@I J\xd0\xd0\x11)\xf0\x9b/\xc3mi\xe8*\
\x9b\xc5\xf26\xd3l\x16\xffE{\xed\xfa\xfcY\xd3=\
\x93w\x87v\xceu\x99o\x9d8\xb6\x13\xaa\x1d\x17\x8d\
\xf2\x12\xda\xa3\x9aV7\xf2\x87\xe8\x01\x87<\xd0\xa1)\
C\xa2\xbd\x85pFi\xd1\x84\x9dv\xa2NH\x87Y\
l\x91\xa1\xc1~\xf6\x06,:Y\xbc\x878\xa6\x81a\
\x82\xc4\x8d\xae\xae\xbb\xe5ox\xd2\xa5\x94\x1fd\x09 \
\x94[*[\xa5\xf73\xddK\x1b\xab\xf4~\xa6\xef\xaa\
\x95\x90\x9ap\xcev\xda\x0c\xbd\xfe[\x02\x99\xb2h;\
\xba\xae\xda\xf6e\x13k#Pb\xd4\xf9^|\xbc\x88\
T\xe7b'\x8f\x9b\xf8\xdf\x04\x07\xb5\xdb\x0b~\xf2\xf8\
8\xaf\xfe7.\xb5\xfc\xb0\xe9\xee\xe9\xbf\x91\xc6=\xec\
a\xdf\xc5!\x94\xa3\x80+\xa6\xdfC\xa5\xd1\xa6\x17\xba\
\xbdf\x90G\xf7\x00\xd1\xdaP?\xba\x86\xcf\xd7\x03\xd8\
\xa0\x8d\x0c\xc9\xf5\xc3\xb9Gm\xb3\xfeMi\xe9|}\
Zi\x1b?\xaf\x14,\xb9J?\xe7t/\xa8\xdcW\
\x1e\xa9\x09\xe0^hk\x7f\x10\xd4#!\xcd\xf9:\xe1\
\xbd|\xddA\xf3\x88\xe3\xba\xfa\x11\xd8\xf4\xe59=J\
+\xe8s\xe3\xfb\x1av\xc7\xd7u\xba\xab\xecMiI\
(\xf7\x82\xb3\x09\xe2\xe1\xff\xbe\xbc\x95\x0a\x00\xb2\xac\xdf\
\xbf}\xbe&\xd4G\xc7dQ\xd4\xb7S\xf5\xd7\x19\xca\
G\xe7\x88\xed\xa8\xfc\xbe\xf4\x06PX\xbe\x97U\xfay\
%\xb8fE\x01\xabt\x8fP\xed\xd2\x1b\xeaG}\xfe\
\xbe]\x02K\x0f\x0a]\x9d(o\xd2\x1d\xd36\x14\xde\
n\x9fg\x19\xf6\x9dU\xcb\xd8v\x85\xb7\xcf\xa1\xb2[\
%NK\xcf\xb7\xdcf\xc4$\xf7\x08\xcd^(\xb7\xb2\
\x0e r;\x14\xa5\x00\x8f\xff}\x82[\xe7\xc9\xfc\x00\
\x00\xb1\xe9\xcf\xdd]\xf6>\xa0\xf0n\x98\xc9\xd8\xef\x0f\
ZN\xf7<c\xa6\x15p\xac\x12\x09JZQ\xc2*\
\xdd\x99\xde\x08*o\xaa\x8b\xd4D\xf5H\xf8wu\xed\
\x14\x09\x00C\xde\xff\xba\xc2\x11h,\x9f\xaf?\xbe?\
\xd1\xdd\xe5\xb7\xae\xf5\xe6]\xa5\x11\x93\xb4\xcc\x98u\x06\
\x99\xda\x0b\xece\xf6J\x00\x19\x84\xfe\x18\x18n\x0b}\
g\xc9\xbbl\xf9:\xed\x1a\xdc\xb4\x82\xac\xbe?\x0d\x83\
t\xfb\x19Vi\x95\x9c \xb9\x15u\xac\xd27\xa6\xef\
\x1fL\xb2\xc2\xb9\x1eP\xee\xd4\x11\xf2\x1aj6\xec{\
3\xb4\xbf\xff>\xc7\xc7\xe4\xceR\xf6\xad\xd3X\xa6v\
\x99\x00\x81\xbb\xd2\xb2 \xee\xcdK\xca\xf7\xf5w\xb5\xcd\
\xfd{\xda\x8dL`\xf7\xdc\xc3(\xbd\x01\x18\x96\xefu\
\x95V\xe9\xae\x04\xdb\xac(e\x95\xde:\xdd/\xa0#\
}S}y\x83\xc0\xef\xf6G~\x8e\xbb\xa4\xfb=m\
\x97\x9b\xdeu\xec7>\xc3wH\xf7\x09\xdc\x91 \x7f\
K\xb0P\xd1\x12[\xde\xd7\xfe\xfb\x04\x0d\xd2}\xcf\xb1\
J\xabtWZ\x01\xc8*}\xa7\xf4VB\xf8\xde6\
\x90\x5c\xd6\x0d$\xb8,\xec\xf3\x1aj\xdd4\x95\xf8\xbf\
o\xba\xe8\x8e]\xbe\xe4\xe88\xef\xdcO\xf0Km\xbb\
\xd4\x8b\xe9\xbb\xd20=\x8a\x13Y\x84\xf1\xads-B\
\xd0/\xdd\xff-\xf1\x9f\x82|1.\x1f\xe7\x86ww\
ozK@X\x01\xc7*}\x97\xf4\x16\x14\xb8J\xab\
\xf4\xdd\xd3\x7f\x0fh\xc6i\xec\x13Y.\xbd\x07@T\
t\xd7qw\xa5\xac\xbc\x8b%\xdeTWn\x15\xdf\xa9\
\x0dHH\x9b\xe5\x86\xda\xc5\xe8\xd8;\x8f\xbb/\xbd\x85\
\xd0_\x01\xc3*\xfd-\xd3\x0a@V\xe9\x07K\xdf'\
\x98\xf4iYsq\xe1\x08V\x86\xf4\x1d\xce\xff\xd6\xe9\
\x0ea\xad\x92;\xcaI\xdf\x0a,H\xf7\x9cg9\xad\
@c\x95~\xa8\xb4\x02\x90U\xfaQ\xd2[\x81I\xa6\
o\xd3v)\xdd\x09.\x99\xdeP\xf5V\xe9-8\xe7\
[\x83D\xa6o\x01\x02+\xc0X\xa5\x1f+\xad\x00d\
\x95\xde\xd9\xf4\xad@&\xd3w9\xe6\x87J\xdfA\xd0\
\xaf\xc0a\x95\xde\xe5\xb4\x02\x90U\xfa\xc9\xa5\xef\x04,\
w\xa5\xef\xe3<\xdf\xa3\x80_\x81\xc5*\xfd\xd4\xd2\xff\
\x0f\xd7\x11\xa8S\xbe\x88{k\x00\x00\x00\x00IEN\
D\xaeB`\x82\
\x00\x007^\
\xff\
\xd8\xff\xdb\x00C\x00\x01\x01\x01\x01\x01\x01\x01\x01\x01\x01\
\x01\x01\x01\x01\x01\x02\x02\x01\x01\x01\x01\x03\x02\x02\x02\x02\
\x03\x03\x04\x04\x03\x03\x03\x03\x04\x04\x06\x05\x04\x04\x05\x04\
\x03\x03\x05\x07\x05\x05\x06\x06\x06\x06\x06\x04\x05\x07\x07\x07\
\x06\x07\x06\x06\x06\x06\xff\xdb\x00C\x01\x01\x01\x01\x01\x01\
\x01\x03\x02\x02\x03\x06\x04\x03\x04\x06\x06\x06\x06\x06\x06\x06\
\x06\x06\x06\x06\x06\x06\x06\x06\x06\x06\x06\x06\x06\x06\x06\x06\
\x06\x06\x06\x06\x06\x06\x06\x06\x06\x06\x06\x06\x06\x06\x06\x06\
\x06\x06\x06\x06\x06\x06\x06\x06\x06\x06\x06\xff\xc0\x00\x11\x08\
\x01\x12\x03R\x03\x01\x22\x00\x02\x11\x01\x03\x11\x01\xff\xc4\
\x00\x1f\x00\x00\x01\x05\x01\x01\x01\x01\x01\x01\x00\x00\x00\x00\
\x00\x00\x00\x00\x01\x02\x03\x04\x05\x06\x07\x08\x09\x0a\x0b\xff\
\xc4\x00\xb5\x10\x00\x02\x01\x03\x03\x02\x04\x03\x05\x05\x04\x04\
\x00\x00\x01}\x01\x02\x03\x00\x04\x11\x05\x12!1A\x06\
\x13Qa\x07\x22q\x142\x81\x91\xa1\x08#B\xb1\xc1\
\x15R\xd1\xf0$3br\x82\x09\x0a\x16\x17\x18\x19\x1a\
%&'()*456789:CDE\
FGHIJSTUVWXYZcde\
fghijstuvwxyz\x83\x84\x85\
\x86\x87\x88\x89\x8a\x92\x93\x94\x95\x96\x97\x98\x99\x9a\xa2\xa3\
\xa4\xa5\xa6\xa7\xa8\xa9\xaa\xb2\xb3\xb4\xb5\xb6\xb7\xb8\xb9\xba\
\xc2\xc3\xc4\xc5\xc6\xc7\xc8\xc9\xca\xd2\xd3\xd4\xd5\xd6\xd7\xd8\
\xd9\xda\xe1\xe2\xe3\xe4\xe5\xe6\xe7\xe8\xe9\xea\xf1\xf2\xf3\xf4\
\xf5\xf6\xf7\xf8\xf9\xfa\xff\xc4\x00\x1f\x01\x00\x03\x01\x01\x01\
\x01\x01\x01\x01\x01\x01\x00\x00\x00\x00\x00\x00\x01\x02\x03\x04\
\x05\x06\x07\x08\x09\x0a\x0b\xff\xc4\x00\xb5\x11\x00\x02\x01\x02\
\x04\x04\x03\x04\x07\x05\x04\x04\x00\x01\x02w\x00\x01\x02\x03\
\x11\x04\x05!1\x06\x12AQ\x07aq\x13\x222\x81\
\x08\x14B\x91\xa1\xb1\xc1\x09#3R\xf0\x15br\xd1\
\x0a\x16$4\xe1%\xf1\x17\x18\x19\x1a&'()*\
56789:CDEFGHIJST\
UVWXYZcdefghijst\
uvwxyz\x82\x83\x84\x85\x86\x87\x88\x89\x8a\x92\
\x93\x94\x95\x96\x97\x98\x99\x9a\xa2\xa3\xa4\xa5\xa6\xa7\xa8\xa9\
\xaa\xb2\xb3\xb4\xb5\xb6\xb7\xb8\xb9\xba\xc2\xc3\xc4\xc5\xc6\xc7\
\xc8\xc9\xca\xd2\xd3\xd4\xd5\xd6\xd7\xd8\xd9\xda\xe2\xe3\xe4\xe5\
\xe6\xe7\xe8\xe9\xea\xf2\xf3\xf4\xf5\xf6\xf7\xf8\xf9\xfa\xff\xda\
\x00\x0c\x03\x01\x00\x02\x11\x03\x11\x00?\x00\xff\x00?\xfa\
(\xa2\x80\x0a(\xa2\x80\x0a(\xa2\x80\x0a(\xa2\x80\x0a\
(\xa2\x80\x0a(\xa2\x80\x0a(\xa2\x80\x0a(\xa2\x80\x0a\
(\xa2\x80\x0a(\xa2\x80\x0a(\xa2\x80\x0a(\xa2\x80\x0a\
(\xa2\x80\x0a(\xa2\x80\x0a(\xa2\x80\x0a(\xa2\x80\x0a\
(\xa2\x80\x0a(\xa2\x80\x0a(\xa2\x80\x0a(\xa2\x80\x0a\
(\xa2\x80\x0a(\xa2\x80\x0a(\xa2\x80\x0a(\xa2\x80\x0a\
(\xa2\x80\x0a(\xa2\x80\x0a(\xa2\x80\x0a(\xa2\x80\x0a\
(\xa2\x80\x0a(\xa2\x80\x0a(\xa2\x80\x0a(\xa2\x80\x0a\
(\xa2\x80\x0a(\xa2\x80\x0a(\xa2\x80\x0a(\xa2\x80\x0a\
(\xa2\x80\x0a(\xa2\x80\x0a(\xa2\x80\x0a(\xa2\x80\x0a\
(\xa2\x80\x0a(\xa2\x80\x0a(\xa2\x80\x0a(\xa2\x80\x0a\
(\xa2\x80\x0a(\xa2\x80\x0a(\xa2\x80\x0a(\xa2\x80\x0a\
(\xa2\x80\x0a(\xa2\x80\x0a(\xa2\x80\x0a(\xa2\x80\x0a\
(\xa2\x80\x0a(\xa2\x80\x0a(\xa2\x80\x0a(\xa2\x80\x0a\
(\xa2\x80\x0a(\xa2\x80\x0a(\xa2\x80\x0a(\xa2\x80\x0a\
(\xa2\x80\x0a(\xa2\x80\x0a(\xa2\x80\x0a(\xa2\x80\x0a\
(\xa2\x80\x0a(\xa2\x80\x0a(\xa2\x80\x0a(\xa2\x80\x0a\
(\xa2\x80\x0a(\xa2\x80\x0a(\xa2\x80\x0a(\xa2\x80\x0a\
(\xa2\x80\x0a(\xa2\x80\x0a(\xa2\x80\x0a(\xa2\x80\x0a\
(\xa2\x80\x0a(\xa2\x80\x0a(\xa2\x80\x0a(\xa2\x80\x0a\
(\xa2\x80\x0a(\xa2\x80\x0a(\xa2\x80\x0a(\xa2\x80\x0a\
(\xa2\x80\x0a(\xa2\x80\x0a(\xa2\x80\x0a(\xa2\x80\x0a\
(\xa2\x80\x0a(\xa2\x80\x0a(\xa2\x80\x0a(\xa2\x80\x0a\
(\xa2\x80\x0a(\xa2\x80\x0a(\xa2\x80\x0a(\xa2\x80\x0a\
(\xa2\x80\x0a(\xa2\x80\x0a(\xa2\x80\x0a(\xa2\x80\x0a\
(\xa2\x80\x0a(\xa2\x80\x0a(\xa2\x80\x0a(\xa2\x80\x0a\
(\xa2\x80\x0a(\xa2\x80\x0a(\xa2\x80\x0a(\xa2\x80\x0a\
(\xa2\x80\x0a(\xa2\x80\x0a(\xa2\x80\x0a(\xa2\x80\x0a\
(\xa2\x80\x0a(\xa2\x80\x0a(\xa2\x80\x0a(\xa2\x80\x0a\
(\xa2\x80\x0a(\xa2\x80\x0a(\xa2\x80\x0a(\xa2\x80\x0a\
(\xa2\x80\x0a(\xa2\x80\x0a(\xa2\x80\x0a(\xa2\x80\x0a\
(\xa2\x80\x0a(\xa2\x80\x0a(\xa2\x80\x0a(\xa2\x80\x0a\
(\xa2\x80\x0a(\xa2\x80\x0a(\xa2\x80\x0a(\xa2\x80\x0a\
(\xa2\x80\x0a(\xa2\x80\x0a(\xa2\x80\x0a(\xa2\x80\x0a\
(\xa2\x80\x0a(\xa2\x80\x0a(\xa2\x80\x0a(\xa2\x80\x0a\
(\xa2\x80\x0a(\xa2\x80\x0a(\xa2\x80\x0a(\xa2\x80\x0a\
(\xa2\x80\x0a(\xa2\x80\x0a(\xa2\x80\x0a(\xa2\x80\x0a\
(\xa2\x80\x0a(\xa2\x80\x0a(\xa2\x80\x0a(\xa2\x80\x0a\
(\xa2\x80\x0a(\xa2\x80\x0a(\xa2\x80\x0a(\xa2\x80\x0a\
(\xa2\x80\x0a(\xa2\x80\x0a(\xa2\x80\x0a(\xa2\x80\x0a\
(\xa2\x80\x0a(\xa2\x80\x0a(\xa2\x80\x0a(\xa2\x80\x0a\
(\xa2\x80\x0a(\xa2\x80\x0a(\xa2\x80\x0a(\xa2\x80\x0a\
(\xa2\x80\x0a(\xa2\x80\x0a(\xa2\x80\x0a(\xa2\x80\x0a\
(\xa2\x80\x0a(\xa2\x80\x0a(\xa2\x80\x0a(\xa2\x80\x0a\
(\xa2\x80\x0a(\xa2\x80\x0a(\xa2\x80\x0a(\xa2\x80\x0a\
(\xa2\x80\x0a(\xa2\x80\x0a(\xa2\x80\x0a(\xa2\x80\x0a\
(\xa2\x80\x0a(\xa2\x80\x0a(\xa2\x80\x0a(\xa2\x80\x0a\
(\xa2\x80\x0a(\xa2\x80\x0a(\xa2\x80\x0a(\xa2\x80\x0a\
(\xa2\x80\x0a(\xa2\x80\x0a(\xa2\x80\x0a(\xa2\x80\x0a\
(\xa2\x80\x0a(\xa2\x80\x0a(\xa2\x80\x0a(\xa2\x80\x0a\
(\xa2\x80\x0a(\xa2\x80\x0a(\xa2\x80\x0a(\xa2\x80\x0a\
(\xa2\x80\x0a(\xa2\x80\x0a(\xa2\x80\x0a(\xa2\x80\x0a\
(\xa2\x80\x0a(\xa2\x80\x0a(\xa2\x80\x0a(\xa2\x80\x0a\
(\xa2\x80\x0a(\xa2\x80\x0a(\xa2\x80\x0a(\xa2\x80\x0a\
(\xa2\x80\x0a(\xa2\x80\x0a(\xa2\x80\x0a(\xa2\x80\x0a\
(\xa2\x80\x0a(\xa2\x80\x0a(\xa2\x80\x0a(\xa2\x80\x0a\
(\xa2\x80\x0a*H\xa2\x92gX\xe2G\x92G`\x12\
4RK\x12p\x00\x03\xa9$\xd1$RB\xc5%F\
\x8d\xd5\x88dq\x86\x04\x1c\x10Gc\x9a\x00\x8e\x8a(\
\xa0\x02\x8a(\xa0\x02\x8a(\xa0\x02\x8a(\xa0\x05\x00\x92\
\x00\x19'\xa0\xaf\xb5\xbe\x0e~\xc4?\x13>7\xfc\x05\
\xf1\xbf\xc6_\x04\x83\x7f\xa9\xf8_\xc4\x82\xd7D\xf0H\
\xb6\xff\x00H\xd6\xad\xa0\x87}\xfb\xda6y\x9a#$\
\x01b#\xf7\xb9\x90)\xde\xaa\xad\xf1\xae\x9a\xb6M\xa8\
X\xae\xa4\xf7Q\xe9\xcdw\x18\xbf\x92\xc5\x03L\xb0n\
\x1ea\x8c\x12\x01p\xb9\xc0<g\x15\xfdV|$\xfd\
\xa0>\x04h>\x0f\xf0\xf7\x87~\x17\xe9\x9aV\x87\xe0\
\xad\x1bO\xb6O\x0f}\x91R(%\xb5d\x0c\xd2\xa8\
BI\x98\xb1&S \x0e\xd2\x17,I5\xc7\x8c\xc4\
N\x84W*\xd5\x9fA\x90ex|\xc6\xa4\xddYZ\
1_=tO\xe4~\x12|\x13\xfd\x81?h\x1f\x8a\
\xde<\xd1|/\xe2O\x04x\xbb\xe1?\x86\xef\xf4\xc7\
\xbf\xd4\xfcq\xe3\x9f\x08\xdc\xdbZZ\xd9#\xec;U\
\xd5|\xc9\xd9\xb0\xab\x0eU\x8f,p\x80\xb5|\xa1\xe3\
\xcf\x04\xf8\x83\xe1\xd7\x8c\xbcO\xe0_\x13\xd9=\x87\x88\
<#\xad\xdc\xd8k\x16\xcc\x0e\x16x\x1c\xab\x15$\x0d\
\xcap\x19[\xba\xb0#\xad\x7fX\xb6_\xb5O\x82\xf5\
A\x7f\x0c\xd6\xb7\x96&\xca\xe1\x04\xc3X\x08\x91\xc8\xad\
\x9f\x99\x1a7|\x90\x14\x1c\x1c\x11\x91\x9cf\xbf-?\
\xe0\xa3>%\xfd\x9f>#\xf8\x02?\x18\xe9\xda\x1d\xbf\
\x87\xbe0\xd8\xf8\x9a\x1bm'U\xb3\xb3\x85.\xf5\xab\
\x1d\xa5e[\xb2\x8cL\x90\xa2(x\xe4|\xba\x95\x09\
\xf7[\x03\x9e\x86:\xac\xeb\xa8\xca6L\xf4\xb3\x1e\x1d\
\xc1\xe1\xf2\xe7R\x8dK\xca:\xbb\xe9t\xf4\xb2G\xe2\
\xb5\x14\x1a+\xd4>4(\xa2\x8a\x00)\xc8\xbb\x8e?\
?\xa56\xbe\x9c\xfd\x8f<'\xf0\xbb\xc6\x7f\xb4\x1f\x80\
\xb4_\x8cW\xd0A\xe0Su4\xf7\xfa]\xcb\xbcq\
\xea\xb3\xc5\x1b5\xbd\x8bH\xa4lY\xa4\x0a\x18\xe4e\
C( \xb052\x92\x8c[5\xa3JU\xebF\x0b\
v\xd2\xfb\xce\xaf\xc6_\xb0\xd7\xc7\xdf\x0f\xf8#\xe1/\
\xc4/\x0b\xf8\x1b\xc4\xdf\x12<5\xf1[\xc16\x9a\xb5\
\xbc\x9e\x08\xf0\xec\xf7\xf7:d\xd3G\xbc\xda\xdeC\x08\
v\x8c\xec(\xe9!\xf9\x1d\x5c\x0e\x1d]\x17\xa3\xf1\xf7\
\xec!\xf1K\xe1\xcf\xec\xb5\xa1\xfe\xd1\x9e'\xb3\xd4t\
k\xfb\xbf\x13\xc9\x0f\x89>\x1d\xea\xdaL\x96\xba\x86\x95\
\xa3\xca\xeb\x0d\x95\xed\xc2\xb8\x0c\x85\xee\x15\xd5\xa3`\x0a\
\xa4\xb07\xf10\x1f\xd2^\x95\xfbA\xfc8\xb23i\
\xda$\xd1ZC\xa5I\x1d\xb4\xb0\x98\xda\xda\x08aT\
\x1b\x05\xba\xed\x0a\xd1\xa8\x0a\xa1S\x81\x8cq\x8cW\x0f\
\xe2_\xda\xa7\xe1\xad\xf7\x86<C'\x89\xb4}2]\
\x11-nm\xf5\x8d\x1b\xc6\xd0\xc0-\xae\xe11\x8d\xc9\
),\xf1\xf9M\xb8\xabo\xce0x\xc8\xaf\x1a9\x96\
%\xb5\xee\xe9\xfav>\xfe\xaf\x0ae\x94\xa4\xe2\xeaZ\
Mi}\x93v\xd6\xfd\xba\xfa\x1f\xc8\x1b\x02\x09\x04`\
\x83\xc8\xa4\xafg\xf1\xa7\xc3\xbdSYO\x89\x7f\x16~\
\x1d\xf8?Z\x1f\x03t_\x89\x93i\x9a~\xbc\xb1\x99\
`\xd3\xd6\xe9\xe4\x93O\xb7\x99\xb3\xb9s\x0a\xa8\x0c\xc3\
\x19\xda\x09\xdc\xca\x0f\x8c\x95 \xe3\x8e\xbe\xb5\xedFJ\
H\xfc\xfe\xa59S\x95\x9f\xfc?\xa0\x94W\xaa|B\
\xf87\xe3\xcf\x86>\x1e\xf8]\xe2\x7f\x17\xe8\xe7L\xd2\
~/x,\xeb\xde\x0d\x98\xc9\x935\x87\xda$\x84\x17\
_\xe1c\xe5$\x80w\x8eh\x9b\xf8\xb8\xf2\xba\x13R\
Z\x138N\x9c\xad%f\x14QE2B\x8a(\xa0\
\x02\x8a(\xa0\x02\x8a(\xa0\x02\x8a(\xa0\x02\x8a(\xa0\
\x02\x8a(\xa0\x02\x8a(\xa0\x02\x8a(\xa0\x02\x8a(\xa0\
\x02\x8a(\xa0\x02\x8a(\xa0\x02\x8a(\xa0\x02\x8a(\xa0\
\x02\x8a(\xa0\x02\x8a(\xa0\x02\x8a(\xa0\x02\x8a(\xa0\
\x02\x8a(\xa0\x02\x8a(\xa0\x02\x8a(\xa0\x02\x8a(\xa0\
\x02\x8a(\xa0\x02\x8a(\xa0\x02\x8a(\xa0\x02\x8a(\xa0\
\x02\x8a(\xa0\x02\x8a(\xa0\x02\x8a(\xa0\x02\x8a(\xa0\
\x02\x8a(\xa0\x02\x8a(\xa0\x02\x8a(\xa0\x02\x8a(\xa0\
\x02\x8a(\xa0\x02\x8a(\xa0\x02\x8a(\xa0\x02\x8a(\xa0\
\x02\x8a(\xa0\x02\xbf`\xbf\xe0\x9a?\xb2\xb7\xc3\xaf\x8d\
^\x0a\xf8\xd7\xe2o\x8a\xde\x1a\x83\xc4z\x0d\xfb\xd9\xf8\
\x7f\xc3\x85\xf7E=\xa5\xc8\x1fi\xba\xba\xb5\x9c\x7f\xab\
\x9d\x01\xb5P\xeb\x9c\x07u \xab\x10\x7f>\x7fg\xbf\
\xd9\xb7\xe2\x7f\xed/\xe2\xeb\x9f\x09|6\xd3\xacd}\
.\xc5n\xbcA\xaekw\xe2\xd6\xc3O\xb6g\x08\xb2\
M&\x0b\x12X\xe1Q\x15\x9d\xb0p0\x09\x1f\xd4g\
\xec\xd1\xf0\x22\x0f\xd9\xe3\xe0\xef\x85>\x16ZjV\xba\
\xe5\xd6\x8e\xd7W:\xee\xbdml`K\xdb\xfb\x99K\
\xcb*\xa3\x12\xc1B\xf9q\x8d\xdc\xed\x8c\x13\x8e\x83\xce\
\xcc1\x0a\x9d.X\xbfy\x9fS\xc3\x19T\xf1X\xc5\
V\xa4/M'\xbe\xcd\xec~\x03\xfe\xd6\xdf\xf0Oo\
\x89\x1f\xb3\xcc\xd7\xde.\xf0\x91\xbd\xf8\x8b\xf0\x87\xce\xfd\
\xdf\x88\xac\xac\xf7j:Z\xb1\xf9WR\xb7A\xf2\x8e\
\xc2x\xf3\x13\x1c\x03\xe5\xb3\x04\xaf\x8d\xed\xbe\x0e\xfcW\
\xbc\xd2\xec\xf5\xbb?\x86\x7f\x10\xae\xf4mE\xca\xd8j\
\xb6\xde\x0a\xbc\x92\xdev\x0a\x18\x84\x90E\xb5\xbeVS\
\xc1\xe8k\xfbE\x8d\xbc\x95\x1b\xa5\x00\xe0\xf2\x1b\x150\
\xbd\x95yK\xb9\x90\x00\x07\xcb;\x0e=:\xf4\xaeJ\
y\xa5H\xc6\xd2Wg\xbb_\x83\xb0\x95+9Bn\
1\xedk\xfe7?\x0e\xbf\xe0\x9b\x9f\xb0\xed\xd5\xad\xde\
\x9b\xfbD|d\xd0.,f\xd2\xee\x8c\x9f\x0a\xbc!\
\xacZ\xecs:\x17V\xd4\xee\xe0u\xdc\xbb\x1c~\xe1\
\x18\x02Xy\xa4\x00\xb1\x96\xf1o\xf8)\xb7\xec\x9b\xff\
\x00\x0a\xdf\xc62|y\xf0.\x9e\xb1x\x07\xe2\x0e\xac\
G\x8bt\xdb(0\x9aN\xbd(,\xd2`\x0c,\x17\
E]\xd7\xb2\xcb\xe6/\x01\xa3\x07\xfa(\x92\xea7\xdc\
d\x94\xc8\xccyvl\x93\xf55\xc3\xf8\xd3\xc1\xfe\x07\
\xf8\x9d\xe1\x0f\x10\xf8#\xc5\xf6\x96\x9e!\xf0\x97\x8a4\
\xe9-5\xbd-\xee>Y\x22$\x1f\x96E9GG\
Tuu!\x91\xd5X\x10@\xaca\x8e\xad\xf5\x8ey\
m\xdb\xc8\xed\xad\xc3\x98?\xec\xaf\xab\xc3\xe2\xddI\xef\
~\xef\xcb\xa1\xfcU\x91\x82G\xa5%~\xa3\xfe\xdd\x9f\
\xb0]\x8f\xc0;\x1b\x7f\x89\x9f\x08\xae<A\xae|3\
f\x10\xf8\xb2\xc3[\xbaK\x9b\xbd\x0e\xe5\xe4\x0b\x0b\x99\
UT\xc9m!u@\xc5s\x1b\x80\x18\x9d\xeak\xf2\
\xe3\xa7Z\xf7\xa9U\x85hsGc\xf3lf\x0b\x11\
\x80\xc4:u\x15\x9a\xfb\x9f\xa0QE\x15\xa1\xca\x14Q\
E\x00\x14QE\x00\x03\x8a\xfa\xaf\xf6?\xf8Q\xe3/\
\x8e\x7f\x184\xef\x87\x1e\x19\xf1\xa5\xef\x82,d\xd3.\
\xf5/\x12kV\xce_\xc9\xb1\xb5@d+\x0e\xe0\xaf\
#\x16\x8d\x17<\x02\xe0\x9e\x01\xaf\x95+\xd9\xbe\x04\xfc\
X\x9f\xe0\xef\x8e\x1b\xc4\xa2\xc6MKL\xd4t;\xbd\
7\xc4\x166\xd7>D\xf2X\xcf\xb4\xbf\x93.\x0e\xc7\
\x0d\x1a\x10pz\x11\xde\xb3\xaa\xa4\xe9\xbe]\xce\x9c\x1b\
\xa3\x1cT]O\x86\xfa\xfa\x1f\xd2\xf6\xa1\xfb\x0b|\x1e\
\xbb\xf0\x8e\xa1\xa0\xc1'\x8alo.4\x7f*\xdb\xc6\
\x0b\xe3K\xc9\xb5\x08$\x11\x90\xb7\x09\xbaA\x16\xec\x9d\
\xc4\x14\x11\xbe\x00\xda\x17\x00\x7f5\x1f\xb4O\xc2\xdf\x14\
\xfc\x14\xf8\xc7\xe3O\x86~/\xd6\x97\xc4Z\xcf\x86/\
\xd1\x13\xc4\x11\xb4\x85/\xad%\x89f\xb6\xb8P\xfc\xa8\
x\xa5\x8d\xb6\xe4\xed$\x80H\x19?\xd5\x06\x9d\xa5=\
\xff\x00\xc0\xf8\xfc\x12\x97\xba\xaf\x85\xec\xef<\x0f\x1a\xe9\
77:\xda]\xeapi\xee\x11\x92Q!9\x93`\
\x95W$aT\xa8 d\x0a\xfe`?j\xef\x1b\xdf\
x\xdb\xe3w\x8bM\xec\xfa\xad\xd2\xf8>a\xe1\xdb\x1b\
\xbdr\xe5&\xbc\x96\xdfLf\x81\x1eY\x11T1;\
\x09\x07\x1fw\x15\xe6e\xb3\xa8\xe6\xd3wG\xd7qU\
\x1c\x1c0\xd4\xe5\x08\xda^_\x97\xe4\xcf\x9ch\xa2\x8a\
\xf5\xcf\x88\x0a(\xa2\x80\x0a\x92)\x1e'Y\x11\xda7\
R\x0aH\x87\x05H\xe8A\xf5\x15\x1d\x14\x06\xc7\xef\x07\
\xfc\x13\x8b\xf6Z\xd4\xbe1x\x06\xe7\xe2\xdf\xc5_\x1a\
x\x8fV\xf0\xbd\xfe\xa5}\xa6\xf8G\xc1\xb1\xea\x92F\
\xb2}\x94\xa2\xcdu5\xd2H&\x18\x91\xd9\x125 \
|\x8c\xcf\x90TU\xef\xf8(\xef\xecG\x17\x85~\x1d\
\xda|U\xf8Q\xaax\xa0Y\xe9\xfa\xc6\x9d\xa6x\x9b\
\xe1\xb0\xd5.\xb5\x18n~\xdbp \xb5\xb8\xb4Wv\
\x7f;\xcfx\xa3h\xc6\xe0\xfeb\x15\x0a\xca\xdb\xb8\x1f\
\xf8%\x9f\xc5-{\xc4z\xb6\x97\xf0\xb61\xe2(\xe1\
\xf8K\x16\xab\xe2\x1d;\xfb\x1a\xee8\xec\xae\xad.\xe4\
\x8e;\x88o\x91\x86[k\xccYv\xb0\xdd\x9cc\xe5\
\xaf\xde\x0bK\xab(\xbcE7\x89.\xf5{\x9b\x97\xb8\
\xd0m\xa0\xb3\xd3\xa0\xbdIt\xf1\x17\x98fK\x98\xc2\
\xe44\x8e\x19\x06\xfc\xe0\x04\x05y$\xd7\xcf\xe2+W\
\xc3\xe3o\xd3\xb1\xfa^W\x80\xc0\xe6\x99\x1a\x85\xb5{\
\xbe\xb7\xea\xfe\xfe\x87\xc7\x9f\xb1/\xec\xbb\x1f\xc3/\xd9\
\x1c|!\xf8\xd3\xe0\xc8\x0e\xa9\xf13P\xd5o\xbe(\
x/Y\xf2\xdcl\xb8d\x8a\x1byZ6?2\xdb\
\xda\xdb\xb8em\xd1\xbb\x02\x0a\xb2`|\xad\xa8\xff\x00\
\xc1\x15|\x0dq\xae\xa6\xa5\xa3|q\xf1\x0d\xbe\x80\xfa\
\xb2K/\x87\xb5?\x06G,\xa6\xc8\xdc\xee{u\xbc\
K\x80w}\x9c\xec\x12\x18\xced\x1b\xc8\x00\xed\x1f\xb0\
Z\x97\x8d\xfc7\xa6[\xcd\xa8\xea\xb7\x9666v\xc8\
Zk\x9b\xd9U\x11\x14\x0c\x9c\x93\xec:u\xaa?\xf0\
\xb2t\xbb\xb4\xb1\xb9\xd1\xe4\xb6\xd5t\xdb\xb7\x22MF\
\xcbP\x88\xc7\x12\x01\x90\xdd~~p0\xbc\x8a\xe6\x8e\
6\xacj\xcb\x95\xd9\xbdl{\xd5x\x7f/\x9e\x0a\x9f\
\xb5\xa7xC\xddO_-.\xbe\xfby\xb3\xe1\xbf\xf8\
)\xaf\xec\xe5\x07\xc5/\xd9\x84\xdd\xf87Bf\xf1\x07\
\xc0\xa1\x1e\xa5\xe1\x1d3M\xb1\xf3\xa6:4q-\xbd\
\xe5\x9cx\x05\xb6\xad\xba\xc5.\x07Sj=k\xf9L\
#\x07\x1f\xad\x7fk\xeb\xf1\xeb\xc3\xfa\x8e\xb1\xa8x\x7f\
E\x93S\x1a\xb5\x89\xbdHo\xf5\x1d\x12xt\xc7\x9e\
\xcd\xd1.\x11.H\x01\xf6<\xaa\x0e\xcc\x8c\xf4<W\
\xf2\xf1\xff\x00\x05\x0b\xd3|5\xa7\xfe\xd5\xbf\x11\x9b\xc2\
>\x19\xd3|+\xa0\xea1i\xb76\xd6:6\x9e\x96\
\xb6\x93L\xf6\x91\x8b\x9b\x88\xa2@\x15D\x93\xac\xccp\
\x00-\xb8\xe3\x9e},\xb2\xb4\x92\xf6o\xd5\x1f!\xc5\
\xf8\x0a2\xb6*\x9b\xed\x17\xeb\xad\xbf\x0d\x0f\x89\xa8\xa2\
\x8a\xf5\xcf\x85\x0a(\xa2\x80\x0a(\xa2\x80\x0a(\xa2\x80\
\x0a(\xa2\x80\x0a(\xa2\x80\x0a(\xa2\x80\x0a(\xa2\x80\
\x0a(\xa2\x80\x0a(\xa2\x80\x0a(\xa2\x80\x0a(\xa2\x80\
\x0a(\xa2\x80\x0a(\xa2\x80\x0a(\xa2\x80\x0a(\xa2\x80\
\x0a(\xa2\x80\x0a(\xa2\x80\x0a(\xa2\x80\x0a(\xa2\x80\
\x0a(\xa2\x80\x0a(\xa2\x80\x0a(\xa2\x80\x0a(\xa2\x80\
\x0a(\xa2\x80\x0a(\xa2\x80\x0a(\xa2\x80\x0a(\xa2\x80\
\x0a(\xa2\x80\x0a(\xa2\x80\x0a(\xa2\x80\x0a(\xa2\x80\
\x0a(\xa2\x80\x0a(\xa2\x80\x0a(\xa2\x80\x0a(\xa2\x80\
\x0a(\xa2\x80\x0a(\xa2\x80\x0a\x01\xc7\xa7\xe2(\xa2\x80\
?x\xbf\xe0\x99\xfe;\xf8a\xe0\xff\x00\x83:\xdd\x86\
\x8d\xa9[\xb7\xc4M_\xc4\xafs\xf1\x02\xdeu\x11\xdc\
\xc7\x1af;\x05L\xf2\xd0\x08\xcb\xb0a\x91\xe6K \
88\xaf\xb8\xfcg\xfbGj\x9e\x1e\x9bM\x8bA\xf0\
\xb5\xc7\x89\xe2\xb9\xbd\x85.\xee!\xbfX\x96(\xdd\xb0\
\xdc\x91\x80G\x079 \x0c\xe4\x01_\xcb\x0f\x84|a\
\xe2\x0f\x04k\x96\x9e!\xf0\xde\xa3>\x9d\xa9\xd9\x82\x12\
H\x9b\xe5\x926\xfb\xf1\xc8\xbd\x19\x18uS\xf5\xea\x01\
\x1fOi_\xb6\x1f\x8c\x94,Z\xd6\x99\x0d\xc8<<\
\xdam\xe3Dq\xc6~W\xdd\xef\xde\xbc\x8cn]S\
\x11&\xe3+6}\xdf\x0fqf\x1b+\x8c#Z\x92\
\x9cc\xa5\x9d\xd2~~\xebO\xf1?\xa1+\x9f\x8c\x16\
\x1a\xee\x99i\xf6\xcb\xadKI\xb8%%\x9e\x0d/V\
0\xc8\x8e\x07(\x5c\x0f\x99\x7f,\xfbW7\xe3/\x8c\
^\x22\xbb\x8bI\x8b\xc2Z\xfe\x99\xa0\x05\xd6\x15\xbcA\
{}\xa5-\xec\xa6\xc3\xcb}\xcbm\x1b\x1d\xa2]\xfe\
V\x0b\x020\x1b\xbe+\xf2\xff\x00\xe0\xff\x00\x89~(\
\xfcc\x86\xdbP\xf0\x9f\x84\xbcC\x06\x85qu\xe4\xaf\
\x88\xb5X\x96;F\x94\x1cH\xb1\x10\xc5\xa6\xdar\x09\
A\x80x$\x1e+\xf5\x0bE\xfd\x9e\xf4M\x07\xc3:\
m\xff\x00\x8a-\xb5\x9f\x16\xeay\x12\xea\xb1F$\xb7\
'\xe5?\xbb]\xb2\x80\xab\xbbo\xfbX\xcf9\xaeJ\
\x94\xa3A$\xcfg\x0f\x8e\xaf\x98\xa9N\x0a\xd1}u\
\xfc:\x9c\x17\x84>8\xf8\xc3\xfb_\xc4w:\xe6\xb9\
\xa9\xea\x1e\x17{{X\xfc5\x0f\x88\xb4K[\x0b\xd3\
2\x9773\x18\xe0U+\x13f5U\x93\xe7\xf9I\
\xc0\x04T\xfa\xbf\xc7\x1bM?L\xb9\xd3\xf4\xb9\xe0\xd1\
\x04\xca\xdb&\xd2\xe3X\x8cL\x7f\x8d@\xc0\xdd\xfez\
W\x96\xf8\xcf\xf6t\xf8\x8d\xac&\xa9\xaax*\xea\xc7\
\xc2i\xfd\x8b%\xc6\x93\xa0x\x9fQ\xb8\xbe\x8a\xe2\xe6\
3\x99\x10]G\x0f\x99\x0c~X,<\xc4\x91\x8b\xfc\
\xa3#\xe6\x1f#\xdb\xfe\xcb\x7f\xb6\x0f\xc4\x1b\x0b\xadY\
\xb5\xbf\x87>\x14\xf0cX\xc7sm\xe2\xed7\xc5K\
\xa9Gui${\xc4\xd6\xed\x00\x91\xca\x0e\x84\x85V\
\x07$\x029\xad#G\x0fR-\xb7dsK\x1b\x99\
aj.X9Ku\xa5\xff\x00\xa5\xeaX\xfd\xa7\x7f\
i\xa9\xbc=\xf0WY\xf8K\xa6x\xc6\xff\x00\xc4\xbe\
$\xf1\x9a\xfd\x93R\xb9\xbd\xb9Y'\xb7\xd3\x0bn\x98\
8\x03\xe5\x0e\xaa\xb1\x00pHg#\xa5~A\x92I\
$\xf7\xaf~\xf8\xc3\xfb=\xfcQ\xf8E\xa7\xe9\xbe&\
\xf1\x8d\xbd\xb6\xa1\xa0\xf8\x87T\xb8\xb3\x83\xc4\xdam\xdc\
\x93D\xda\x84Ct\x90L%D\x9696\xe5\x97\xcc\
P\x1dAe,\x01#\xc0+\xd5\xc2P\xa3\x87\xa0\xa3\
\x0d\x8f\x8c\xcfs,\xc35\xcce[\x13\xf1\xbf$\xbc\
\xfa$\x82\x8a(\xae\x93\xc7\x14\x02\x7f\xfdt\x11\x82A\
\xed_\xa6_\xf0J\xcf\x84\x1a\x7f\xc4\xaf\xda*\xf7\xc4\
~ \xd1\xed\xf5\x8f\x0c\xfc4\xf0]\xed\xed\xe5\xa6\xa1\
j\x93\xdaMyx>\xc9m\x0c\xd1\xb6U\x81Y\xee\
\x1fi\x04\x1f(\xd7\xac~\xdd?\xf0M\xcb\xdf\x87K\
\xab\xfc_\xfd\x9f\xf4\xcb\xadO\xe1\xc5\xb5\xa3\xddx\xbb\
\xc0\xa2\xe5\xae/\xb4 \xa4o\x9e\xd79y\xec\xf0K\
\x15\xf9\xa4\x80)'t\x7f2\xf3K\x15J5\xfd\x9b\
\xdc\xf5i\xe4\xf8\xda\xb9w\xd6`\xaf\x1b\xb5n\xbau\
\xf4?\x1d(\xa5 \x82A\xc6A\xecsI]'\x94\
\x14\xe5 \x1eN8\xebM\xa7($\xe0c\xdf=(\
\x03\xf6\xf7G\xfd\xbe<\x1d\xe3]\x7f\xe0]\xe4\x16:\
\xdd\x8f\x8c\x9b\xe1\xdd\xff\x00\x83\xfcA\xe1\xbf\x0e\xe9R\
\xdd@\xcd\xa8-\xa8B\xb0\xaa\x96r\xb7Z|>Z\
\xa6\xe3\xb6pq\x95\x22\xbf4\xbfk\x8f\x86\x1e'\xf8\
I\xf1\xff\x00\xe2\x07\x85\xbcUg-\xb5\xf5\xce\xa4\xba\
\x95\xac\xcfs\xe7\xa5\xcd\xb5\xe2\x09VX\xe4\xc0\x0c\xa5\
\x99\xd7\xfd\x96FRIRO\xeb\xaf\xfc\x13\x03\xf65\
\x1e\x17\xd3l\x7fiO\x89\xdaAO\x11\xea\x96\xc4\xfc\
%\xd0u+B\xafaf\xdc6\xaa\xe8\xc0\x15\x9aQ\
\x91\x0f\xf7bc \xe5\xd0\x8fH\xff\x00\x82\xa8~\xce\
1\xfcL\xf8M\x07\xc6\x7f\x0fZ\xb4\x9e2\xf8;d\
\xe7X\x86\x08C5\xe7\x86\xe4\x933\xe4\xf5\xcd\xac\x8c\
f\x1f\xf4\xcd\xe7\xf6\xaf*\x9dj\x14q|\x91\xdbo\
\x99\xf6\xb8\x9c\xbb1\xc7\xe4\x8e\xbd_\x89{\xc9yZ\
\xcd\xfa\xbb'\xf2\xf3?\x9b\x0a)\xcc\xa5IS\x8c\x8f\
CM\xafT\xf8\xa0\xa2\x8a(\x00\xa2\x8a(\x03\xeeO\
\xd8+\xf6\x9a\xd2?f\x7f\x8a\xba\xfe\xb5\xe2kD\xb9\
\xf0\xbf\x8c<\x1b>\x99\xaa\xce\x03\xf9\x96\xee\xb2,\xd0\
\xba\xed\x04\xf2\xd1\x14\xe8ypx\x00\xd7\xd8\x1ag\xfc\
\x14\x0b\xc1\xbe\x1e\xf8o\xf0\xae\xc7F\xbe\xd6\xa5\x1e\x1a\
\xb3\x8f\xc3\x9a\x9e\x8d9\xf3/\xad\xac,\xd5\xc5\xb5\xe3\
\x1d\xaa%FO(a@*\x0e\xde\xa9\x86\xfc\x5c\x04\
\x8e\x87\x14\xe4\xdf\x90\x17<\x9a\xe7\x9e\x1a\x95I\xf33\
\xd5\xc2\xe7\x18\xec%\x05N\x0fE\x7f\xc5\xa7\xfa\x1f\xbc\
\xbf\xf0\xd6>\x1c\xf8\x85\xa7\xbe\x8en,\xbcKk\xa9\
@O\xf6|Ry\xad\x22\xe0\xf2a\x1f6G=F\
F=\xab\xab\xd3\xbe;^\xe9ZL\x16\xdan\x8d\xa9\
\xd9\xe9\x90\xae\xcb;{\x0d\x22E\x89F~\xea\x00\xb8\
\xea{W}\xff\x00\x04\xb9\xfd\x9bd\xf0G\xc0\x98\xfe\
3\xcf\xa2\xd8\x7f\xc2{\xf1v\xe2\xe4\xd9j\xba\x8c\xaf\
osg\xe1h\x9bd+\x03\x8d\xc1|\xf9\xa2\x96V\
 +:y`\x9c(\xcf\xbf~\xd0\x9f\x14>\x09\xfe\
\xcc\xdaO\x87\xbcS\xf1\x93G//\x8bn\xee#\xf0\
\xf6\x91\xa4\xb7\xf6\x8e\xabx\xd0\xa8i]avLF\
\xbb\x904\x84\x85\x06D\x04\xe4\xe2\xbcy\xc6\x8a\xc4\xb8\
\xc67kK\xf5>\xfb\x0fW4\x9eQ\x19W\xad\xc9\
M\xfb\xdc\xba\xf2\xab\xec\xed{]\xabt<{V\xf0\
\x7f\xc5}O\xe1\x8f\x89~)\xf8I4H|V4\
\x19^\xdfM\xf1L\xadn$\x8a\x14y\x16!(v\
 \x922#\x08\xa1\xdd\x86\xe6\x1f|\x7f:\x1e)?\
\x10|k>\xa9\xf1'\xc4v\x1e!\xd5\xe3\xd7.\xda\
[\xff\x00\x15\xdci2\xfd\x95\xe4\xc9L\x09\x82\xf9`\
.\xcd\x81A\xc2\xec\xc0\xe9_\xd2\x1f\xc3\xdf\xf8(\xaf\
\xec\xa9\xf1\xd2\xdbX\xf8H\xd0]\xfc5\x8f^\x85\xac\
,a\xf8\xb3\xa7\xdbG\xa6j\x96\xb2\xa1Ib\xf3\xe3\
\x95\xa2\x82GR\xca\x16vPw\x0c1c\xb6\xbd\x17\
\xe3O\xc7?\xd9\x0f\xe1\xcf\xc1\xc9<\x11\xe2/\x18x\
9|-\xa2\xad\xa5\xb9\xf8u\xe1\xebH\xb5\x19n\xe0\
\xb7`~\xc7m`\x9f#\x87\x08c%\xca\xc47\x12\
\xce:\xd6\xf4+V\xc3\xc9\xa7\x0d[\xfc\x0f;0\xc0\
`sJ*p\xc4%\x18\xad|\xdf\xa6\x96?\x93\x92\
\x08\xe0\x82\x0f\xa1\xa4\xad\xcf\x13]i7\xde\x22\xd7\xaf\
t\x1d:m\x1fC\xbc\xd6n\xa5\xd1t\x99\xe7\x12\xbd\
\xad\xa3\xca\xcd\x0c,\xe0\x00\xc5\x10\xaa\x92\x00\xce+\x0e\
\xbd\x93\xf3\xe6\xac\xc2\x8a(\xa0AE\x14P\x01E\x14\
P\x01E\x14P\x01E\x14P\x01E\x14P\x01E\x14\
P\x01E\x14P\x01E\x14P\x01E\x14P\x01E\x14\
P\x01E\x14P\x01E\x14P\x01E\x14P\x01E\x14\
P\x01E\x14P\x01E\x14P\x01E\x14P\x01E\x14\
P\x01E\x14P\x01E\x14P\x01E\x14P\x01E\x14\
P\x01E\x14P\x01E\x14P\x01E\x14P\x01E\x14\
P\x01E\x14P\x01E\x14P\x01E\x14P\x01E\x14\
P\x01E\x14P\x01E\x14P\x01E\x14P\x01E\x14\
P\x01E\x14P\x01E\x14P\x01E\x14P\x01J2\
\x08>\x87\xd6\x92\x8a6\x03\xf6\x17\xfe\x09\xeb\xfb[x\
\xce\xf3\xc5\x9f\x08\xff\x00f\x19\xfc?\xe1\xf7\xd1g\xb9\
\xd4-\xb4\xaf\x14\x222\x5c\xdb\xc0\x90\xdc\xde\x01$#\
\xe5\x95\xbc\xc5u\xdd\x958nrG?\xbewV\xda\
\xaf\xf6yXo\x11.\xcc\x7f3[Y\xaa\xa99\xec\
\x18\xb7\xe5_\xc7\x7f\xec\xed\xf1B_\x83\x1f\x1b~\x1a\
\xfcLL\x08|+\xe2\x88e\xd4\x8f\x97\xbc\x9b\x19A\
\x86\xec\x01\xdc\x98%\x97\x1e\xf5\xfdRx\x8f\xe2O\x89\
-S\xc27\xdaDZM\xe7\x87<G\x1a\xee\xd5\x86\
\xf9YC\xa8h\x99v\xb0R\x85H9\xc79\xe2\xbc\
,\xc6\x82\x8dT\xe2\xb7\xfc\xcf\xd1\xb8[0\xe7\xc0\xce\
5$\xdb\x8bV\xf4\xb6\x9f\xa9\xed\x96p\xc1\xe1\xed:\
{\xb9\x1c\x5c\xdd[\xdb=\xc4\xf2^\x5cny\xda5\
/\xb5\x98\xf68\xc7\xa0\xcfJ\xfe|\xbfd\x1f\xf8(\
\x07\x84\xbe\x18\xf8\x17\xc4\x7f\x0a~-i^&]\x06\
\xf7\xc4\xb7\xb7\xde\x16\xd7\xfc8R\xe4\xe9\xf6\x97\x873\
X\xb4G\x0c#W\xde\xca\xe9\x9cy\x8e6\x8e\x0d~\
\xb1|C\xf1/\xc4\x03\xa1i\xa3\xfb.\xebX\xd4\xae\
5\x19\xe1kM\x06\xceI\x1exO\x0c\xa1\x14\x13\x90\
\xac?\x02\x0f\xbd\x7f(\x1a\x9cqE\xa9j\x11A\x19\
\x86\x08\xafeXbl\xe5P9\x00\x1c\xf3\xc0\xc0\xe7\
\x9a\xbc\x0e\x1e\x15!%/#\x1e#\xcc\xf18<E\
)\xd2v\xb2\x92\xd7\xad\xed\xb9\xfa\xe1\xfbe~\xd8\xff\
\x00\xb3\xef\xc4o\x80P\xfc!\xf8=\xa4\xea\x9a\x9e\xa5\
\xac\xf8\x83N\xbc\xd4\xf5]WF6\xd1i\xb0\xda\x16\
`#g\x01\x9aW.\x17\xe4\x00\x04g\xcbs\xb4\xfe\
@\xd1Ez\xb4h\xc2\x849c\xb1\xf1x\xecul\
\xc2\xbf\xb4\x9d\xafki\xa2\xd0)\xca\xa5\x8e\x07SM\
\xae\x93\xc2\x1e\x17\xd5\xbck\xe2\xaf\x0d\xf8?C\x81\xae\
5\x9f\x14\xeb\xf6zv\x95\x08\x1fz\xe6\xe6U\x8e1\
\xff\x00}8\xfc+[\xa4r$\xe4\xec\xb7?\xa3\xcf\
\xf8%/\xc2\xa1\xe0?\xd9\xd2\xe7\xc7\x97\xb6\xc2\x1dc\
\xe2\xf7\x89\xa5\xbe\x8eG\x8fk\xff\x00eYn\xb7\xb4\
\x07\xd9\xa4\xfbd\x83\xd48>\x95\xfa\x89\x14\x9b\x81\x19\
\x1d:\x83^}\xe0\x8f\x0ai_\x0f|\x1f\xe1_\x01\
\xe8J\xb1\xe8\xbe\x0a\xf0\xdd\x96\x95\xa6m\x1c4V\xb1\
,{\x8f\xbb\x15.}K\x1a\xeca\x97\x0c:`\xf7\
\x1d+\xe4\xebM\xd5\xac\xe4~\xd7\x97\xe1c\x83\xc0\xc2\
\x92\xe8\xbf\x1e\xa7\xe3\xb7\xed\xd3\xff\x00\x04\xd6\x83\xc6r\
\xeb\x7f\x18\xbfg}*+o\x17\xdd\x5c5\xd7\x8b\xbe\
\x17Y$pZ\xea\x04\x82e\xba\xd3G\x0b\x1d\xc1#\
s[\xe4$\x84\x93\x1e\xd7\xf9\x1f\xf2\xf7\xc0\x1f\xb0\x0f\
\xedm\xf1\x15l\xe7\xd2~\x0c\xf8\x93E\xd3opW\
W\xf1\xbbE\xa1\xc0\xa8v\xe1\x88\xb9tr0\xe0\xf0\
\x84\x91\x9c\x03\x83\x8f\xeb\x89p\xfc\xfa\xfbS\xca\x02\xc5\
\x89,\xc7\xab1\xc9\xae\xbaY\x8dzt\xb9w\xf5<\
\x5cg\x0a\xe5\xd8\xbcO\xb4M\xc6\xfb\xa5\xb5\xff\x00C\
\xf9\xbbO\xf8#\xc7\xed\x12\xda*]7\x8f>\x0fC\
\xae=\xc2\x87\xd0\xdfY\xbe(\xb1\x11\x9d\xc6\xe4Z\x15\
\xdc\x0f\x1b@\xfa\x12+\xd7\x7fg\xaf\xf8$\x97\x8c\xbc\
?\xf1CB\xf1\x07\xc7\xedk\xc0\x1a\xe7\xc3\xfd\x09\xbe\
\xd7?\x86\xbc#\xab\xdc]\xcb\xa9\xdd\xc6\xcaa\xb6\xb8\
Ym\xa3Ql\xc7&L\x12\xcc\xa3`\x03qe\xfd\
\xe7\xd8=M\x05F\x0f\x1d\xb8\xa5,\xc7\x13%cJ\
|-\x93\xd3\xa8\xa5\xca\xf4\xf3*\xc9\xb2\x18\x968\xd1\
\x22\x8e4\x0b\x1cQ\xa0UU\x03\x01UG\x00\x00\x00\
\x00p\x00\x18\xac\x9b\xdb{=F\xd2\xefN\xd4- \
\xbe\xd3\xb5\x0bI`\xd4,n\xd04S\xc1\x22\x14\x92\
7\x1d\xd5\x91\x99H\xf4&\xb5\xa7\x89\xe4\x18B\xb9\x1d\
\x01l\x1a\xcd\x92\x09\x81\x01\xa3\x91\xc9\xfb\xb8\x19\x1f\xa5\
p\xad\x0f\xa2\xd2\xd6?\x91?\xdb\x1b\xf6\x7f\x9b\xf6r\
\xf8\xef\xe2\xdf\x02ZGp|%t\xcb\xaax\x02\xee\
\xe1\x8b4\xba-\xc9&\x05.I,\xf0\xb0\x92\x06'\
\xabBOz\xf9f\xbf\xb2\xdf\x8c\x7f\xb3W\xc1\xdf\xda\
\x1fK\xd3\xb4\xef\x8b\xfe\x08\xb7\xd7\xe5\xd1\x84\xab\xa0\xeb\
V\xda\x84\xb6Z\x95\x92\xc8Aq\x0d\xc4L\x0e\xd2@\
%\x1c2dgny\xaf\xc2_\xdbg\xfe\x09\xc3s\
\xfb;\xf8Y\xfe+|5\xf1.\xaf\xe3?\x87V\x97\
\xf1A\xe2]3\x5c\xb2A\xa9\xe8\xcb3m\x8aw\x96\
 \x12{s!X\xcb\xedFFt\xc8`\xdb\x87\xd0\
aq\xd4\xea\xc5FO\xde\xfc\xcf\xcc3\x9e\x1b\xc5`\
\xe7:\xb4\xd5\xe9\xef\xe6\x97\x9a?+(\xa5 \x82x\
<\x1e\xf4\x95\xe8\x1f,\x14QE\x00\x15\xd7x\x07\xc2\
W\xbe<\xf1\xb7\x85<\x17\xa7\x92\x97~)\xf1\x0d\xa5\
\x84R\x84\xc8\x8f\xce\x90#HG\xa2\x82X\xfb)\xae\
HrE~\xb9\x7f\xc1;?b\xdf\x1ax\xab\xc6\x1f\
\x0b?h\xaf\x17izY\xf8K\x1e\xb9~\xdaF\x9f\
ys#\xcd\xaaO\x0aK\x024\x91\xc63\x15\xb0\x9c\
0\xde\xc7\xe71\x91\x8d\xb9a\x95j\xb1\xa3M\xc9\xb3\
\xb7/\xc1\xd6\xc7\xe2\xe3N\x0a\xf7z\xfaug\xee\x97\
\x81~,\xf8+D\xb0\xd0~\x1fxf\xde\xca\xc3C\
\xf0\xcf\x87\xed\xb4\xfd\x0e\xda\x00\x15R\xd6\xd6%\x8e\x15\
\xda8\xe5\x10g\xdc\x9a\xfc\xd3\xff\x00\x82\xbb|\x18\xb0\
\xf1o\x82\xbc'\xf1\xd6\xce=F\xcf\xc5\xde\x0c\xb4\x8b\
N\xd6\xed\xc42Ioy\xa2M6bo\x97+\x1c\
\xb0M1$\x90\xa1\xa3\x94\xee9D\x15\xe5\xff\x00\xf0\
R\x7f\x19\xe9\x9f\xb3\x17\x8e\xbe\x1ex+\xe0.\xab\xaf\
xc\xc6W\xfa$\xda\xd7\x8b\xf5{\x9dq\xb5\x03\x15\
\xa4\xb3\x18\xecm\xe3\x8eee\x8f&\x19\xe4'\xef\x15\
\xd83\x8c\xe7\xeeO\xd9k\xe3\xe5\x9f\xed\xb9\xfb1x\
\xa6o\x8b\xda\x06\x8fa\xad\xe8\xb7\xd7\x1a\x17\x8a\xee-\
\xa3E\xb0\xd5\x98\xda\xac\x86x\xed\xc70\xef\x8a`\x8f\
\x18\xf9wd\xa6\x07\xca\x9e,!S\x0f\xcb]m\xf8\
\x9f\xa1\xd7\xc4\xd0\xcc\xfd\xae_?\x8d-;]+\xfe\
\x07\xf2\xa7\x92\x09\xeb\x9e\xf9\xa0\x123\x82Fz\xe2\xbd\
\x03\xe2\xbf\x84\xec\xbc\x09\xf1+\xc7~\x0d\xd3n\xa4\xbd\
\xd3\xfc1\xe2\xbb\xeb+\x1b\xa9\x97\x0e\xf0\xc5+*\x16\
\x1e\xbb@\xcf\xbdy\xf5{\xc9\xdd\x1f\x98\xce.\x13q\
{\xa0\xa2\x8a)\x92\x14QE\x00\x14QE\x00\x14Q\
E\x00\x14QE\x00\x14QE\x00\x14QE\x00\x14Q\
E\x00\x14QE\x00\x14QE\x00\x14QE\x00\x14Q\
E\x00\x14QE\x00\x14QE\x00\x14QE\x00\x14Q\
E\x00\x14QE\x00\x14QE\x00\x14QE\x00\x14Q\
E\x00\x14QE\x00\x14QE\x00\x14QE\x00\x14Q\
E\x00\x14QE\x00\x14QE\x00\x14QE\x00\x14Q\
E\x00\x14QE\x00\x14QE\x00\x14QE\x00\x14Q\
E\x00\x14QE\x00\x14QE\x00\x14QE\x00\x14Q\
E\x00\x14QE\x00\x14QE\x00\x14QE\x00\x14Q\
E\x009H\x0c\x09\xec}+\xfa\x1f\xfd\x80>4h\
\x1e5\xf8\x07\xe1\xbf\x01\xf8\xcbS\x8c\xea>\x0cy\xec\
\xed%\x99\xc32\xdb\xc0\xe5\xad\xf23\x90<\x97\x083\
\x8c\xec\xe2\xbf\x9d\xea\xec<\x13\xe3\xbf\x14|>\xd6S\
\x5c\xf0\xae\xadq\xa5\xde\x88\xcaL#\xf9\xa3\x99\x0f\xf0\
H\x87\x86_\xafN\xd5\xcf\x89\xa0\xb1\x14\xed\xd4\xf4\xf2\
\x9c\xc6Yf+\x9d+\xa6\xac\xd1\xfdhj\xff\x00\x19\
\xbc\x1f\xa4\xfc=\xf1\x97\x88t\x1d`Om\xa0YI\
\x1e\xe6>[\xbc\xe8\xb8%W\xbe7(\xcfr\x08\xec\
k\xf9\x0c\xd4\xae\x85\xee\xa1\x7fx\x0b\x11uy,\x80\
\xbf\x5c3\x13\xcf\xe7_I\xea\x1f\xb4\xef\x8b\xf5o\x85\
:\xff\x00\x80u\x09e\xfe\xd1\xd75\x18D\xda\x9d\xaf\
\xee\x91\xacFZD\xda\x0f\x0c[\x0b\xc7\x05X\xf4#\
\x9f\x97\xeb,\x1e\x15\xe1\xf9\xaf\xd4\xeb\xcf3h\xe6\x92\
\x85\x96\x91_\x8b\x0a(\xa2\xbbO\x04\xec\xbe\x1e\xf8\x1b\
\xc4\x1f\x13<q\xe1O\x87\xfe\x15\xb37\xfe\x22\xf1\x86\
\xbdm\xa7\xe9\x16\xa383L\xe1C1\x03\x84PK\
1\xec\xaaOj\xfe\x9f?fO\xf8'\x8f\xc1o\xd9\
\xcem?\xc4\xf7l\xff\x00\x12\xfe)\xd8I\xe6\xdax\
\xe7]\xb3\xf2\xad\xac&\xc67i\xf6A\x8a\xc7\x8c\x12\
%\x90\xbc\xa39\x05:\x0f\xcfO\xf8$\x97\xc1kK\
\x8f\x10x\xbb\xf6\x82\xd7\xecX\xa7\x86\x91\xb4O\x00\xbd\
\xc4#a\xbe\x9e<\xdf\x5c\xa1?\xc5\x1c\x0c\x91\x028\
\xff\x00H~\xe2\xbfy\xd7S\x89\xb9\xc8$\xfa\x9cW\
\x89\x98\xe2\xa7\xed9\x22\xf4\xea~\x85\xc2\xd9=\x0f\xab\
\xacEX\xa7&\xf4\xbfE\xdc\xb2\xbacu\xf3\xe3\xc1\
n\x9b\x0fJ\xd0\x86\xd6(q\x85\xdc\xc7\xf8\xdc\xd6Y\
\xd5\x91x\x0d\x8a\xc5\xd6\xbcY\xa6\xe8\x9a^\xa7\xad\xeb\
\x1a\x85\xb6\x9b\xa4\xe8\xf6\x13]j\x9a\x85\xd4\x9bc\x82\
\xde%-$\x8e{*\xaa\x92~\x95\xe5%s\xedd\
\xd4U\xd9\xdboPO+\xf9\xd1\xe6\x8f\xef\x0f\xc2\xbc\
\xbbE\xf1\xe6\x8d\xaf\xdej\xdau\x8c\xd7\xb0\xeaZ\x1a\
Y\xbe\xa7\xa7j\x9al\xb6\x93\xc7\x15\xdc\x22kYB\
\xb8\x1b\xa3\x96\x22\x1dXpG\xa1\x04V\xeb\xea\xea\xbf\
\xc6\x00\xcf$\x9am8\xbb2)\xd5\xa7V\x0aQw\
O\xb1\xd8\x99\x94ujc\x5c\xa2\xe7\x93\xc7\xa9\xae,\
j\x92\xcb\x9f-d\x93\x03\x91\x1a\x16\xc7\xe5U_Y\
\x5c\xb0g\x1b\x87\x04\x13\xd3\xebH\xaex\xde\xc7po\
b\xef\x8f\xc5\xa9\xe2\xee\x10\x0eH\x1e\xdb\xbbW\xcf\xde\
4\x1e/\xd5\xe5H\xfc9\xe2\xf8\xfc5`\xfa%\xe4\
\x13\x18\x10\xad\xcc7\xf24f\xde\xf5\x1fk\x09V \
\x92\x83l\xdb\x12O3,\xe3n\xd3\xd3\xbf\x88\xa2\x89\
\x14Kv\x8e\xc8\x80<\x99\x03q\x03\x93\x81\xd3=p\
=j\xb9W*\xd7S%]9\xb4\xd5\x92\xb6\xbak\
\xfa\x9e\xa1.\xa1\x02\x80r8\xce\x00j\xe75\xd94\
}wI\xd54-j\xc2\xd3U\xd1u\xad:{M\
_K\xbfO2\x0b\x9bY\x90\xa4\xb1H;\xab#0\
?^\xc7\x15\xf0\xaf\x8f\x7fj}OD\xf1\x8f\x874\
-\x0f\xc2\xda\xf4\xcc\xf2^\xc5\xad\xe8Z\x8d\x84fi\
e(>\xca\xcb,/)D\x18we\x0b\xe6\x15\x1c\
)\xafK\xb0\xf8\xad-\xef\x874\xfdJ\xf6\xe2\x15\xbc\
\xb9\xb7\xddv\xf1\xe9\xb3Y l\x9c\x85\x86\x7f\xde\x22\
\x8f\xf6\xf0N3\x81\x9cW&\x1b\x17K\x13ZQ\x86\
\xf1=\xfc\xeb\x87\xb3<\x93-\xa5\x89\xc4\xc5*uU\
\xd6\xa9\xbd\xda\xd5-\xafk\xae\x8d=6i\x7f9?\
\xb5\xd7\xec\xff\x007\xec\xe7\xf1\x93[\xf0]\xa4\xb3\xde\
xKQA\xa8\xf8\x13R\xb8l\xc9.\x953\x1d\x91\
\xc8{\xc9\x0b\xac\x90\xb1\xe3q\x8fp\x18a_/\xd7\
\xd1\xbf\xb5g\xc5\xe9\xbe5\xfco\xf1\x7f\x8c\x92\xe6[\
\x8d\x1a\xdeu\xd3|.&\xe8\x9au\xaeR2\xa3\xb0\
w\xf3e\xfa\xc8k\xe7*\xfbZ\x5c\xfe\xc9soc\
\xf9\xe7\x1b\xec>\xb7?e\xf0]\xdb\xd0(\xa2\x8a\xd0\
\xe5\x0a\xfb\x13\xe1\x87\xed\xa9\xf1g\xe0\x9f\xc3\xeb\x1f\x04\
|,\xb9\xb4\xd0/-\xc5\xcf\x99\xe2\xadN/\xed\x1b\
\xa8\xbc\xd9\x8c\x9b-!\x970\xc0\x80\x9c\xe0\xa3\xe5\x8b\
7\x04\xd7\xc7tT\xce\x11\x9a\xb3F\xd4q\x15\xb0\xf2\
\xe6\xa7&\x9f\x91\xd8\xf8\xef\xe2\x0f\x8d\xfe'x\x97P\
\xf1\x8f\xc4/\x15k\xbe2\xf1F\xa8W\xed\xda\xe7\x88\
\xb5\x17\xb9\xb8uQ\x84M\xcc~TQ\xc2\xa8\xc2\xa8\
\xe0\x008\xaf\xa8\x7fe\xcf\xda\xcao\xd9\xfbC\xf1O\
\x85\xb5\x0d;U\xd6<=\xe2]f\xce\xf7\xec\xda]\
\xca\xc6\xd0\xca\x88c\x9d\xb0\xe7\x07|~X\xc0\xc7(\
2}>-\xa2\xa6t\xe1R\x1c\xadhU\x1cV\x22\
\x86#\xda\xc6^\xf7s\xd1\xfe/\xf8\xaa\xc7\xc6\xff\x00\
\x14\xbe!x\xbbLe}3\xc4~2\xd4n\xf4\xc9\
\x16\xd8\xc3\xba\xdaI\x98\xc4J\x13\x95%6\x92\x0f|\
\xd7\x9cQEZVF3\x93\x9c\xdc\x9fP\xa2\x8a)\
\x92\x14QE\x00\x14QE\x00\x14QE\x00\x14QE\
\x00\x14QE\x00\x14QE\x00\x14QE\x00\x14QE\
\x00\x14QE\x00\x14QE\x00\x14QE\x00\x14QE\
\x00\x14QE\x00\x14QE\x00\x14QE\x00\x14QE\
\x00\x14QE\x00\x14QE\x00\x14QE\x00\x14QE\
\x00\x14QE\x00\x14QE\x00\x14QE\x00\x14QE\
\x00\x14QE\x00\x14QE\x00\x14QE\x00\x14QE\
\x00\x14QE\x00\x14QE\x00\x14QE\x00\x14QE\
\x00\x14QE\x00\x14QE\x00\x14QE\x00\x14QE\
\x00\x14QE\x00\x14QE\x00\x14QE\x00\x14QE\
\x00\x14QE\x00\x14\xa3\x823\xc8\xcf\x22\x92\x8a\x00\xfd\
\xe1\xff\x00\x82t\xfe\xd1\xbe\x15\xbf\xf8eg\xf0]\xec\
\xac\xf4\x1f\x14\xf8\x19.nR(%;u{I\xe6\
g\x92\xec\x03\xcf\x9a\x8c\xea\x92.O\x1b\x19x\xc8_\
\xd0\xcf\x14\xfcV\x8f\xc2\xda;k+d\xba\xa4\x16\xd3\
/\xdb\xa0\xfe\xdc\xb7\xb1e\x84\xfd\xe7G\x9d\x95\x19\x87\
d,3\xd8\xd7\xf2c\xe1\x7f\x13\xeb~\x0d\xf1\x06\x93\
\xe2\x8f\x0ej\x13\xe9z\xde\x89z\x93\xe9\xf7\xd6\xd2\x15\
eu=\x0e:\xa9\x19VS\xc3) \xf0k\xf6?\
\xe1\x97\xedY\xe1\x0f\x8a^\x1a\xd3\xa2\xf1\x03hv\x1e\
%\x8d\xd0j\x9e\x1b\xd4\x99\x1e1s\x19\x05e\x81d\
\xce\xe4'\xe6^\xa5NA<d\xf8\xd8\xfc\x14\xdar\
\x83\xd5\xfeg\xe8<1\xc48jU!\x0cJ\xe6\x8c\
zmu\xdbF\x9d\xfd\x1a>\xd2\xf8w\xfbX[\xf8\
\xa7P\xbc\xd2/\xac\xfc\xfb\xb7\xf1\x5c\xf1X^\xbc\xd6\
\xfa\x5c\x11id\xaf\x90_\xce\x972\xcf\x82\xc0\xa4A\
\x89\xc6x\xc8\xcf\xd2w\x1e.\xb1\x9a\x19a\x9bd\xf0\
L\x85f\x86e\x0e\x8e\x84`\xab)\x18 \x8e\xa0\xf6\
\xaf\xceK_\x12\xf8z\xc6\xebX\xbb\xb6\xb7\xb7\x92M\
wRK\xcdA.@\x9a3p\xaa\x15dDl\x84\
 \x01\xca\xe3\xa5u\x90|N\x0e6\xb5\xc6A\xeb\xf3\
W\x93\x82\xc1\xe2\xa9S\xb5Ys3\xee\xb8\x9f\x88r\
\x0c\xc70U2\xfa\x1e\xc6\x16WM\xdf[+\xf9o\
u\xa2]\xfa\x9fk\xd9x\xa3D\xd1\xad\xbe\xc7\xa4\xd8\
\xd8i\x96\x8as\xf6m:\xd9a\x8f8\xc6v\xa8\x03\
8\x00}\x00\x1d+\xc1\xbfh\xcd\x7f\xe2o\x88\xbc\x07\
ke\xf0\x83_\xd6\xf4\x1f\x14\xc5\xe2\xdd6K\xc9\xbc\
9\xad\xc7\xa7\xdc\xcd\xa6y\x98\xbb\x8cO'\xca\xbf\xbb\
m\xc3\xddG\x07\xa1\xf2\xa7\xf8\x80\x8e\x09[\x81\xed\xf3\
\xd6\x5c\xfe=PNn\x079\xe8\xd5\xdd\x1av\x9d\xed\
\xa9\xf2\xb5q1\xabE\xc1;&\xad\xa1\xd2\xf8\xbf\xc1\
\x9f\x06|9\xa3\x5c\xf8\x87\xe2\x8f\x8f\xbe+k\xfaE\
\xa3y\x973x\xf7\xe3\x8e\xad$.\xff\x00\xddKx\
f\x89^C\xd0\x22!,N\x00\xaew\xf6R\xfbO\
\x80>\x1f\xf8\x96v\xd3\xb5\x1f\x0d\xd8\xf8\xdf\xe2\x06\xa7\
\xac\xe8>\x18\xd5%c-\x86\x99+*\xda#+\xb1\
tc\x1a\x06*\xe4\xb2\xe7\x9ek\x85\xd5u/\x09\xea\
\x1a\xdd\x8f\x89u-\x1bH\xbf\xd7\xf4\xa8\xf6i\x9a\xbd\
\xf5\x92\xcd5\xb0\xces\x11l\xec9\xfe%\xc1\xf7\xa2\
\xef\xe2,+\xbc\xb5\xcf\xcd\xc9$\xbfZ\xdb\x96N\x9d\
\x99\xc4\xaaS\x85u5em\xad\xe7\xd5\x9f_]\xfc\
A~sq\xd4\x7fz\xb8\x8d_\xe2cF\xae\x16\xe3\
h\x07\xae\xea\xf9\x1bQ\xf8\xa9\x08co\x0c\xfel\xcc\
>X\xa2;\x9c\xfd\x14rk\xe7\xff\x00\x14~\xd1^\
\x13\xb4IO\xfc$\x16\xd7r\x0c\xed\x87Msr\xc4\
\xfa\x02\xb9_\xcc\x8a#\x85m\xec\x15\xf3XAj\xec\
}\xa7\xa8x\xbf\xc3v\xe6\xceq\xa7\xe9\x90>\x95\xa8\
\xcby`\xd0[\x84\xf2\xee\xe4\x04I0\xdb\x8c\xc8\xc0\
\x9c\xb1\xc9\xe6\xbe1\xfd\xa0\xbfk\x88$\xd25\xaf\x07\
xB\xf2k\xddZ\xfe\xd6Kk\xadZ\xd2p\x22\xb4\
W\x1bd!\xc7\xdf\x93i \x05\xe1I\xc99\x18\xaf\
\x8d\xfe |q\xf1G\x8cL\xd66SM\xa2\xe8\x92\
\x8c=\xbc2\xfe\xfee\xff\x00\xa6\x92\x0e\x83\xfd\x95\xc0\
\xf5\xcdx\x9ez\xf6\xcfa]\x9404\xe9\xbb\xd8\xf9\
\xfc\xcf\x88\xb1\x98\xd5\xcb\xcc\xdaZ]\xb6\xfe\xeb\xff\x00\
]@\x9c\x9f\xe4)(\xa2\xbb\xcf\x9b\x0a(\xa2\x80\x0a\
(\xa2\x80\x0a(\xa2\x80\x0a(\xa2\x80\x0a(\xa2\x80\x0a\
(\xa2\x80\x0a(\xa2\x80\x0a(\xa2\x80\x0a(\xa2\x80\x0a\
(\xa2\x80\x0a(\xa2\x80\x0a(\xa2\x80\x0a(\xa2\x80\x0a\
(\xa2\x80\x0a(\xa2\x80\x0a(\xa2\x80\x0a(\xa2\x80\x0a\
(\xa2\x80\x0a(\xa2\x80\x0a(\xa2\x80\x0a(\xa2\x80\x0a\
(\xa2\x80\x0a(\xa2\x80\x0a(\xa2\x80\x0a(\xa2\x80\x0a\
(\xa2\x80\x0a(\xa2\x80\x0a(\xa2\x80\x0a(\xa2\x80\x0a\
(\xa2\x80\x0a(\xa2\x80\x0a(\xa2\x80\x0a(\xa2\x80\x0a\
(\xa2\x80\x0a(\xa2\x80\x0a(\xa2\x80\x0a(\xa2\x80\x0a\
(\xa2\x80\x0a(\xa2\x80\x0a(\xa2\x80\x0a(\xa2\x80\x0a\
(\xa2\x80\x0a(\xa2\x80\x0a(\xa2\x80\x0a(\xa2\x80\x0a\
(\xa2\x80\x0a(\xa2\x80\x0aP\xc4\x10A\xc1\x07\x83I\
E\x00z/\x86\xfe+\xf8\xf3\xc3\x01!\xd3\xf5\xfb\xb9\
\xec\xd0\xff\x00\xc7\x86\xa4\xdfh\x8b\xe8\x03r\xbf\xf0\x12\
+\xdb\xb4?\xdaN\xfeb\x96\xfa\x8e\x89w%\xec\x8c\
\x16!\xa2\xcd\xe6y\xaex\x01cnr}\x015\xf2\
e~\x99\x7f\xc19\xbe\x08X|D\xf1'\x89<s\
{\xa7\xda\xea\x93\xf8:\xfa\xca\xdbL\xb7\xbc\x8c\x94\x8a\
Y\xd2Fiz\xe0\x9d\xb1\xed\x19\xe9\x92k\x0a\xee\x9c\
)\xb94zYw\xd6\xf1\x18\x98\xd2\x84\xb7>\xab\xf8\
\x05\xf0\xa7\xc4\x1e:\xb4\x87\xc5_\x12\xb4\x8f\x1c\xe8:\
\x04\x91\x894\xff\x00\x0ch\xd6\xb1\xff\x00i] \xe4\
\xb4\xd23l\x81\x08\xcf\x19\xdf\xeb\xb2\xbe\xdf\x97\xf6x\
\xf8\x07\xe2\x0f\x09\xc7}6\x85\xe3\xcf\x01(\xba\xf2-\
u\x8b\x9d{d\xf3n\xf9\x96a\xbd\xe6\x8aT;\xb6\
\x82\x7f\xbb\x8fs\xf4\x9d\xfe\x87\xbf\xc27\x9e\x1f6\x11\
Go\xaahsX\xdd\xfd\x94\x04\x09\x1c\xb1\x14m\xbc\
u\xc3\x1cf\xbc\x17\xc7\x1ao\x89\xfcSm\x0f\x86\xb5\
\xc2\xba\x86\x99k\xf6dX\x84%\x03\x88T|\xed\x83\
\x9d\xc4\x85\xe8z\x83\xf4\xaf\x05\xe2*NwZ#\xf4\
\xaax\x0aX:\x5c\xb2\x5c\xef\xcdu>N\xf1\x7f\xec\
\x95\x17\x86n\xecn\xe5\xf8\xb56\xa1\xe1}R\xfcC\
k\xa8\xd8\xf8a$\x9d\x18\xf2\x22\x95~\xd1\x85\x90\xa8\
8lm8=:V\xf5\xbf\xec\xf1\xf0\x97F\xf1\x15\
\xaf\x87\xaf\xe2\xf1_\x8a\xefd\x85$\x96\xf7^\xd5L\
6\xc5H\xe3\x10\xdb\xec\xe0\x9e\xc5\x8f\x1d\xf8\xcd}I\
\xe1_\x80\x1e\x1d\x9a!r\xc3\x5c\xb1hc,\xd6\x90\
\xea\xd2\xbd\xbc\x87\x1c\x06\x8d\xc9\x1d\x7f\x11\x8a\xf4\xef\x0e\
\xf8\x0a\xd55\x98\xae\xef\x94]\x5c[Z\xc5\x02H\xe9\
\xd5c\xce\x09\xf7\xc6)\xcb\x11+nE<\xae\x12\x95\
\xf9\x12_y\x8f\xf0\xb3\xe1\xbd\xa7\x83|\xe84?\x0a\
xs\xc3\x96\x8fn\x16\x0dCB\xd1a\x8ed }\
\xe3)R\xcf\x91\xd4\xb3\x1fz\xf9{\xc6\x7f\xb3\x8f\xec\
\x95\xfbE\x5c\xf8\x98x\xbf\xc2\x1a\x16\x81\xe3\xbd\x07^\
\xbb\xb2\xd6\xfcS\xf0\xa4\x9d\x1e\xe6Y\xe2v\x06i\x15\
#6\xf3$\x99\x0e$x\xcb7\x18c_\xa1\xde \
\x81'\xb0M3\xcbcmu\xf2O\x14|\x06\x88u\
_\xa1?\x98\xaf\x94\xbe-\xe9\xd0x9\xad\xad\xfc \
\xfe\x1e\xf0\x8ax\x8e\xc9\xd2]wQ\xb5m\x91\x5cG\
\xc8GT\xfb\xc0\x82H\xc7<0\x1dk\x1aU&\xa7\
t\xdag^/\x0dC\xd8\xa8\xca\x0aP]\x1a\xbf\xdc\
~!~\xd8?\xb0j\xfc\x04\xd0\xe1\xf8\x83\xf0\xc7\xc5\
Z\x9f\xc4\x0f\x87\xabw\xe4x\x82-R\xc1\x17Q\xd1\
\x8b\x1cC,\xcf\x0f\xee\xe5\x81\xc9\xd8d\xdb\x1e\xd7*\
\x0a\xfc\xc0\xd7\xe7\x09\x05I\x04`\x83\xc85\xfdj|\
\x22\xd2[\xc5^\x0f\x7f\x08\xfcC\xb4\xd1\xbc]&\xa5\
ose\xe2\x14\x97F\xdbc\xa8\xda\xb3\x15\xcc\x90\xb0\
\xe9\x22rW\x00r:\x1e\x9f\x82?\xb7\xdf\xec\xc1\xa4\
~\xcc_\x17\xact\x8f\x08G\xab\x1f\x00x\xdb@\x1a\
\xa7\x85\xdfV\xb8\x13=\xbc\x82W\x8e\xea\xccK\x80]\
ap\x9bKe\xb6H\x9b\x8b\x1c\x9a\xf6\xb0\x98\xa7R\
\x5c\x92\xdf\xf3>\x0b;\xc9\xa3\x86\xa6\xb1\x14U\xa0\xf7\
]\x9f\xf9~G\xc3\x14QEz\x07\xcc\x05\x14Q@\
\x05\x14Q@\x05\x14Q@\x05\x14Q@\x05\x14Q@\
\x05\x14Q@\x05\x14Q@\x05\x14Q@\x05\x14Q@\
\x05\x14Q@\x05\x14Q@\x05\x14Q@\x05\x14Q@\
\x05\x14Q@\x05\x14Q@\x05\x14Q@\x05\x14Q@\
\x05\x14Q@\x05\x14Q@\x05\x14Q@\x05\x14Q@\
\x05\x14Q@\x05\x14Q@\x05\x14Q@\x05\x14Q@\
\x05\x14Q@\x05\x14Q@\x05\x14Q@\x05\x14Q@\
\x05\x14Q@\x05\x14Q@\x05\x14Q@\x05\x14Q@\
\x05\x14Q@\x05\x14Q@\x05\x14Q@\x05\x14Q@\
\x05\x14Q@\x05\x14Q@\x05\x14Q@\x05\x14Q@\
\x05\x14Q@\x05\x14Q@\x05\x14Q@\x05\x14Q@\
\x05\x14Q@\x05\x14Q@\x05\x14Q@\x05~\x92\x7f\
\xc14\xfe>X|\x1a\xf8\xab\xe2M'\xc5:\x87\x87\
4\xcf\x02x\xd3\xc3\xe8|A\xa9k\xfa\xbaY\xbd\xad\
\xc5\xac\x87\xec\xd2[\xb4\x8c\x15\xdc\xf9\xf2+Fz\xa1\
' \xa8\xcf\xe6\xdd\x15\x9dZq\xabM\xc5\xec\xce\x9c\
\x1e*\xa6\x0b\x15\x1a\xb0\xde,\xfe\xc5/?k\xff\x00\
\xd9OJ\x86\x0f\xb7\xfe\xd0\x7f\x0a\x94\x5cC\xbe8\x22\
\xf12\x5c\xb6\xdc\xe3\xe6\x11\x06\xda}\x9b\x06\xb0>\x14\
~\xd5?\xb3\xdf\xc7_\x88\xde&\xf0\x0f\xc3=s\xfe\
\x12\x1dO\xc2\xba\x11\xd4u\x0d`\xe9\xcfoe<B\
\xe1ae\xb6i0\xd2\xedi\x10\x96\x0a\x13\x0c0X\
\x9e?\x90\xb0H\xe8H\xfa\x1a\xfb\x83\xfe\x09\xf7\xe3\xd9\
<\x0b\xfbAZ\x0f\xb44\x10x\xa7\xc2z\x9e\x9d8\
\xf3B\xab\xb0E\x9e0s\xd4\xef\xb6\x18\x03\x9c\xe3\xb6\
Ey\x952\xcap\xa4\xdaz\x9f_\x85\xe2\xdc^#\
\x17\x08J)E\xbb;^\xff\x00\x99\xfd^Aq`\
\xab\xe5[\xcb\x01\x0b\xce\xc8\xff\x00\x9dF\xb2\xd9C+\
\xba\x05\x12:\xfc\xd8\x1f\xca\xbe.\xf0\xb7\xc6\x18\xce\xb3\
\x04S\x5c\xef\x8ag(\xe3\x7f\x185\xed\x97\x1e)\x8e\
Im\xde\xdeU\x95d\x90\x04*\xd8\x07'\x00~f\
\xbc\xa9S\x92g\xdb\xd3\xc5\xd2\xa9\xb1\xedm$7P\
\xbb\x1f\xba\x99\xe4pEx\x0f\x8d\xbe\x1f\xdf\xf8\xf7R\
\xb2K\x9b\x06]\x17M\x9b1B\xf0\xe4\x12O.\xe7\
\xa0\xe8q[\xbf\xf0\x9f[K\xa9K\xe1\x1b{{\xbf\
\xed`\xa4\xc94\xbbR\x10s\x8d\xa1\xb3\x9f\xc7\x15\xf8\
\xb9\xff\x00\x05O\xd7\xfcs\xe1o\x13\xfc\x1b\x9e\xc7Z\
\xd7<<\xd2\xe9\xfa\xf0\xb7\xba\xd1|A$+!Y\
-\x81 \xc4\xe0\x8c\x06\xc7 u\xfa\xd6\x98z.\xad\
U\x1b\xd8\xe1\xcdq\xf4\xb0\x987Q\xc7\x99.\x9bu\
?f\xf5\x9f\x14|.\xf8\x17\xa0\xcf\xe2\x0f\x88>2\
\xf0\xbf\x83\xec\xad\xd0\xe6\xeb\x5c\xd5R\x16$\xff\x00\x0a\
G\x9d\xf27#\x0a\x8a\xc7\x9e\x95\xfc\xd5~\xde\x7f\xb4\
\xf6\x99\xfbN|]\xb5\xd6\xbc-\xf6\xd5\xf0/\x83\xb4\
s\xa6\xf8Q\xb5\x0bs\x04\xb7\x0aei&\xb9h\x89\
;<\xc6+\x80p\xdbUr3_\x16\xea:\xae\xa5\
\xab\xdc\xc9{\xaa_\xde\xeaW\x92\x9c\xc9w\xa8]4\
\xf2\xb7\xd5\xd8\x93\xdf\xd6\xa8~\xb5\xeda\xb00\xc3\xcf\
\x99\xbb\xb3\xe03n!\xad\x99Q\xf6Q\x8a\x8c>\xf6\
\xfeaE\x14Wq\xf3\xa1E\x14P\x01E\x14P\x01\
E\x14P\x01E\x14P\x01E\x14P\x01E\x14P\x01\
E\x14P\x01E\x14P\x01E\x14P\x01E\x14P\x01\
E\x14P\x01E\x14P\x01E\x14P\x01E\x14P\x01\
E\x14P\x01E\x14P\x01E\x14P\x01E\x14P\x01\
E\x14P\x01E\x14P\x01E\x14P\x01E\x14P\x01\
E\x14P\x01E\x14P\x01E\x14P\x01E\x14P\x01\
E\x14P\x01E\x14P\x01E\x14P\x01E\x14P\x01\
E\x14P\x01E\x14P\x01E\x14P\x01E\x14P\x01\
E\x14P\x01E\x14P\x01E\x14P\x01E\x14P\x01\
E\x14P\x01E\x14P\x01E\x14P\x01E\x14P\x01\
E\x14P\x01E\x14P\x01E\x14P\x01E\x14P\x01\
E\x14P\x01E\x14P\x01E\x14P\x01^\x8d\xf0\x93\
V\xbc\xd1~%\xf8\x1a\xfa\xc0\xb0\xbaO\x14\xd9\xa4A\
e)\x91,\x822\x09\x03\xa1\x12\x10}\xb3^sR\
\xc1#\xc343FJ\xbcR\xab!\x0d\x83\xb8\x1c\x8e\
{Rj\xea\xc5BN\x13R\xec\x7fI\xb2\xfe\xca\x7f\
\xb4~\x8b\x7fk5\xac^\x0a\xd4\xda;\xd2\xb3\xfd\x8f\
\xc6!<\xb0\x0e77\x99\x12\xe4\x7f\xbb\x93\xed_T\
\xfc=\xf8+\xf1\x0bE\x9fN\xbe\xf1\x87\x88\xfc=\xe5\
Y]\xc5,\xfa^\x90e\xb9g\xdas\xb7\xcdeU\
\x19!y\xc1\xe0\x9e\xe2\xbd\x07\xe0/\xc7?\x87\x7f\x1e\
|\x0d\xa6\xf8\x9b\xc0\x1e(\xd25\xe6M:\xdc\xeb\xba\
]\x9d\xdf\xfaf\x9dpPy\x90\xdc\xc0\xd8\x922\xaf\
\xb8\x06u\x01\xc0\x0c\xa4\x82+\xdbe\x18f\x81\xf0\xb3\
\x04\x0e`o\x95\xf6g\x01\xb6\x9epH#=2+\
\xe6*V\xa8\xdb\x8bV?d\xc2\xe0\xb0|\x8a\xa59\
6\x9f\x9e\x87\xc6z\xac\x86\xc7\xe2dw8\xdb\xe6\xcc\
\xea\xc4\xf1\xc8\xff\x00\xf5W\xe5o\xfc\x15_P\xb6\xd6\
?\xe1T\x5c\x04/w\xa5\xdej\xf0\xf9\xe1\xce\x169\
R\x07\xdaGL\x93\x1e}x\xfa\xd7\xea\x97\xc4\xa4\xfb\
\x07\x88\x22\xbf\xc6\xd1\x15\xdb\x16c\xe9\x83_\x89_\xb7\
\x7f\x89\x9f\xc4kb\x8b)xl<A\xbb\x188%\
\xa3u\x15\xd5\x82\x8d\xeb\xc5\x9e\x07\x10TQ\xcb\xeaC\
\xbb\xff\x00#\xf3^\x8a(\xafx\xfc\xe0(\xa2\x8a\x00\
(\xa2\x8a\x00(\xa2\x8a\x00(\xa2\x8a\x00(\xa2\x8a\x00\
(\xa2\x8a\x00(\xa2\x8a\x00(\xa2\x8a\x00(\xa2\x8a\x00\
(\xa2\x8a\x00(\xa2\x8a\x00(\xa2\x8a\x00(\xa2\x8a\x00\
(\xa2\x8a\x00(\xa2\x8a\x00(\xa2\x8a\x00(\xa2\x8a\x00\
(\xa2\x8a\x00(\xa2\x8a\x00(\xa2\x8a\x00(\xa2\x8a\x00\
(\xa2\x8a\x00(\xa2\x8a\x00(\xa2\x8a\x00(\xa2\x8a\x00\
(\xa2\x8a\x00(\xa2\x8a\x00(\xa2\x8a\x00(\xa2\x8a\x00\
(\xa2\x8a\x00(\xa2\x8a\x00(\xa2\x8a\x00(\xa2\x8a\x00\
(\xa2\x8a\x00(\xa2\x8a\x00(\xa2\x8a\x00(\xa2\x8a\x00\
(\xa2\x8a\x00(\xa2\x8a\x00(\xa2\x8a\x00(\xa2\x8a\x00\
(\xa2\x8a\x00(\xa2\x8a\x00(\xa2\x8a\x00(\xa2\x8a\x00\
(\xa2\x8a\x00(\xa2\x8a\x00(\xa2\x8a\x00(\xa2\x8a\x00\
(\xa2\x8a\x00(\xa2\x8a\x00\xea<#\xe3O\x16x\x0f\
[\xb5\xf1\x1f\x82\xbcI\xafxO\xc46a\x85\xae\xb9\
\xe1\xcdZ[+\xa8\xd4\xf5\x02H\xd86\x0e9\x19\xc1\
\xee+\xf5\xf7\xfe\x09G\xe3\xedr\xf3\xe27\xc7={\
\xc5\x1a\xf6\xad\xafj\xb7\xde\x0a\xd1\xd6\xe3T\xd7\xb59\
o.$\x0bz\xd8\x0d,\xac\xccG\xe3_\x8b@\xe2\
\xbe\xac\xfd\x91\xfe9I\xf0c\xe2C\x8b\xe7\x8e?\x0c\
\xf8\xda\xd6=;\xc4\x17,\xbf5\xb9\x0f\xba\xdep\x7f\
\xba\xb2\x10\x1b\xfd\x86c\xd4\x0a\xe7\xc4\xd3u(\xb4\xb7\
g\xa9\x94b\xd6\x130\xa79?u?\xcdX\xfe\x81\
\xfe&\xf8\xa3\xfbwQ\xbb\xb4\x83h\x89\x15\xcc\x8c\xa3\
\x19\xe3\xa5~<~\xd5>\x19\x17^\x0a\xf1^\xbc\xc5\
\x914MoN\x11\x15\xc6\x19\xe5\x91\x90\xa9\xfc\x1c\x9e\
=+\xf4\xabD\xd4\xe1\xd6\x85\xc5\xccsy\x92o\x22\
\xe4g\x95b\x0f_\xa8\xe8{\xd7\xe5\x07\xed\xb3\xe3\xd8\
\xce\xb3\xa6\xfc/\xd3\xd8\x15\xd3.?\xb5|L\xe0`\
\x9b\xb9\x93\x16\xb1}\x12\x16.}\xe6\x1e\x95\xe7\xe1 \
\xe3U$}F{Z2\xc1\xb9K\xae\xc7\xc1\x14Q\
E{\x07\xc1\x85\x14Q@\x05\x14Q@\x05\x14Q@\
\x05\x14Q@\x05\x14Q@\x05\x14Q@\x05\x14Q@\
\x05\x14Q@\x05\x14Q@\x05\x14Q@\x05\x14Q@\
\x05\x14Q@\x05\x14Q@\x05\x14Q@\x05\x14Q@\
\x05\x14Q@\x05\x14Q@\x05\x14Q@\x05\x14Q@\
\x05\x14Q@\x05\x14Q@\x05\x14Q@\x05\x14Q@\
\x05\x14Q@\x05\x14Q@\x05\x14Q@\x05\x14Q@\
\x05\x14Q@\x05\x14Q@\x05\x14Q@\x05\x14Q@\
\x05\x14Q@\x05\x14Q@\x05\x14Q@\x05\x14Q@\
\x05\x14Q@\x05\x14Q@\x05\x14Q@\x05\x14Q@\
\x05\x14Q@\x05\x14Q@\x05\x14Q@\x05\x14Q@\
\x05\x14Q@\x05\x14Q@\x05\x14Q@\x05\x14Q@\
\x05\x14Q@\x05\x14Q@\x05\x14Q@\x05\x14Q@\
\x05($\x1c\x8e\xbe\xe2\x92\x8a\x00\xf6\xdf\x84\xbf\x1e<\
w\xf0\xa7\xc6Zo\x8a,\xb5}KZ\xb2\x84\x88\xb5\
\x9f\x0e\xea\x9a\xac\x8fm\x7fg\x9f\x9e\x17\xc9;O\x00\
\xab\x81\x94 \x11\xdc\x1f5\xf1w\x89\xf5O\x19\xf8\x9b\
\x5c\xf1V\xb59\xb9\xd5u\xfdRk\xab\xe9I\xe3|\
\x8cN\x14vP0\xa0v\x00\x0a\xe7(\xa9P\x8a\x95\
\xfa\x9aJ\xadYS\xe4oM\xc2\x8a(\xaa3\x0a(\
\xa2\x80\x0a(\xa2\x80\x0a(\xa2\x80\x0a(\xa2\x80\x0a(\
\xa2\x80\x0a(\xa2\x80\x0a(\xa2\x80\x0a(\xa2\x80\x0a(\
\xa2\x80\x0a(\xa2\x80\x0a(\xa2\x80\x0a(\xa2\x80\x0a(\
\xa2\x80\x0a(\xa2\x80\x0a(\xa2\x80\x0a(\xa2\x80\x0a(\
\xa2\x80\x0a(\xa2\x80\x0a(\xa2\x80\x0a(\xa2\x80\x0a(\
\xa2\x80\x0a(\xa2\x80\x0a(\xa2\x80\x0a(\xa2\x80\x0a(\
\xa2\x80\x0a(\xa2\x80\x0a(\xa2\x80\x0a(\xa2\x80\x0a(\
\xa2\x80\x0a(\xa2\x80\x0a(\xa2\x80\x0a(\xa2\x80\x0a(\
\xa2\x80\x0a(\xa2\x80\x0a(\xa2\x80\x0a(\xa2\x80\x0a(\
\xa2\x80\x0a(\xa2\x80\x0a(\xa2\x80\x0a(\xa2\x80\x0a(\
\xa2\x80\x0a(\xa2\x80\x0a(\xa2\x80\x0a(\xa2\x80\x0a(\
\xa2\x80\x0a(\xa2\x80\x0a(\xa2\x80\x0a(\xa2\x80\x0a(\
\xa2\x80\x0a(\xa2\x80\x0a(\xa2\x80\x0a(\xa2\x80\x0a(\
\xa2\x80\x0a(\xa2\x80\x0a(\xa2\x80\x0a(\xa2\x80\x0a(\
\xa2\x80\x0a(\xa2\x80\x0a(\xa2\x80\x0a(\xa2\x80\x0a(\
\xa2\x80\x0a(\xa2\x80\x0a(\xa2\x80\x0a(\xa2\x80\x0a(\
\xa2\x80\x0a(\xa2\x80\x0a(\xa2\x80\x0a(\xa2\x80\x0a(\
\xa2\x80\x0a(\xa2\x80\x0a(\xa2\x80\x0a(\xa2\x80\x0a(\
\xa2\x80\x0a(\xa2\x80\x0a(\xa2\x80\x0a(\xa2\x80\x0a(\
\xa2\x80\x0a(\xa2\x80\x0a(\xa2\x80\x0a(\xa2\x80\x0a(\
\xa2\x80\x0a(\xa2\x80\x0a(\xa2\x80\x0a(\xa2\x80\x0a(\
\xa2\x80\x0a(\xa2\x80\x0a(\xa2\x80\x0a(\xa2\x80\x0a(\
\xa2\x80\x0a(\xa2\x80\x0a(\xa2\x80\x0a(\xa2\x80\x0a(\
\xa2\x80\x0a(\xa2\x80\x0a(\xa2\x80\x0a(\xa2\x80\x0a(\
\xa2\x80\x0a(\xa2\x80\x0a(\xa2\x80\x0a(\xa2\x80\x0a(\
\xa2\x80\x0a(\xa2\x80\x0a(\xa2\x80\x0a(\xa2\x80\x0a(\
\xa2\x80\x0a(\xa2\x80\x0a(\xa2\x80\x0a(\xa2\x80\x0a(\
\xa2\x80\x0a(\xa2\x80\x0a(\xa2\x80\x0a(\xa2\x80\x0a(\
\xa2\x80\x0a(\xa2\x80\x0a(\xa2\x80\x0a(\xa2\x80\x0a(\
\xa2\x80\x0a(\xa2\x80\x0a(\xa2\x80\x0a(\xa2\x80\x0a(\
\xa2\x80\x0a(\xa2\x80\x0a(\xa2\x80\x0a(\xa2\x80\x0a(\
\xa2\x80\x0a(\xa2\x80\x0a(\xa2\x80\x0a(\xa2\x80\x0a(\
\xa2\x80\x0a(\xa2\x80\x0a(\xa2\x80\x0a(\xa2\x80\x0a(\
\xa2\x80\x0a(\xa2\x80\x0a(\xa2\x80\x0a(\xa2\x80\x0a(\
\xa2\x80\x0a(\xa2\x80\x0a(\xa2\x80\x0a(\xa2\x80\x0a(\
\xa2\x80\x0a(\xa2\x80\x0a(\xa2\x80\x0a(\xa2\x80\x0a(\
\xa2\x80\x0a(\xa2\x80\x0a(\xa2\x80\x0a(\xa2\x80\x0a(\
\xa2\x80\x0a(\xa2\x80\x0a(\xa2\x80\x0a(\xa2\x80\x0a(\
\xa2\x80\x0a(\xa2\x80\x0a(\xa2\x80\x0a(\xa2\x80\x0a(\
\xa2\x80\x0a(\xa2\x80\x0a(\xa2\x80\x0a(\xa2\x80\x0a(\
\xa2\x80\x0a(\xa2\x80\x0a(\xa2\x80\x0a(\xa2\x80\x0a(\
\xa2\x80\x0a(\xa2\x80\x0a(\xa2\x80\x0a(\xa2\x80\x0a(\
\xa2\x80\x0a(\xa2\x80\x0a(\xa2\x80\x0a(\xa2\x80\x0a(\
\xa2\x80\x0a(\xa2\x80\x0a(\xa2\x80\x0a(\xa2\x80\x0a(\
\xa2\x80\x0a(\xa2\x80\x0a(\xa2\x80\x0a(\xa2\x80\x0a(\
\xa2\x80\x0a(\xa2\x80\x0a(\xa2\x80\x0a(\xa2\x80\x0a(\
\xa2\x80\x0a(\xa2\x80\x0a(\xa2\x80\x0a(\xa2\x80\x0a(\
\xa2\x80\x0a(\xa2\x80\x0a(\xa2\x80\x0a(\xa2\x80\x0a(\
\xa2\x80\x0a(\xa2\x80\x0a(\xa2\x80\x0a(\xa2\x80\x0a(\
\xa2\x80\x0a(\xa2\x80\x0a(\xa2\x80?\xff\xd9\
\x00\x00\x02T\
\x89\
PNG\x0d\x0a\x1a\x0a\x00\x00\x00\x0dIHDR\x00\
\x00\x00\x1e\x00\x00\x00\x1e\x08\x06\x00\x00\x00;0\xae\xa2\
\x00\x00\x00\x09pHYs\x00\x00\x0b\x13\x00\x00\x0b\x13\
\x01\x00\x9a\x9c\x18\x00\x00\x02\x06IDATx\x9c\xed\
VOO\x13Q\x10\x7f\x9e\xbdj\x81\x04\xd1\x99m\xf9\
6DM\xfc\x1341\x1e%\x0a!~\x05c\xd2\xce\
,\xc4\xab1\xfe\xb9\x18\x94 \xd1D\xf9.\x80^\xe8\
\xce\xbc\x82Q.^@\xb1d\xdammS)\xdb\xed\
\x93x\xe0\x97\xccegf\x7fo\xe6\xcd\xbc\x19\xe7N\
\xf1\xbf\x01\xcb2\x81$\xf3\xc0\xf2\x09H\xbe \xc9\x0f\
\x13`\xdd\x00\x925`y\x10\xc5\xc9\x85\xa0\x84@\xf2\
\x0aH\xf6\x91\xb5\xdeO\x1a6\xa4\xcf\x86>\x00\xb0^\
C\xd2\xdd\xf6OY_c,\xd3\xa5\xc5\x1a\x8e\xb0?\
k\x12-l\x15\xed\x1b\x90.\xb5\x0fG\xba\x0b\x9cL\
\xe5\x22\x9dX\xdc\x19C\x96\x83\x94\xf4\x9dE~\xac\x0f\
{@\x96\x95&\xb9\xfcF\xd6{\x833\xd7\xebg\x80\
\xe4QDzgPW\xab\x85\x061\xc9\xaf(\x96+\
\x83\x93\x0f\x01 }\x98\xa6\xfd[\xf1\xb1\x9e?Qr\
$\xfd\xd0\xbc*}\xd1\xd7\x10\xc8_7\x09\xdc\x11\xfb\
\xc0\xbawd\xd4\xa6\x00\x96\x1d\x93\x90\xa9\xe9(\xb6\xf9\
\xa3\x0c\x96\xff\xf4\xa4,\x07#\x8ee\xba\xd5\x19=\xca\
K\xeco\xf4>\x06aR\x8e\x95j)\xbd\xe7\xcd.\
\xc5d,\xe7\x80d\xbb\x97X\xbf\xc2\x93\xdaHn\xc2\
\xae\x0cj\xb7\x90\xbc\xedk\x00\xac\xef\xf3\x12[@H\
R\xfb[@\xc8\xbe\xd0e\x0c,\x9f\x1b\x06\x95j\xc9\
\x05@Dr9\xd3\x15\x02\xeb\xaa)\xa3Jr\xd3\x05\
B\xa6\xa2\x85\xd6k\x13\xb0\xaa3\xb5)\xb2/\xb4\x1b\
\xbe\x5c\x1d\x0fE\x9e\xe9a\x02\x96\x97ia\xad\xba\x93\
\x04\xb2/ \xeb\xf7\xbe\xaf\xcd?#'\xb9j#\xad\
9Senp\x7f\x7f\xd7F\xaa\x8d\xd6\x1c\xe4:\x93\
\x0es+\xb6\x15\x1b\xf2\xc7\xf9\x98\x8d\xf5~\xeasp\
\x91\xb6G]\x1e\x00'S\xad\xb47\x8a\x8et\x09I\
nA\x9cLv\xae>\x10\xcbm`}\x03,?[\
3\xd8\xd6&7\x0c\x8a\xe5\xea8\x90>\xcd\xb4\xec\xb1\
\xee!\xeb\xf3\x90\x1d\xe1\x9a\x07\xf0\xf7m\xbdE\xd2\xf5\
\xce\xf5\x16I>F$\xb3A\x09O\xe1\x02\xe1\x10\x84\
\x8b\xe8\xcea\xda\xcc\x81\x00\x00\x00\x00IEND\xae\
B`\x82\
\x00\x00\xf5\x90\
\x89\
PNG\x0d\x0a\x1a\x0a\x00\x00\x00\x0dIHDR\x00\
\x00\x01\x00\x00\x00\x01\x00\x08\x06\x00\x00\x00\x5cr\xa8f\
\x00\x00\x00\x04gAMA\x00\x00\xb1\x8f\x0b\xfca\x05\
\x00\x00\x00\x01sRGB\x00\xae\xce\x1c\xe9\x00\x00\x00\
 cHRM\x00\x00z&\x00\x00\x80\x84\x00\x00\xfa\
\x00\x00\x00\x80\xe8\x00\x00u0\x00\x00\xea`\x00\x00:\
\x98\x00\x00\x17p\x9c\xbaQ<\x00\x00\x00\x06bKG\
D\x00\xff\x00\xff\x00\xff\xa0\xbd\xa7\x93\x00\x00\x80\x00I\
DATx\xda\xec\xfdg\xb0d\xe7\x99\xdf\x09\xfe^\
sL\xba\xebo\x19\xa0\x0a(X\x024 \x09\xb2\xc9\
&\xd9\x86m\xd4j#\xcd\xa8\xd5\x92z\xa5^\xb5b\
\xd4\xab\x95F\xab\x9d\x18I3\xda\xd8o\xfa\xb81\xb3\
\xa3\xd5\xcchF\xda\x89\xe8\xd1H\xb1\xd2\xae\xa6c\xa5\
\x91V\xddj\xef\xd9$\x9b\x16\x04\x09\x10(\xf8\x02\xca\
\xdd\xba6\xcd1\xaf\xdb\x0fo\xe6\xads\xcf\xcd\xbcU\
\x00\x01\x12\x05\xe2\x898\x91y\xf3\xba\xccs\xce\xe3\xff\
\xcf\xff\x11!\x04\xde\x95w\xe5]\xf9\xee\x14\xf9\x9d~\
\x03\xef\xca\xbb\xf2\xae|\xe7D\xcf\x9e\xfc\x8b\xdf\x1b~\
\xa7\xdf\xcb\xbb\xf2\xd6\x89\xf8\x16~\xf7\xdd\x10\xf1\x1d(\
?\xf7\x83\x03\xa0a\x00\xde\x95;R\xc4-\xbe~\xbd\
?\x1b\xe6|};?\xb7\xe8\xb5w\xe5m.\xef\x1a\
\x80;C\xc4\x82\xe7\xcd\xaf\x9b\x8f\xe2\x16?;\xef{\
pT\x89\xe7\x19\x83\xd0\xfa^\xf35q\xc2\xef\xbd+\
oSy\xd7\x00\xbc\xbd\xe4v\x15\xbdy\xcc{\xad\xfd\
wne\x14\x16)m\xe0\xb8\xe2\x87[\xbc\x0e\xb76\
\x0c\xef\x1a\x85\xb7\x89\xbck\x00\xbe\xb3\x22Nx~\x92\
\xa2\xcb\xc6kr\xc1\xcf\xcf~n\xde\xdf\x9c\xf7?\xdb\
\x0az+\xc5\x0f\x80?\xe1\xb5E\xbf7\xfb\xbf\xef\x1a\
\x84\xb7\x81\xbck\x00\xbe\xbdr;\x0a/\x1b\xafI\x8e\
+\xbd\x5c\xf0=9\xe7\xef\xb4\x8dD\xf3\x7f-\x92E\
J;S\xec\xa6\xd27_k\xbf\xee\x1b\xbf\xe7\xe7\xfc\
\x9dw\x0d\xc2\xdb@\xde5\x00o\xbd\xcc\x0b\xbd\xe7)\
|S\x89o\xf5\x5c\xde\xe6\xcf\xb7\x0d\xc1\xa24a&\
\x8b\xc2\xfb\xa6\x12\xcf{\xde~\xcd\xdd\xe6\xef\xc1\xad\x0d\
\xc2\xbb\xc6\xe0-\x94w\x0d\xc0[#')\xfd<\xcf\
\xbd\xe8Ps\xbe\x16\xad\xd7\x9b\xaf\xdd\xca\x18\x9cT\x0f\
8)l\x9f\xa7\xe8\xae\xf1\xb5k\xbd6\xefk\x7f\x8b\
c^\x0a1{\x8f\xef\x1a\x83\xb7H\xde5\x00o\x9e\
,R\xfa[)\xbcZ\xf0\xa8\xe7\xbc\xaeN\xf8\xf9\xb6\
A\x98g\x08\xe0\xf6#\x00X\xec\xd9\xdb\x8a\xedNx\
m\xf6\xb5\x9d\xf3\xfd\xf6\xe3\xa2t\xa2y>\xdf5\x06\
o\xa2\xbck\x00\xbe5\x99\x97\xd3\x9f\xa4\xf4\xf3\x94\xb9\
\xa9\xf0\xb3\xaf\xf5\x9c\x9fYtH\xe6\x1b\x86\xdb\x89\x04\
\xda\xb2\xc8\xf3/R\xfa\xb6b\xb7\x9f\xbb\xd6a[\xcf\
\xe7\xfd\xde\xbc\x88a^d\xd0~\xdf\xef\xca\x1b\x90w\
\x0d\xc0\x1b\x93E\xbd\xf7y\xb9\xfa<\x8f\xae\xb9\xa9\xe4\
\xf3\x9e\xb7\x8d\xc1\x22\xe3\xa0\xe7\xfc\xedy\xe9A3\x02\
\x90,N\x01\x16E\x00\xcd\xc3qk\xc5\xb6s\x9e7\
\xbf^\xf43m\xa3\xb1(Bh\xbf\xcf\xe6gxW\
^\x87\xbc!\x03\xf0\x8b\xff\xe4\x1f}\xa7\xdf\xf7\xb7]\
~\xe1o\xfc\xad\x93\xbc}[\xf1\xdb^z\x91\x92'\
\x0b\x9e\xb7_;\xc98\xccM\x0b\x9csz2\x1e-\
\x1bS\xac\xda\xaa\xd8\xb4\xdev\x1d\x22\x13\xd6u\xbc\xb7\
}\xefmb,\xd2{+\x04\x22\x84\xe0\x9c\x10\xc1h\
\x9dNB\x10\x13%e%URv\xbb\xbd+I\xde\
\xdb\x1b,\xad\xecI)\xdb\x8a\xd96\x00\x8b\x94\xdb\xb4\
\xbew\xab\xaf\xdd\xf4\xb5y\xd1B\xd3\x18\xb4S\x04\x00\
~\xf1\x9f\xfc\xa3\xefJC\xf0\x0b\x7f\xe3o\xbd\xee\xdf\
y7\x02\xb8\x854\x14\xbfi\x00\xe6)|[\xf1\x17\
)s\xf3\xb1y,z\xad}\x1c\xfe\xfdr2\x1e\xec\
\xef\xddx\xc8\xdb\xea.\xe7\xcc\xa6A\xf4\x94\xd6\xb9\x90\
R\x15c\xab\xf6\x0eJ\xe1\x91B\xc8\x94no\x80\xd4\
9\x9d<CzCUU\x04i\x08\x22\xe0M\x817\
c\x90\x09E\x0d\x93\xc9\x04'\x14\xc1\x8d\xd0r\x1b\xa4\
\x0c\x12\x13\x12\x15\x1c\xc1\x9b,\xd5\xe3<\xcdw\xb3\xac\
{u\xb0\xb6\xf9\xdc\xf2\xea\xa9\xcb,\xf6\xf2M%o\
\x1f\xf6\x84\xd7\xe6\xfd\x8dy\x06Ar4M8\xa2\x08\
\xdf\xad\xc6\xe0v\xe5]\x03\xb0@\xe6(~;\xcco\
+\xfd<eM\xe6\x1c\xe9\x82\xc7E\x06A\x99j\xbc\
\xbe\xb7s\xed\xa1\xfd\xfd\xfd\xfb\xac\xb7\x1b\xc5\xa4\xea\x0d\
\x87\xe3\xa4rZz\x12\xf2\xb4\x83\x94\x92\x00dY\xce\
`0 \xefn\xb0\xac=\x12\xc7\xd2\xca\x06\xc3\x22`\
\xea\x09\x9d\xce\x12i\x22YR9\x07\xbb\xd7\x19\xeeo\
Q\xd9\x04E\x0a.P\x95c\xa4L\x10B\xe1\xbd\xc5\
:\x85\x0aR\xe8\xac+\xac-e\x08!1\x85\xe8\x8e\
\xcb\xb0I\xd8{\xb8\xbct\xf5\x07\xb4\x14!\xc9\x94]\
\x1et\xc6i\x92m/\xad.\xbf\xb8\xb6v\xf6\x19d\
\xb6\xcdQ\x85n+{}\x8b\xc7EFa\x16!\xb4\
\x0b\x903cp\x18\x15\xcc\x8c\xc1\xbb\x86`\xbe\xbck\
\x00Zr\x0b\xc5\x9f\x17\xe2\x9f\xa4\xec3\x05o\x1e\xc9\
\x82\xaf\x0f\x7f\xe7\xea\xe5\x97\xdf\xb3w\xe3\xda\xe3\xc3\xc9\
\xe4\xb4\xf7t]\x90j\x7f\xbfD*M\xbf\xbfD1\
\xb1\x8c\xc7\x96$K\x90\xd23\x19\xed\xe1C|\xbb\xfb\
!\xb0\xb3\x93\xa3\xa4@)\x85N\x12\xae_{\x0d\xa9\
\xbbt\xba}\xb6\x8caeu\x83A_\xb0\xb6~\x9a\
\xa4\xb3\x8aG\x91\xca\x8a\xf1\xa4f4:\x00W\x82\x9b\
\x10|\x0f\x1f\x04\xae> xK\xa25R\x0a\x92$\
\xc5y\x90X\xf2\xee*\x07\xc3\xa1pt\x92\x83\xaa\xb3\
\xd2\xcf7W2\xb5\xf2\xc0\xabW_\xfbQ\xe9\xf6\x9d\
\xd2\xa20\x95\xbb*D\xfe\x95\xbb\xef}\xf0\x9b\x1c7\
\x00\xcdc\xd1k\xf3\x8cB\xc2\xe24\xa1i\x08\xc4\xf4\
\xba\x02\xef\x1a\x82\xb6\xbck\x00\xa6r\x1b\x8a\xdf,\xe6\
\xcdB\xf1\xa6\xa7^\xa4\xe8Y\xe3\xb5l\xde\xcfUU\
\xd9\x7f\xf1\xf9\xa7?\xb5\xbb\xb3\xfd\xc8p4Y\x1a\x1e\
\x8c\xa5\x10\x0a)5\x08\xc5\xfa\xc6&\xdd\xde\x00\xeb\xc0\
\xba@m\x03I\xd6\xc5\xbb\x1aWW\xd4\xc6c\xad#\
\xcdr\xa4\x94\x94v\x8c\x10`M\x85\xd2\x19\xc1\xd5\x08\
\x95\x10\x82@\x0a\x87\x94\x0a!\x13\xfa\xcb\xeb\xac\xado\
\xd2\xef\xf5\xa0\x7f\x06\x9det|\xc0\xbb\x0c[)\xac\
5Ho\xf1R\xa3\xa4\xc0\xba\xc0d2AJ\x83R\
\x0a\xefAJG\x9a\xf5\x08\xc1\x81+)\x867\xa8F\
\xd7\xa9\xeb\x8a\x9d\xed-\xf5\xea\x8b\xdf\xe8\xef\xdf\xb8\xf4\
\xa0\x92\xe1\xc1\xe5\x95\x0d\xbf\xb6y\xd7\xfe=\x17\xee\x7f\
\xfa\xfd\x1f\xfe\xd8\x1fh\x9d\x94\x1cW\xfe\xaa\xf1Z\xf3\
y\xf3\xeb\xa6A\x98E\x07\x9a\x9b\x11\xc2\x22C\x10f\
\xd7\xf9]C\x10\xe5\xbb\xde\x00\xbc\x01\xc5o{\xfb\xa6\
2g\x8d\xc7E\xcfS \xbd\xfc\xf23\x1f\xb9z\xe5\
\xd5\xc7v\xf7G\xa7\xf6\xf7'\xa9\xa9\x0a\xac\x9d*\x96\
\xab1\x16\x84\x00\xad\x04\xa6<\x88\x0a,\x92\xf8&\x85\
 \xcd\xfbT\x93!R%\xa4\xbdM\xdch\x9b\xaa\x18\
!T\x82\xb35\xce\xd6\x84\x00J)\x94\xd2\xa8T \
u\x8e\x13)Rg8o\x19\x8d&8\x7f\x83\xfda\
\x89g\x0f\x89\xc7\x14\xbb$\xf9\x00[\x8f\x91\x02\x924\
'8O\xb0\x13\x94\xf0x4\xa6\xb6\x88P\xe2I\x90\
J\xd3\xe9wp\xd6\x90\xe6=z\xfde\x9c\x0f\xac\xf5\
\xbal\xdc\xfd(+g\xdf\xc7p\xe72\xde\xd5\x8c\x0f\
nH\xa4X\xfd\xe6\xc5W>\xf9\xf5o|\xe3\x93\x1b\
+\xddzye\xed\xda\xb9\x0b\xf7}\xe9\xfc\x85G\x9f\
\xe4\xb8\xf2W\x8d\xe7%\xf3\x8d\xc2\xbct\xa1\xddMh\
\xa7\x06\xe1\x17\xfe\xc6\xdf\x12\xef\x1a\x81\xefr\x030G\
\xf9\x17\xb5\xef\x9a\x8a\xdf\xf4\xf0m%\xcf\x80\xbc\xf5\xf5\
\xe1\xf7\x9f\xbf\xf8\xd4\xf7\xbc\xf4\xc2\xf3\x1f\x1f\x1d\xec/\
\x1f\xec\xedHg&\x18cqA \xb1\x10\x02\xd6\x05\
\x84\x00!$B\xcc\xee\xcfk\x08\xa9\x112AH\x8d\
R\x9a\x10<\xc8$*\xf7x\x0f\xef\x1d!\x80s\x0e\
!\x15ZI\x94\xd2 $\xde[\x5cq\x80P\x15\x08\
\x8d\xe8\xad\x92w\xfb\xb8\xa0H\xba\xeb\x0c\x96\xd7\xd1\xd9\
\x00\xeb\x02\xf8\x12\xa1rF\xfb\xd7\xc1\x1c\x80\xafp>\
\x10\x82Bb\xd1\xca\x93\xa4}\x8c\xa9\xd1:G&}\
:\x83u\x94\xd6\xe4\x9d>g\xd6{$\x1a\xf6\xc6\x90\
'pfs\x95\xe7/\xad2\xde\xbbB\xb0\x05\xdeU\
$\xd21\x1a\xed\xf3\xf2\xde\xb5\xd4V_?\xff\xc4\x97\
?{~e\xfd\xec\x7f\xb4y\xfa\xf4\xf6C\xef\xf9\xc0\
\x1f\xdcs\xdf\xc3_\xe7\xa8\x11\x98\x1d\xe5\x9c\xd7\xda\x06\
\xa1m\x08\x16E\x04\xef\xa6\x05|\x97\x1a\x80\x13\x14\x7f\
V\xdc\x9b\xd7\xaek{\xfayJ\xdfi\x7f\xef\xc6\xf5\
\xcb\x17.>\xfd\xe4\x9f\xb8\xbe\xb5{j\x7foW\x97\
\xc5\x90\xe0-\x12\x8f\x0f\x82\x10<\xb6\x1ab\xad'\x04\
\x8f\x08\x96 \x14:\xc9\xe2\xcf\xa9\x94\x10\x02RJT\
\x92\xe3}\x85\x14\x8e\x10\x04\x91\xcf1 \xa4\x06\x99\x91\
d=\x9c\xad\xa2\x81\xd0)Z\xa7\xa0r\xbc\x99\xc4\x0f\
\x99\x04t\x92a\xca=D\xa8I\xf2%\xca\xf1\x1eI\
\x92\xb2:\xd8d\xad#HT\x17%\xa1\x5c\xbd@Q\
\xc3x<\xc2\x8c\xaf\xa3\x94$\xd4\xfb\x08\xbb\x8715\
J\xa7\xd4\xc6\xa1\x84e\xb8\x7f\x83\xba\xae\x08A\xf0\xfc\
\xd3\x13\xa4\x8c\xa7\xd6\xd6cv\xb7^c2\xdc\xc6\x14\
;x[RW\x05!x\xd2D\xc7\xd3-\x12\x9c\xa9\
\xd8\xb9\xfa\x82\xdc\xd9\xba\xb2\xf9\xd2\xf3/\xfc\xd9\x95\xd5\
\xb5?}\xf6\xec\xe9\xcb\x1f\xfa\x9e\xef\xfb\xe5n\x7f\xe5\
:Q\xb1g\xca?{,8\x1a\x194\xd3\x89\x8a\xf9\
\x86\xc0q3\xc2{\xb7P\xc8w\x99\x01X\x10\xee\xb7\
\xbd~;\xcco*~>}\x9c)z\xde:2 \
7\xc6\xf4\x9e\xf8\xc2\xef\xfd\x99\xd7^~\xf1\xbe\xed\xed\
\xad\xb42\x1e\xa5\x12\xa4\x04\x89\xc7\x09\x8dq\x0e\x81\x83\
\x00B\xa6HY\xe3\xbc \x04\x87\xb75\x95\xadA$\
h\xe5@\x08\xbc\xd48\xe7!\xb8\xe8\xfd!\x1a\x0c!\
\x11B TF]\x0e\x01\x81\xd2\x09J'\xd4*C\
\xea\x0a\xbcA+I\x10\x0agk\xa4\x94\x08\xa9\xd1\xa9\
\xa5.G\xecm\xc5H\xa4Z?\xcb\xda\xca\x12\xbd\x0c\
:i<\xfay\x9fQ\xaf\xcfd<\xc4\x0a\x8d\xd4\x9a\
D\xec\x81\x13Tu\x8d\xa9\xc6L\x8c\xc5\x9a\x02\x95t\
\xd0\x9d\x0d\x94V\x14\xc3-&\xa3\x11\xa8\x9c\xee\xd2\x06\
&I\xa8\x8a!\xd6\xed`\xeb\x09eU#\x85@+\
C\x10\x0a\x84\x22\xd4%\xde9\x8a\xf1Ar\xed\xf2+\
\xf7>\x7f\xf1\xd9\xbf\xb9\xb1\xb1V\x9d>w\xef3\x8f\
\x7f\xec\x87\xfe\x1d7\x15\xbe\x04\xba\xdc4\x02\xc5\xf4\xfc\
\xcf\x8cC\xca\xd1\xc8\xc0L\xafm35h\x82\x9bf\
\xf7\xc7w\x9d\x11\xf8\xae1\x00-\xe5\x9f\x1d3\xa4\x5c\
\x1bl3\xcf\xdb\xb7\x95\xbd\xd3~\xed\xea\xd5+\xf7=\
\xf5\xc4\x1f\xff\xa9\xd7.]Z\x1d\xddx^\x08!\xb0\
^\x10d\x07\x91\x06\x08\x92\x10\x02\xdeU\x10\x1c\xce\x07\
\xbc\xb3\x08)\x11*E\x0a\x8f\x0f\x0e\x1f,\xc1U\x08\
\x15\xb0\xa4@\xc0\xb9\x09\x02\x87\x10\x02)\x15\x04\x8fT\
\x1a\xa1\x14B@p5\x01\x1d\xa3\x82`\x08>Ej\
\x8f\xb75B\x00^\xe1\xeb\x12\xa9R\xd2\xbcO]\x0c\
q\xa6B%\x19i\xd6A\x1c\x5c#\xcdrvd\x06\
K\x19K\x1db\xa5_@Y;\x82\xb7(\x09\x18K\
\x08!F%\x02\xc6\x93\x09\xde{\xd2\xee*\x00:\xed\
\x90j\x89\xef\xae\xa1\xf2\x0dF\xbb\xaf2\xba\xf65\x8a\
\xe16\xce\x83N2\xa4\x08\xd4\xc6`\xad\xc1\xd9\x0a\x84\
DJ\x89\x94\x02\xeb=Z+\x94\xce)+\xc3\x95\xab\
[\xd9\xd5k\xdb\x8f=\xf7\xec\xf3\xef?}j\xf3\xda\
G>\xf1\xc3\xff\xaa?\x18\xecr\xd3\x18\x14\xd3k1\
{^6\x8ev-a^\x8d`\x16\x0dx@|\xb7\
E\x03\xefx\x03p\x8bp\xbf\x09\xaciz\xfcvx\
\xdfT\xf6N\xe3\xc8\x80\xce3O}\xe5\x87^z\xf1\
\x85\x0f\xbf\xf6\xcaK\xbdjx\x15!\x13\xac\x17\x10\x22\
>EP\xe2\xac\xc4\x0b\x81\xf7\x0e\xef\x0cBH|\x08\
\x04\xef\x09\xde#\x08xW\xc7\xe7\xd3\x5c_\x10\x08B\
\x11\x82C*=\xf5U\xd1\xeb#\x13<\x12|L%\
\xa4\xd2(\x01B*\x08\xa1\xf1\x7f,B(  U\
\x1a\xd3\x03\xef\xf0\xb6D\xea\x14!Dl\xf5\xd9\x0aS\
\x97\xf4\x04\xa4\x1a\x12\x0d\xd2\x81\x0f\x90h\x89&\xc1\x96\
P\x18\x83\xb7\x8e`'\x08\xe7\x11!\xe0\x9c\xa7.\xc7\
\xf8 P\x99\xc1\x8a\x84\xb4\xb3\x842\x13\xb6\xf6/S\
\x16c|\x081\x8d\xf0\x11\xb1\x93&\x09^\x09\x9c\x95\
\x87Q\x0fA\x22\x95$\xf8@]\x8e\x10\xc6\xd0\x19l\
\xd0]:\x8b\xce\xbbrw\xa2\xcf\xfe\xe6o\xfc\xea\x7f\
~\xfa\xd4\xf2\xde}\xf7\xde\xffGg\xce?\xf8\x85\xe9\
u\x98)\xfe,\x0a(8\x1a\x1d$\x1c5\x02\xcd\xf4\
\xa0m\x08f\xf7\x0d\xf0\xce7\x04\xefh\x030\xc7\xeb\
\xcf\x0b\xf7\xdb\xa1\xfeL\xf1gJ\xdf\x99w\x84\x10\xf2\
/}\xfe\x0f~\xe6\xd5\x97\x9e\x7f\xf0\xc6\x95\xe7\x13\xe7\
c\x01\xae.'\xf1\x9f\xa9\x04c=\x8a\x9a\x80%X\
O\x92d 5>H\x04\x22\x82w\x84\xc4;\x83\xf7\
\xd3\x1a\x95J\x10!z\xfa\x98\xfb\xabhG\x08x4\
R\x08\x82\x98\x86\xf02\xfe\x8c\x98\xb6\x0b\xbd\xaf!\x84\
h \x00\xef\x5c\xf4\xacZ\xa1u\xac\xfe\x07\xa1P:\
Eg=\xa4\x08\x88\xe0\xd0J \xa5\xa6\x9e\xecP\xee\
\x05\x86r\x93\x10\xd6\xe8\xe7\x82n\x06y\x22\xd8>H\
\x19M\x0c:\xc9\xa9L\x89\x17\x19R\x14t:\x1d\x94\
\x0d\x08\xdd\xa5\xd3_#\xcd{X\x07\xae\xda\xa3\xdc\xbd\
D=\xba\x82\x94\x8a\xdaZ\x9c\xaf\xf0\x81h\xd8\x08\xe0\
-RF;\x1cB@%\x19J%\x98\xba\xc4\x99\x02\
!-\xb6.\xa8&\x07t\x97\xcf\xd2_\xded\xb0r\
\x86J\xac\xae<\xf9\xec\xd6O^\xb9\xfa\xda\x0fw;\
\xbd\xaf\xbe\xe7\xfd\x1f\xfdu\x8e*\xfe\xccX\x17\xd3k\
\xda\x8e\x0a\xea\xe9\xf5o\xd7\x08\x8eD\x03|\x17t\x0b\
\xde\x91\x06\xe06\xaa\xfbM\x8f?\xab\xe6\xb7\xc3\xfc\x0e\
1\xcf\xec4\x9e\xe7@\xe7\xab_\xf8\xdc\x7f\xfc\xec\xc5\
\x8b\xef\xdb\xbdqE\xfaz\x1f_\x8fp> \xa4B\
\x00e1F\xea,\xb6\xf0LI@\xa1t\xc0\x12\x90\
*\x81\x00\x01\x85\xb3\x061\x9d_\x91\x87J\x1c\xd3\xd3\
C\xc5\x0e\x0e!@\x0a\x19\x0b\x83\x01\x82w\xd3N\x81\
\x00\xa1\xe2#\x1e/\x12\x94\xd61M\x10\x10\x84\x9e\xfe\
\x0d\x8fs\x0e\xef'(\x9daM\xfc\xdd\xa0\x12\x00\xd2\
\xe0H\xb4 \xcfR\x94\xce(*\xc3\xa9L\xc44 \
\x80\xb1pj%%\xd1\xe7\xa9\xaa\x8ab2\xc4\xdb\x0a\
\x5cI]\x8d1\xd6\xd3Y>\x072e8\x9a0\x1a\
\x1e`&;T\xc3\x03\x84Jq\xe5v\xacI\x94\xb1\
\x1e\x11\xa6d\xc3\x02O@\x12D\x82\x92\x8eD\xebh\
\x10\xbdEJ\xf0\xdeP\xd5\x16\xefj\xaa\xc9\x0e\xc5\xc1\
\x1a!\xbc\x8ftr\x80\xb35\xbb[&\x17R\x7f\xef\
\xd5\xad\xed\x8f^8\x7f\xfe\x0f\xef}\xf0\xbd\x7f@T\
\xfaI\xebZ\xce\x0c\xc3\xcc\x18T\xc4{\x7f\x16\x15\xcc\
\x9cC\xb3P\xf8]Q\x1bx\xc7\x19\x80\xdb\xf0\xfa\xed\
\x1e~S\xf1\x9b^\xbeK\xcb\x00|\xf1\xb3\xbf\xf5\xe7\
^x\xee\xe2\xc3\xfb{{\xd2\x9b\x09\xc1\x95x/\xa8\
\x9d\xc0\xd7\xe3\xa9\x17\xcb\x0f{\xf9AhB\x00\xeb\x0c\
\xb1\xda'PJ\xe3\x91\x08_\xc7\x14\x00\x89\x92D \
M\x08\xe0k`\x9a\x13\x8b\x98\x02\x08\xa9c\x1e\x1f\x02\
R'H\x91\x82\x8c\xa1\xbc\x94j\xda\xea\x0bh9m\
\x1f\xca\x04\x82E\xaa\x04\xa9\x12\xc2\xec\xefI\x85\x90\x0a\
)%>\x80V\x09i\x9a\xe1LE1\xda&\xb8\x12\
\x11*\x12\x960\xd5\x80\xa1\xec\xb11\x00\x9f@m\xe3\
\xedr\xc3V\x10<:\xc9I;9\x10\xc8{9B\
+T\xbe\xc4\xd2\xf2\x1aE\x0d\xfb\xfb\xfbT\x93{\xc8\
{+\xecm]\xc2\xd9\x8a\xae7\xd4\xc5>Uq\x80\
3%\xcey\xa4NQR\xe0<\xd4U\x01@p\x06\
\xef\x0d\xc1;\xf0\x0eo=A(\xc6\xfb\xd7\xb0\xd5\x90\
N\x7f\x95\xee\xf2]\x0c\xd6\xeeF\xc8\x84\xed\xbdJ\xef\
\x1e\xbc\xf2\xe9\x17_\xba\xf8}\x17\xee\xbd\xef\xf3\x17\x1e\
z\xec\xb7\xb8\xa9\xf4\x13\x8e\x03\xb0J\x8e\xceZ\xccR\
\x83\xa6\x11h\x16\x0a\xdf\xb1\xb5\x81w\x94\x01\x98*\xff\
\xbc\x0a\x7f\x13\xb9w\x92\xe2w[G\x07\xe8~\xf5\xcb\
\x9f\xfd\xc9\xe7\x9e\xfa\xfa\x07/_z^\xe3\x0a\x924\
\x8by\xbe\xf5\xd4u\x0ck\x95J\xb0\xa6\xc2\x94\x07\x87\
\x9e\xbc6Q\xa7\x83-q\xa2\x83T\x1e\xe7\x0c\x00\x01\
ID\xfbI\x08\x1e!\x15\xc1\xc7|=\x08\x15\x7f&\
\xb8\xe8\xe1\xf1H\x99\xc6\xa2\x9f\x00B\xec\x0c\xc84G\
\xea,\xf6\xf6\xf11\x9c\x0ea\x9aowc\x97\x80\x80\
L\xba$i\x06\x80T)R\xa7H\x19#\x0a\xad\x14\
R\x0a\x94NI\x92\x04\x82\xc3;\xcb\x8d\xeb\xafq\xf6\
\xaes \xba\xe4:\x16\x04\xc1\xd3K=6\x0d\x18k\
\xd1\xe9\x80\x8d\xbbNST\x96N\xa6\xe9\xa41\xbf\x8f\
\xdd\x83e^\xbbj8\x08\x824M\xa9\x83\x89\x9e>\
\xc9Q\xd6\x12\x02\x87\xc6H\xc8\x18\x0dyW\x13\x00\xa5\
S\x9cSX;&8\x13AFi\x8aT\x8ar\xb2\
\x8f)\x87L\x86\xdbLF\xfb\xe84'\xc9\x97\x08(\
\xc6\x07N\xdf\xd8\xb9\xf8\xa9\x97_z\xf9#g\xee>\
\xff\x07\xefy\xef\x87>\xc3\xf1\x96mF4\x0a\xed\x81\
\xab\xaaq\xbf\x98\xe9\xfd\xf3\x8e\x8f\x06\xde\x11\x06\xe0\x84\
\x90\xbf\x19\xee7\xab\xfb\xf3<~\x8f\x96\x01x\xe1\xe2\
\x93\xdf\xfb\xd4\x13O\xfe\xf0\x95+\x97\xd2jt\x1d\xe1\
j\xaa\xba\xa6\x9c\x1c\x90d\x1d\x94N\x09\xde\xe2\x9d\x87\
)h\xc7\xb9\x88;\xf1A\x10\xfc\x98$Ib\x0b\xcf\
C\x12\x5c\x0c\xedE\x0c\xfc\xbd\xb3\x08\x17\x8bc\xb1\x12\
\xae\xd0:z\xec\x10|T\x12\x11\x10B\x91\xa4\x19R\
\x0a\x02\x8a\x10\x88\x1e]\xc5&\x86\xd2\x0a)$a\xfa\
\xf1\xb5\x10\xc8\xa4\x87R\x0a!$RF\xa5\x92\xba\x8b\
R\x0a)\xc2\xd4\x98D\x5c\xbfNR\x94\x8a\xff#\xcb\
:\xf4\xfb}\xba\xdd.I\x9a\xa3%\xf4\xb3\x88Jt\
^\x92\xe8\x01\x01IU\x8e\xd1\xaaF\xfbmT\x9a\xa3\
\xb5`\xff`\xc4x\x5cPLFT\xb5aw\xeb\x15\
\x867^\xc0\x94#L5\xc2\x99\x02\x108SE\xed\
\xf2\x81`\xc7\x08)Q:\xc3O\xd3\x9a`K\x08\x16\
\x9ddx\xe1\xf0>PU\xc5t\xb6\xa1Cm\x0cu\
\xbd\x0b\x22\xe1\xd4\x03\xdf\xc7\xd9\xf3\x0f\xd3\xeb\xe6t\xba\
}P\x19!\x84\xfc\xa0.\xfe\xc4K\x97\x9e\xfe\xc4=\
\xa7\xcf\xfe[\x99\xae<\xdb\xb8\xe6\x13\x8eC\xb6'\x1c\
\x9d\xef\x98E\x02sk\x03\xef\xa4h\xe0\x8e7\x00'\
\x84\xfc\xed\x5c\xbf\x9d\xe7\xcf<~\xaf\xf5\xd85U\xbd\
\xfc\x87\xbf\xfb\xcb\xff\xc7\xe7\x9f}z\xc9Z\x87\xab\x0e\
p\xd6L=\xb4\xc0z0\x07[H\x95\xa0\xd2\x1e\xde\
\x07\xac31\xa7\x15)\xc1G//\x84 x\x8f\x94\
:\xa2\xf1\x9cFh\x81Jr\xa4\x88E\xc3\xe0M\xec\
\xef{K\xa2%\x01\x89\xd6\x0aD\x8aT)B\xc6\xd6\
\xa1\x92\x22\xb6\xfb\x82@\xa8X\xbd\x17x\x98\xe2\x00\xa4\
\x92 \xd3iT\x11=\xba\xd2i\x0c\xfb\x85\x00\xa9Q\
J\xa2d@J\x8dN\xbb$i\x8a\x922\x1a\x85Y\
D\xa0\x15y\x96\x90e\x09\x9dTrv\x05\xba\x19\xac\
:X\xee\xc0\xab;\x90\xa5\x1a%R\xb4\x12\x08_\x83\
\xacQY\x07\xe7\xbb\xb1\x9f\x1f<ey\x83\xfe`\x05\
k\xceS\x8en \x95\xc2\xd9\x1e\xde\x8c\x08\xc1\xe1\x5c\
@J\x8fs`\x8b\x11J\x15\xd1X\xa9\x84\xe0-\xc1\
\x16\x04\xd5\x01\x91\xa0\x94E\xc8.\xde{\x90)\xdd\xfe\
*\xde\x19\xfa\x83e\xf2\xee\x00\x9d\x0d8s\xfe>\x96\
z9\xfdN|\x9f\xce\xc3\xa8\xa2?\xaa\xcd\xcf\xa5\xa3\
g\xae\xe6\xfd{\x7f\x91\xf9\x03Y\xed1\xed\x19\xb9J\
\xdd\xb8\xa7fF\x00\x1a\x94d\xef\x84\x02\xe1\x1dm\x00\
n\x11\xf2\xb7\x11|')\xfe\xec\xe8~\xfe3\xbf\xfd\
s\xcf=\xf3\xf5\x0b\xc3\x9d+B\xa9\x04\xef\xc0\xdb\x92\
\xe0j\xac\x07o\xc6\xc8\x00^*\xear\x84r\x8e$\
\xebM{\xf1\x0e\xa1\xa6!|\x88\xd3\xa9\xd6\x0b\xd2D\
\x1czh!%\x12\x87\x92\x1a\xa5;\x08\xd1\xc5\x07\x81\
w\x16%\x03\x01\x81\xf7\x01\x95\xc4\xfc]\x8a\x88\x02D\
w\xe3\x84\x9f\x8c\x85? \x1a\x95\xa0\xa2\x17\xd7\x1a\x1f\
\x88?\xaf\xf3X/\x90\x02\xa9Tl\xcfI\x1d\xb1\x02\
B#\xa4\x8c\x83D&\xe0\xa4F9G\x96e\xa4\x89\
\x22I4B%\xf4z}\xd6\xfa\xb0\xd2\x8b\x06\xc0:\
\x18t@I\xd8\xefe\xdc\xd8\xb5\xa4\xca\xd2\xcb3\x5c\
H(\x9d'\x95\x81\xa5N\xce\x8e\xac\x99\x1cx\x8ar\
H\xb0\x13\xbc\xabQ*A\xe9\x0c#\x02\x99\xee\xe2l\
\x85w\x06g\xe2<\x81\xadK\x9c\xad\x90\xaeB\xc8\x84\
\xa0\xfb\x11-95\xaaRx\x94\x94Hj\x84\xafH\
\xb3\x1e\xc5d\xc8\xabO\xfd\x06{\xd7.RM>I\
o\xb0B\xbf?@\x09G\x9eJ\x96\xd7\xce\x22U\xc2\
\x81\x7f\xf8\xcc\xce\xb5\x17\xff\xaf\xa1>\xf8\xea\xdd\xe7\x1f\
\xf9\xf7\x1c\x9d\xcb\x98\xc7\xbf0\xeb\x105\x8b\x84nz\
\x9f\xbd\xa3f\x0a\xeeX\x03\xd0R\xfef\xa1\xaf\xdd\xda\
k\xf6\xf2g\xe1}\xafut_z\xfe\xa9O~\xe5\
\x0b_\xf8\x91\xab\xaf^\xd4\xf8\x0aWO\xb0\x04\x82\xd0\
X/\x09(\xbc\x9d\x10\xa6\xd1\xa1\xb3\x06\xa53\x9c)\
\x11\xc1\x22t\x07\x8fB\x06\x1f+\xf0!\x10DT|\
D\xccsC\x00\x81G\xc8\x1c\x84\x9c\x82v<I\x9a\
\xa3\xf2\xec\xd0\x83\x870\xed\x16\xe0c\xc1-\xed\x10\xa6\
m\xc34\xcb\x11r\xfaQ\x85\xc4\x87iAO+\x84\
\x02)\x04y\xa6\x83Rx%\x85\xef\xe4\xa9\x91J\xd9\
Tk\xa7U\xd7H\x95\x18\xadu-\x04\x01!\x0e;\
\x06\x89\x0eB\xebR!\xaaT\xd4\xa3t\xbcsM]\
5==.\x06\x89\xd2R\xe9\xac+\x83\xcaEp\x92\
LJ\xba\x9d\x8cA'CKGY\x07,\x82\xd2\x1b\
\xbc\x8d\xe0\xa6\xe5\x95\xd5\x08_\xd6\x9a\xee\xf2i\xeab\
\x9fr\xb8\x05\xae\x88\xad@\x01\xc6U\x04\x1f\x0b\x8a\x00\
\xdeD\xa3\x15\x82'xb\x91P%\xe0#\xf6!\x00\
\xb5u\xb8b\x88\x98\xec\xc5\x1b8\xeb1\xdcz\x9eg\
\x0e\xae\xd2]9G\x7f\xf94K\xebw\xb3\xbc\xb2A\
\xe5n \xa5\xa4.\xc7\xe4Y.\xc7\x05\x8f\x1f<\xfd\
\xe5\xf7>\xf4\xc0\xc3\xffR\xa7\xfd\x978\x1a\x05\xb4\x09\
X\xda\xdc\x8a\xb3\xba\xc0,\x1ap\x8d{\xf1\x8eM\x07\
\xee8\x03\xb0 \xdfo\x0e\xee4C\xfey\x05\xbe\x1e\
\xd0\x9f\x1e]\xa0\xf7\xb9\xdf\xff\xf5_\xf8\xe67\x9e8\
S\x8dw\xa8\x8b\x11\xf8\x1a!\x04\xc6\xd4\xd8\xba \x88\
$\xde\xa42!\xd8\x1aO\x02\x22\x16\x8b\xa5J0\xd6\
 |\x89\xd2Yl\xf1y\x0bB!u>\x05\xe1\x18\
\xa4\x8cy\xba\x14\x824\xef\xa2t:m\x01F\xa2[\
!c\x7f>\x86\xfd\x1a\xe7}D\xd4!q.\xe0\x9d\
Ak\x89\xb5\x06!\x15I\x96\x85^'s\x9dN6\
\xe9\xf6\xba\xbb\xddn\xf7\xfa\xd2\xca\xea\xe5\xe5\xe5\xf5+\
\x83\xa5\x95=\xe6\x13j\xce\xdb\xedG\xe3|\x1eK\xa7\
j\x8b\xc0\x22)\x91\xc5dk\xcd\x96\xc59\xa8\xcf\x19\
kNe\x99Z\xea.-gI\xde\x95\xdd|Y\xdc\
;\x88\x18\x80\x95\xa5>\xc6\xc3\xa5W\xaf\x90hIm\
\x03\xdb\xd7\x86\xf8\xbcO\xf0\x86b2D\xc9\xa8I\x10\
\x08!z\xf70\x052\xc9@4\xb6AO\x0d\xa5\xc1\
\xd9X\x10UJ\x22\x82\x01o\x09Hl\xb9\x87\xd7\x1d\
l=\xc1VC\xccx\x0b[l\xb1w\xadO\x92\xf5\
\xc9\xf2\x0eig\x85^7\xa3\xdb\xed\xb17\xe9\xe5O\
~\xe3\xe2_=\xbb\xaa\x9e=s\xe1\xb1\x7f\xc5|\x0e\
\x876)\xabl\x9d\x9fv4 \xeeT#pG\x19\
\x80[\xe4\xfb\xcd\x90\xbf\xed\xf5\x9b\xde\xfeP\xf9\x9f}\
\xfa\xc9\x1f\xfa\xfa\x13_\xfd\x81\xebW_\x91\xd8\x09\xd6\
\xc6~\xb9\xa9\x0a\xb4R \x04\xce\x07\x9c\x1d\xe3\xeaq\
\xcc\xf7QXSLUg\xda\xcf\x96\x1a?\x1d\xc2\x91\
2\x05\x1c\xde;d\xa8PRG\xef/5Z\xa9\x08\
\xa7%\x16\xbdt\x92M\xab\xff>\x16\xec\xa4&\x10\xc1\
=\x89\xd20\x8d7\x06\xcb\x9d\xb0\xb2\xd4\xa9{\xbd\xde\
\xee\xea\xc6\xfa\xa5\x95\xd5\xd3\x17W7\xeez\x99\xc5\xe4\
\x99m\xbe\xfeyD\x9a\xf3n\xd6y\xab\xc5\x0e\xd9\x8f\
:\xdd\xc1.\xdd\xc1K\xb4\xd8\x90li\xfb\x93\xe2\xca\
{&\xaez\xa04\xe6\xf4\xa8t\xbd\xed\x03\xaf\x0ev\
'\x8c\xc7#\xcab\x14y\x0b\xaa1\xc6F\xa3\x19\x1c\
\xe8$E'\x09um\xc1\x8eP\xb2\x83\xf5\x12\xec(\
\xd6\x03\xf0XSO\x0b\xa2\x01%\x1cx\x13'\x1eU\
\x1a\xa3\x05g0\xd5\x18\xa9\x12\xbc\x8b\x91\xdb\xe4\xe0*\
iw\x83\xc1\xfayL\xbd\x84\x1c\x0f\x19*\x1d\xd1\x94\
\xc1\xa2u\xca\xe5\xcb\xfe\xe1\xde\xf3\xbf\xfc\x7f\xf9\xd0\x87\
?\xf2K+kg\x9e\xe1\xf6\xa2\x80\xd9\xf9hv\x09\
\xe0\x0e.\x0e\xde1\x06\xe0\x04\xe5o\xe3\xf7g\xca\xdf\
\xf6\xf8M\xe5\xef\xfd\xc1o\xff\xf2_\x7f\xf6\xa9'7\
\x9ds\x08;\xc4:\x8f\xa9F\xd8r\x0fd\x87\xda\xc5\
|\xdf{\x87P\x19\xce\x8c1\x93}\x92l\x80\xd6\x9a\
\xba\xae\x90\x22V\xd9cX\x1f\x0d\x83\x94\x90$\x19\xde\
\x18\xac\x8d^*K\xba(\xad@\xa6\xc8$#\xcb\xbb\
$yo\x8a\xda\x13\x04)a\xda)\x108\xf2<\x09\
K\xcb\xfdbmm\xf5\xca\x993\xe7\xbfv\xd7=\x0f\
|\x93\xc5\x84\x9b\xf3\x98z\x9b4\xdeo\xc4\x00\xc0\xd1\
\x1b~\xd1\xfe\x82\xa8$B\xefY\xb1|\x0d\xc9gt\
\x82^\xe9\xa2{\xfdr\xb0\x9b]\xfdXQ\xf1\xf0\xce\
\x9eZ\x1e\x16R\xf5W\xa0.\xf6\x98\x0coPU5\
%\x01gJ\x94\xac\xf1\xd3\xb4Z+\x85\x10Y\x9c\x12\
\xackp\x16\x82C\x0a\x89\xf7>\x82\x88B@\x04\x1b\
\xbf\x15|,\xcc\x9a\x1a\xe1,VZ\xa8\xcd\x14\xee<\
!\xeb\xadG\x04\xa6\xca\x11R\x93$\x9a4\xef#\x84\
\xc2\x18\x9d\xfe\xd1\x1f}\xf9\xe7\x1e\xbao\xe3\xb9\x87\xde\
\xf7\xb1\x7f\xc9\xd1(\xa0=\x15:\xcf\x084\xcf\xdb\x1d\
Y\x17\xb8#\x0c\xc0\x02\xe5\x9f7\xbc3/\xd7\xef\x03\
\x83\xd9\xf3\xed\x1b[\x0f|\xe1\xb3\x9f\xf9K\x97^x\
2\xad\xeb\x1a\x19*\x9c\xad\xb0.\xc4^t\x10\xe0\x0a\
\x84LQJbM\x89\x14*\x8e\xd5V#\xeab\x97\
$\xed\xc4v\x9d\x8fUx\x89E\xa7Y\xec\xf1\x87\x88\
n\xcb\xbb\xfd\xd8\x0a\x949:\xd5\xa4\x89B\xa8\x08\xc5\
\x0dH\xd24\x8f\xd5pkP\x12z\xbd\xd4w{\x9d\
\xe1\xd9\xbb\xce\x7f\xe3\x81G>\xf8\x99$IJ\xe6\x93\
g\x9ed\x00\x9a\x11\xc0\xbc%\x1bm*\xed\xf6\x06\xdf\
\xe69\x9e\xb7wp\xde\xf2\x92v\xabU\x03:I\xf3\
\xfdSg/\x5c\x03\x92{!\xb9~\xf5\xd2\xfbv\xb6\
\xaf?>J\xd5\x19%\x07)\xc3:\x16\xfd\xa4\x22\xc9\
z\xd4E\x82\xf2\x96\xe0=\xae\xf6\xe8)X)8C\
\x98\xa6Z\x01p\xa6\x8a\x80\xaa)x\xc8{A\x08L\
\xc1P\x1e|\x8dR\x1eS\xb9\xc3\x96i\xe8\xad\xa1\x12\
\x89\x105b\xda\x09T:E\xa7\x82\xda\x04\xbeqq\
\xeb\xc1\xdd\xfd\xdf\xfc\xbb\x1f\xfa\xc8\xf7\xff\x8fi\x96\x1d\
r12_\xf9\xe7\xedf\xb4\xd3sw\xc7\x19\x81\xb7\
\xbd\x01\x98\xa3\xfc'\xe5\xfb\xf3\xbc\xfe`\xfa\xbc\xff\xe4\
\x13_\xf8\xe9o<\xf9\xf4c\xc5h\x07\xa9R\xb4v\
T\x93\x08\x0b\xaf&7\x08\xce \x93.\x04\x8f5%\
\x82\x88\xdf\xb7.\x92m(\x1dg\xf4\xbd-@\x81N\
r\x82\xab\xf1\xd3\x1bP\xeb4\xc2\x81\xa5\x8e\xad6\xa5\
\x11\xba\x83V\x12\xa9@g\x1d\x90\x19\xde{\x8a\xc9\x88\
\xf5\x8d\x81;\xb5qj\xe7\xc2\xfd\x8f|v\xe3\xec}\
3\x12\x8c\xf6\xc0\xca\x22\xb6\x9b\xd9\xe3<\xba\xec\xd9\xd7\
p\xfb\xde\x7fv\x8eg2o\x19\xe9I\xfb\x0eN\x22\
DMO\x9d9\xff\xb9Sg\xce\x7f\x19H'\xc3\xed\
\xbb_~\xe9\xe2'\xaf]\xe1\xc2\xdeA\x91\x95\xc5\x84\
4\xef\x11|l\xb5\x1a\x09\xd6z\x92\x10\xf0\x01bW\
UB\x08(\x9d\xe2\x9d\x89s\x16\x12\xb4\xf4\xd4f\xfa\
\xb1\x85\x9a\x02\xb4,\xd6T\xb1p;\x85]\xeb\xcc\x91\
\xa6)\xd6[\xbc\x8d\xa4'\x89\xadb\xedEJ^\xbe\
4\xe9m\xef\xfe\x87\xff\xe2\x91\x87\xef\xff\xbd\xfb\x1ez\
\xecw8n\x00\xe6-\x5ci\x1e\xb3\x88\xe0\x8e2\x02\
ok\x03p\x1b\xca\xdfn\xef\xcdS\xfc\x01\xd0\xfb\xc3\
\xdf\xfd\xd5\xff\xec\xa5\x17^^\xaa\xaa\x02\x5c\x85\xa9'\
\x11\x8b\xafrl\xb1\x8d)G\xd1C;?\xed\xaf\xeb\
io? E\xc0M\xfb\xefR\x0a\xbc\x03[\x1eD\
#\x92\xf6\xc1\x8cAf\x08\x15q\xf7JF\xa0M\xa2\
\x15AxB\x10\xd4V\xe2\xa8YZ]\x0a\xa7\xcf\x9c\
\xd9\x7f\xf8\xd1\xc7~\xf7\xfc\x85\x87\x9f\xe2&yE{\
~}\x11\xbb\xcd\x22\xe5_\xb4\x88s\xd1\xb6\xdfE\x22\
\x16\x1c\xedH\xa0}=\xe6\x91\xa46\xaf\xd3\xe1cw\
\xb0>|\xf4\x03\xeb/<\xfa\x01\xb2\xc9x\xb4\xfa\xb5\
'\xbe\xf4S\xd7\xaf^\xbbg\xb8w]\x0a_\x22d\
J\xa0$\xc9:xo\x11:2\x10E.\x03P*\
\xc3\xdb\x0a\x89\xc5\xb9\x12%\x13|\x908g\x91\x88\xc3\
6lU\xec\x93\x11\xa8\x83\xc5\xbb\x8a`2t\x9aG\
\xfc\x866\x91\x98$\xef\xe1\x9c%\xcf4\x89J\xc4\xc5\
\x8b\xaf|Z\xd8\xf1\x83\x17\x1e\xfd\xc4?\xe5h\x11\xb0\
\x1d\x09\xcc\xceU\xf3\xb1\xdd!x\xdb\x1b\x81\xb7\xad\x01\
X\xd0\xe6\x9b]\x90vo\xbfY\xe8k*~\x7f\xff\
`x\xd7\x97?\xf7{\x7f\xed\xb5W_M\x9d5\x04\
[bM\x8955\xde\x968k\xb0\xce\xa3\xf3\xa5\x88\
\xdb7\x05J\xc4\xf6\x9fTY$\xe0\xb05*\x22\xcc\
\x22\xae^w\x90>\xc4\xc2_\xa7\x0ft\xa6\xafg\xa4\
*\x80\xaf\xa6=}\x08\xae$\xcd\x07\x9c:{\xce\x9c\
9\xff\xc0\xf3\xdf\xf3\xc9\x1f\xfd\xb7R\xca\xd9@Js\
^\xbd\xcd\x88\xdb\x0c\xfd\xe7m\xd9i+\xff\x22\xc5o\
\xaf\xd4\xba\x1d\x03\xd0|>o\xed\xf8I\xd1@\xd3\x10\
\xb4\xf7\x1d\x1c\xe3O\xec\xf6\xfa\xa3\xef\xfd\xe4\x0f\xfeS\
 }\xee\xe9\xaf~\xdf\xe5\x97/~\xe4\xd5\xcbW\xfb\
\xa6\x1a\xe3\x9c\x8b\x85U!\x11\xc1bU\x0f\xe1\x8a\x88\
xT\xe0-H\xd5\x83\xba\x8a\x1dSI\x1c\x81\x96\x01\
\xa9;8[S\x15C\xd2Y\xad%\x04\x82L\xd1\x04\
\x02\x06\xe9\x87H\x11PI\x97\xda\x04TY\x92e\x1d\
\xbe\xf9\xc2\xee\xb9\x1b{\xbf\xfew>\xf0\xe1\x1f\xf8\x1f\
\xb3<o~\xa6\xa6\xd1k\x9f\x9b\x99\xcc\xd2\x81;\xc2\
\x08\xbc-\x0d\xc0\x09\xca?\xbb\x99f\xa8\xbe&tw\
V\xe0[\x9a=>\xf7\xec\xd7\xfe\xe4\xd7\xbe\xf6\xd4'\
\x87;\xb1\xffl\xac\xc5\xbbH\xb6\x11\xbc\xc3\xd9\x9a\xba\
*\x10\x02\x94\xceq\xce\xa2\x95\xc2Z\x8b\xa0F'\x02\
\xa1S,3X.\x880\x83\xd1F&\x5c\x89C\xe7\
}\x9c\xadQ*\xc4\x91[\xaf0\xc6\xd1Y\xda\xe0\xc2\
}\xf7\xef~\xe4\x13\x9f\xfe\xb5\x8d\xd3\xe7\x9f\xe3(\xb5\
U\x9b\xf4r\xa6\xf8\xed|\xff\xf5x\xfd\xe6\xa6\x9c\xf6\
\xf3[\xad\xd1\x12s\xbe\x9e\xb7K\xf0\xa4u\xe5\x8b6\
\x22\x9d\xc4\x9e<cY\xca\x1f|\xf4C\xbf\xf6\xe0\xa3\
\x1f\xfa\xbd\xb2\x18\xae}\xed\xcb_\xfc\xc9\xe7/>s\
a\xb4\x7f]\xd6UA vET\xda\x8b\x05>\xaf\
\xd0Rc\xea\xc9\x94Z-\xc2\xf6\x032\x02\xb7B\x04\
D\x05o0u\x11#\xb34\xbe\xfd\x90\xf5\xd1^\x80\
\x92\x94c\x83J\x0aP\x1d\xca2%\xcb=:\xc9x\
\xf9\xd5I\xef\xfa\x8d\xff\xf0_|\xea\x13\x1f\xff\xff.\
o\xdc\xf5U\x8e\xd6?\xe6\xed[l\xca\x1dc\x04\xde\
v\x06\xa0\xb5\x82k\x91\xf27\x8b}3\xc5\x9fy\xfe\
%\xa0\xff\xdc3O\xfe\xd4\x97\xbe\xf0\xe5\xef)'\xfb\
T\xa3\xebq\xce\xdc)\xbc-\x10x\x9c\xad\xb1\xd6\x22\
\x95\x9e\xe2\xf9cgG\xe8\x0e\x92\x0ao\xab\xe8\x81\xa8\
\xd0I\x87\x10\x02\xce{\x14\x92 4Z%x[\xe1\
IH\xd3\x1c\x9dD6^\x81'\xe9,\xf1\xe0#\x1f\
\xbc\xfa\xc9\x1f\xfc\x89_\xea\x0d\x06{\x1c\xe5\xafk3\
\xdc6\xf9\xeb\xdaE\xbfy\x9c\xf7\x81\xa3\xed\xbd[\x85\
\xfa\x8b\x0a\x7f'I;\xf5j>\x9f\xdd\xfc\xcd\xebs\
\xabN\xc1<~\xc5\x85\xa4\xaayg0\xf9\xd8\xa7~\
\xe8\x9f}\xecS?\xd4\xf9\xd2\x1f\xff\xc1\x7f\xfc\xdc\xb3\
\xcf\xbd\xe7\xeaK_\x95\x89\x0a\x91\xe8T'\xe0k\xbc\
3X\x97\xa1R\x8d\xf4v\xca\x84\xec\x08\x02\x9c\x99D\
NE\x9d\x11\x82\xc0\x98\x0a\xe7\xe3\xa9\x0a!\xe0u\x12\
\x0b\x81\x1a\x94\xaaI\x92\x0c\xa5%:I\xc8\xbb}\xd2\
|\x09\xa9\x12\xf1\x8d\x17\xae\xfd\xb9G\x84\xef\xad\xad\x9f\
\xfb\x1c\xc7\x0d\xc0\x22#\x09w\x88\x11x[\x19\x80V\
\xce\xdfV\xfe6YG\xb3\xad7h\x1cK\x9f\xfb\xcc\
\xef\xfe\xb5o>\xf5\xcd3\xd2O\x22$Wh\x8c\x0b\
\x88`\xf0\xce\xe2l\x15o\x16\xef\xe2\xe8\xaeL##\
\xcdt>=\xf6\xf3c\xd1)\x848r\xab\x94Fz\
\x8f\x0c&\xce\xab\xab\x04/%J\xfaX\xa5\x92\x09\xcb\
kg\xc2=\x17\x1e\xdc\xfa\xc0G\xbe\xff?\x9c:{\
\xee%n\x92T4\xb9\xec\x9a\xde\x7f^\xae?S\xfc\
\xe9\xe6\xdd\xe0\xc3\xc9\x1e?\x1e\xd3\xfeXX\x08\xf6\x09\
\x01@\x0au\xbb7\xa08\xe1q\x11^\xe0\xa4\x88\xa0\
m\x08\xda\x98\xfc&\xb9\xea\xe1\x1c\xffG>\xf6\xfd\xff\
\x9f\x8f|\xec\xfb\xf3\xcf\xfe\xc1\xaf\xff\xec\xd5K\xcf\xdd\
{\xed\xb5WT\xb0%\xa9\x16XR\x94\x86 \xc5\x94\
T%\x10\x04H-A\xc49\x8b`\x1d\xa8\x1cPq\
\xb2\xd0\x14SV\xe58\xb1\x19HQ\xc2\xa3E\x85\x08\
\x0ags\xaab\x8c\x10\x8a\x8d3\xf7p\xe6\xee\xfb9\
\x08\xe6'\xcck\xcf<p\xfa\xee\xf7\xfcK\xe6\x87\xff\
\x8b\xb6-\xbf\xed\x8d\xc0\xdb\xc6\x00\xdc\xa2\xd5\xd7\x06\xf7\
\xb4\x95\x7fi\xfa8\xf8\x9d\xdf\xfc\x95\xbf\xfb\xf2\xf3\x17\
;\xde\x96\x18\x1f0U\xec\xcd;[\xe3L\x817\x05\
\xc6\x18\xc2t\xbc\xd6\x07b\xaf_F\xaam9\xa5\xdc\
\x92*\xc5;\x0b\xa2s8\x91\x97\xa6\x09\xde\x06\xd24\
\xb2\xfa\xc4\x16a \x1f\xac\x87\x07\x1ez\xdf\xd5\x1f\xfe\
\x89\x9f\xf9\xe7\x1c\xe5\xa6ks\xd4\xb5\x14?\xd8\xd0j\
\xef\x89\x98\xcd\xda\xd0\x0a\xf5\x03q<0\xbe>S\xf4\
\x10\xe9\xf9\xa6\xca\x0d!\xf8\x10\x0eo.\xc1!\xaf8\
>\xf6*\x98\xf7=\x00\x89<\xfc:U\xd9\x0c\xa2\xd8\
\x96EF`\xf6\xda\xa2\xf4`\x91!XD\xbc\xda\x1e\
\xda\xca?\xf1\xfd?\xf6\xbf\xc0\x8fu\xbe\xf6\xe5\xcf\xfc\
\xe4\xc5o<\xf1\x81\xe1\xf6\x8b\xd2\x1bC\x9af\x84\xba\
\xc6\x1b\x83\xd4)\x89\xea\xe0L\x89\x14\x16\x11d\xe4\x1c\
t%^f\x08\x9dcM\x8d\x94\x13\xfa\xdd%z\xfd\
%\xd24\xa5\xd3[F%\x1dH\x06\xa0\xfbt\xfak\
,\xaflp\xee\xdc9\x1e9\x9f\x93i\xb8>\xfc\xe8\
\xc3\xb2x\xfa\xffl\x93s\xff\x03\xf3\x0d\xc0\x22y[\
\x1b\x81\xb7\x85\x01XP\xed_\x14\xf67{\xfb3\xe5\
_\x02\xfa\xbf\xff\xdb\xbf\xfa\xb7_}\xf9\x95\x8e\x96\x9e\
Q9\xa6\x1c\xef\xc6\xc1\x18\xa9\x09\xb6\x8cS{u\x19\
y\xf8\xa58d\xf1\x89#8n:O?\xc5\xed#\
Q:\x89\xa0\x13\xa9\x08x\xa4\xee\xa0\xa5\xc7\xd4%B\
\xe7\xe8T\xf1\xe0{?:\xfc\xd1\x9f\xfc\x0b\xffs\xde\
\xed\xeeqS\xe1'\xdcT\xfaY\x040\xcd\xf1C\x1d\
\xa0\x16b\x9a\xdf\xc7\xe4\xd5Bp\x01|\x08\xc1O\x95\
\xdc\x05 ~\x1d\xfcL\xd9\x99Qr6\x14\x1d\x10S\
# \x00\xe1\xc3\xa1\xb2\xb7o\xccy\xa9\xc0\xb1\xda@\
\xed+1{\xfd_\xfd\xe2?\x0f\x8dk\xd4\x86\x0e7\
\x9f\xdfN\xe7`Q\xa1\xb0i\x08f\x94^\xcdho\
\xc6\xfb\xd7y\xec\xf1O\xfd\xeb\xc7\x1e\xff\xd4\x7f\xf8\xd2\
g\x7f\xeb/<\xf3\xb5\xcf\xdd?\xda\xbb\x86`:-\
\x89D\xcb\x14+\x02\xc6\x10IXE x\x83\x0cv\
\x1a\xb9\xa5\xd4UA9\xde&M\x04J\xe4\xb8:F\
\x03\x92\x14!\xe2\xa4f68\x8b\x09\x19\xd7\x0f\xe0\xfc\
\x1a\x9c^\x82\x97\xebG\xd7\xf7\xb7\xbe\xf2\x7f\xda\xdc|\
\xf0\x1fs{\xca?\x93\xb7\xad\x11x[\x18\x80\xa9\xb4\
[}3pI;\xecoV\xf9\x97\x80\xe5\xe1\xfe\xf6\
\x85\xcf|\xe6\x0f\xff\x0f[W\xaf\xca\xe0\xeb\x08\x1f\x9d\
\x0d\xcb\xb8x\xf1\xab\xe2`J\xcd\xd5ENsA\xad\
5\xce\x87\xc3p_\xa9\xe9\x80\x8eP\xcc\xf4I'\xb1\
\xc5$\xf1\x11 \xa43P\xf0\xc0\xc3\x1f\x1c?\xf6=\
\x9f\xfa\xf5{\xef\x7f\xcf\xd7\xb9\xc9<3a!3m\
\xa8\x89JoD\xc0\x84\x10\x0e\x95\x9e\xa8\xe4!\x10|\
\x083\xce\xdd\xa8\xfc\xd3\x9cU\xc4\x9eB<GM\xe5\
\xbf\xe9\xfd\x8f\xc9\xa2\xa2_\xbb60\xef\xeb\xc3!\x85\
\x9f\xfd\x85\x9f\x17@\x98s\xb3\xce3\x0c'u\x10\x9a\
C5\x8b\x22\x82YZ0\xa3\xf6n\x92|\xce\x98\x7f\
K\xa0\xfb\x91O\xfc\xc8?\x7f\xf8}\x8f\x9f\xf9\xe2\xe7\
~\xef\xcf>\xf7\xd4\x13\xa7&\xfb\xaf\xa1\x00\x1f,:\
\x89\xd1\x9d1\x96D&xWc\xeb\x09\x82\x9a$\xd5\
x\xcf\xb4\xee\xe3(\x8d\xa4\x1e[\xa4*P\xd5\x1e\xfd\
\xf5U\xc6\x93\x82l8$K\x15\x95\xc9\xd9\x9b\xc4\x02\
pe\xe0\xfa\xe8\xdc\xfa\xce\xfe\xd7\xff\xde{\x1e|\xff\
\x7f\xc5\xadS\x80\xa6X\x8e\x17f\xbf\xe3\x22f\xf7\xd2\
\xbf\xf8\xbd\xe1m\xff\xd2/\xfe\x93\x7f\xf4\xa6\xbd\x81F\
\xc5\xbf\x1d\xf6'\x1c\x0d\x03\xdb!\xff\x12\xb0\xe4\x9c]\
\xfd\xd5_\xf9\xff\xfd\xdd\xd1\xfe\x81\xb4\xa6\xa2*\xf6\xa9\
\xab8\xa1\xe7\x83\xc0\x94\xfb\xd8\xba\xc0\xb8\xf89\xb5R\
8g\x0f\x07P\x98\xb1\xeeL\x01<\xc1\xc5\xa5\x17R\
8|\x88|\xfbJ\xa7\xb8z\x8c\xb3\x86Sw?\xe4\
?\xf8\xd1O|\xfe\x03\x8f\x7f\xf2\xb79\xaa\xf4\xed\xa3\
\x02\xaa@0B\xc40?*=.Dr\x7f\x17\xc4\
T\xe1C\x98\x96\xa6\xa6\xbe\x9dC\x13\x00pD\xc5O\
P\xf8Er\x92\xe2\xb7[\x85'\xc1\x86\xc3,\x1a\xb8\
\x8d\xeb\x09\xf3#\x84E\x05\xc3y\x86\xa09\xb2\xdb\xe4\
\xf7;\xc2\xd6\x04t\xb7\xb7\xae^\xf8\xfd\xdf\xfa\xe5\xff\
\xdd+\x17\x9fH\xf05A\xa6\x04\x14x\x83\xad\xc7\x11\
1\xe8\x0c\xb6\x9e \xa5\x22\xed,\xd1\xe9t\xc9;\x1d\
T\xbe\x06z\x10g3\xb4\x22\xed\x9fEwV9}\
\xcfc\x9c>}\x8a\x95n\xfc\xf8\x07\xa3\x82\xba\x9a\xe0\
\xeb\x11\xe3\xd2\x91\x89\xd7\xea\x0f\xbc\xef\xc3\xff50\x04\
\x0e\x1a\xc7\x10\x18\x01\xe3\xc6\xbd\xd0\xac\xf3\x1c)\xdc\xbe\
\x99Q@s-\xfa\xad\xe4\xe7~p\x10/\xccw\xd2\
\x00\xdcB\xf9\x9b\xe8\xbe\x99\xe7\x9f\x1d\xcb\xc0\xd2\xde\xee\
\xf6\xfd\x9f\xfb\xec\x1f\xfe\xd5\xed\xeb\xd7\xa5\xad\xcbh\xe9\
M\x8d5\x05\xde9\xeaj\x82\xab\xc7\x04\x99N\xc99\
\x22\xa2\x0f_7\xc6sm\x1c\xe6\xf1\xc4)=)\x09\
\xbe\x06@\xea.\xd6M\x11gJr\xdfC\xef\xdb\xfb\
\xf1\x9f\xfe\xf9\xff'7\x15\xbf}4=\xbf\x09\x84Z\
\x08l\x08\xc1pS\xf1\xbd\xc7\xfb\x10B\xc4\xbf\x07D\
\xc0\x87\x10\x10S<|<\x1faz}n:\x8a\xdb\
\x095\xe7\xc9\x22\xc5oc\x07n\x0bHt;F\xa0\
u}\xdb\xef}Q\xd1p\x1eE{\x13\xec5[\xc8\
\xd2&l=$r\xf9\xa3\xdf\xff\xad\xbf\xf0\xd4\x97\x7f\
\xff\xc1\xd1\xc1vl\x08J\x81\x0bjJ\xe6\x12\x81z\
Rx\xb242$\x0b\x01I\xd6\xc3'\xeb\x08\x99\x90\
\xe6\x03d\xd2\xa5\xbb\xf1\x1eVO\xdd\xcf\xd9\xb3gX\
\x1fH\xcc\x8c\xae\xd1\xd5\x8c\x87\xbb\x04\xef(jOb\
\x9f\xaf\xde\xf7\xde\x0f\xfd7R\xca\xa6\x01\xd8'\x1a\x81\
\xf1\xf4\x98\xdd\x17m#p\x98\x0e\xbcYF\xe0\x8e2\
\x00\xad^\xff\xcc\x1b4/z\x13\xd3\xdf\xce\xf7\x97G\
\xfb{\xf7\xfe\xf6o\xfd\xd6_\x1f\x8d\x0e0\xd5\x98\xe0\
\x22R,\x8e\xf0N(\x86\xdbL\xc6\xfb(\x11\xc8:\
\x83X\x09\x0ev\x1a\xde\xbb)\x8a$=d\xd4\xd1I\
>E\xf0\xa51\xde\xf36\x92s8\xcb\xd9{\x1e\xa8\
?\xf1\x03?\xf6+\xe7\xee}\xe8\xc9\xc6E\x9d=6\
\xbd\xfe!\xc0'\x10\x8c\x00\x1b\x08v\x1a\xda\xfb\xd0P\
\xfc\x10\x82\x98\x86\xf6\x22\x10\xa2\x12\x04\x04\x04\x19\x16\xb7\
\x97^\x8f\x11h\xe7\xfb\x8b\x14\xff\xa4i\xc2\xb9\x1d\x87\
\xd7c\x04Z\xd7\xbb\xfd\x19\xe6\xb5\x11\x17\xd5\x07\x161\
:5\x8f^Q\x0c7\x7f\xfbW\x7f\xe5\xe7\x9f\x7f\xfa\
\x8b\x83`\x86\x84\x19\xf7\x82\x9d\x80\xd0q\xc7\x81t\xa4\
iF\xde\x8d\xf7E\xc8N\x93/\xdf\x0bB\xd0\x19l\
\xb2q\xee\xfd\x0c\x06K\xf4\xf3\xb8\x18\xc5M\xcb\xae\xe3\
\xe1vt\x1a\xbe\xc4\xd4%\x95\xf1\xa4\x5cu\x1fz\xec\
\xc3\xff7\xa2\xd2\xefs4\x1aXd\x04\x9a\x98\x0ex\
\x93\x8c\xc0\x1dc\x00\xe6\x00}\xda\xe3\xbc\xb3\xc2\xcf\x0c\
\xd6{\xa8\xf8\xd3c\xe9?\xfc\xca\xbf\xff{\xfb;;\
\xb2.GT\xe5\x04o&(\x19\x18\x0d\xf70\xc5>\
\xc6\x18\xac\xad\xe3\xebJG\x1a-\xa6\xa6\x5c\xe5\x91q\
\x17E\xd6]\x8e\x0b6\x93\x0e\x00J8\xd2\xce\x00k\
-\xa6\x1a\xf3\x81\x0f\x7f\xfc\xda\xa7\x7f\xfc\xcf\xff\xd3\xc6\
\xc5l^\xd4\xa6\xe2\xcf\x94\xdfD\xe5\x0f6\x80\xf3\xc1\
\xfb\xe8\xe1ch\xef\x83\x97!\x04\xe1\xf17o\xf8\x10\
$\xa0\xc2\xe2\xa1\x13x\xfdF\xe0$\xcf\xdfV\xf8&\
\xde\xa0\xf9\xf5\xbc\xe8\xe0\x0d\x1b\x81\xd6\xf5o\x7f\xa6\xf6\
\xc2\x96\x93X\x9c\x9b\xc5\xc1\xf6\xc8w\x17\xe8~\xe5K\
\x9f\xfb\x89\xcf\xfd\xce/\x7f\xc4\x94\x07tz\xcb\xd3\x85\
)\x96D\xc5\x8d\xcb\xf8\x1a+\xba\x04\xd9\xc1:X\xda\
\xbc\x9f\xac\xbb\x8a\xee\xdfM\xd6Yb\xf3\xcc9\xb2\xac\
\xcb\xa8\xf4\x04WQ\x96\x15f|\x85N*\xc8\xf3\x9c\
<Ux\xef\xa9\x8d!\x97\xafU\x8f>\xf2\xf8\xff\x9d\
\xa3Q@3\x1d\x18\xd1H\x0b9\x8a\xf18Dj~\
\xabF\xe0\x8d\x18\x80o{\x11p\x0e\xd0\xa7i\xf1\xe7\
\x8d\xf3\x1e\xf1\xfe\xc3\xfd\xdd{\xbf\xf8\xa5?\xfek\x07\
\xbb{\xd2\x94\x07\xd4\xc5\x01\xce\x05l=a\x5c\x151\
v\x16\x11\x96\xdb\xeb\xad\xe1\xcd\x84\xb2\x18E:.\x95\
\x83\xaf\xc0\x8eqBO\xb9\xf9\xe2B\x0a\x82;$\xd1\
\xac&\x07\xacm\xde\xed\xdf\xfb\xf8\x8f\x7f\xf6\x83\x1f\xfe\
\xc4os3\xa7\x9b)~\xbb\xe0\xd7@\xf5\x05\x0bX\
O\xf0!\xf8\xe0\x83\x9f)\xbe\xf0\xc1\x8b\xd8\xa9FM\
\xa1m:\x10\x9a\xf9o\x13{\xde6\x04\xf0\xfa\xd3\x80\
\xd9\x0d\xb5\xc8\xeb\xb7'\x0b\x15G\x890]\xeb\xef\xbd\
)\x05\xac\xd9\x8d\xde\xbaag\xefIr\xb3\x08\xa9\x1a\
\xefo\xdepT\xbd\xe00\x1f\xfe\xc8\xf7\xfe\xbb\xb3g\
\xefz\xf6\xb3\x7f\xf8;\x7f\xf6\xc6\xab\xcfdI\x92!\
\x85&U\x0e\x84\xc4\xd4S\xc6f\x14\x9d\xe53$\x9d\
\x15\xf2\xfe\x06\x83\xcds$\xf9\x12B&$\x1a:\xa9\
\xa40\x1d\xb2nN\x9a\x08B\xb5\x83\x17i\x5ca&\
ai\xd0c4>\x9f=\xff\xfc\xd7\xff\xcb\x07\x1ex\
\xff\x7f\xc5\xfc:\xcaI`\xad[\x0dh\xbd\xa5\xf2\x9d\
\xea\x02\xcc\x9b\xe9o\xe6{\x8b\x80>\xfd\xcf\x7f\xf6s\
\x7f\xed\xc6\xd65iM\x85\xf7\x0ekjL9\x8cw\
\x8c\x10\x10@\xe7+\x08[\xe3L\x09@\xa7\xdb\x8f,\
;A\x12\x5c\x86\x22'\x08\x1d\xa9\xb8T\x9c\x06\x13R\
\x12\xbc\xc59x\xe0=\xef?\xf8\x89\x9f\xfe+\xff\x98\
\x9bJ?3\x00\xb3\xd0\xbf\x1d\xf2\x1f\xa2\xf9B\x08>\
\x88\xe0\xa2\xea{BC\xf1\x03A\xc5\xeaTH\xc2\xd1\
\xaa\xf7<>\xba\xb6\x11\x98\x9d\xb7\xd7#\xf3<\xff<\
\xc5o*\xd5\xa2\xfe\xf6M\xfa\x22\x10?\xfb\x0b?\xcf\
\xb7\x12\x05\xc0m\x1b\x82f\xa4\xd2\x1c\x8a\xba\x95!0\
g\xee\xba\xe7\xeb?\xfd\x17\xfe\xca\x8b\x7f\xf4\x87\xbf\xf5\
\xb3_\xfd\xcc\xaf=`\xeb\x09\xa8\x8c\xd9^\xc5^\xaf\
\xcf\xd2\xdaY\xd6\xee\xff\x11:\xdd>Yg\x80\x9a\x12\
\x9d\x86\xa0\xb8\xb6\xb5\xcbh\xff:\xf5d\x87$\xc9\x0e\
\x89IReQJ\x93\xe7\x19\xcb+\xeb\xac\xae\x9f!\
\xcd\xeeO\xc7\x93\x8b\xffe\xaf{\xe6\xbf^p\xceO\
\x9a\xcfp\xb3\xf3\xf0\xedn\x0d~[\x0d\xc0\x9c\xa2_\
S\xf9\xdbE\xbfv\xbf\x7f\xf0\xd9\xcf\xfc\xce\x7f\xbe\xb7\
\xbb-\xad)\x98\x8c\x0e\xa8\xca\x11\x91#3!8\x87\
V`\x9d\x8b[k\xa6\x1e\xddZ\x8f\xd09J'\x04\
k\x10\x08\x94\xea\x82L\x22\xa3\x8cH\xf0! ]M\
\x10)\x8f}\xec\x13/\xfd\xc0\x0f\xff\xa9\x7f\xc1M\xc5\
o{\xffc\xf9>\xd3\xbc.\xe6\xfbL\xfd\xbe\x9by\
\xfd\x18\xde\x87\xe8\xe9\x03a\xde\xf2\xd1\x99\xf1k\xcf\xa2\
\xcf\x1b?\xbd]iz\x96\xe6\x8d8O\xf1\x9b\xeb\xb2\
\x16\xfd\xafy\x9e\xeaM\xb9Y_\x87!P'|\x86\
Epj\xf3\xc9\xef\xfb\x91\x7f\xb1\xb9\xbe\xf9\xe9/\x7f\
\xf1\xf3\xdf?\xdc\xdb\x12\xde\x96\xa8\xa4KPidq\
6CdH\xe8\xa4}\xc6\x93\x824M(+\xc3\xd6\
\xf5kT\xfb/\xe1\xcd\x18%C\xec\x14d}l\xb0\
\xe4\x9dh0jc\xd1\xc5\x01\xc5x\x8fk\xa5\xca\x96\
\xb2\xaf\xfc\xa7\xf7\xdd\xf7\xe1\xff\x81\xf9E\xd5\x93\xa0\xdb\
\x8e\xef\x00\xb5\xd8\xb7\xad\x06p\x8b\xa2_\xb3\xa8\xd3\x0c\
\xf9\x97\x81\x15`\xf9\xf3\x9f\xf9\xad\xbfs\xf1\xd9\xe7{\
\xc5x\x08\xc1\x12P\xd8zDp&\xb2\xe98\x87\xad\
\x0b\x086\x92F\xe0Q:'x\x8b5%:\xeb\x93\
$I\x5ca\xad\xd3\xc8.3\xdd\xa5gM\xc9\xf2\xfa\
)\xff\xf1\xef\xfb\xb1\xdf{\xe4\xfd\x1f\xf9\x03n*\xfe\
\xech\x87\xfd\xed\x8d\xb3\x8e\x98\xef\xbb\x80\x13.8\x9c\
w\x04\x82\x9az\xfd\xa4\xa5\xf8M\xd8k\xf3\x98\xc7K\
\xf7F\x0d\x00\xcc\xcf\xfb\xdb\x8a\xd3\x9eJl\x1a\xb66\
L\xb9]\x1b\xf8\x96j\x01\xb7\xb8W`~\x8d`^\
\x91p\x11\xeb\xf3\x91\x09\xd1\xa2(\xd7\xbe\xf2\xf9\xdf\xf9\
\xeb[7\x0ert\x9f\xa0\xe2\x0e\x84\xac\xbb\x82\xccO\
\x91\xf5VY_\xe9S[\xd8\xd9\x1bR\x8c\xf7\xa8\x8a\
1JX\x9c)\xe2\x86d\xe1\x22 ,I\xc9\xb3H\
\xdb\xbe\xbe\xbe\xc1\xf93\xab\x8c*8\x988\xba\xe1\x89\
\xed3\xa7\x1e\xfa\xef\x89\xb5\x80\xd9\xd1n\x11\x1e\xd6\x8c\
8\x0a\xff~\xc3\xf5\x80\xb7m\x0d`\xc1\x80\xcf<\x0e\
\xbf&\xa1\xc7a\xd8\xff\xa5/|\xf6\xaf~\xf3\x1b_\
\xefI\x95\x90\xe4\xfd\xd8#w\x15\xde%TuM\x98\
\xae\xc0\x16\x02\xbc\x8b\x14Q\xde\x07L]\x90$\xd3\xf5\
\xda\xb6&\xef\xad\x22\x08\x08\x95\x90$\x0ao#=\xf6\
\x99S\xf7\xd9\x9f\xf9\xcb\x7f\xf3\x1f*\xa5\x87\x1c-\xdc\
\xb4\x95\xffX\xc8OcX\xc7\x07\x87\x0b.x\xbc\x9a\
\x16\xf9D\x08aQ\xa43+`5{\xdc\xcd\xc8\xa0\
\xcdK\xf7\xad\x1a\x80f\xa1o\xe6\xf5\x9bs\x09\xb3\xff\
\xd5\xfc?\x8b0\x03\xb3\x9fyK<\xd5\x09\x11A\xd3\
[6\x0dZ\xf3\xb3\xcd;\x1c`;\x9d\xdc~\xf2\xd3\
?\xf1\xffx\xee\xd9\xa7\xfe\xda\xf6\xb8\xb3\xb1\xbe\xb6\xc6\
\xca\xea\x1a:\xed\xb2\xdc\x81I=]\x87n\xc0\x87\x01\
BH\x94\x14\xd8r\x97 %UmA\xc5\x0e\x91\xad\
-\x85w(\x9dR\x16c\x8c\x1d\xd0\xcb4J*\xae\
\xdfx`]\xbe\xfa\xcd?}\xea\xdc#\xff\x96\xe3\xde\
\x7f\x1eU\x9bo|\xcevz\xf0\x96\xca\xb73\x05\xb8\
\xdd~\xff\x91\xb0\xff\xa5\x8bO\xff\xd8K/_\xbd;\
\xef\xae`=(!\xa8\x8b\x03\x8abH\x08\x02\xa5T\
\x04h8{H\xaciMI\xf0&2\xef\x0aA\x92\
/\x81\xcc\xa6\x8c2j\xfaf\x22\x1f\xdd=\xf7?T\
\xfc\xd4\xcf\xfc'\xff-7\x15\xbei\x00\x9aa\x7f\x13\
\xd97\xd7#Ns}9\xcb\x15\x99\xdf\xe1\x98G]\
\xd64\x06m#\xd0\x8e\x02^\x8f\xcc\xcb\xfd\x9b\x9e\x7f\
\xe6\xf1\x0b\xe6\x1b\x80\xd9\xdfh\xfe\x9df\x91\xee-3\
\x020\xd7\x10\xcc\x94C4\xben*V\xfb\x98k\x0c\
\x1e|\xf8\xbd\xffd\xf9\xca\x8b\x7f9Y^\xba\xf7\xee\
\x8d\xb8\xfaL\xc9\xa8\xf87\x860\xa9\xc0\x94\xfb`K\
\x82\x89Qf\x08>.lA\xe0m\x8dq\x86\xac\x9b\
\xd2\xef\xf6\xa9\xca\x09\xd7\xaf_eu\xfd\x0c\x9e\xb8\x22\
\xed\xdan\xf7#\xfd\xbd+/wW\xce~y\xce\xfb\
j\xbe\xdf\xb9\xe0\xaboW*\xa0\xfe\xfe\xdf\xff\xfb\x00\
<\xf9r}\xdb\xbf\xf4\x95/\xfe\xf1m\xff\xec\x09`\
\x9f\xd9M\xde\xc6\xf7\x1f\xa2\xfc^\xbb\xf4\xdc\x8f>s\
\xf1\xb5\xef\x17B\xa2\x92\x0eUU2\xd9\xbf\x1c'\xfc\
dJ]\xecGFX) \xc4q\x17\xa9\x14*\xc9\
\x08\xaeFN\x19y\xa5R(\x95\xe0\xcd$F\x09\xde\
\xe1\x9d\xe3\xb1\xc7?\xfe\xca\x8f\xfc\xd4\xcf\xfeO\x1c\xef\
\xe16C\xb5\xb6\xf7\x9f\xcd\xec7{\xb9\x1e\xc0\x043\
+\xfa-Z?>k_\xb59\x0c\x0e\xc9J\x1b\x8f\
\xcd\xb6\xd6\xec\xb1\xbd\xb1x\xd1\x91\xcfy\x9c\xa5\x19\xed\
\xc2c3\xc2h\xca\xed\xa0\x03y\xff\xe3\x1f\xe4\x1b_\
y\xe2\xcd\xba\x1f\x17\xdeo\x8f\x7f\xf4c\xf3\x8cR\xf3\
\xfd,\xeat\xcc\xcd\xbb{\x83\xd5\xa7\xeb\xe2\xba\xd0\x9d\
\xe4\xde\xbb\x96\xe3\xde\xc4q\x05\xfb\x13\xb8\xb6\xbd\xcfp\
\xe7\xca\x14Pf\x99L\x0aL5B\x08\xb0\xf5\x04\x8f\
@%]zK\x9b\xaco\x9c\xa2\xbfr\x06/{(\
\xa91\xd5\x04S\x8dH\xd3\x9c\xeb\xdb7\x1e\xcdD\xb5\
\x95w\x97v9\xb9\x160\x8f\xb6]<\xfe\xd1\x8f\xbd\
.]{\xfc\xa3\x1f\xbb\xed\x9f}\xecB\xfc\xccoi\
\x04\xd0\x0a\xfdg\x06\xa0\x09\xf7l\xf3\xf6\x1f\x1a\x82\xaa\
\xaa\xd7.]9\xf8\xb4\xd4\x19f4\xa4\xaaJ\xa4\x00\
\xa9\x12&\x07\xd7\xf1A\x1e\xce\xf1\x0b\x99\xc79\xfe\x10\
\x10\x02t\x92a\xaba\x9c\xe7\x9f\xf2\xef\xc7\x15\xdb\x8e\
z\xbc\x85\xee\xac\xf3\xd1O\xfd\xf0\x0b\xdf\xfb\xfd\x7f\xf2\
_rS\xd9\x0fX\xec\xf9\xdb!\x7f\x9b\x89'\xd4\xae\
\x12\xd6\x9b\xe6g\x9dW\xe8\x9cg\x08\x8e\xf4\xaf\xb9\xa9\
\xac\xcd\xb5U3%\x9d\xfd\xed\xdb\x91\xa6b4\xc3\xe5\
\xa6\xf7\xcf\x1a\xffcf\x04\xe6\x85\xd9\xb3C5\xfe^\
3?\x7f\xcb=\xd5-\xd2\x82\xe6\xe7\x5c\x84sh\x7f\
\x16\xbf\xb4t\xfa\xb7';\xfb\xd7\xf7\x97\x92\x9f\xe9\xa9\
\x5c\xecO\x1c\x89V\xe4\xa9f\x92\xa6\x98\xa2\xa26\x16\
\x19J\x10\x81\xaa\x18\xa3\xb3\x01\xfd\xb5\xbb\xc8{k,\
\x0d\xfa\xe4yB\xa2@e\x8a\xb2\x06g\x0c\x89\xf2h\
\xe90I\x8f\xa7\x9f}\xf6\xcf\x7f\xef\xc6\xdd\xcfq<\
]\x99\xc7\xe4\xdcN\xb5\xder\xf9v\xa4\x00\xcd!\x9f\
yX\xefy\x13~\xfd\xa7\xbf\xf9\xc4\xdf\xda\xd9\x1e2\
>\xd8\xa6.G\x11\xe5WWS\x12\x88X\xb8\xd3I\
\x82\xd0]\x84\x94$\xd9`J\xc8a\xa9\xcba\xac\xd8\
J55\x10\x0a\xa5\x13|H\x08\xaa\xc3\xa7~\xf8\xa7\
\xbe\xfc\xe1\x8f\xfd\xc0/s\xd4\xdb\xb7\x91[3\xe5o\
\x17\xc2\x9a7\x19\xd3\x8bE\xed\xabfX<\xafh5\
\x03\xb5\xcc\xdd[`E~\x9f\x13\xf9}\xc2M:\x02\
\x91 \x90B\x08\xa5\xa4\x10b\x06W\x8c\xbb\x81c\xbd\
\xe3\xc8\xe9\xf5q\x16~\x86\x1f\xbe\x99\xc2\xc7\x9bI\x88\
\xc3\x9b*\x84\xe0\xa4\xc09\x94u\x8e\xad$\x8c\xbe\xce\
M\xe3\x02G\xd3\x057\xe7\xd1M\x7f~f\x04\xc2\xcf\
\xfe\xc2\xcf\x8b\xb7\xa2\x188OZ\x86@p\xd3\x08K\
\x8eG\x01MC6/*\xf0yo\xf9\xc9\xebW\x86\
\xa5\x1e\xd4\x7fi\xad\xbf$\x9f\xb9\xecp\xb6\x22\xd1\x1a\
g\x0e\x22ND%\x11*\xde]\xa1\xd3[E\xe9\x94\
\x95\x95UB\x80\x9da\xcdh\xb8O0c\x145\xc1\
\x1c\x90HC\x22#\x94\xc2\xb2\x22\x9f{\xea\x8f\xfe\xe6\
\x83\xef\xfd\xe4\x7f\xcf\xfc\x94\xe4\xa4\x0e\xc1[\x9e\x0a\xbc\
e\x06\xa0\x15\xfa\xb7'\xfcf\xde\x7f\x1e\x8bo\xef\x99\
\xa7\xbe\xf27\xaeo\xd5Y]\x1c\xc4\x8d/\xf5$2\
\xf2\xd8\x1ak=\x9d\xc1i\xbc\xab\xb0\xa6B\x13\xb7\xe6\
\xd8*v1f\xeb\xb7\xa5\x14q\xc0g\xbap\xd2\x96\
\x07\x08\x11\xf8\xf1\x9f\xf9O~\xf3\xd1\xf7=\xfeG\xdc\
\x1c\xe2h\x17\xfe\xe6\x15\xfb\xda\x17\xeb0T\x9b]\x9c\
\xe9\xd4\x5cS\xe6\xa5=\x0b\x97\x978\xf4\x0f\xde\x95\x97\
g7z\x8aN\xa7\xc3\xfar\xce \x17h\xc5t_\
\xc0L\x83\xc1\xd8\xb8\xab\xcf\x06\xa8\x8c\x07\xef\xb1\xceQ\
[\x87\x12\x12\xa5B4\x92.b\xdf\xa5\x8c+\xc0D\
\x10\xc8\xe9\xfa\xb0\x10`\xa7\xd4\xe1\xa9\xcbv\xa2C\xf9\
\xe2\xec\xf3p4R\xb0\xad\xcf\xdf\xf4XM#\x00\xdf\
\xc6\xc2\x15DC\xd0\x8a\x06f\x06y6u\xd7,~\
6\x9f\x1f\xe3R\x14:\x7f\xc6N\xc2\x7fsq\xf8\xea\
\xdf1\xf5\xaa\xd2\xc2 \xfc\x84n\xae\xb06P\x864\
\xce\x0c\xa0p\xe5\x0e\xae\xda\xe3\xd2\xf0:\x08\x8d\xb7%\
\xd5d\x17\x80^\xaf\x8f\xd6\x0a\x99&h\x99\x92e\x09\
:\x17\xbc\xb6\xabV\xd57\xff\xf8/\xdf\xf7\xc8\xc7\xfe\
\x17\x8e\xd7&\xdatom\xe3\xf5\x96\xb6\x06\xdf\x12\x03\
0'\xf4oF\x00\x8b\xc8<{@\xff\xb5K/\xfe\
\xd0\xe5\xadjC\x11\xb1\xf8R\xa5d\xdd\x15L]\x91\
\xca\x04\xed\xc1\xd6#\xd2\xb4O)\x14\xe5\xf0\x1a\xb8\x8a\
\xba\x9a\xa0\xa7|\xfd\x91\xf55!\xed,\xa1\x94\xa2\x18\
na\xbd\xe3G\xff\xf4_\xfc\xdc\xa3\xef{\xfc3\x1c\
\x9d\xe0j\xe7\xfb\xcd\xf9\xfdy\xc5>8\xb9UsR\
\x14\xd06\x00\x87F\xe0\xde%N=t\xaa\xc7\xeaR\
F'\x15t\xd3\xf8\x17\xac\x8b\x0a\xef\x03\x87D\xa3\xfd\
L`l\xc0\xf9\x80M\x03\xceyj\xe3#\xb1\xa5t\
1Wu!F\x05a\xb6\xe2>\x90\xe8\xe9\xa6`\x04\
J\xc2z\x1fQ\xd7\xf9\x8f\xbd\xb4U\xfe\x0b\x8e+\xff\
\xbcCs\x131\xd8,\x08~[\xa3\x80\x99L\x8d@\
3\x05i\x87\xd2\xed<{aM@\x08\x11\xce\x0c\x96\
\xfea\x91\xec\xfe\xed\xcao\xc8,\xd5L\x8a\x9a\xf1\xe8\
\x80,\xb3T\xb5\xc3T\x13d\x7f\x8d\xd1\xb8\xc0\x16C\
:\x83M\xd2$\xa57XA\x0aO*m\xdcK\x90\
\xe4\xd4\xe5\x98\xaa6\x04W\xe2\xaa\x92\xaf_\x1c\xdf\x97\
\xf7\x9e\xff\xe0\xd9\xf3\x0f|\x91\xf9]\x8aE\xe9\xc0[\
\x9a\x0a\xbc\x95)@[\xf1\xdb\xf4O\xb3\xdc\xff\x10\xf1\
g\xear\xf3\xd5\xab;?(\xf1\x04\x01i\xde\xc7Z\
\x8bs\x1ek\x0e\x80\xc8\xcd?\xd9\xdf\xa7tv:\x18\
\x1b\x17D $J\xa7t\x976I\xf3\x01I\xd6\xa1\
\xae\x0al]\xa2t\xc2\x0f\xff\xd4\xcf\xfe\xc6{?\xf0\
\xd1\xa6\xe7\x9fMm5\x95\xff\x08\xa6\x9f\xe3\xf9>\x9c\
<\xb8\xb1\x88?o^\x14pd\xc0e\xb9\x97\x88\xd3\
k9K\x9d\x18\xb8\x8f*\xa8L@I\x108\x9c\xf3\
\x84\xe0q\xceS\x99\x80\xf7\x9eDG\xcfn\xacG\x8a\
\x00!\xae\xdbv.D:m\x80iK\xd4\xfb@\xf0\
\x12%%.\x08\xb24A\xba\xc0}\x1b:\xbf\xba\xa7\
\xdeW\x1a\xf7$G[\x84\xcd#\xe5\xa61\x9c\x87M\
\xf8\xb6\xd4\x01\xe6\xc9\x09)\x01\xad\xc70\xe7{M\x05\
\x0b\x08A\xa73\xf8o\x8b\xe1\x95\xff\xac?8\xa7\xac\
\xdd%]?E@QU\x05Z'\xa8|\x95I\x05\
Um\x18\xee\xdd@b\x91R`\x8a\x1d\x0e&7\xa8\
\xab\x0a\xa5\x14\xc1\xd7x\xef\xd1:E)\x85\xd6\x9a'\
\xbe\xf6\xe4\x9f9{\xfe\x81\xa79\x0eVjs@\xb6\
\x8d\xd4[\x96\x0a\xbc\xe9\x06\xe0\x84\xd0\xbf]\xf8k#\
\xfe\xfaO?\xfb\xcd\xbf\xee\xac\xc0Z\x87\xb5\x8e\xba\x1c\
\xe3\x9d\xa1.\xc6XSE\xa2\xc7)\xf3\xab\xb3\x06!\
\x02Z'd\x9d\x01Yg\x09!\x02u9\x9e.\x98\
\xc8\xd0I\x8e\xab\xc7|\xf2\xd3?\xf1\xf9\xf7~\xe0\xa3\
\x9fe\xbe\xf2\xcf\xc2\xfey\x9e\xbf\x19B\xc2\xedMm\
\xcdS\xfeys\xefG\xe8\xb0\x84\x10\xa2\xb6Q\xf1C\
\x88\xa1\xbb\x08\x0eg\x03\xceYjc\x11x\xea\xda`\
\xad\xc3y\xb0IlK9\x1f\xe2*\xed\x10\x08A\x1c\
\x12\x98z7\x8d\xa2d\xe4\xc9\xf7^\xa2T\xfc\x9d\xc2\
{d\xb7K7\x85\xb3\xcb\xf9\x07_\xbc1~\x9e\xa3\
\xc8\xc0f\xa1\xb0\x09\x0a\x9aE\x01\xed4\xe0;f\x04\
`nJ0\xaf\xb0v\x12\x06\x7f\xfa(\xc5j\x7f\xfd\
\x1f\x5c\xd9y\xf5\xef\xde}\xf6\xbe\xb8\x99]\x82`\x89\
Q\x05\xd7\xf7!\x98!\xf5p\x87\xfa\xe0\x0ae1\xc4\
\x94#\xac)\x0e\x99\x89\x10\xb1\x13%\x84\x88$\xb2\xc1\
\x93w\xbaT&\x97_\xfc\xfco\xfe\xcd\x8f~\xfcG\
\xff;\xe6\xb3?\xcf\xab\x0b\xcc\x223\xde\x0a\x16\xa1o\
g\x04\xb0hig\x1f\xe8\xbd\xfc\xc2S\x7f\xb9(t\
^\x96\xb1\xe2o\xadc2\xda\xa7*\xf6\xe3\xb6]b\
\xeb\xcf\x99\x92\xac\xb7N\xa7\xbf\x11{\xb3I\x86\x14\x81\
\xba\x1cQM\xf6\xa8F7\xd0\xc9\xfd\x840BH\xc5\
\xe3\x1f\xfd\x9eg>\xf8\xd1\xef\xffu\x8e\xcfk\xcf\x0c\
@\xd3\xf3\xb7QoG\xac\xf0\xeb<\xf9\x8b\xe8\xb1\xe6\
\xb6\x08W{)\xd6\xc3\xf6\x81\x8b3\x0c>\x82\x9b\xaa\
\xdaD\x16c\xe7b\xfbs\xba\x02\xcb9OQ\xd8)\
\xb6!\x89\xd4\xe6\xf2f\xe6\xe5\xdc\xb4>@ Kb\
\x0f;\x04\x8f\xb3\x814M\x10\x22\x10\xbc%x\xc5\xdd\
+Y\xe7\xd2\xcep\xddz9S\xf4&\x22pv\xb4\
\xe7\x15f\x83:\xb34\x80\xefD\x1a\xd0\x94\x05)\x01\
\x1c\xad\x0b\xcc\x9b\x92<r\xcd\x84\x10b\xa3\x9f\xfd\xcb\
\xdam\xff\x9c/;\xc28\xc1\xfe\xc1\x98\xf1\xa4d\xf7\
`\x82\xa9KLU`\xca\x838V\x1e\xec\x14Q:\
\xc1KI\x92\x0f\xa8\xab2^/b\x94\x96h\x87\xb3\
\x8eK\xaf\x8eV7W\xbf\xfc\xa7\xef}\xf8\xf1\x7f\xcd\
|\xf8\xf2I\xa9\xc0\xdb;\x02\x98\xe3\xfd\x17\x15\xbe\x8e\
\xe4\xfe7\xb6\xae|\xf8\xc5\xd7\x0e\xee\x9d\x0c\x87L\x86\
;\x8cG\xfbq`#]B$\x03\x84\xaf\xc9\xd2n\
\x04\xd7\xf8\x1a!5BJ\xbcsq\x80\xc7V\xd1\xdb\
\x85@\x92\x0f 8\xca\xa2\xe4\xf1\x8f}\xfc\xb9\xc7?\
\xf1\xa3\xbf\xc4|\xc6\x96[y\xfeoE\xf9\x9b2\x8f\
\x09\xe7\x18%\x96V\x82~\x06\x9d\x04\x8a\x22\xb0w`\
(&c&\x15\xecL4;\x075\xfdnJ\x9aH\
\x8a\xd2\xd1M\x1dZ)&\x15\x04\x02\x89\xf4tsE\
\xa2\x02\x89\x0ad\x89@+\x89\xf7\x96\xaa61eH\
4\x02O\xf0\x02\x9d\xa4\x10,\xde\x0b\xd6\x07\x8as\xcb\
\x9d\x8f\xbf\xb4[\xfd\xda\xf4\x5c\xcc\x8ct\xc9\xcd\x96d\
\xca\xf1(`\xde\xe0\xd0w\xcc\x004\xafS#%h\
Fp3\xb9e\x0a\x97f\x83\x8bf\xb8\xf7\xbf\x8e\xdd\
\xe4g\xbb\xe9*Y\x96\xe2\xd0\xe4e\x0d\xd6C\xa2p\
&\x01\x1cI\x7f\x19k*&#\xcfh\x7f\x8b\xcc:\
\xf2\xfe\x1a\xc1\x19\xcab\x84\x94\x8a\x90\xa6X\x13wP\
~\xe9\x89\x8b\x8f\x0f6\xce\x7famm\xb3\x99n5\
\x0dA\xbbu\xf9\x96\xa5\x02\xf2[\xff\x13Q\xe6\xc0}\
gF\xe0$\xb8o\x1f\xe8>\xf1\xd5\xa7\xff\xf4\x8d+\
\xaf2\xdc\xbbA]\xd7\xe84\xeev\xb7u\x81N\xbb\
t\xfa\x1b\xe4\xfdu\xb2\xee\x122\xedO\xa7\xfe\x1c\xa6\
\x1a3\x19n\x11\xec\x04I\x5c\x13\x9d\x0fN\xa1\x93\x8c\
\x87\x1f}h\xf4\xbd\xdf\xff'\xff\x157\xbd\xfd\xbcj\
\xff[\xa5\xfc\xf3\xa6\xe9N*\x0eJ\xe7=\xd6\x07&\
\x85\xa1\xae-ZB'OH\xb5goh\xb8\xbeS\
\xf0\xc43[\xfc\xf6\x1f\xbf\xcc\x1f~\xe5\x12\x9f\xff\xc6\
6O\xbd\x5cp\xf1\xd5\x09\x97\xae\x8d\xd9\x19\x1avG\
\x9e\xeb\xfb\xb0u\x00\xd7\xf7\x03{c\x87q\x92\xd2(\
\xac\x97xg\xf1>\xae>\x13SR\xe0\xc8x,\xb9\
k\xad\xb7\xc2QXrs^a\x1exh\xee\x9c\xc2\
\x9cn\xc8wD\xa6\xd7\xac\x89\x11\x98)\xd5L\xe9f\
Q\xdfl\xc2s\xdc\xb8G\x0e\x80\x83\xde`\xe5\xe9,\
\x94\x9f\x91Z\xd2\xedD\xfa\xf0~G\xb0\xb2\xbaF'\
Sd\x89\x04\x99PW%\xa6\x1c\xa1tJ\xd6\x19P\
\x8c\xf78\xb8\xf1\x0aU9\x86\x10\x08\xdea\xadE\xe9\
\x04\x9d$\x18+\xf8\xea\x17?\xf3\xbf\xe78\xe0\xab\x89\
\x06m\x9e\xeb7\x02\x03\xbf-y\xb3S\x806\xf8\xa5\
M\xec\xd9\xa4q\xea\x01\xdd\x97\x9f\xfb\xfa\xcf{\xb4J\
;\xcb\xe4y\x8eu\x81\xaa*c\xeb+)PJ\xa0\
t\x8e-\xf70\xd5\x08c\x0c\xae\x1eGJ/W\x91\
\xe5}\xe2\xce\xf7\x84\xde\xf2Y\x12\xad\xd9\xdc\x5c\xab\x7f\
\xf4'\xff\xe2?\xe2&\xb4w\x11\xbcwQ\xce\x0fo\
\x1eU\xd3\x22F\x9f#\xcf\x0fF5]\x09UUP\
\x95q1)\x80\x92\x92\xf5%\x89V=\xca*\xc5\x05\
\xc1\xc1\xa8\xa2(\x0dum\xc8R\x15\xd3\x81\xd2\xc6\xc9\
H\xa9\x19\x15\x1e\x89\xa5\xd7IH\x93\xb8\xa3\xb0\xf6\x8a\
~2a\xa9\x97\x00\x02\xe7\x1cbJ~\xea|`\xb5\
\xafD?\xd3\x0f\x8d*\xfb$G\x8d@\x93\x9b\xef\xa4\
4\xe0\x10\x17\xf0&\xdfSoX\x1au\x81Yq\x10\
n\xed\xfd\x8f\x18\xe7\x95\xd53\xbf=\xdc}\xf9\xde\xac\
\x7f\xcf\xb9~\x1e0\x13\x8b\xb15Z'1\x1d\xb3\x15\
\xde{\xac\xf3X[\xc5\xd5\xf0\x9d%&\x07\xd7)\xc7\
\xbb\xd3\xfaT\x0f\x10$Y\x1f\xa5$u]\xf2\xea+\
\xdb\xbd\x97/~\xe5\xc7\xee}\xe8\xc3\xff\x9e\xf9+\xe1\
\xdai\xe8\xe1{\x7f3\xa3\x807\xc5\x00\x9c\xb0\xca\xab\
\x8d|;B\xe34\xdc\xdf\xfa\x90\xd5k\xf7\xdc{\xdf\
\x1a\xc3q\xc9\xf0`\x0fWTt\xfa}\x9c\xf7$i\
A5\xba\xcex\xf7:\xce\x0b\x84\x08\xd8zL\xc4c\
\x9b\xa8\xf4K\x1bH\x11\xb0\xa6\xa0+\x13\x12\x0a\xffS\
?\xf3W\xfe!G\xad\xf9\xec\xf9\xadZ}o&E\
S;\xd7\x9c\xf7\xda\xe11\x1c\x8f\xc9B\x5c2R\x94\
\x86\xdd\xb1\xc0x\x09\x01j\xebI5\xf4\xf2\x14c,\
\xbd,#\x84\x0c)%\x89\x96\x8cK\x8f15\xde;\
2\x1d\x19\x8e\x13\x9d\xa2\x95\xc48A\x96\x042mI\
\xb4\xc0\xba\x80\x90\xd3\x8f\xa9\x0c\xceEV\xe4<K\xb8\
\x7f\xb3\xf7\xf0\xd7^\xdd\x7f\x96\xe3S\x8a\xb3\x14\xa0\xcd\
]0/\x0dx\xbb\x1a\x018\xdeRk\x1b\xe76\x93\
\xb1\x00\xe4`\xf5\xdc?\xdb\xdfz\xe1?\x15rc\xad\
\xae\x0a\xf6vw\xb16.\x91\xb1\xd6`\xeb\x22\x12M\
IIU\x8e\xf1\xde\xd3\x19lR\x17\xfb\x94\x93\x03\x8a\
\xd1\x0eZk\xb2\xde*Bu\xe2v\xa3$\xe3\xf3\x9f\
\xfd\xe3\xef=u\xf7C\x7f\xdc\xe9\xf6\x9b\x0ba\xdb\x86\
\xa0\x8d\xbdp\xbc\x89\xf2\xa6\xa5\x00\x8d\xbf7\xaf\xf57\
wLs\x1c\xe4\x7ft\xf7\xb9\x07\x19,\xaf!\x05\xa8\
\xb4\x8f\xd4)\xa6\x1aQ\x1c\x5ce\xbc\xf7\x1a\xd5d\x9f\
\xf1h\x9f\x10\x02:\x1b\xd0[=\xcf`\xfd\x1e\xbaK\
\x9b\xf4V\xcf\x93d\x9d\xc8\xfd/\x14\x93\x83\xeb|\xe2\
\xd3?\xf6\xaf\xb9\xbd\xc1\x9eo\xa7\xf2\xcf\xebE\x1f\x19\
Z\x99\x94\x86\xe1h\xc2\xd5]\xcb\xf6H0\xaa\x04/\
_-y\xf1J\xc9\xf3\xaf\x1e\xf0\xf4\x8b\xdb|\xe5\x99\
\x1b|\xf9\x99]\xbe\xf2\xcc6\xaf\x5c\x1d\xb2\xb5[\xb0\
;\xac(\xca\x9a\xb2v\xd4&\xb0{PQV5\xc6\
\x81G\xd1I\x1c\xb9\xb6\xf4R\x87\x96>\xb6UME\
\x08\x8e\xda8\xea\xba\xc6\xdb\x02k*N/\x89$Q\
\xe2,\xc7\x0d@\xdb\x084#\x80c\xc3Jo\x974\
`&\x8d\xeb\xd9\x9e\x15hv<f\xd4\xeeM\x12\x98\
\xc3{hy\xf3\xc2\xff\xb4\xbb\xff\xaa\x15R\xd1\xeb/\
QWc\xaa\xc9\xfe\x94\x5c\xd6\x13\x5c\x89\xad\x0e\xe2J\
9[Q\x8d\xb7#\x01iw\x09\xe7=u9\xc4T\
c\x04\x96$\xd1H\x9dS\x94\x15\xbf\xf3k\xff\xe6\x17\
8\xcak8s\x94\xcd\xa8\xab\xc9\x0f!\x88\xe0\xa07\
\xe5\x1c\x7f\xcb\x06\xe0\x84a\x9fE\x95\xff.\xd0-\xc7\
7~\xf6\x03\x17.\xa8\xb3\xab\x8a4\x1f\x90\xf5OC\
p8\x1bC[k\x0cBe\xe8|\x85\x95\xcd\xfb\xe8\
\xf4\x96\xd0Z\xd3[\xda`\xba$\x07gJ\x86\xbb\xd7\
\xd8\xdbz\x89\xbd\xadK<\xf6\xf8G\x9e<{\xf7\x85\
op<\xe7o+\xff<t\x1f\xbcya\xff\xecf\
\x9b\xa7\xfc\xf3\xa6\xd5L\x96F\xd4\xe2\xa8\x08\x94F\x92\
jI7\x97\x84\x00\xa5\x11\xd4N3\x1c\xd7\xec\x8f*\
j\xe3\xd8\xda\x9dpyk\xcc\xd5\xed\x82\xad\xbd\x8aq\
\x09\xb5\x8b\x04'.(\x94\x92(\xe1\xf1!z\xfd\xa2\
\xf2X/q\xce3\x9c\x18\x8a\xa2\xa4\xaaj\x8c\xb1\x14\
E\xc1px\x80\xf4\x13\xce\xf6\xc5c\x1c\x05*\xcd\x8b\
\x00\xe6\xd5\x02^\x0fG\xfe\xb7]\x16\x18\x81\xe6\x84\xe4\
\xac.03\x02\xcd\xf4q\x08\x8c\xee>{\xe1\x1f\x07\
Q!\x80\xde`5\xb6\x99M\x09\xc1\x22\xa5\xa4\xae\x0d\
\xe5$rR\xfa \xa8\xeb\x9ar\xb4C\x9au\xc8z\
\x1b\x88`1\xe3\xeb\x14\xc3\xeb\xe0*\x94\xce\xb8\xb1=\
\xec\xbd\xfa\xd27?\xc6\xed\x19\x81&;\xd4\x9b\x22o\
\xe6\x1f\x9b7\xed\xd7D\xbb\x1d~@\x81_\xba\xef\x81\
\xf3\x0f=p\x1a\x069\x08\x95\x13T\x87$_\xa1\xbb\
t\x8a\xc1\xc6\x05V\xcf>B\x7f\xe5.\xd2\xbc\x8fR\
\xf1~\xaa\xcb1\xdb\xaf~\x8d\xe1\xf6K\xd4\xe5\x01U\
1D\xaa\x04\xa93>\xf0\xe1\x0fo}\xe4\xe3\x9f\xfe\
\xb7\x1c\x9d\xe5oN\xf3\xb5\xc3\xfe\xb7\x8a\x9ey^\xab\
\xe9$F\x9e\x1a0i\xa2\xc3\xe6\xfa2\xf7\x9d\xcd9\
\xb3T\xa3EM\x96\xc4\x8d5\xcb\xbd\x84\xbb6{<\
p\xcf\x06\xef}\xe0\x14\x1f~d\x93G\xee\xdb\xe4\xfc\
\xd9U\x96\xfa\x1dz\x1dM\x96*R\x1dS\xf1Dk\
\xf2T\x93g\x9a\xe5\x9e$O\x05\xa9\x0e\x08b*\xd1\
\xef&$:\x92d\xd6UAY\xd5\xd4&F\x07\x9b\
=\xd1\xe1\xb8\x01X4I\xd8$\xef|[\x16\x03\x9b\
2\xc7\x08\xb4\x0b\x83\xcd\xf1\xe8\xd9}s\x18\x0dt:\
\xf9\x8d3\xcb\xc9\x1f\xda\xea\x00[\x8d\xe2\xd2\x19))\
\x8b1\xe3\x83m\x08\x0e\x9dv\x11\xba\x03!\xdeV\xde\
\xfb\x88a\xb1%\xc6z\xaa\xdaR\x8e\xf71\xe5>i\
\xdeG&]\xbe\xf6\xe4\xd7~\x8c\xe3\x0c\xc7\xb3\x1a\xcc\
\xec|\x1f\x8b\xb6\xde\x8c(\xe0[\xaa\x01\xdc\x82\xd7\xbf\
\x9d\xfb\x1fF\x00\x1b\xf9\xe8o<\xb4\xbe\xcc\xfe$\x02\
_\x12Edf\xc9:lo]f\xb2u\x85\xba\xd8\
\xc7U\x07L\x0e\xaeS\x8c\xb6\x09\xaeFg\x03t:\
\xa0\xb7\xb2\xcc`i\x85$I\xa8\xab\x82\x5c\xd7\xeeS\
\x9f\xfe\xa9_\xe4h\xe86\xaf\xe0\xd7\xc4\xf6\xbfU\x9e\
\x7f&\x8b<\xffL\xf9\x9b\xf9^e\x8d#\x04I\x9e\
gh\x19\xe8d\x15\x9dL\x90&}\xbc\xf7\xd1\xc3\xb8\
\xd8\xe6K\x95G\xc90Ux0\xd6\x11B\x88\x8bN\
\x83@\x09O\x96\x18\x94\x14\x04\x1f\xc8\x938\xcf\x1e\xbc\
\x00\xadbEl\xba\x7fHK\x22/\xa2R\x08\x02\xab\
=)z\xca=:v\xea\xcb\xcc\x8f\x02\x9aF\xa0\xe6\
h-\xe0mY\x0clJ\x03+\x00Gk\x02\xedv\
\xed< \x9b^?s\xe1w\x86\xa3\xd1\xbd\xb5\xb1\xe7\
\x09\x1e\xef\x14Y\xde\x8f\xbb\xde\xea\xc9\xe1\xa57\xe5A\
\xa4\x9a\xd39RJ\x827\x11\x0f\x90\xa4\xa8\xb4O:\
X'\x1fl\x90\xd4#F%\xfak_\xfa\xdd\xbf\xf4\
\xd8G>\xfdO9\xce\xcc4o\x10\xed\x10\xc1\xf8\xad\
\x82\x83\xde\xac.\xc0\x22\x82\xcf\xb6\xf7\xef$~\xf4\xf1\
\xfb\xef\xbb{P\x19\x18\x95q\xd0\xa5\x97\xc3\xa5+{\
\x94e\xc5p\xff\x06Uq@]\x1b\xbc\xf5\xe8\xce\x1a\
k\xab\x17\xc8\xb2\x9c\xe5\xd5M\xf2<%\xd1\x1a\xa5\x04\
\xb6\x1a\xb3\xb7\xbf\xcd\x07\x1e>\xfbo8\xda\xc6\x997\
\xcb\xdf\xa4\xefz\xab\xb6\xb3\xbc^\xcf?\x0b;\x93X\
\xc9\xaf\xf0>Bz\x0d9+\x03\xc1\xfa\x8a\xb8\x09\x87\
\xf6\x02)b\x18\x1f\xffS\xc4\xf9\x07\x22\xd7}\xa2\xa7\
\x8a\xed\x1d\xa9\x96\xd4\xc6b\x5c\xfc\xbeR\x82$\xd1\xf8\
 \xf0\xc1\xa3\xa4@)\x81\xd6\x1a\xad5I\xa2\xd1J\
\x92e)\x0f\x9eN.<q\xb9\xf8:'G\x01\xf3\
\x98\x8c\xdf\xb6\xc5\xc0\xa6\xcc\xe9\x0e\x08n2!\xc3\xd1\
B\xf6\xb1}\x05\x17\x1e|\xff\xffkw\xfc\xa5\xbf7\
\xdaWJ)A\xa7\xd3\xc19\x8b\xa9\x0a\xea\xc9\x0e\xde\
Vq\x03\xb1c\xda\xcdQH\x95\x90w\xba$\xd9\x80\
 4\x228\xca\xd1\x8dx\x1dt\x97\xa7\x9fy\xf9\xfe\
\xf7<zp6\xeb.5\x0d@\xd3I\xcc\xee\x9d\xa6\
\x91\xfa\x96\xc1Ao\xd8\x00\xbc\xce\xdc\xff0\x02\x18{\
\xfe\x84\x06\xf6\xca\xc8\xbc\xe2\xa6T\xfd\x1b\xebkL\xaa\
@w\xf9\x0c\xde\xc7Z\x80w\x86d\xea\xe5\xbc\xab\xc1\
\x95$\xd2\x92wzH\x0c7\xb6k>\xf8\xc0\xd2\xb3\
\xebg\xce}\x83\xf9\xd4\xdd3\xcf\xdf\x06X\x1c\x01W\
\xbc\xc9\xd2Fn\x9dD\xc7U2U\xa6\x91O\xec\x19\
L*\xf0\x04!I\x93\x18\xd6\x0b!P:\x9dV\x99\
\x99n3\x8e\xc8@A`\xb6\x0f\x5c\x10\xe7\x03\x14\x1e\
\xa95!8\xd2T\xa2\xbd#x\x81T\x0a\xefA\xca\
\x80T\x1a\xa94ZN\xa7&E Q\x90e\x09B\
*6W\xb2D^\xa9W}p\x05\x8bS\x80\xd9\xd1\
\xdc\xf5\xf7\xb6B\x06\x9e$\x0bZ\x84\xb3%\x9e'\xf1\
\x0f&\x80~\xe8\xc2\xf9\x7f\xf3\xc5\xaf>\xfb\xe7$\x16\
k#\xef\xa4w\x15i\xd6\xc1'9\xc6\x18t\x96F\
Z1%I\xd2.\xde;\xca2\xee\xa9\xf0\x22\x228\
uo\x15\x82A\xe9>\x9f\xfd\xa3\xdf\xfa\xb9O\xff\xe8\
O\xff\x03\x8e#1\x9b\x9d\x816\xa5\xd8\xb7$oF\
\x04p\x92\xf7o\x86\xfe\x9d\xe1\xee\xd6\x8f?\xfa\x9e\xfb\
\xf5\xce(.Z,\x0d\x14&N\xbc\xa5:\xda\x92,\
!.\xe3\x14\xc9\xe1\x0do\x8c!Kr\x8a\x89\xa2\xdf\
\xcb\xa8\xeb\x9aI)X\xcan\x8c\xd7\xef\xfe\xf0/q\
T\xf9\xdb\xdbX\x9a,>\xdf*\xbc\xf7vdQ\xe1\
o\x1e\x1d\xd7!\x15\xd7\x8d:\xf9\xddz+|\xdf \
\x09: p\xc1\x22\x85\x13R\x08\xa4\xd2q5\x15A\
\x84 \xd0r\xbaHH\x08\x81\x00\xefAxO?\xf1\
r\xad\x87\xf0\xde!\x83@I\x0fAP\xd7\x06\xe7\xe2\
\xc0\x90\x14q\x8e\xc2ZG\xd0\x92<\xcf\x11\x22b\x01\
\x8c\xb5\xa4\x89`\xad'\xb8\x7f#\xfb\xe8s[\x93_\
e~=\xe0\xa4n\xc0\xdb\x0a\x19x\x92\xcci\x11\xce\
\x90\x833z\xf4\xe6}\xddD\xb5\xea\xfe\xf2\xa9o<\
x\xcf\xce#_\xff\xe6\xa5\xf7;3!\x91\x0e\xd1\x19\
\x10\x02XS\x93\xe4\x82\xaa\x1cA\xf0\x88\x10\xa8\xcb\xe1\
tX+\x0e\x0fu\x06\x9b\xa4Y\x8f$\x1b\x90\xa6)\
e9\xe1\xda\x8d\xbd\xe5b\xb8{og\xb0Zqt\
\x19\xea\xec\x1a49(\x0f\xa3\x80o\x05\x17\xf0\x86\x0c\
\xc0m\xe4\xfem\x96\xd6\x0e\xd0\xed/w\x1e\x97\xc4\xb0\
\x7fX@QCm\xe3a\x5c|\xbd\xb9\xc5^\x0a\xe8\
\xa4\xd0]J\xe8e\xd0IW(kx\xf5\x86`o\
\xef*\xef}\xf0C\xff$\xdcT\xf6y\x08\xbfE\x14\
^o\xba\xf2\xff\xab_\xfc\xe7\xe1g\x7f\xe1\xe7\xe7\xa5\
\x00\x8b\xbc\xffL\xf9%@\xe2\x86\x9f-\xe0\xab\x85=\
\x02\xc0\x99*\x9am\x87\xdb\xed\x81\xa2\x04H\xafC:\
\xaa\xf5\x85\xf3\xabIB\x10\x18[\xe2\xect\xcf\xa1\x88\
\x11B\xed\xe3\xd2\xd3\xe0\x0d\xce\x0a\x9c\xf7\xa4Z\xe2\xd2\
\x0cc\x0dEY#U\xcaj7\xeb1?\xff\x9f\xd7\
\x0d\xd0\xdc\x8c\x04f\xe7\xf8\xdbN\x16\xf2F\xa4e\x04\
f\xb3\xd3\xcdP{\xde&\xe3\x04H\xcf\xdd\xf7\xc8\xbf\
\xbb\xb6\xb3\xff\xa0s6\x17\xbd\x15\x8c\x13\x8c\x87\xdb\x08\
[\xe1]\x8dV\x0ak,Ue\x91\xc2\xa3tB\x96\
\xf7H\xbak\xa4\xc9t[\x95T\xe84\xa7\x97dX\
S\xf3\xe4\xd7>\xff\xe7?\xf6\xa9\x1f\xff\x07D\xa7\xd9\
\xe4\xa1\x9cMe\xda\xe9{xS\xa2\x80o5\x028\
i\xb9\xc7\x91%\x8e\xe5\xce\xcb\x7fny\xf3\x82z\xf1\
\xb5=\xbc\xea\xb3\xb3{@Q\x1a\xac\x17q?\x9b\xea\
QW\x15\xfd^\x97tJ\xd2\xa8\x15\xa4:\x1e\x9d\x14\
\x96:\xf1\xb5$I\xb8g\xa5|6\x081\xe4\xa6\xf2\
\xcf\xe3\xedo*\x7f\xb3\xe8\xf7V\xb2\xac\xcc\xcb\xff\x9b\
\xb9\xff\x8c\x81w\xa6\xd0\xb3\xdfq\x8d\xef\xb7\xbdl;\
\xe7\x9e\xb7.\xcb\x01\xfe\xfa\xc4\xbe\xb86\xc8\x1e\x1e$\
\x12\x87\xc4L\x0d\xac\x96\x01\xe35\x07EL\xcd3\xed\
Y\xe9\x82)\x0c#g\xe8\xf7,\x9dN'\xa6\x15\xd6\
\xd2\xd1R\xf43\xfd\xd1Qe\x7f\x9f\xc5\xc5\xc0\xd9{\
k\x17\x03\xdf\xf6u\x80\x05\xd7\x0d\x8e\x0e\x10\x89\xe9\xf5\
hF\x01\xb3s\x9e\x00\xc9{\x1fy\xcf\xffZ\xd6\x17\
\x7f\xde\xd4\x9e\xf1\xa4 \xd1\x1a\xb4\xc6+\x8d\x90\x1am\
\x0d\xd69\x94JH\xd3\x14d\x82\x0f\x91\xaf\xc1\xf9\x1a\
\x1f\xf6\xe3\xeazg\x98\x8cvx\xe2\xca\xfe\xe0\xdc\xb9\
\x0b\x1f\xb9\xeb\xdeG>\xc3\xd1(`6\x95\xd9la\
\x1f\x89\x02\xde\xc8\xb9\xfeV\x0c\xc0\xed\xb0\xdd\x1c\x1e\xc5\
h\xfb=\x93\xd1.\xd6+Fe`R:\xc6\xb5\x82\
l\x13\x84F\xa6%:_a\x7f8F+I\xb7\x9b\
G\x16\x1b\x03\x83\x0et\xb3\x18\x11Lj\xa8\x87_/\
76\xef\xff%\x16\xef\xeak\x9f\xa8\xb7\xba\xe2?\xef\
f\x9a\xd7jj\xe6\x95\xcdJt[\xf9\xdb\x8bB\xda\
F\xa0\xcd\xad\xd0\x044\x85\xeb\xa3`W6\xb4\x96Y\
\xdc\x80KQ\xb0?\x11\x18\xe7\x99\xd4\x9a\xdd\x83\x9a^\
.\x11\x08\x96\xbb\x12\x95\xe4\x94U\xf4\xfey\xa7\x0bR\
\x22\xa5a5\xe3\xf4\xa8\x9a[\x08l\xbe\xc7&\xa5x\
\xb3M\xf5\xb6\x18\x13\xbe\x1d\x99\xd3\x19\x98E\x01p\xb4\
\x1e\xd0\x8e\xba\x92No\xe5\xc5\xbb6:\xaf^zm\
\xfb\x9c\x08\x86no\x80\x5c\xde\xa4\xaa\xebH\xdabJ\
\x06\xa9\xa4\xaa\x1dU1$\xb8!\xe5x\x17)@g\
}\x9c\xad\xa8'{d\x9d\x1ei\x9a\x93\xe79_\xfb\
\xca\x1f\xff\xc9\xbb\xee}\xe4\xcbD\x03P\x10u\xa8\xbd\
\x8bb\x16\x05|K\x11\xc0\x1ba\x05\x9eGx\xd9&\
\xba\x9c\xb1\xdc.\x03\x83\xd7^\xba\xf8\xd3\xc5dr\xa6\
.\x0f\x18\x0e\x87\xec\x0f'\xec\xeel1\x1e\x8f\x19\x1d\
l\xb3\xf5\xdaS\x0c\xf7\xb6\x18n\xbfL1\xdc\xc2\xd4\
\x15\x93\xf1\x10oK\xba\xbd\x01\x1b\x03\xe8eP;\xb8\
\xba?&\x95\xea\x7f\xd6Iv\x83\xa3P\xdf6\xb1\xc7\
\xbc\xa2\xc9[\xaa\xfc\xef\x7f\xfc\x83\xcd\xf3\xb3\xe8h\xca\
\xbc:\xc1\x91\xf6 Gg\xf3\x17-\xebhV\x83\x85\
\x0f\x22?\xb7\xd6\xe9MK\x04\x00$\xd2\xd2I#\x0e\
\xc0\xa3\xe9\xe5\x11\x1b\xa0\xa5\x99>\x8f\x8e[\x8a@\xbf\
\x9b\x92e)\x89N\xc5\x95\x03si\xfa\xbf\xe71\x05\
\xb5Ym\xe62\xee|;\x98\x83\xbfU\x992\x0f\xcf\
\xae_\xfb\xb1y\xbf\x1fK\x0bV\xd7O=[\xd4\xa3\
Ovz\xa7e\x9a\xe5 \x12\x02\x92\xe0,\xc5x\x9f\
b\xb4M1\xbcN9\xda\xa2\x9a\xec\xe2\xcd\x18\x82\xc3\
\x9a\x12\xbc%\xeb\xae\x22E\x88\x8bk\xb2eF\x07\xfb\
jmmy{ye\xe3:G\xa3\xc7f\x0d\xe0X\
=\xeb\xf5\xc8\x9b\xc1\x0a|+\x96\x9b\x0e\x90;\xe7\xba\
\xcf_\xba\xfc\x98/\xc7T\xe3\x1d\x98r\xf8\x05W\xa1\
\xd3\x1eY(\x91Y\x8f\xa0k\x924\xa3\xbf\xbcD\xa7\
\xd7CJA\x96w\xd9\x1cD\xb0\x90\x14\xb1n\xd0\xab\
/\xbdl:w_\xe5\xe8\x8a\xee\xe6L\xff\xad\x14\xe4\
\xdb!\xed\x08@N\xdfO\xbb8\xd6\xf6\xfe\xed\xbc\xfa\
X\xf1\x89\xe3\xdb\x85\x9a\x05\xce\x00P\xd9\xfa\xa5\xdd\xb2\
wj%S\x08\x99\xd0\xe9\x08\xd2$!x\xc3 X\
\x96;f\xca3\x18Yp\x95\x14dY\xc6R\xa2\x90\
2\xfe,*\xa5\xd3\xd1\x9c\xde\xf7\xdfsu\x7f\xf2\x9b\
\x1c\x1d\x0aZ4\x1f\xb0\x88-h\xf6y\xdf\xd6r\x8b\
z\xc0<J\xfb\xc3kq\xee\xec\x99\xff\xed\xeb\xcf\x5c\
\xf9\x99\xaa,\x19\x1d\xec3\x9a\xb5\xb3\x8b}\x8a\xd1N\
\xecb\x05O\xf0\x0e\xa9S\xa4\x14\xd4\xd5\x08\xad\x13\xf2\
\xbc\x83\xcc\xfa$YB\xb7\x9b3\x96\xab|\xf5+_\
\xfcS\xe7/\xbc\xe7I\x8eF\x01\xb3\xeb=\xeb\xbe4\
\x89Y\xde\xd0\x8c\xc0\xeb5\x00\xf3H.\x16!\xffr\
 \x7f\xf9\x85\xa7\xff\x8c\xf0Jd\xdd\x15d\xd2#\xf8\
\x08\x9bL\xb5 Q\x01E\x85'\xc59\x87\xeet1\
v\x1fi\x05\xfd\xc1\x80\x5c\x0c\xd9\xd9\x83I\x11\xfb\xd7\
/\xbdr1<\xfa\xd0\x03\xffo\x8e+\xff<\x06\xdf\
c\x8a\xffm\xda\xb96c\x07\x9e)x3\x9cl*\
\xc3\xec\xfb\xcd\xe2`{Ah\xd3\xc0\xce\xe3\x13lF\
9\xb3\xff+\x01ye\xbf\x9a\x9c9\xdf\xe9:\xad\xb0\
\xa6\x8c\x1bnl$\x06M\x82\xc0\xd7\x864IQ\xd3\
\xb1\xe0\x08\x06\x92H)\xa9\x9c\x82\x10[\x87gV\xba\
\xcbW\xf7'\xf3\x94\xbf\x89R\xd3\xad\xf7~\xc7\x15\x03\
\xe7\x5cC\xb8\xa9T\xb3\xf3:Kw\x8e\xb09\x01Y\
\x7f\xb0\xf1\xb44O\x8f^{\xe9\x85\xbes\x91\x99\xda\
;Gp%y\x96\xe2|B\xf0.\xe24\xd0\x10l\
\x5cI&\x02\xe3\x83\x1b\xa4]K\x96n\xd2\xeb\xf5\xe8\
\xae\xdc\xcd\xee\xeen\xba\xbf}\xf9\x91\xe5\xf5\xbb\xbe\xc2\
\xf1\xe9\xccv\x07\xa6\x9d\x0a\xdc\xf6y~\xbd)@\x93\
\xec\xa3\xcd\xf0\xdb\x1c\xf3=\xdc\xec\xf3\xc2\x0b\x17\x7f\xba\
\xaa\x9c\x9cL\x0a\x8a\xf1\x90\xba\x1cR\x945\x93\xf1\x1e\
\x93\xd1.\xc3q\xc9\xc1\xa8\xa0\xaa*F\x07\xbb\xd4\x93\
]\x12i\x10vD(\xae\x90\x8a\x02[\xec\xf0\xda+\
/p\xaa'\x9e\xec\xae\x9c\xfa\x1a\xc7C\xff6\xe0\xa7\
9E\xf5\x96\x87\xfe3\xf9\xc6W\x9e\xe0\xfd\x8f\x7fp\
\x11;\xf0\xec\xc2,\x1aLY\xb4\xec\xb2M\x16\xd1\x0e\
\xb9\xdb\xffK\x02\xca\xd8\xbaX\xe9\xf5\xce&2\x22\xfe\
\x22\x17@\xa0\xac,u]C0\x84\x10\x88dbj\
zc\x82q\x0a)\xd5\x94f\x1c\xbaY*n\x8cL\
^Yw\x85\x93\xd3\x80\x93\xd8m\x01\xc2\xdb=\x0d\x80\
#KHn\x95\x0a\x1cC\x09\xe6y\xb6\xf7\xf2\xcb\xaf\
|\xa0\x1am\xa3T\xc4\xafH\x01Ah\xa4\xce\x10*\
E']\xa4\x94\xe84'\xeb\x0cH\x13\x8dT\x92$\
_b<\x1e\xb3}\xfdU\xc6\x07;\xe8l\x80\xf5\xfb\
\xf7\x9d\xbb\xfb\xfe?\xe6fj\xb8\x889\xe8u\xa7\x02\
\xdfJ\x0a\xd0f\xb6i\x17\xa5\x0e7\xd2\xbc\xf2\xc27\
~\xe4\xe2\xc5W\x943q\xa9\xc7d\xb4\x030\xa5\xf7\
\xb6\x04\x1f\x19l\xb5\xf4\xa8\xa4C\x92\xf5I\xa4ex\
\xb0K\xb7\x93\xb3\xba\x941\x19\xedD\xcc\x7f\xd6\xaf\xd6\
?\xf8\xd3\xff\x9e\xe3\x8b:O\x0a\xfd\xdf*\xb0\xcfI\
\x12Z\xcf\xfd\x82\x9fi\x16\x08\xdb,Aso\xb0\xc6\
y\x9eW\xdf82\x85\xe9\xbc\xd8\xdb\x1a[\xd3_K\
\x12\x19\x1c\x0eIm*\x00\xd2$\xaeD\x97R\x81\x10\
\xb1:M$\xba\xc9\xf3\x04!\x04Z+\x5c\x10\x14\xb5\
\xe3\xf4r\xf7\xfcAQ\x7f\x99\xf9CB\xf3\xa2\x80y\
\xd0\xe0\xb7}1p&\xb7H\x05f\x91Z\xc1\xd1\xd5\
v\xd9\xfa\xe6\x99\x8b\x8f\xbe\xf7\xa1\xab/\xbd\xbc|\xa6\
\x18\xed1\x1e\xee\xe2l\x85\xd0\xddHn\x93dq\x8b\
\x95\x82DK\xd2T\xa0\xf2M\xbc\xc8\x90x\xfak}\
\xfa\xfd%tg\x9d+\x97/\xf1\xf4SW{\xef\x7f\
\xcf\xf5G{\xcb\xa7\x9a\x05\xc1\xf6y\x9f\xb5_\xdfP\
A\xf0\xf5\x18\x80y\xe1\xff\xbc\x0d\xad\xb3\xfc?{\xe1\
\xe5\xcb\x8f+\x11p\xae\xa4\xb6\x16\xa9\x92);\xed\x84\
\xe0\x1d\x08\x85\x0f\x1e\xeb\x15\xd8\x1a!+dg\x99\xc2\
\x08|(A(*g)\x0b\xf8\xde\x0f>\xfe\xab\x1c\
W\xfe\xf6\x9a\xee\xb9\x8a\xff\xed\x5c\xb7<\xc5\x03\xb4\xf3\
|\x1a_\xcf\xf3\xfc\xed\x0a\xfa\x222\xd1\xd9yn+\
\x7f\x93\x7f\xe1\xd0\x18\xef\x1eL.\xbf\xf7\xec\xe6\xbd\xb5\
\x11$Z1\xe8%\x18\xe3p\xce\xa0D I\x14\xce\
F\xe2\xd0H\x16\xca\x14y\xa8\x91R\xa1U\x02J\xb3\
!\x13\xf9\xc2\xf5\x83\xd3\xce\xfb\x82V\xee\xcb\xd1Z@\
\x1b\x18\xd4$\x0by[#\x03\x17H\x9bQh\x1e\x92\
\xb3\x89\x96,>\xf0\xc1\xef\xf9g\xd7\xb6~\xf3\xef)\
\xb9*t\xda\xa5,\xc6\xd4\xe5\x88\x10@\x88\xb8\xa9*\
U\x09I\xd6E\xe8.\x08I\x08)R+\xd6O\xdf\
\xc7\xea=\x1f\xe7\xc2&\xf8\xf01\x0e&\x81\x17/\xff\
\xde\x8f\xbe\x7f\xf9\xd4S\x1cM\x03\xb2\xe9\xffn\x1a\xdc\
&<\xb8\xf9\xdeO\x947\x12\x01\xcck\x8b4o\x86\
\x1c\xc8\xae]\xb9\xfc\xd0\xa5\x17_\xcaM\xb9\x87 L\
\x99~\x0d\xde;\x94\x94\x91H\x11A\x9afq\xa7_\
\xd2!\xedt\xe9\xf4VH\xb3\x8c4MI\x92\x0c\x87\
\xe5\xbe\xfb\xd6\xcb\xa5\xcd{\x9f\xe4\xe6\x94VS\xf1\x9b\
\x03>o%\xce\xff\x8d\xdc83i^\x94\x99\xc26\
\x8d@S\xe1\xdbC)\xeds}\x92\xe7o\x82\xb0\xaa\
QU??1\xe1\xde\xf5~\x02^`Ld\xad\xf5\
^\x22\xa6o1\xe9$X\xeb\xa2\xe2\xcfHE\x0f\x1f\
<\xdd\x14\x96:\x92\xf3\xebK\x8f\xbd\xb4\xb5w\x99\xdb\
\x1f\x13n\x7f\x9e6)\xca\xdbZ\x16\xb4\x06g\x05\xdb\
\xe6\xf9n\x1a\x81\x1c\xc8\xee\xbek\xe3\xd9\xa7\x9fz\xfe\
=Y\xdeeiu3\xcevT\x13&\x93\xb8\xe1J\
)\x85\xa9kLe\xe9\x0d\xd6\xd8X?\xcf`\xedn\
6N\xddE\x9eF\xac\xcb\xb95\xc1\xb0\x14|\xed\xe0\
\x81\xf5\xf1x\xb4\xdc\xeb\xf5'\x8d\xff13\xc4\xed\x16\
\xec\xeb\x8e\x00^\xcf8\xf0\xed\xa2\xff2 \x7f\xfa\xa9\
'\x7fj\xbc\x7f\x8d\xf1\xee%\x86;\xafRN\xf6(\
\x87\xd7(\xf6/3\xda\xdf\xa2\x9e\xecP\x8cn0\xdc\
\xbdL=\xde\xa6\x18nQ\x8c\xf7\xd9\xdf\xbe\xc4\xce\xd6\
evwnp\xe3\xfae^y\xf1\x19\xba\xcb\xe7~\
\x83\x9b\x1e\xbf\xe9\xf9\xdb\xc4\x1e\xf3\xb6\xf7|\xdbe\xea\
\xe5n\xc5\x070\x8f\x83\xbf9\x08\xd2<\xda\x9f}2\
\xe7\xb5\xb6Q\xac\x01s}XW\xa9\x22\xaeOKR\
\xf2<\xa3\xd7I\xc9\xf3\x14)%R\x08\xbay\x82V\
r\xba[!\x0e\x05\x09!\x08\x08\xb4\x8a\xbb\x09\xce\xac\
\xe6=\x16\xc3\x82O\x1a\x10z\xdb\x8f\x09/\x92\x06\xaf\
`3ek\xf3\x074\xcf}\x01\x14\x8f\xbe\xf7C\xff\
\xdb\xf2\xdaz\x90\x02&\xc3m&\xc3\x1dD0\xf4\x96\
6X9u?\xfd\xb5\x0b\x0c\xee\xfa(g\xef\xff\x1e\
6\xeey\x9c\xe5\xb3\x8f\xb1\xbc~7u9!\x04\x1f\
7\x15\xd7\xb03\x82@\x8f\x9d\xad\x17~\x86\x9b\xca\xdf\
Fd\xce%e\xb9]\xb9\xdd\x08`\xde\x94\xd4\xa2\xca\
tn\xea\xba\x7f}kkY\xf8\x02\x90X\xe7\x90~\
\x1cs\x7fS\x8308\x02\xc8\x04\x00WO\xd0i\x17\
o\x0b\xb2\xbcC\xbe\x94SOvp\xce\xb1\xb1\xb9^\
\xdd}\xe1\xa1'8\xae\xf8\xf3\xaa\xfeGB\xee\xef\x90\
\xf7\x07\x0eS\x81\xd9\x973O\xdd\xcc\x85\x9b\x93h\xb7\
:\x14\xc7[\x9aMC<\xcbE\x9b\xe9\x90\x01\xcc\xd5\
\xdd\xe1\xab\x1f8\x97=\xd0I%\xd6\x81@P\x9b\xe8\
e\x9c\x8b\xa7\xcb\xb8@U[\xd24\xee\xc0\x8bai\
@\x12\xe2N<\x1d\xb8{E\x89~\xae\xef\x19\x95\xf6\
\x19\xe6\x1b\x81v-\xa0\x99\x06\xdc\x89\xc8\xc0\xb64\xa3\
\x80&\x87@\xd3\x10\xcc\x8a\xe1\xc5=w\xadl]\xdb\
\xcaO]\xbfv\x99\xc9h\x8f\xc9p\x87\x80\xa4\xb3|\
\x16\x89\xe7\xf4\xbd\x1f`\xfd\xae\xf7Oy-\x0eP\xc2\
RLF\x5c\xdf\xda\xe6E?A\x86\x8ano\x80w\
\x06\x13\xcc\xb9\xf3\x8b\x89Z\xdb\x1b\x9e_W\xeb\xf5v\
\xbb\x00m\xaa\xef\x99\xd27\x87}\x0e\x17{>\xf5\xb5\
\xcf\xff\xc5K\xcf?\xb5^\x17\xbb\xb1\xdf\x1c,\xb6.\
\x09!2\xd4\xb8z\x18g\xdc\x85@\x84\xf8\x7f\xc3\x14\
\x1b\xe0\x038S`\x8a]\xaar\xc2\x9f\xf8\xc9?\xf7\
\xaf\xfbK+\xafr\x9c\xe2kf\x10\xe6\xe6\xff\xdfI\
\xe5\x9f\xc9\xb4+\xd0|i\x1eU\xd8\xbc\xf5U\x8b@\
5\xb3\xdf]4\x85\xd9\x8c\xc6R \xad\x8c+7\x96\
z\xf7n.I\x91L\x81\xc7B\xcaH\xc1\xa64y\
\x96\x92iA\x9eg\xf4\xbb\x19\x9dL\x92e\x19\xfd\x8e\
b\xd0M\x10B\x92&\x82~\x07\x84\xc8\xd6_\xdd>\
\x5c 2\xaf2\xdd^\xa36\xef\xfd\xf3\x8d\xaf<\xf1\
\x1d\xbf6\xb7+-\x80P;\x0anv\xc4\x8e\xe05\
\xd6\xd67\x9f\xab\xab\xe1'\xee\xbd\xef\xbd\xa2\xbf\xf9\x08\
\x9d\xe5\xf3\xdc\xf7\xf0\x07\xd1\x83\xf3H\xddeo\xebE\
.\xbf\xfc\x14\xdbW.\xb2s\xe5\x19\xaa\x83Kxg\
q\xce\xe1m\xdc\x87)B\x8d\x94\x8a\xfd\x03#W;\
#\x91\xf7\xd6^d1y\xe8\xeb\x9a\x12|\xbd]\x80\
E\xc5\xbf\xd9c3\xff\xcf\xaf\xbe\xfa\xea\x85b|\x10\
Wv\xc9\x04\xec\x04\xefm\x5cY\x85D\xe9\x9c\x10\xdc\
\xe1\xc6\x9a\x00q\x95\x95\xea\xc4\x16\x94-1\xc6r\xf7\
=\x17\xaa3\xe7.<\xcbM\x0b;{\x5cD\xe8\xf9\
\xb6\xbb\xb1\x1aE\xafYq\xb0\x89\x13\x98\x9d\xdb\xe6c\
\xfb\xb5Y\xa4\xd0\xfc|3\xc5_\xb4\xc3\xef\x08B\xef\
\x85\xeb\x93\x9d\x0b\x1b\x83\x8dT\x09d\x22\xe8\xc8\x80\x14\
\x11\x8d\x1c\xf7\x0d+\x8e\x8b\x22\x04\xe8E\x8eQ\xbc\x87\
\x0b\x9bI\xf2\xa5\x17\xe4rm\x0f\x8b\x81\xb7\xcb\x19x\
\xc7\x8c\x09\xcf\x93FW\xa0\x19\x054\x89]\x9ai[\
\x01t\x84P\xa3\x8d\xb5\xa5W/\x5c\xb8\xff|/\x83\
\xbd\xf1}\x8c*\x18\x97pP\xc4\xc7\x1b7\xaeRL\
F\x1c\xec\x5c!\xb8\x92\xfd\xdd-\xd2\xbc$\xcfs\x94\
\x14\xe8\xb4G\x92Ht\x92r\xfd\xc6\xf5\x8f\xac\x9cz\
\xf07\xb9\x19\x05,\xaa\xbb\xbc\xaeH\xebv\x0c\xc0I\
$\x09mLz\xbas\xe3\xda\xbd\xaf\xbev%\x09!\
RP\x09;\xc2\x8b\x14\xa1@\xf8\x02%@\xa0\xb1u\
l\x05\xc6<\xd4\x83LH\xd2<\xaec\xce\xd7\xf0\xa2\
\xe0C\x1f\xff\xc1\xcf\xb5N\xec\x22\x92\x84o\x1b\xdc\xf7\
[\x91\xa61\x80\xc3|\xb8\xbd\x99\xa6}\xee\x9b\xf3\xea\
\xcd\x10\xd4\xde\xe28\xf4\xc2\xaf\xde8\xb8\xb83\x1al\
\xac\x0f \xd3L\x17\x84\x1e\x15\xef=f\xbar\xcc\xb9\
\xb8Z\xac2\x82$Qh\x19\xe1\xc3\x00\xf7n\x0e>\
z\xf1\xca\xfe\xaf\xf3\xc6\x8a\x81w\x142p\x81\xcc#\
\x15\x9dk\x04\x96\xd7\xee\xfa\xa5W\x0f\x86\x7f\xfb\xe1\xcd\
\x81\xe8\xe5\x91\xff\x22O\xe3\xf8\xfb\xb8\x82\xf5\x8d3\x8c\
\x8b\x8a\xde\xca9&\xe3\x03\xea\xe1k\xd3\x9d\x17\x1e3\
\xb9F]u\x10\xb2\x87w\x86\xab[\xae{_].\
%i>f>U\xfb\xcc\xd8\xce:\x02\xb7u\x9e_\
o\x1bpvA\xe7\xa2\xa1\x80\xec\xc9'\x9f\xf8\xb1\xc9\
\xfe\x95\xb8\x81&\x04jc@@@\x11\x10\x88\x10\x97\
\x5c\x8a\xa4\x1f\xd9R\x82\x8d\x8c6Y\x0fD\x82\xce:\
H\x09w\x9d=\xe5\xde\xf3\xde\x8f~\x86\x9b\xa3\xb3M\
\x92\x84\xb6\xf7\x7fS\xc8\x11\xbe\xdd2\xc7\x0b\x1e\xf9z\
j \x9a\xed\x9dy\xc7\xbc\x90\xfb\xd8\xf1\xcc\xd5\xa2z\
,\xe9d\xfb\xce\x93*K\xa2\x15\x93\xd2PL\xa6\xab\
\xd7\x9d\xc3NIF\x04\xb1E(\xa5\xc2\xd6\x8a R\
\x92\xac\x03Bq\xf7Zop\xf1\xca\xfe\x91k\xce\xed\
\x17\x03\xefTd\xe0<\xee\x80\xa6!\x9eg\x04J)\
\xd5\xe84\xbbW\xb5\x1c\x9c\xbdx\x05\xb6v\x86\x18\xeb\
\xb0.p\xe3\xc6\x0d\xea\xda\xe2\xaa}L]\x12d\x86\
\xc4\x22BM\x92v\xc9\x06g\x08*\xa56\x01dN\
e\x1c\xaf\xbc\xf0\xe4\x9fz\xe0\x91\xef\xf9g,\xae\xbb\
\xcc\x1c\xf3mc\x02n\xa7\x0b\xd0\xce}\x16ASS\
 \xdd\xbev\xed\x94\xc4P\xd7%\xde\xc7\xf7\xe0l\x89\
7C\x04\x01\x17\x14\x8eHp\x11\x9b\xa3\x0a\xa1R\x82\
\xab\x223J\xba\x84J2\xee\xba\xf7\xc2\x15n*\x7f\
\xb3\xe8\xd7l\xfb\xbd\x15\x94\xdeo\x1bY\xd0Mh\x1f\
39\xf1\xfb\x97o\x1c\x5c\xbf\xbe\x07[{\x86+7\
J^\xbc<\xe6\xf2\xf5\x11\xbb\xc3\x8a\xdd\x83\x82\xaa\x8e\
\xfb\xed\xa4\x14d\xa9$M\x14y\xaaH\xb4\xa4\xdf\x91\
\xa4\xd2\xa2\xa5g\xb5+D\xbf\xd3}\x94\xdb'\x0d=\
\x89,\xe4N\x95yD/\xc7\x0c\x00PV\xbe\xf3\x1b\
\xaf\x1ex\x0e&\x9e\xd1\xf0\x80k\xaf^\xe4\xf2\xcb\xdf\
d\xbcw\x99\xc9\xce\x0b\xd8\xe2\x06\xb81\xca\x8fH\xf2\
%\x82\x1a \x92\x01!Y\xc5\xd6cl=A+\x81\
\x14\x8e+\xd7\xb6/\xb0\x18\x8a\xdd\x9c2\xbd\xeds|\
\xab\x08\xa0\x99\x8b6\xc3\xff\xb9c\xa9/<\xff\xcd\x8f\
\xde\xb8\xf6\x8a\x928\x94\x08\xd46\x80\xd0\x04oP:\
\x8b\xcfM\xdc\xe3'\xa4\x9c\x0eEH\x84L\x22BJ\
\xa6T\xc5\x01Zk\xde\xf7\xa1O\xfd\x0a7=~\xbb\
\xe7\xdf$Il\x16\xd2\xde\x89\x22Nx]\xcc\xf9z\
\xee\xcf\x8fk\xbb{y{x~5\xb78g\xa8\xab\
\x0acj\x96z\x1agk\x8a\x89EIA\xaa\x05e\
Y\xa0\x15\xac,/\xa1\x93\x94\xb2\xca@\xa6$Y\xa4\
\xb7:\xb3\xda\xbd\xf0\x5c1\xf9:\xb77 t\xc7#\
\x03gr\x9bQ@s\xedX\xe9d\xfe\xca\xa5\x17\xbe\
a\x95\x5c\xd2k\x83\x04-\xd6\xd9?\x98PU\x15\x85\
\x10\x98j\x82\xab\xc7\xf8P\xa2L\x8dJ\xba\x8c\x0fF\
hy\x15\x8b\x8f4o*\x12\x8e^\xdb\xb9\x9e\xdd\xb8\
\xf1\xda\xf9\x8d\x8d\xbbG\xb4x\x09X\x9c\x06\x9cx\x8e\
o\x17\x070\x0f\x99\xd6|\x03\x19\x90^|\xe6\x99O\
V\xe3\x1d*+\xa7\xac3\x16\xe7,\x9e\xf8u\x5cY\
\x1d==!\xe0m\x85\xf05\x12\x83\xb3u\xdc\xa1V\
\x8f9{\xf6\xfc\xde\xca\xea\xe6U\x8e\x92#\xce\x0b\xfd\
\x8f\xe0\xe1\xdfI\xde\x1f\x8e\xf4\xccOj\x11\xce\xcb\xb1\
\xe5\x9c\xd7\x91\xc2\x05\xef-\xde\xd6\xd3\x89\xcc\x9a\xf1h\
H]\xd7\x8c\x0b\xc3xRQU\x15\xbbE\xc6s\xd7\
4W\xb6\x0e\xd8\xdf\xdbe\xb8\xbf\x8d\xa9\xabH%\xe6\
\x1c\xa7\x97\xd2D\x0a\xba0w@\xe8\x8e] \xf2:\
e\x1e\xd9K\xf3>=tZ\xbdD=\xa5\x13\x1d\xe9\
\xc1\xeb\x11\xd2O\xc8\x12\xe8t:\xa8\xa4\x83\xee\xac!\
\xb3\x15B\x10\xd4\xe3\x1b\xd4\x07\x97(\x0e\xae\xb1\xbf\xfd\
*\x077^d2\xda\xa3\xaa\x0c\xde\x96\xbcr\xf1\xa9\
\x1f\xe6h\xe1\xbdy\x9egi@\x13\x0fp\xe29~\
=)@\xbb\xe5\xd4fGI\xf7vv\x07J\x89\xb8\
\xcf\xbe\xae\x10\xcc\x98Pr\x827\xd8jD\xf0\x1e)\
5R\xc6\xf7\x18d\x8aP\x1dz\xcbg\xe8/\x9fB\
J\xcd\xfb?\xf2\xf1\xcfp\xd3\x8a\xb6\x89\x10\xda\xde\xff\
\x1d\xa5\xf4'\x9c\xff\xb6b/\x82\x0c\xcf\x85\x15+I\
\xdaM\xa4H\xb4D*\x85\xd6\x8aN\xa6\xe2\xa0\x90\x0f\
t3E\x9a\xc4\x09\xc0\xcd\x81\xe5\xc13\x01-\x03\xc3\
q\xc5\xa4\xa8\xa9\x8d\xa1\xaaJ\xea\xba\xa6\xa3=\xeb\xfd\
\xceGy}\x0bD\xe6\x19\xaa;\xce\x00\xcc\x01\x07-\
J\x05\x0e\x8d\xc0\xda\xe6\xb9_\x0b\xda\x06\xa1:\xa8l\
\x99$_\xa2,K&\xc3\x1d\xcc\xe4\x06uq\x80+\
w(\x86\xd7\x18\xed_\xa3.G\x1c\xec^\xa7\xaaJ\
\x84 \x1akop\xd6\xb0u\xe5\xd53\x1cm\xf56\
\xebq\xedk\x7fK\xb9\x9d\x14\xa0m\x00\xe6!\x00\xd3\
\xd7^~\xf6C\x07{\xdbR\x08\x89\x165\x0eG\x90\
\x9d\xe9\x0ez\x8f\x92\x12\x95\xe5\x18\x17\x108\x10\x92\xde\
`5\x1a\x00!XZ\xbf\x87\xaa\x1c\xb3\xbe\xa1\xdd\x03\
\x0f\xbf\xff\x09\x8e\x13a\xcc\x9b\x84z\xdbW\xfe\xdf\xa8\
4\x0a\x80\xf3\xaeC\xfbZ\xb4\x8f\xe68\xb1\x02dW\
\x89{\xbd\xad(\xacE\xcb@\x96*$)I\xa20\
\xc6\x91g\x09Y\x9eG\x0e\xc1\x10\xf7\x0e\x08\xc0\xf90\
]|\xe9I\x12K\x22-\xbd\xbc\xc3Cw\xad\xacm\
=S\xbc\x9e\x05\x22\xef\x841\xe1\xb6\xcc\xa8\xdc\x9a\xd3\
\x90\xcd\xfb6\x1eBL\xc2x\xf7\x861K\x9b\x93\xd1\
\x98\x83\x83\x03&\xe3!\xc5h\x87\xaa8\xc0Y\x13w\
;\xd6\x07(\x9d\xe1\x95B\x88\x8c\xe0=\xc6\xa5T{\
WHT\xac\x97]z\xed\xd5|<\xdc9\xd3\x1b\xac\
\x8d8j\x04\xda\x86vv\xdf\xcc\xde\xe7\x5c9\xc9J\
\xb4\xf3\xffE\xb4H)\x90^\xba\xf4\xf2\x87M\xb9O\
U[\xac\x03\xbc%\xb8\xfa\xb0\xe5\xe4|\xfc\x00I\xd6\
\x03\xa1QJ\xa3\xf3e\xa4\xd4t\x06\x9b8g\x18\xef\
_\xe5\xdc\xbd\xf7\xdd8v\x02\x17\x87\xfew\x5c\xe5\xff\
u\xca<\x03\xdc\xdc\xbc<\x8f\x1ct\x8e\xe2\x09\xbd\xda\
\xcd;eUs0*\xd9\xdb\x1f2<8`<\xa9\
\xa8\xcdt[Mm\x19Mj&\xa5\xc5z\x81\x0f\x0a\
!5\xbd^\x97\x95\xe5%\x96\x06=\x92$\x89\xab\xc6\
\xac\xe3\xf4\x92\x14\xeb\xbd\xec\x83,\x8e\x02\x9a\xde\xa9\x1d\
\x9e\x1eIM\xee4iD\x01\xcd\x1aT{T\xfa\x08\
\x9b\xd3\xf2\xf2\xc6\xaf\xef\xeenQ\x15\xfbXSbM\
\x15\x11\x97\xde\xc5\xdd\x8c\xf5\x18\x1f\xe4a}\xa6\x1cm\
Q\x8e\xae\xe3\xeaQL\x9f\x83B\xa5}\x1c\x1d\x9e{\
\xea\xab\x9fd19\xeb<X\xf0\xc2\xf3|;m\xc0\
E\x1e\xe7\xc8\x0d\xb7\xbd\xb5}*x\x03\xae8\x1c.\
\x11\xa1F\xaa%\x94J\xa8\x8a*n\xb0\xb1\x05J%\
\xc8\xb4\x87\xb5\x8e4\xcd\x90\x22P\x8dw\xc1\x15<\xfc\
\xbe\x0f\x7f\x96\xa3V\xb4\x0dpy\xbb\x0c\xfc\xbce\xd2\
\xf2\xfe\xedP\xbf\xa9\xfc\xc7\x0c1s\xdaq\x1b\x83\xfc\
\x03\xa7\x96$\x22d8\x97P\x95D:*1\xb5\xff\
\xc1RU\x90\x86\xb8\x94\xa4p\x8eJ\xc0\xa0\x97\x1e\xee\
\x13L\x12O\x92f\xf8 \xa9\x8c'\x17\x8aS\xabK\
wo\x8f\xb7\x16E\x01'q\x06\xb6\xd3\x80;\xf9\xfa\
\xcd\xdb\xfa\xd4\xa6\x7f\xaf;\xfd\xe5\x97Om\x5cw\x97\
\xaf8Ep\x087\xc6\xbb\xc8\x13X\x8ew\xb0\xa6\x9a\
\xa6\xc5\xf1T\x18cH\xb5\xc4J\x10\xbaKm-\x89\
\xb7h\xad\xb9v\xfd\xca}\x1c7\xf8\x8b\xd2\xbf\x13\x9d\
\xe4\xad\xf2\x84y7\xe1\xb1\x0e\x805uwww7\
\x15\xf8\xe9\xa2\x09\x81\x0b\x09\xc6\x09\xbc\x8b\xc5\x8b\xe0=\
\xce\x94\xd3\xb6\x86\x8c\xbb\xd3|\x89\x10\x02S\x8e\xa8\xc6\
\xdbl\x9c9o\xcf\x9e{\xe0\xeb\x1c\xe5\xbf\xbb\xd5\xce\
\xf4w\xaa\xb4\xa7\x02\x9b\x17\xf8$\xc5?\x92\x87gJ\
?pn9M\x9c\x8b\xcbD\x82\xb7\xd3\xa5#\xb3\x0d\
K\x8aN\xa7\xc3\xa0\xdfay\xa9O\x96e\xa4i\x86\
\xd2)\x1e\x8d\xb5\x0e\xef\x03\xd61m\xeb\x06$\x0e\x17\
\x02w\xad\xa4Z\xc8d\x83[\xd7\x02N\x1a\x12\xba#\
\x8b\x81\xad=\x83\xb3T`Q- \x1a\x01\xe9\xb7\xbc\
\x0f\x94\x93}\xcab\x84\x99\xdc@\xe9\x04S\x17XS\
2\x19nSW\xc5\xe1\xc4`]\x97T\xc5\x01\xde\x96\
8[a\xeb1\xceT\x5c\xb9\xba\xd5g\xb1\xf7\x7f]\
\xed\xc0[\xa5\x00\xf3\xc2\xffcQ\xc0\xf3\xcf\x7f\xf3\x93\
\x93\xd1A\xbcQ\xac\x8d\x9bkl\x85T\x11ol\x8c\
\x01\x11\x97Q*\x15C\xcb\xb8\xa4\x22 T\x86\x94\x10\
\x5c\xc5\xea\xc6\xe9\xfd\xd6\xc9[\xe4\xfd\x0f\xc3\xafw\xb0\
\xf7?\xa9\xf6\xd2\xc6_4\xa9\xd8\x8e\x84\xe1\x9b\x83\xf4\
\xb4\x16\x16g+\x8a\xa2\xc4\x98jz\x8d\x1c\xde\x19\xac\
5TU\x15G\x81\x83'\xd1\x8a4\x91\xf4:\x09R\
\x08\x82w\x91\x9e=\x11q\x93\x10\x1e\xad\x02ZX\xd6\
\xfb\x81\xbb\xd7z\x1fl\xfc\xbf\x93Z\x82'-\x10\xb9\
\xe3\x0c\xc0T\x16Mz6\xef\xd9Cgf\x9c|\xfa\
\xda\xa5oR\x8e\xf7(&c\xear\x88\x12\x8e\xde\xf2\
i\x06\xcb\x1b\xa4\xf9\x00\x01\xa4\xf9\x12I\xda\x89k\xc4\
\x22`\x06!5\x01\x85N\x12&\xa3\x03q\xe5\xb5K\
\xe7\xb9\xbd\x82\xeb\x89\xb2\xc8\x00\xcc\xcb\xff\xdb-\xc0\xc3\
\xe3\xca\xe5\xab\xefu\xb6B\x08A\x9a\xf5\xe8t:\xe4\
\x9d>\x9d\xfe*JJ\x82\xd0\xe4\xbdU\xf2\xc1\x19\xf2\
\xfe&:_!\xeb\x9fB\xa8\x0e\xc1\x16\x08!\xd1\xf9\
\x12\x0f>\xfc\xbe/p\xdc\xf3\xcf\x0b\xfd\xdf\xc9\xb9\xff\
Iy\xff<\x04f\x93~\xfdH\x18\x9e\x8ap\xdfz\
\xee\xa5\xa9+\xbcs\x10\xdc\xb4(k\xe2\xe0\x89\xf7\xf1\
\xdc\xeb\x04\xeb\x02e\xeda\xca\x0b\x10\xa6+\xc8\xac\x0b\
X\x170\xc6R\x1b\x8b\x10\x11)(\x05\x84\xe0y\xe4\
Lg\xc0|\xe5o\x02U\xee\xc8m\xc2\xafC\xda\xe3\
\xc2\xcd9\x81C\xb8\xf0\x99s\xf7\xffq\x80P\x97#\
\x04\x8e\xba\x9c0\xdc\xbb\x863\x05\xd6\x1a\xd2\xbcO@\
\xe0\xcc\x18\xef\xe22Qdt\xa2Bj\xac\x89\x91A\
\x96/\xf1\xe2s_\xfbT\xe3~\x98\x17\x01\xdcV\x14\
p\xab\x14`^\x08\xda\x1c\x02J\x80dwg\x7f9\
\xcf\xf3H*\xa9s\x92|\x80\xceW@(\xb2\xfe&\
\x83\xd5\xbb\x90:G\xa5]\xa4J \xb8\xc3\x8d\xb7B\
JP9\x9bg\xef\xf5\x0f=\xfa\xe1/s\xd4\x004\
\xf1\xfem\x9e\xbf\xef\x86\xbe\xff\xbc\xb4k\xe1\xee\x05Z\
\xe4\x91\x1b\xfd\xf4\xbc\xb35U9\xa1\xae+\xbc\xb7\x18\
c(\xcb\x92\xb2\xaap\xce!\xa5\x98RU\xc9i\xf5\
?\x1a\x04\xe7\x89[k\x92\x04\xa9t\xac\xe9\x08\xa6\x8c\
N\x0e\x82A\x0aX\xe9\x09q\xba\x9f>\xc6\xc9\xc5\xc0\
f\x14\xf0N,\x06.\xda\x03q\xc4\x08H\xa9\xca{\
\xee93\x0a\xde\x92$):_&xO=\xd9\x89\
\x5c\x00\xaeD\x04KU\x0c\xb1\xd3\xb4\x80\xe00\xd5\x18\
\xbc!I\xb3\xb8s0\xcd\xd9\xde\xba~7'\x17\x01\
\x9b\xf7\xcf\xec\x9e:&\xaf\xb7\x0bp\xac\x00\xb5u\xf5\
\xf2\xfd\xce\x1a\x19\x5c\x0d\x08\x84\xd4\xa8\xb4?%E\x0c\
x\x14\xce\x19\x9c\xad\xf0\xf5\x90`FH\xe1P\x18T\
\x92\x93\xe6\x03\xd2\xac\xcb\xe6\xa9\x8d\x03\x8ez\xfd\xf6T\
[\xd3\xf3\xbfSk\x00\x8b\xda}\x0b\xb9\x178\xbe\x80\
5\x07\xb2\x9e\x96\x1fYN\xac(\xcb\x09\xe3I\xc5p\
\x5c3.,E\xe51.n^\x12\xf8\x18\x8aV\x05\
\xce\xc5SlLMQ\x140\xf5\xf2r\xba[ n\
\x13Vq\x8cX\x06\x9c\xf38\x1fHT\xe0\x813K\
\xe79n\x00\xde\xc86\xe1;UN\x22|9B\xec\
\xba\xb4\xbc\xf2\xa2\xce\x96(\x8b\xf1t\xe2\xaf\x13S\xe2\
\xe9\x0aq\xa9s\x84\x901\xe7\x9f\xa6j\xce\xd6\xf1\xf0\
\xe0\x9c\xa7\x1c\xef\xb1}\xe3z\xee\xbd\x9fwn\xe7F\
X\x8b\xe4vj\x00\xcd\x10\xb4\xed\x8d\xf4\x95\xcb/\x7f\
\xac\x18mS\xd7\x15\xce\x07\x94\xd6\x98i\xf1\xa2.\xf6\
\xa9F[\xf8:.\xf9\x08!\x10\x84\x22\xcd:d\xbd\
U\xba\x835\xd2\xacKp5\xa7\xcf\x9c{\x9a\xa3\xd3\
U\xcd\x13\xd8\x9e\x91\x7f\xc7I\xcb\xfb\x9f\xa4\xfc\xb7\xf2\
\xfe9\xc1\xaf\xde\xbd\x92,\x09\x01\x82\xc0\xd6\xbeeg\
\xe4\x99\xd4\x02\xeb\x05\xc6\xce\xa8\xc1\x02\x07\x05TU\xc5\
\xa4\xb4\x14e\xcd\xee\xfe\x88\x9d\xdd=v\xf7\x86L\x8a\
x\x13\x9a\xe9QU\x15\xd6y*\xe3c\xa8\xea,\xb5\
\x0d\x9c^M\xd5 \x15w3?\x0a\x98\xd7\x9e|\xa7\
\x16\x03\xe7\xa1\x03\x9bF\xa0\xbe\xe7\xc2C\xbf\x97\xf7\xba\
@\xa0\x18m#p1\xbf\xf7q\x05\xbc\x90\xb1\xeb\xe2\
\x9d\x89\x08\xd9z\x1c\x17\xb7\x96C\xbc\x19#\x84$\x04\
\xcfd8\x14/=\xf7\xf5\x0fp\x1c\xfb\xd1\x8e\xb0f\
\xf7\xd4\x5c9\xa9\x06\xd0&=hF\x00\x87Vg{\
{\xeflYL\xd0IN\xd6]!\xc8H\x84\xc8\x94\
\xff_\x88H5%D\xe4\xa1\xcb\xb2\x1c\x95\x0e\x90*\
EJM\x10\x09I\xa2x\xe8\xbd\x1f\xfe,\xf3\xe7\xda\
g\xd6\xf4\xc8L\xfc;)\xfco\x15\xfe\xe6!\xfb\xe6\
-\x04Y\xe4\xfd\xf3\xe5<\xfbp.-\x12O\x9a(\
\xee;\xdb\xe1\xfe\xd3\x92~R\xe2\x5c$c\x0d\xc1\x83\
P,w\x05i\xa2\x90\xc2\x13\x02H\xa9\xd1IF\x08\
\x81\xb2\x8c\xc8?c\x0c\xd6Z\x12\xe9Q\xd4\x88`P\
\xc2GBq\x09y\x228\xbb\xb1\xfc\xde\xd6{|#\
\xdb\x84\xef8\x030\x95y\xe8\xc0\xb9\x86 \xcf;\xfb\
\x9bk\xbd:\xef\xf4\x10RaME\x92\xe6\x08\x19S\
vgk\x84\x00\x17\xe4\x14\x94\xe5\xc0\xc7\xf9\x0d\xef,\
\xde\xc6\xd9\x01gk\xf6v\xaf=\xc8|\xc3:\x97\x8e\
m\x9e\x9c\x84\x038\x09yvhm\x92D\xe7\x83\x95\
S(\x9dR\x96\x15UU\x92\xa6\x09uY\xc5!\x1f\
\x9d\x11\x5c\x8d\x94\x19Ji\x924EI\x81P)>\
@]\xecpjs\xc9j\x9dNX@h\xc1\xcd\x08\
`\xde\x14\xdc;E\x16\x19\x81Ey\x7fg\xde!\x82\
\xdf\xdc\xe8\x86T\xe0I\xb4\xa0\xaa%R8\xf2n\x1c\
\xe7\x95\x931\x95u\x04\x91B\x80N\xa7\x1bW\x84\xe3\
I\xb4D\xa9d\x1a\xea\x87h$\x08h\xc9\x94*\x5c\
\xc6\xe5\x97B\xa2\x14 $Y\x22\xc8\x13x\xf0L\xaf\
\xff\xec\xe5\xbdw\xfc6\xe1\x13d\x1ew`;\x150\
\x80\xe9t\xfa;\xde\xd93\x9d\xfe\x1a\xa3\xdd+qW\
\xa0J\x10R!l9\xa5k\x0f(\x99D\xe2\x1c,\
B\xe6q\x9c\x1e1\xdd\xf3`\xd8\xdd\xbaz\x96\xa3\x11\
b\x9bV\xbe\xe9\xc4\xe7\xe2-\xe6\x19\x80E\x85\xa8c\
\xb3\x00u9Z\x95iW\x9d\xb9\xf71\x0e\xf6\xb6\x18\
\x1f<\x8b\xabF8S\xa2\xb3\x01B&xW\xc7\xc2\
\x1f\xb1j\xac\xf3\xe5XX\xd2\x1a[O\xa8\xcb\x11\xeb\
\xeb\xf7\xef\xb3\xd8\xfb\x1fY\xf0\xc1;L\xf9\x17x\xff\
\xf6N\xfay\xde\xbf\xad\xfc\x91\x9b\xbe\x9b~@\xe30\
\xc6 p8\xebq\xb6\xa4,<B\x04\x10\x92Dy\
\x8c\x138k\x226\x00\x89\x92\x82\xaav$:\x16\x06\
\xf1\x91\xc6])\x81\x95\x12)\xc1\xb8\x80q\x92<\x0d\
\x08!Q\x89$\x04\xc1\xa8\x84\xe5\x1c6\x97\xfb\x8fm\
\xed\x8f>\xc7\xeb\xdf&|\x84+\xe0;}M\xbe\x05\
iF\xa9\x8b\xea\x01vm}\xfd\x9b>\x883\x84\x80\
\xd6\x9ar4\x02\xa1\xf1\x818 '5B\x04j+\
\xd0IJ\x9e\xa4qq\x8bw\x04!PI\x87\x10\x02\
\x07\xfb\xbb\x03\x8e;\xe5f\x07\xe0\x96\x11\xc0\xad\xda\x80\
\x8b\x80(\x1a\xd0\xfb{[\x0f\x8dK!\xca\xda\xb1w\
\xe3\x12\xdeU\xb1E\x94\xf4I\xf2%\x84\x90xg\x80\
\x80\xab\xc7\xe0+\x827\xd4\xc6\xe2\xcd$\x0e\x07\xb9\x8a\
\xb5\xf5\xcdW\x99_\xedo\xf7\xfd=\xbc\xb3\xc2\x7fN\
\xc6\xf9/\xca\xfb;\xcc\x09\xffS\xa9\xde{j\xa0\xf5\
\x8c\xd1\xd7\xd8@\xf05J2\xf5\x1a\x8eD\x05\xfa\xbd\
\x9c,\x91\xf4{\x1d\xd24\xa5,&\xd4u\x8ds\x8e\
IQS\x96\x15\xa3I\xcd\xde\xfe\x01\xfb\x07c\xf6\xf6\
\xf7\x19\x8f'T\x95\xe1`T\xb07\xf2\x8c\x0a\xc7h\
b\x19\x16\x0e\xeb<B\xc0\xc3g\xfb\xe7X\x5c\x0cl\
n<~G\x15\x03\xe7t\x03\x9a\xf7o\x9b\xa9\xc9\xdc\
u\xf7\xb9'{\x1dA0C\xac\xad\x11\x04Bp\xd3\
.Z\x1a\xc3|k\x08\xae\xc4\x9b1\xe5d\x18\x1d\xa9\
\x94(\xa5\x09\xaeB\xe09\x18N\x94\xa9\x8b>\xc7\x8b\
\x80\x8b\x0a\x81\xc7\xce\xed\xed\xa6\x00\xcd\xb0\xe2\xd0\x00\x8c\
\xc7\x93\x07\x9c\xb1L\xc6\xbb\x04W\x93\xe6\x03l\xbd5\
E\xffU\x84\x10\xc8:KT\x93=\x8c\xb5\xf4:K\
\x98rH\x9a\xf7q2\xa7*\x86\x08\x1c\xa7\xce^x\
\xb2}\x92X0\xf4\xc3\x9d\xed!\x8e\xc8\x82\xb6\xdf<\
\xb8u\xbb\xf2\xdf$c=\xcc\xfd\xcf\xad\xe6w\xa5\xca\
\xe2B@\x09\x89W\x1ao=!8\xd2$ALo\
\xa0\xd9n\x86\x10\x02ZK\x94\x1e \x05d\x09H\x19\
\xb9\x00S\x0d\x9d<\x99\xd6p\x228\x08\xc0\x07H\xd3\
\x1c\x1f\x88\xa0!-\x90S7\xf2\xe0i\xa5\x9ezE\
\x9d\xd9\x9d\xb8\xe6\xb2\x8cES\x82\xb3\x14\xe0\x8e\xe7\x0c\
l\xc8\xbc:\xc01#\x90f\xdd\x83\xbc\xbb\xe2\x87\x07\
\x072\xeb\xae`\xca\x1128\xbcP(\x19\x08*\xc5\
\xdaY\x9d\x85X\xb71\x06)\x8bC&m!${\
;\xdb\xe2\xfa\xe5\xe7\x1f\xb9\xfb\xc2\xfb\xafr<Eo\
:\xef\xd9=v\xec\x9c\xce\x8b\x00\x16\xcd\x9a\xb7+\x8d\
\xcaZ\xb7\xe1]\x8dV!\xee6\x1b\xeep\xb0w\x1d\
S\xeea\xaa\x09B%XSa\xcd4\xac\x91\x0a\xa5\
\x13B\x80\xaa\x9c`\xea\x92\xbc\x9b\x87\xd5\xcd\xbb_a\
~\x04\xd0&\xfc\xb8\x13o\x8a\x93\xe4V\xde\xbf\xad\xfc\
M\x8f\xdf\xa5\x11\x0d\xa4J\x7fh-\xb7b\x06\xf81\
\xa6f<\x8e\x9e\xdd;K\x00j\xe3\x18\x8e\xc6x\xef\
I\x93\xc8\xfa\x93h\x85\x96!\xf6\xf8\x83\x88\xd8\x00,\
\x02\x7f\xd8\x01\xa8\xeb\x8a\xaav\x8c&5\xd6:j\xeb\
q^\xa0$\x11\xc59\xbd*\xb1\x16\xb0\xfc\x01\xe6#\
\x03\xbf\x1b\x8a\x81p|\x9b\xd0\xbcH\xc0\xf5\x97\xfa\xa5\
Tq9\xab\xce\x06\xa02\x82w\x11A+@\xeah\
d\xbdw\x84\x10\x0e\xf5\xa8.\xc7\x18\xeb@\x08$\x8e\
\xcb\x97.\xdd\xcf|$\xe0m\xb5\x02OJ\x01\xda\xe1\
\xff\xb1\x99\xf3\xb2\xaaz\xde{&\xc3\x1dv/\x7f\x83\
\xe1\xf6%\x84P$\xf9\x12\xde\xd5\xd4\xe3\x1b\x98r\x88\
\xd2)\x9d<\xc7;\x17\x0f$\xceL\x90*\xa1\xdb_\
\xa9\xe7\x9c\xa4f\xe1\xef;\xb5\xe3\xef-\x95\x13\xda~\
\xf36.\xdd*\xf7\xcf\xef\x1a\xe8uc=\x02\x8bV\
\x82\x10nn\xfaq>\xa6\x00R\x04\x12\x15\xfb\xfae\
eA\xc4\x1cS\x08\x19a\xd9x\x94\x885\x00)e\
\xe4\xaf\x9bB\xbb\xcb\xaa\x8e-(\x14\x02O\x9e\x1c\xe2\
\xb1\x8e\xc8\xf9\x8dN\x8f\xa3\x0a\x7f\x12O\xc0;\x06\x19\
\xb8\xa0\x1d8\xcf\x088\xc0\xe5y>\x0c!\xb6\xfd\x94\
N\xc0[\xd2\xac\x8b\xd2\x09\xdeUH<R\xe7\xa0:\
\xd1q\xca0\x1d\xde\x0a\x04gb\xaa-\x15\xfb{7\
6i9\xe6\xe9c\xb3{\xb7\xd0\x10,J\x01\x16\x15\
\x00\x8f\xd4\x01\xae\x5c\xd9N\xae\xbe\xf24\xe5x\x0fD\
B\x7f\xf5,\xe5x\x9fb\xb4\x0b\xbeB\x08\x85\x90*\
\xce\x06\xd4q\xfdt\x92/\x93e\xcb\xa8$'\x84\xc0\
\xca\xca\xe6\x01\xf3\xc3\xfe\xb9[f\xdf\x09\xf9\xff\x1c\xbc\
\x7f;\xfc\x9fW\xf9\x9f\xa7\xf8\x1d _J\xc4\xf7\xf6\
\xb4aR\xbai\xff\xd8\xc5<Q\x84\xe9\x1a\xb6\x18\x15\
H\xa1H;\x19\xde\x83\xd6\x1a)\x04u\x15!\xdc\x83\
\xae&I\xd4\x94\x17P\x92\xa6)\xd6\xc56\xa2\x8d\xfc\
\xee\xe84\x87\xe0\xf1!\xa2\x05\x01*\x13\xc8\x12\x81\x0f\
\x91\xed\xb6\x93 6\x97;\xef\xdb\xda/\xbe\xc0w_\
1p\xd16\xa8c\xa9@\xde\xe9_\x03q:\xa0\x10\
\x22\xaeg\xc7\xd7x\x1f\x09t\x95p\x08\x99\xe2|\xbc\
\x1e\xc8>B\xea\x88 \xd4yD\xd2\xaa\x9c\xb2\xac{\
\xcc\xc7\x01\xb4\xa1\xc0\xb7\x85\x04<\xa9\x03p$?-\
&\xe3\xc1\xf5\xad]i\xeb\x92\xa5\xb5\xbb\xe8\xaf\xde\x85\
\xd2\xe9\x94\xef_\x22T\x0e2\x99\xee\x03\xf4TeA\
1>\xc0T\x13\x8a\xbd\x97\xa9\xcb\x09\xce\x14\xaco\x9e\
\xba\xc2Q\xa5o\x8f\xfb\xb6O\xec;E\xe6\x0d\xfb\xcc\
#[9\xd1\xfb\x8b\xc0\xe6\x99\xe5\xbc\x13\x88\x14lZ\
z\xa4\x88a\xa3\xb36b\xca\xf1\x08\x11\x97\x7f 4\
R\xc6\xf0]kE\x96j\x12\x1d\xf3L\xe7\x1c\x10_\
\x0f\xc1\xe3\xbd\xa3\xa8\x1c\xd6\x09\x82\xd08/\xa9LD\
\x056\xa9\xc5\x8b*\xfe\xbf\x88#\x80\xbb\xd6\x97OB\
\x06\xbec\x8b\x81Si+\xfe\xdc(`mm\xede\
\xe4T\xe9\x9d\x9d\xaei\x8fi\xb2\x94\x0a\x8f\x8e\xca/\
\x02\xc8\x14\xa5\xf4\xb4\x1e#H\xf2%\xfa+gAh\
\x86\x07\xc3\x94\xe3\x1d\x80yi\xc0\x5cP\xd0\xa2\x1a@\
\xfb\xb1\xed\xfd\xd5\xd6\xd6\xb5G\x12\xadY=}\x1fJ\
\xa7\xd8*n\xfbI\xf2\x15\x92\xce*Y\x7f\x93\xac\xb7\
N\x92\x0d\xd0\xd9\x80\xac\xbbLo\xe5,Yo\x1d\x9d\
/G\xab\x97\xe4l\x9e9\xff<\xc7\x0d\xc0\x89\x9be\
\xeed9a\xd6\xff$\xef?\x0f\xf0\xd3\x01\xf2\xd3+\
\xbd\x0f.\xe5b\x1a\xde\x07\x82\x8f\xec\xbeZK\xb2,\
E\xaa$\xf6\x8f\x85\xc0\x9a\x1ak\x0dRi\x5c\x90T\
u\x1c\x08\x02A\xed\x04ee(+\xc3h\x5c\xb2?\
\x9cp0\xaa\x19O*\x8a*v\x07\x8a\xc9\x10;e\
\xaf\xb9\xb13d\x5c\xc4\xbfWT\x96a\x11\x98\xd4`\
\x1cl\xf6U\xa2\xb5:\xcb\xe2\xf9\x80\xdb\x01\xaf\xdcq\
i\xc0T\xdaN\xabm\x08<\xe0\xee\xba\xfb\x9eov\
{+!\xb6k\x03B%\xf8\x10\x91\x9b36\xed8\
\xbc\xe5\xf0>\xa6[R%q\xbd^]\xe0C<M\
\xa5\xa9\xdb-\xe3\xa6#i\xa6\xf2\xf0\x06S\x80fO\
\xf1\xd0[9S\xde\xdd\x1b\xac\xe0\xbdc\xb8[\xa1t\
\x86s\x9e\xb4\xb3L>8\x8d\x10\x82\xc9\xc1U\x84\x8a\
\x00 )\x05Yg\x09)\x1c\x88\x04g\xc6H\xe18\
w\xcf\x83\xcf1\x1f\xf3\x7f\x8c\xf8\xe3;}e\xdfD\
\x99Wc\x99\x87\xf7?\x09\xf4\x93K\xa1\xef=\xd3\xd7\
\xca\xe3 \x04\x12-\xd1B\xc6\xc2\x9fwH\xadIS\
M\xa2s\xa4\x84\xba\xaa\xd0:\xe6\xfbJ\xc4\xf0\x1e\x1c\
i\x12\xbd\x0dA\x90d\x1d\x9c\x17\x88\x00\x9d<\x8d\xe8\
\xcdT2\xe8\xa68\x17\xf7\x07\x0a!\xf0\x1e\xa4\x14\x91\
\xfdI\x04\x9c\x8f\x10U\x94d\xbd\x07\xe7\xd7\x07\x8f\xbd\
xm\xefU\xe6O\x0a\xce3\x02w\xfc\x02\x91\xc6F\
\xe1Ec\xc2\x87\xe8@\xa9t\xb5\xb4\xb2\xec\x9c9\xa3\
G\x07\xdb\xf8\xf1.i\x96S\xb9\x0a\xa9\x14a:\xb9\
\xe9C@)G\x08\x11G\xe3\x9c\xc7Z\x87\x19\xee\xe2\
\xeb!\x95\xe8\x8a\xeb\x97_9w\xea\xae{\xf69\xde\
\x0e\xbc\xe5h\xf0\x22 P\xbb\x03p,\x02\xb0\xd6\xad\
o\x9e:\xcd\xee\xf65\xbaK\x9b\x08\xdd!\x0f\x9e\xba\
\x1a\xa3\xd3.\x93\xd1\x1e:\xe9\xc4\x02G\xf0S\xfa#\
\x03JF@\x8aL\xe9\xf73\xa7\xb46\xcc\x0f\x97\xde\
qa\xffm\xce\xfa\xdf\xce\xb0O\x0edg\x96\xf2\x87\
R\xed\xd1\x12\x12\x91\xe0\xbd\xc0YA\x9a\xc6\xfc\x5cJ\
A\xa2\x04y\x96P\x1bC\x9eJ\xbay\x82R\x12\xa5\
\x14I\x9a\x03\x02%C\x9c\xfd\x0f\x81$I@(\x94\
R\xe4\xa9<\x0c\xeb\xa3\xa4\xc7>S\xa2\xe3E\x93\x22\
P\xd5\x1e\xef\xe3G\xbb{\xad\xdby\xf1\xda\xde\xeb\x19\
\x13~'q\x06\xb6\x0d@\x13\x18tx\xaf\x0f\xfay\
U\x14\xeb\xba\xa8\x1cL\x86H\xa9\xc9\xba\xab\xb82.\
\xd4\xb1\xde#T\x82\x98\xb6\xfe\xacuH\x9d\xc6\x88\xce\
\xd7\x08\x99\xe0L\xc5\xf5\xad\xd7\xee=u\xd7=\xdfl\
\xddKmf\xa0\xb9\x0cLm\x03\xd0\xb6\xbemOu\
x$\xa9\x1e$\x89\xa47XG%%R\xa5LF\
\xbb\xf1\x8dV#p\x15y\x7f\x1d\x81'\xb8\x1a\xeb\x1c\
!x\xb2\xcer\xdc@\xe3&t\xbb\x1d\xcb\xf1\x1c\xe9\
\x18\xf0\x87wN\x01\xf0$\xe5\x7f=\xde\xbf\xd3\xd3\xe1\
Cw\x0d\xbc\x08\xce3.\x0dY\x22\xc9R\x8d\x93@\
p\xd1\xa3\x13\xd0:\x16b;\xb9\x88k\xbf\x89\x84\xa0\
y\x96\x12\x88s\x1a\xdeE\xaa)\xa5\x14\xce{\xb4\x8e\
\xe3\xbf\xd6\x05\x12\x1do\x85\x10\xc0\xba\xb8\xd5\xc9z\x89\
\x00jc0N`\xacgR\xd4\xf8\x10\xb9\x1f\x84\xca\
X\xce\x85X\xef'\x8fo\x8f\xccgx\xfd\xc5\xc0w\
\x02]\xd8\xbc1\xe1\xe6|\x80\xcb\xb2\xce\xd8\xd8\xfd\x9e\
\xad\xc7\xe4\xbd5\x82P\x14\xc3\x1bX/\x08\xe8\xc33\
\xe1]\x9c\x0f\x10\xd4\xf8`\xb0!\xfe)\x01\x04o9\
\xd8\xdb=\xcd\xed)\xfe\xebN\x01\xe6\xb5\x015\xa0\x02\
*u\x01*+\xa9\xea\x9ar\xb2\x8f\xa9\xc6$\xf9\x12\
uU\x90tR\x84\x08\xb8r/\xb6\x9b\x94DgK\
 5\x99\xd6\x10\x02\x83\xa5\xe5\x92[\xe7\xfd\xef\x88(\
\xe0\x84Y\xffE\x85\xbfy\xd5\xff\x9b\xde\x7fu\xb0\xe1\
\x83\xc7;\x1bI=K\x1b[x\x828L\xe2b.\
9Q\x22v_\xb4\x22\xcf\x12\xb4\x0a8')k\x17\
\xdf\x88\x8cp^!\xa3\xb7QR\xa2U\x8d\x0f\x11\xe0\
\xb3\xd4U\x08!1.\xd2\x87;k\x98\xd4\x92\xb2\xf6\
xW\xe3\xbd\xc7\x07\x15\x11m2\x99n\x1evx\xaf\
9\xbd\xd2?\xb3=\xda}#\x9c\x81\xcdn\xc0\x9df\
\x04\xda\xf7l\x9b<\xf4\xf0H\xb2|\xcf\xd6\xe5)!\
5\xb6\x1a\x93u\x06@\xac\xd5\x08!\xa6{3\x99\xae\
n\xf3(%\xf1&\xa2m\x85\xd4\xe84\xa7,*\xc6\
\xc3\xf1\xd2d2\xeeu\xbb\xbdY\x1a0\x0fc17\
\x0d\xb8\xdd\x14\xe0\x18\x0f}U[m\xaa\x9aj|\x03\
k,\x08M\xdaY\xc69\x8b\x08\x06\xef\x1c\xc6\x14\xd1\
\xeb\xc8\x14\xa55\xddN'\xee\x01\xd4\x1ac=K+\
+c\x8eWL\x17\x19\x80;\xe9&\x98'\xb7\x9a\xf5\
o+\x7fg\xc1\x91\xaf\xf6{\x1f\xbfk\xb5\x8b\xb55\
\xc1\x09\xb2D!pXS\xc7\x22 \x90v5i\x9a\
FT\xa63(\xa5\xd0\xca\xa3\x95\x98\x8em\xab\xe9\x16\
\xc0XY\x06I\xa6\x056(\x94\x82^\xaa\xd0*v\
\x0b\x02\xd0Q\x12!\xc0\xba\x0e:q\xa4\xda\x90&]\
\x9cs\xd4\x16\xbcO\x09\xc4V\xa0\x94\x81 `\xb9\xd7\
\xd5\xb0\xbbJ\x5c\xef\xf6z\x8a\x81w:2pQ\x0a\
p\xa4\xbe\xb5\xd4\xef]O\xbb\xcb\x0f\x97\x93=d\x22\
)F;X\x13\xc7\xe6\x09\x16d\x12\xf5IH\xbc+\
\x08N\x22\x95\xc6\xfb\x10\x17\xe9\xaa\x84$\xc90\xa6\xec\
\xed\xef\xed.w\xbb\xbdk0\xb7\xfa\xdf\xee\x00\x1c\x1a\
\xd5\xdb\x19\x06:\x16\x09\x94e\xd9\xaf\xad\x17\x04\xcf\xf2\
\xf2\x0a\xc3\xe1>\xc6Tx\x1b\x97\x1d\xe2Jp\x16\x9d\
\xe4H\xddA\x12A\x0e\xb5\xb1\xf4\x06k\xf8\x000\xa4\
\x93\xe5\x07\xcc\xc9\x8d8j5\xef\xa4\x0b?Wns\
\xd6\x7f\xb6\xed\xe5\xc4\xdc?\xa0\x06\x0f\x9d]\xeee)\
hi\x09^!\x01k\x03\xa9NI\x93\x1cB@)\
A\x9ah\xf0\x82,_\x22I2\x9c\x07\xa5\x04\x228\
\xb4\x12\x11X\x22\xe2}\x92h5\x9d\x19h\xe6\xfc\xc7\
\xa5\xb2P\xd4`\x9d\xa4\xac\xe2\xb8\xaa\xb5\x16d\xc4\x15\
\x04$\xc6\x0b\x10\x96\xe5\x5csj\xd0\xfd\xc8\xf5\xe1\xe4\
\x06\xf3\x8b\x81\xef\xe4m\xc2\x8b\x16\x88\x1c\xde\xe7y\xb7\
\x7fM\xca\x98\xe5\xd6u$\xfc\xb0\xf5$\x8ef\xa3\xe2\
\xb6\xac\x10\x10X\x82w\x11\xa8\xa5\x06\xb1\xcd\xee\xc68\
2t\x92R\x19\x9b\x8e\x86\xc3%\x8e\x17\xfe\xe6\x9d\xc7\
#r\xbb)\xc0\x11kR\x15\xc5\x9aJ2\xd1\xebg\
\xec\xee\xed\xe3\xbc@\x0a\x81\xb1\x15!\x08\xa4\xce\x09\xc2\
!uw\x8a*K\x11R\x91g\x9d\xb8p\xc2{\x94\
R\xf4z\xdd1GQ\x7f\x8b<\xff\x9dv\xf1\x0f\xe5\
\x16\xb3\xfe\x8b\x0a\x7f\x0b\xbd\xff\xe9\x95\xde\xf7\xf4\x92\xc8\
\xd1g\xcc\x14\xb6\x1bb\xcd4xOQZ:\x99\xc2\
9\xc9\xa8\x1a\x91&\x8a@IUU\xb1\xb87]\xc5\
\x1eAZS\x9e\x06\xa9I\xbd'Q\x92\xed\x03C\xe5\
\x5c\xb8w3\x133$!\xc0\xa4\x0a\x0c'\x06k=\
EQ`\x9d\x9b\x82\x82\x04\xc6\xc4\xd6\xa21\x91\x03B\
\xe9$N\x12\xea\x94\xcd\xe5\xbc\x7f}8YT\x0cl\
3\xda\xbcS\x8a\x81\xf3\xf0+\xc7\x8c\xc1\xf2\xca\xea\x95\
\xb8\x17\xa0\x9c\xc2~\xed\x148'b\xe1|J\x03\xee\
\xbd \x880\x9d\xae5\xa0\x15\x04\x897\x13B\xc8q\
u\xa9\xca\xb2\xec0g#\x14'x\x7f\x1a\xdfl\xfe\
@\xfb\x87\xdb\xd6DV\xd5\xf8\xac\xd6\x19\xd6:\xac1\
\x98r\x18\x07Fz\xa7\xc8\xfa\x1b\xa8|\x0d\x9d\xf6\xe3\
\xea\xef\x107\x01)\xa5\x91*V\x97\xa5\x8c5\x81N\
wik\xc1\xc9y\xa7\x0d\xff\xdcN\xdb\xefV}\xff\
<W\xdc\xf7\xc0F'\x0d\xc1\xa3\xa4'Q@\xf0\x87\
0_\xad\x04y\xaaPR\x92\xa8@\xaf\x93\x92\xe79\
Y\x1a\x81$R\x04\x02b\xca\xcc,\x91R\x91\xa6\x19\
\x9dL\x93%\x92\xed\xa1\xe7\xdf\x7f\xf5z\xfd\x1bOn\
\x9bg.\xd7\xa12\xb0?\x09\x5c\xdfs\xdc\xd8\xb7\x0c\
\xc7\x86\xf1dB]\x15\xd4\xb5\xc1X\xcf\xb5\xeb7\xd8\
\xde\x1d1\x1e\x17\xd4UIQ\x14\x14EIY\xd6\x14\
EE\x1aj\x91Iy\xd2\x1a\xb1y\xcc\xc1\xb7\xe5\xbd\
\xde\x8e\xd2*T/\xc2\x04\x04 \xe4yw$\x85\x0b\
B\xc8\x18}\xd9\x02\xe1k\xf0fJ\x0c\x12\x0e\x09\x5c\
\xe4!\xf8J\xc4\xdd\x8ehd\xd2C\x08AU\x8ed\
]\xd7\x1d\x8e\x87\xffmb\x9f[\xd6\x00\xdaF\xa0\xf9\
\xf5\xa1!\xb0\xd6\xf5\xaa*\x82H\x924g\xb0z\x16\
GB]\x15\x91\xf0\xd3\xec\x13\x82C\xa7=\x827\xe4\
\xbd\x95)\xdcQ\x80L\xc1\x87H-\x9d\xa6\xc3\xd6\x89\
i\x9e\xb8#'\xf2N\xec\x00,h\xfb\xbd^\xd0\xcf\
\xa1\x118wj\xed\x81,\x11\xe0\x0d\x08\xcfl\x0f\x03\
\xdeO\x8b\x7f\xe20o\x07p\xde\xa3B\xdcG\x0fS\
\xb4\x9f\x97\x91\xa1=\x84x\x82\x1d\xe4i\x0c\xfd?s\
q4+\xc6\xf2\xe4+#yv%\xd5\xd6\x89\xc8V\
\x13\xe2X\xb1\x14\x1a\xef\x12\xba\x99\x86`\xe9\xf7:\x88\
\xe9%\x0c(j\x1b\xb0\xb5E{\x81\x90\x0e!\x15\x83\
\x8e>]\x8d\xebylA\xf3v\x07\xbcS\xb6\x09\xcf\
S\xfe\xe6\xb8\xb0\x07\xbc\x12*X\xeb\x84\xf7\x1e\x81#\
\x08\x1d+\xfdS\xbc\xbf\xd2\x8a\xe0k\xa4\xd4\xb1TC\
\x88d.\x08T\x92c\xeb\x09\xd6x\xe1\x9c\xcbY\xac\
\xf4\xb7\x0d\x05f\xce/\xcd\xfb\xa3Y\x9ew\xe9t\x07\
t\xba=\xd2\xce2u9\xa4\x1a\xef\x1c~n\x9d\xe4\
xoQi?\xc2\x1c\xbd\xc7\xb9h\xd1B\x88\x15\xce\
\xbc\xd3-\x98_(i\x9e\xbc;Y^O\xf8\x7f\xe2\
\xb0O\x96\xa4\x0f\x9cY\xeaH\xa6\x10]3E\xf5\xf9\
)\xb3\xafs\xee\x90\xaa\xdb9\x13i\xbdC\x1c\xe8\xa9\
\xaa\x8a\xaa2TVb=\x18\xeb\xa9\xac\xa0v\x0a\x88\
K?^\xd8\x0a\xec\x8e\x86\x13\xa6-\xaa\xbdIY\xde\
\x18\xc7>\x7f\x22\x1d\xdd\x5c!\xa6\xbb\x1c\xe4t\xbe\xc0\
\x18K\x96\xa5\xa4YF\x92\xa6h\xad\xe9\xf7{\xf4\xbb\
\x19\x89\x96SRQ\xd8\xecI%\xbc\x1fp\xdc\xf3\xdf\
\xee6a\xe0\x8eF\x06\xb6\xa3\xdc\xc3G\xa9\xa5\x0f\xde\
b\xeb\x02\x88`\xaa\xc3\xd9\x00\xc0\xbbY\x8a\xe7#c\
\x90\x10\xf1W\x83\xc3\xd6\x05!D~Fkm\xc2\xf1\
\x8a\x7f[\xf1\x8f\x19\x82[\xd1\x82\xcf\xb3 B\xe0{\
>D\xd8gY\x96\x14\xa3\x9d)\xd1\xe7z\x5c!\xed\
\x05\x93\xd1~$;\x0cP\x97C\xac\x89\x84\x13JI\
\x5c\x10tz\x83\xa0\x92l\xc2qK\xd9>yw\xa4\
\xdcb\xd6\xbfY\xfc\xba-\xd0\xcf\x83g\xd7/\xf4\xf3\
xJ\x8cu\xd3\xa2\x90\xbbI\xd5\x1d\xfd\x05\xceG\x94\
\x9e\xb5vj$\x1c>(*\x1b\xc7\x81\x95J\xa6\xd5\
cM\xaa\x05\xa9\x16\x94\x06\xbe\xfc\xe2\xd6\x88\x16#\xd3\
\xc5\xeb\xa5\xb3\x0e\xb6\x87\x9e\x1b\xfb\x06\xeb\x02\xb5\x09x\
\xef\x10\x22\x90\xe79y\xaa\xd1Z\x93$YL-\x82\
!\xf8\xd8\x92\xccRI\xaa\x05\xeb}\xc9r\xae>\xc2\
\x1b\xdf&|'\xd2\x87\xcf\xaba\x1d\xab\x09\x08\xef\x83\
\xd6q (\x0el1\xa5\x5c\xd3S\xdc\x86\x9bR\x81\
\xc5+\x1c\x10\xc8\x10\xb7\x05\x87\xe0\xe2\x06'[c\x5c\
9\x8b\x00\xe6)\xff\x1b.\x02\xce}\x1e\x82\xefv;\
\x1dL=A)I\xda\x19PL&\x94\xe3\x1d\xa4N\
\x91\xc6\x90wc\xe5\xd9\xd6\xe3H@\x91\xf7\xe8\xf4\x06\
\xb1\xed\xe4K\x04\x06\x84\xaa\x1b'\xa6y\x82\xe0\xce\x8f\
\x02n\xc7\xfb\xcf\x94\xe0\xc4\xd0\x7f\xb9\xdf\xfb\xe8\xbdk\
Rx\xef\xc8t \x95\x12\x11T$i\x90\x01\x10\xe8\
i\xd1-\x12\xb0\xc6\xc1 \xefl\x1c\x22Q)Z\xc5\
\x09?)#%x\xb3\xc0\xf7\xe4+\xc6\x8f\x0a\xd34\
\xc6\x02\x10WwF\x93\xe2\xae\xce\xa0\xd7I\xb0\x09H\
\x1cU\x0dV\xa4\xb8\x10(\x8a\x0ac,EQ\xc6\x91\
U\x15AEY\xaa\xd1R\xa0\xa5E'\x09\xa9\x0e\x5c\
X\xcf\x96\xbfz\xa5|#\xd4\xe1G&\x04\xef\xb0b\
 ,.j\x07 H\x11\xbc\xf7\x0e\xa5\x14\xb6\xf6\xd3\
\xf3\x18\x0b\x82\xc1+|p\x08\xef\xa6\x83@\xd3(@\
e7i\xf6\xbc\xc7y/\x5cm;,V\xfc\x85\x86\
\xf3v\xd6\x83\x1f\xffCR&R&\x08\x1ci\xd6\xc5\
\x05\x83\xb7E\xdc:\x83B')u9\xa4\x18n\x91\
\xe6=\xd2\xde\xea\x94\x89&\xa0T\x88Xg\x04R\xc8\
y\x90\xdf;\xbe\xf0\xf7:f\xfdg\xca\xbf\x10\xf4\xa3\
eX\xfd\xd0\xf9\x95\xe5\x88\x04\x8b\xf3\xfe\x08\x87\x94\x01\
\x81D`I\xd3\x8c\x10\x04\x88Y\xd8h\xc8RM\xd0\
\x1a\xe79\xac\xcc\xa7:.\xf7h\x0c\xf2\xb13\x82\xcf\
=\xb7}\x8d\x18\xfa7\x0d\x804\xa6v\x97\xf7\xfd\xe0\
\xc1MI\xf0\xf2\xe6\x90\x0aP\x14e\x5c/\xe6\x03Y\
\x1a\x91\x83I\xa2\x08^P\xd55\xc5\xa4\x06\x11#\x0f\
)5^$R\x87\xf0\x88\x15\xfa+\xbc\xbe=\x82\x8e\
w\x162\xb0\xf9<\xe8,q\xd6T\xc4Z\x8bF\xb8\
\x19\x0e \xfe\xe8\x8c\xb9)x\x0b\x12\x94J\x09\x22!\
x\x87\x92j\xda\x22\x148[\xb5q\xda\xb7\x15-\x9d\
\x84\x03X$\xc2Y\xaf\x8c\x99 T\x0aS\xf6\x18\xa9\
R L\x17\x18\x04\x94N\xc9\xbb\xcb$\xf9\x12Z\x01\
\xbe&\xef\xf4\xd0\x0a\x12\xad\x11!\x00\xe2\xa4J\xff\x1d\
y\xa1\x17\xcc\xfa\x9f\xb4\xdb\xefD\xd0\xcf]\xab+\x1f\
\x1e\xe4\xe0\xbc\xc3{\x0b~\x1a\xfeK7e\xe3\x09S\
\xbe?\x8b7\xe5t\x87\x9c\xc0W\xee\xb0\xf6\x12\x08h\
\x03\xc3\x89\xc0zI\xa2\x05\xa9Vh\x05\x7f\xf0\xccp\
\xec\xbdk\xd6b\x8e\xbc\xe7\x97\xaf\x1fL\xce\xaf\xact\
\xbd\x07c\x89\x11\x1c\x8e\xa5~\x1e\x09C\xad\x8d\xa1\xe9\
\x14\xbc\x92\xea\x88i\xf2\xde\xe2\x9c\xc3X\x18WP\xd4\
\x81A\x9e\xdc\xbf[\x85op{S\x82\xef\x84b\xe0\
\xbc(\xf6\xc8\xfd\x9e(\xe5\x95J\xb0\xf5\x04\xef\x0c\xce\
{$\x0e\x1b\x02JX,\x1e\x84&L?\xbe\x0f\x02\
\xe1\x0c\x1e\x8f\xd4\x19R\xa6\xf8\xa0\x08\xde\xab\xdbx?\
\xb7\x0d\x05>Q\x94R!\xef.c\xf7\x0e\x98x\x8b\
w\x15\x10\xe8\xaf\xdeMU\x16\xf1\x0f'9\x22\xe9\xc5\
\x85 fH\x7f\xb0F'\x9f\x0e\x06!P^!\xc5\
;'\xe7o\xc9I0\xea\xdb\x1e\xf8\x11B.\x9f\xdf\
\xecg\x95\x0d\x88`\x09\xde\x83\x8f\xfda\x04X\x1b=\
rQ\x94h%\xa8m\x00b/\xd9\xf9@\x9a\x0a\x94\
J\xa6;\x19\x1c\x9d,\x8e\x06k\x15#\x81\xad\x11\x5c\
\xdd=\xb8\xc4\xf1\x8d\xcb\x87\x11\xcb\xeeh|uk\xb4\
r\xffZ7N\xa8Y\x17\xf0\xceC\x88\x98\x83\xd1h\
\x84\xb7e\xa4\x14\x97q\x00)K5Z\xa7H\xa5\xe8\
vS\xba\xdd\x80\x17\x19\x832\xd1\x9f\x7fao\xd3\x05\
\x0a^_1p\x86\x0c\xf4p\xc7!\x03\x17E\xb6\x01\
\x08\xd6\xfa\xe0B\xc4\xd1\xcc\x8a\xa6\x01\x018\x02\x0a\xa4\
F\x04\x0f!\xe6\xff\xceD\xda})\x15\xde\x07\x843\
H!p\xce\xdf\xaa\x9e7W\xe6\x19\x80[\x9eX\xa5\
\xa5\xd5Y\x97\xa5\xa5\x80\xa9K<\x9a s\xac\x97\xa8\
l\x15k\xca\xa9W0h\x9d\x90\xe4\x1bh\x1dH\xb3\
\x0eRJ\xac\x0b\xa8\x90\xc1\x9dU\xd4\xb9\xa5\xdc\xe6\xac\
\x7f\xbb\xe7\xbf\xd0\xfb\xbf\xef\xfc\xc6\xf7\x9c]&\x02l\
\xa6\xc3\x1f\x04\x89\x14\xe9t\x9dT,\x0e9\x1f\x0bD\
\xb9\xd0\xd4u\xa4\xfa\xeauc\x81n6\xcc\xd3\x16\xe3\
\xe0+/\xed^\x03Jn215\x0d\xc0!N\xe1\
\xe5\xadq\xd5\xbf\xbb\x97\x0d\xc7\x86\xaa\x1c#}9]\
!VryWpu\xa7f\xd0\xd5\xdc\xb5\x1aX\xce\
k\xc6\x15\x94\x06J\x9bPY\xc9RW\xb1\xb6\x14\xe1\
\xe0\x99\xcc><q\xe1*o\xbc\x18x\xa7\xd7\x86\x8e\
\xbe\xf7\xc0t\x01\x88\x9f\x82~,\xd6\xc2\xa1o\x0ca\
\x0a\x0a2\x88\xa0#\xbf\xc34\xea\x13\xc1\xc6\xd3\xe2k\
\x02a6\xb6\xff\xba\xe4v#\x80#\x96KIQ[\
3A\x0a\xe8\xf5\x97\xb1!\xa6\x03EYS\x17%\xd6\
Z\xa4\xd2$:#IR\x94\xf4xo)\xab\xb8\x99\
\xd6Z3\x85;\x828^\xb4`\xce\xf3;In\x05\
\xfa\xb9\xad\xca\x7f/\xcf\x1f\xbe\xb0\x91(\xe3\xa6\x0b:\
D\x88)@\xf0\x08\x199\xfdC\x88\xc5\xbc\xc0\xac\x13\
\x10S\x02\xa5\x92i\xa8>\xff\x14:\x0f\xdf\xb8\xec\xdc\
\xb5\xdd\xc9+\x1c\xdf\xbe<{\xdf\xb3\xf7\xeb\xae\xef\xef\
\xbfv~-\xbb?\xf8\xc8\x0fh\xad?\x84\x1b\xd7^\
s0)\xf0\xde\xb3\xd2K\xf1\xe4\xbc|\xcd\xb0;\xb2\
XWS\x1bO\xbf\xdf\xe5\xd4\x9ad\xb9'\xd0Y\xe8\
\xe2X\x84\x09x'\x17\x03\xdb\xf7\xc8T\x02\xde\x03\xde\
\xa3\xc44\xf5\x0fq\x9e#\x12\x84\xf8\xe9\x16g\x1dS\
\xba\x10\xbf\xa1t2]\xd8\xaa\xa6\x11\x9exC\xe7b\
\x91\x018\xb1\x85!\x95\x9ed\xfd>\xa6\xf2\x94V\xa3\
\x92\x80t%J\x1a\xb4\x04\xd2,V-\x09\xd8z\x84\
ue\xe4<\x0fq\xeb\x8c `\x9d\x85\xe0\x92x\xbd\
\x8f\x9c\x94;\xad\xdd\x03\xbci\xb3\xfe\x87F\xe0\xd1\xbb\
W\xef\xd1\x8aC\x0c\xf8\x8c&:\x84\xe8\xf1\x95\x94T\
\xa6\xa6t!n\xf7\x15\x92\xca8\xa4\xd2\xa4Z#\x05\
\x18\x1b\xab\xc7bzc\xf9 P\x02v\xc6\xf0\xc5\x17\
v\x9f\x03\x9a\xdb\x98\x9a\x06\xa0\xb9\x8e\xcc9\x1f\xfcA\
Q\x873\x83Ld\xda\x13\xbc\xa6.'\x88`8;\
\x98\xb0\xfe\x80\xa4\x9bz\xa4(\xd9\xaf\xba\x98\x10\x17Y\
$\x89\x04\x11\xd0\xc2\x22E\xc09K' \xf0\xe2\x1e\
\xa4n\x0f\x08-\x02\x06\xdd\xe9\xc5\xc0[\xde\xd7J\x09\
\xf0\x023\x9d\x07\x88\x12\xa6(\xcf\x9b\xa5\x990]\xb7\
\x87\x88\x85A\x8fF\x01\x1e\x05B\xbc\xa1\x85\xb9\xb7\x8a\
\x00\xe6\xb6.\x94\x94\xc5\xeaR\xc2\xde\x81DM\xe2\xe6\
\x1fc\xc7\x11ifK\xf0\x1e\x17\x22vYbI\x93\
\x8c,U\xa4S\xb0\x881\x15\x22 \x02\xb6\x89^j\
\x9e\xacy'\xf0\xed.o\xc6\xac\x7f\x0e\xe4\x1b\x83\xce\
\xfb\xef\xdf\x94\xc2y\x87\xc7\xa1\xb5\xc0\x11\x97yj%\
1\xd6RV&\xb6\xf5\x82\x8fTli\xc2J'\xae\
\x8fJ\x13I\xa2\xa6\xcb;M\x98r\x00\x0aj\x1b\x19\
\x81\x9f\xb8T\x16\xceT\xaf\x11Gqg\x9bk\x9b]\
\x005}\xaf3\xbe\x06\xae\xee\x17\xa3\xb3K\xbd\x81R\
\x09:\x11$2\xa3\x9bZ\xd6\x962\x901\xe2p\xd6\
\xb0Z\xec\x93\xe8\x14\x1b\x06T\x06\xd2D3,%e\
mQR\x92\x0aO/I\xde;v\xbc\xc8\xf1\x15b\
\xef\xb4b\xe0\xa2\xfb\xfa\xf0^\x09!\x08\xe1\xcb\xd8\x9a\
\x11\x1a\xc2dj\xac\xd5\xb4F.\x10RD\xcap\x1f\
\x10\xde\x91\xe8t\xbaI8#\x00I\x1c\xf9vo\xe4\
\x0d\xce+\x1c\xcc\xeb\xc3\x1fyMHi\x8d\x8b\xab\x8a\
\xaa\xdaP\x15\x07x[bL\x05\xc4\x95\xc7JO\xe9\
\xa6\xa5\x9cN\x05v\xf1\xcea\xad#\xcd\x97\x10\xbaC\
p\xa1\x0d_\xbc-\xf0\xc2\xdbM\xde\xc0\xac\xff\x89\xeb\
\xbd\x1e8\xbdr\xaav\xb1\xc8\xe7}\x88\x837B\xe1\
\x83\xc0:\x87uP[Am|\x1c\x22\x09\x22\xae\xfd\
\xb6\x81\xff?{\x7f\x1ae\xd9u\x9eg\x82\xcf\x1e\xce\
t\x87\x982r\x9e\x90\x98A\x82\x13\x08\x82\xa4(\x8a\
\x145K\xb6\xcbe\xd9\x96\xdbU.\xdb\x8b\xcb\xddj\
\xb7\xba\xca\xd5\xae\xd5\xdd\xab\x7f\xf9_\xff\xe8\xea\xeaU\
n\x8f\xbd\xca\xb6\xaa\xca\xed\xb2-\x0f-\x97-\xcb\xb2\
$J\xa48S\xa4H\x90\x001#\xe7\xcc\xc8\x98\xee\
x\xa6=\xf4\x8f}n\xe4\x8d\x1b\xf7F\x06@\x80\x04\
Hn\xac\xb3n$2\x22\xf2\xdes\xf6\xf7\xedox\
\xbf\xf7\xad\x8d#/]\x80\xff\x0aI\x1ak\xa4PH\
!\x89\x14\xec\x8e\xe1\xf2\xed\xed/\x13N\xff\x110\x9c\
\xb9FS\xd7\xb8\xb9\xf2\xde\xb8xik\xe4(*\xc7\
pTR\xd7\x15\xe3\xc2\xd0\x1f\x8c\x18\xf6w(\xc7;\
\xec\xf6z\xbct'\xe1vOR\xda(@\x83}\xca\
\xa0\x8c\xc8\xab@0b\x9d\xa7\x1b\x89\x18\x98\xa6\x0f?\
,\x15\xf8~A\x06\xce\xdd\xdf\xd6Z\xa9&y\xbd\xab\
\x90\xa2\x99\xd2\xf4f\x0f\xe57\xf1u\xdeY\x9c\x0f\xcc\
M\xa1T\x18\xf6\x87\xb35\x081\xeb\x00\x8e\xd4Y\xd3\
\x0b\xbea\x11\xa9\x81\x03\x9c\x142\x8f\x22\xc2d\x99w\
,-\x1f#\xed\x1cg\xd0\xdf\xa1,kj\xdb\xb0\xc7\
\x9b\x9c:\xefQ\x96\xc1\xc3uZ\x19J)\xbai\x8b\
\xad[=\xca\xb2Hu\xd2]\x04;~;\xad\xd7:\
\xeb\xbf\xf0\xf4\xbf\xb8\xbe\xf4\xd4\xd9U)Js\xb7\xe2\
_Ue\x18\x00\xf3\x1ecl\xc3\xca\x0b\xfdQE\x96\
\xa80\xbe+`kw\xcc\xcaRJ'\x95\xc4\x1a\xbc\
\xd0\x0c\x0a\x1f\xe6\x04\x10\xd4\x16\xbe\xfaJo\xc38\xdf\
#\x18v\xc1\xdd(`\x12\x01\x08\xee\x8awN\x0a\x83\
\xc2{vr#\xeaK\xa7\xb3\xc8;E]\xc5\x8c\x95\
`\xe8<\xc3Q\xc1(\xcfye3\xa6\xa8\x0dEe\
\xb8\xbd]\xb0\xd6\xf1\xacw\xb6\xb9\xb4\x92\xb0\xba\x94\xe1\
\x90l\x0e\x04\xc2\xd4$\x8e\x0f\x952\xfe-\xbe\xff\x8b\
\x81\xf3\xf6\xf5\x1eZ\xcf\x9aRY\x1b\xd4\x7f\xbd\xad\x03\
f\xc2\xb9P\x07\x10\x11\xf8\xa0\xc3(T\xe0v\xc0\x95\
8\xa7@\xc4XS\x93\xb5[t\xd7N\xd0jws\
\x0eG\x1e\xce]\xd3\x0e\xc0O\xbd\xc1\xc9\x0fL\x0f0\
\xeca\x98\xb5\x8e6\xd7\xbbp\xdfrD\x1c\x9f`c\
\xa7B\x94\x1e\xdb=\x86\xa7\x87\x1b\xf7C\xbe\xa94\x22\
\x8e\xa9\xab\x9c\xacs\x8c\xb4\x95\xa1(\xf0\xceR{\x85\
1u\x8b\xfd\xd5\xf2\x85\xd1\xc0'\x7f\xf9W\xc4[q\
 \xe8\x8d\x9c\xf5WR\xae\xbf\xebB\xb7\x13i\x17 \
\xb5\xd2\x82\x0f\x91` \xef\x0da\xa1\xf3\x90$\x09q\
\x22\xf0\xce\xd1\xca\xe2\xc0\x02\xe4$Y\x12\x9cC^y\
jk)j\xe8f\x01j\xfa\xca\xa6u7v\x86_\
b\xead'8\x81y\x0e a\xca\x01\x00\xea\xe6\xf6\
\xe0\xea;\xcf\xae\xdf\x9f\xc5\x1a\x99J\xba-\xcd\xfa\xda\
\x12UY2\x1c\x17\xbc\xe3\xd16e\x15\xf2\xd4$I\
\xf0\x04\xf5\xe0H\x07\x05\xa2\xab\x1b9\xd7\xb77\xd1\xca\
\xd3I\xa2nY\x7f_\x17\x03\x17E\xb5\xfb\xc6s\x8d\
\x13\xb2\xaaJ\xa4LQ:0.{\x04\x88\x08\xe7'\
P\xe0\xf0#\x9e\xa6\x08[\x8d\x11~\x80S\x12k\x0a\
\xb2\xce\x92W2\x9a 9\x0f\xab\xdf\x1dX\x87\x15\x01\
'\xeb I\x87\xd0\xdb\xc6:\xbf\xdcQ\xe2\xfc\x1a\xe4\
U\xc48\x1f`\x8c\xc7\xd69i\xab\x13BWS\xa3\
\x92u\xca\x8dW\xe8\xedl\x90D\xa7P:\xd4r\xe2\
\xa4K\x99\x0f\x8fM\xdd\x94\xc3\x86\x90\xde\x92\xeb\x08\x85\
\xbf\xc9\xe9\x7f\xa4\xc2\xdf\xe3\xe7\x8e\xbdg\xb5\xed1\xc6\
\x91\xc5\x81\xe4\xc3XO\xbb\x95\x05q\x8e\x89\x82\xacs\
$q\x1c\x08?\x00)\xc2\x00P+\x8d\x91R\xe0}\
\xa8\xf4S\x05\xd1\x0e\x04X\x0b\xcf^\xef\xbfD0\xfa\
I\xf8?\x89\x02\xa6\x1d\xc0\xa4\x030\xc9\xff\xf7\x8a\x82\
\xc3\xb2~\xf9\x85\x1b\xf9\xa5\x8b\xc7\x84\xa8\xab\xbc\x91\xab\
\xaa\xc8\x8b\x22\x08\x84$\xaeIW\x22\xa2\xa8\x0a\xa9\x88\
\xb1D\x91\xa6\xaa\x0d\xd7\xb7,\xc6I\x92\x08\xda\xb1\x15\
\xbb\x15\xef\xb1BN\xab\x09\xcf#\x0b\xf9~(\x06\xce\
s\x02\x12\x90\xb5uR\xf8\x1a\xe1=\x0e\x11\x8a\xe7M\
\x9b\x0fW#T\x98\xa7q\xb6\x04o\x89\x93\x8c\x95\x93\
\x0fr\xe2\xf4E:\x9d\x0e*\xee\x92u2\x84\xb3\x15\
\xf7\x1e\xa7?\xe0\x08\x0e\xc3\x01\xcc\x9e\xfe{\x97\x8e\xe2\
\x1e\xa6@\xc9\x88X\xc3\xc9%\xc1\xb8\x08TQ\xad\xe4\
$\xa3\x92 5\xad\x02EU\xda\xea\xd0\xdf\xbc\xcc\xf2\
\xd2\x12\xddc+\x94\xc5\x884\x89\x19\xe7;\xcb\xec7\
\xfe\xb7\xe3\x1c\xf8\xec{\x7f\xad}\xff0\xed\xa79q\
\xe9d\x1c\x85A\x1f\x83\xf3\x0e\xefC%\xbf\xaamS\
\x182{\xed\xbd\xb2.\x91\xd2\xb0\xd6\xd5\xa4I8\xb0\
'\xd5~\xefaTX\xf2\xd2\x11E\x1a\xef\x05/l\
\xd4f\x98\x8f\x9f\xe6\xee\xe9?q\x009\xc1\x01L\x9f\
\xf6\x11\xfb#\x82\xbd\xae\xc0\x95\xad\xe1\xce\xb1,^+\
JKQ\x04\x0d\x81k\xdb\x92;=\x0bn\xc0V/\
g\xb7?\x0e\x80!\x07Q\x1c\xb3\xdaM\x02\xa0\x05\xcf\
C\x17\x96\x89\x94 \xd1\xd0\x8e\xd5\xd9~\xed\x17\x01\x82\
\x8eR\x0c\x9c\xdc\xff\xb7\xa2\x13\x98\x07\xa3?@\xd6a\
\xcb\xb1\xd4Z7\xf4\xea\x0a\xa4\xc7\xdb\x0a\xc4d\x0c;\
\xd0\xb8\xa5\x9dUVO?\xc6\xf9G?\xce\xc9\xfb\x9f\
\xe2\xe2\xba`\xad\x1d>\xf8\xf5\xcd\xab\x5c~\xee\xdb\xb3\
)\xc0\x91x5\x0f\xeb\x02\xcc\xfe\x92=&\x13\xadu\
e\xea\xcaI\x81\x0a\xd0^8\xb5\x1a1,\x22FE\
J\xef\xfavCd\xe8\x91\xde \xa36UU\xb0q\
\xe3%Z\xadw\xe2M\x0dB\xa0\x04\xd3$\x06\x8b\xd4\
a\xde\x92\x8e`\x01\xd3\xcf>\x00\x0dG+\xfce@\
\xfa\xe8\x99\xe3\x8f+\xe1\x19\xe5\xa1\xd7_V5\xc6\x98\
f|\xda\x91\xc62l\x12\x99\x90D\x9e4\xf2\xc4\xb1\
\x0e\xd2].\xfc\xc3\xa5\x81q\x196LQ\xba\xd0\x1e\
BP\x1ax\xf1\xfa\xe6\x97\xd9\x7f\xfaO\xae\xe9\x08\x80\
\xa9\xcf`\xa7\xfe\xbcG\xe09\xac\xcc7n\xf7\xf5\xc7\
\xbbI\x84\xa7Dk\xcd\xe9UP\xc2S\x9a\x988R\
t\xdbi#5^\x10G\x11\xc7\xd7\xda\xf4\xc7\x16%\
!\xd1\x81]\xd8:\xc5R\xaat\xbf6\xf3\x06\x84\x8e\
\xca\x19\xe8x\x8b\xa5\x01\x8d.\xc0d\x1df\xfc\xc2\x9a\
:*\xabZx/\x90\xc2\xe1\xf6\xfa\xfa4\x9e\xdc\x06\
\xfd\xcc\xa5\x93\xb4\x97\x8f\xb3v\xee\x09\x96N>F\x16\
\x0b\x86E\xc0\x09\x0c\xc65\xbb\xb7n\xd88Nr\xe6\
\xabi\x1f\xaa\xad\xb1(\x02\xf0\x0b~\xc1^\x140\xce\
K\xe3<J\x88\xc0!W\xd6!\xec\xcc\xcb\x1a\x97o\
\x90-\x9da4,1\xe5 \x8c\x87Fm\xb67\xae\
\xb2~\xf2<k\xab+\x8cww\x91Zw\xe7\xdc\xa4\
\xe9Wf^\xdf\x12\x0fy\xce\xc3\x9d\x0d\xff\x8fJ\xf4\
\x91\x02\xe9\xa9\xa5\xe4\xb1G\xce\xc6Z\x09\x8b\x96\x92\xaa\
r\xe8L\xe3\x9cn \xbd\x11i\x1c\x0a{\x91\x8e\xe6\
r\xf6\x85\x08\x81\x86\xed\xd7\xef\x09|Z\x07O_\x1d\
\xf4\xc7\xb5\xbbJp\x00\xb3)\xc0l\x04 \x9b\xf7=\
\x1d\xfe\xef}\x16\xef\x19\xf7rl;F%\x8d\x88\x88\
\x14\x05\xe7\x8fY\xea\xba\xa6_&\x14\xa6MQV\xd4\
&!KcZ\xb1\xa7\x9b\xc9\xa0V\xa4\x1d\x91tD\
Z\x13K\xcb\xb6\xb4\x1f\x1a;\xf5)\x16;\x81Y\xba\
\xb0\xb7C1p\xde\xe9\x7f\xa0H\xbc\xb9q\xeb|Y\
\x06\xd0\x9c\xa9\xcb0\xbam\x0al]\xe2L\x89\x10P\
[K>\xee\x93,\x9d\xc1\xdb\x9crx\x9b\x81\x16\xd8\
,f4v\xdc\xbey\x99\x94\x9em\xb7V\xa7\x09v\
\x17\xc9\xeb\xd6\x15u\xfa\x00\x00t\xf0IDAT\x1d\
\xb8OGq\x00~\xea\x97\xee][\xbby\xf9\xfcM\
\x92a\x01\x95\x09\x0e\xc0\xfb\xa0)\xbf~\xe2\x14\x85\x8d\
9v\xfc\x0c\xc3\xdd \x7f\xbc\xbcv\x8aW\xbf\xf9\xbb\
\x0c\x07}V\xd6N\xe0\x9d\xa5r>\xe5p=\xb3\xb7\
d\x04p\xc8\xac\xffa\x03?\x0bg\xfd\xdf\x7f\xff\xca\
\x19-\x1d4\xc5\xbe0\xb2\xab\x9a6\x9eBk\x15\xe8\
\xbf\x16\xacp\x128\xc6\xa5E\xcb\x80\x197N\xe2\x1d\
\x5c\xdb\xf1\xfe\xf2\x9d\xfe\xef\x12N\xfa\x89\xf1O\xa7\x01\
\x93\x08`\xe2\x00\x14w\xf3\xffI40\x99Z,\x81\
jd\xfc\xa6\x90\xead\x96D\xac,e\x94eE\x12\
\x09\xea*\xe7\xea\xf5\xdbx$\xc6(\xb4\x16A\x8c$\
\xaei'\x82^\xa1\xf08\x96Z\x12\xad@*Xm\
\xeb\xb5\xf1\xc0\x1fV\x0c\x9c\xd7\x12|;\x14\x03\xe7\x9d\
\xfa\xfb8\xfbv\xfa\xbd3\xae\x1e\x02a\x0e@G\x11\
$]\x22g\x10\x04n\x80V\x02Y{\x99BH\x06\
\xbd-\xda\xabc\xe0\x16\xfd\xcd\x1c_\x8fp\x1e\x96\x96\
\xc9WVV\xb7\xd9\x1f\x01\xcc\xe3\xd8<\xb0\x0ek\x03\
N^\xe7\xd6\x02\xfa\xbd\xd1h\xbbk\x96\x8c\xd3\x1c\xeb\
\x04m\xf8~\x1e\x9c@\xb7\xbb\x82*\x1dJ\x81\x5c=\
I]\xe6(\x9dq\xec\xf4\x03\xdc\xbe\xfe2\xad\xce\x0a\
\xb1\x8e\xe8\xednE\xcc\xc9\x8b\x98_\x0fx+\xad{\
!\xfe\x16\x19\xff\x81\xd7s\xc7\x96\xdf\xbf\xd4R\x22\xe0\
\xf9\x05\xce{*\x13\x08=\xda\xad\x04!\xef\x1a\xbf\xf3\
4\x08?\x18\x97\x01\x07^\xdb \x05fm\x8d\xb5\x9e\
\xa2\xf6\x08\x95\xa2\x1aF\x9eWn\xdf\xb9\xc5|\xe3\x9f\
\x5c\xd3\x0e\x00\xee\x86\xd8\x93\xaf'\x9f\xa5h\xdew5\
(\xca?\xea\x95\xe9\xcf\xd4\xc6\xb0\xda\x0e\xefy\x98[\
\xea\xb2F\x08Xi9$\x8e\xd2(\xb2\xc8\x07j2\
\x15\xe1\xbc\xa2\xa8&\xbaw\x0e\xef\x1c\xc7Z\xa9\xd8\x18\
\xe4\xef\xac\x91_a\xfe\x80\xd0\xdb\xb1\x18x\xe8\xc9?\
\xb9\x06\xfd\xc1\xb1\xaa\xcc1\xe5\x08\xe9+\x92\xd6*\xd9\
\xea}\xac\x9e}/:n\x11)\xc7\xf1\xf5c8/\
\x19\xb9%v\xee\x5cg\xb8s\x9dH\x9d&\x89#v\
ww\xc2hp\xc7\x8f\x97\x96\x96\x07,\xd6\xd8\xd8'\
\xb03}\xaf\x0e\x8b\x00\xe6\xc9\x1a\xdd\xbd\xa4\xdc\xf6J\
\x9d\xbe\xb4\x0e\x977iZO\xa17\x9d\xc4\x81\x80\xa2\
\xb6\xd0I5\xa5\xd0\xf4ww9y\xeea\xb4t\xe4\
\xc3m\xda'NS\x8f\xd5\xb4\xac\xf1\xacw?\x90\x06\
\xbc\x15Z\x81\x0b\xda~\xf7\x9a\xf6\x9b\x9c\xfa-f\x22\
\x80\xc7\xcetVj\x0bEi\x90\xb2\xf9\xa0\xde#E\
PT\x1e\x0eG,w3\x92X\xefQ\x80\x8dJ\x81\
\xb1\x8e$\x92\x8c\x0a\xdb\x0c\x05\x85H\xac2\x82\xba\x86\
8\x16l\x8c\x8c\x1f\x16\xf5\xe7\xb9\x1b\xfaO\xa7\x00\x93\
\xaf\x0b\xee\xf6\xfci>\x87\x9b\xfaz\xd2\xc2,\xb9\x8b\
\x19\xa8\xb6s3^[o\xb5FUE\x1a):\xb1\
A\xb4\xba\xb4Z-\xeel\xdc\xa2\x9d\x08Zq\x8dG\
\x91\xc5\xe0|\x8d\x92a4xg\xe8X\xedJ\x94\x00\
\xbce\xad\xad/\xde\x1e\xb9opx\x04\xf0v)\x06\
.j\xfd\x1d\x88\x04\xba\x9d\xd6\xfa\x93?\xfe\xe71\xc6\
\x91$\x11\x86\x8c\xc1\xd6eZk\x17!^%\xc9\x96\
(\xca\x1e\xbd\xdd\xdb8s\x93V\xaa\xa9}\x8b\x9d;\
W\x89\xa2\xa0\x090\x1a\x0d\x89tg+I\xd3\xc9P\
\xd7d\xaec\x9e\x138R\x0d\x00\x16T\xff\x99r\x04\
q\x14]\x7f\xe5\xe5W\xde\x19\xdd\x7f?\xbb\x83\x92\xa2\
\x16\xa4I\xcc\xcen\x9f\xa5\x95u\x22\xc5\x9e\xa8D\xa7\
\x9d\xb1\xd49\xcfj\x07\xfc\x85\x1f\xe1\x99g\xbe\xc5(\
/\xd1\xc9IY\x96E\x92$\xe9a|\xe6\xd3}\xd3\
\xb7\x82\xf1\xcf\xf3\xec\xb3=\xffy\xb9\xff\x81\xd7\xfb\xd6\
\xbbO\xb6\x12\xc8+\x87\x12\x1e%\x05Ei\xc8b\x90\
\xba\x13\xa6\xbd\xf21\x91\x96$\xb1B\x0a(\x88\x10\xd2\
\xb2\xdaV8g1\x0eF\xe3\x0a\x0f\xd4V\xd2\xca2\
\x8c\x8f\x18\x16\x8e+\xb7\xef|\x9b\xfd\xa7\xff<\xe3\x9f\
v\x00\x93\x9c\x7f\x12ZO\xc2\xffi\xe3/\x81jg\
T<}\xe2\x91\x95\x0f\xe2\x82\x86\xfdR\xe6\xa9\x0dX\
J\xaa\xda\xb2=JXiK\xaa\xdaQ\x19\xcfZ\xc7\
\x13\xa9\x1a\xad4\xfd\xb1\x00o\x88t\x82\x17\x82\xb5N\
\xaao\x8d\x8a\xb6\xc0\x8d9:&\xe0\xad\x5c\x0c\x5c\xd4\
\x19\xda\x17\x01\x9c\xbbt\xb6\xf3\x89s\x97\xa8M@h\
\xf6s\xd8\x1e>\xc2\xce\xa0b8\xe83\xd8\xbeB\xff\
\xce\xcb\xe0*\x84\xaf(Q8S\x06\xc2\x97d\x95\xb2\
\x18Q\x8e\xb6\xc8Zgn\xb0\xdf\xf8\x0f\x13\xd9\xd9\xb7\
\x0ek\x03N\xb7\x03\x0f\xe8\xf7u[\xcb\xaf\xdc\xb8s\
\x83\xcd^N\x96f\xf4w\xafSVk8k\xd8\xdc\
\xbc\xc3\xe9\x93\xc7\x1b\x92\xca\x10\xba\x9a\xba\xe4\xe6\xad\x1e\
I\xd6aye\x8d\xea\xce\x06\xb5\xf1\x0cv7\x1eN\
N^\xd8\xe4`\x91\xe7\xad\x9a\x02,\x0a\xe9\x0ek\xfb\
\x1dxM\x22q\xea\x9d\xe7\x97\xba\x01\x02j\x11\x0a\xb4\
\x12DZ\x06<\xbf\x16\xa4Q\xcc\xdaR\xdc\x84\xfc\x90\
E\x0aa\xc1\xd4cn\x8fj\x94\x14$ID\x9ah\
\xf2\x0a\xa2H\x86*|\x04\xafn\xe6ee\xdc\xb7\x98\
\x7f\xf2\x173\xd7D\xa0u\xe2\x00\xa6\xf1\x00\xd3\x0e`\
/\x02\xf0\xcen}\xfd\x95\x91;\xd6\x8ad>\x1eR\
\xe4C\x8c\xa9\x11\xae`TeT\xc6\xb35\x94x\xe7\
\x1bV\xa2\x10\x09\x08\x11\xb4\x097z\x96\xd3\xaa$\xcd\
4\x1de\xe9$\xea\x03\xa3\xd2\xfd\x0e\xf7\x86\x06\xbfe\
\x8b\x81S\x1d\x80y\x0e`ro\xf7\x22\xddck\xcb\
\xf1J\x1b^\xb8\x09\xaf\xde\x81\xdd\x9d;l\xef\xf4\xe9\
o]\xa5\x1cmaM\x8d\x10\x1egJ\xaa\xaa\x06_\
\x13\xc7\x09Q\xd2\xa6*\xc6\xe4\xa3]\xac\xcdY;~\
fVa{^\x140\xd7\x09\xcc\xab\x01\x08\x0eF\x00\
\xd3\x85\x05\x0b\x98\xb8\xd5\xbesr\xbd\xe5o^y^\
\x5c\xb8\xf4\x10\xb6\x1a\xb2s\xe76q\xe7\x14\x1b\xaf~\
\x93\xa2|\x9c\xe5\x95UL5\x22\xd2\x924\xf2\xd82\
\xa70\x8a\x87/\x9ef\xb5\x1b\xf1\xfc\xcb\xd7(\xaa\xf2\
\x12\xf0\x85\x19CZ\x14\x0d|\xcf\xd6\x82Y\xff\xc3r\
\xff\x94CP\x7f\xef8\xb7\xfex+\x09\xf0^k<\
\xe3\xc2PU\x9e4\xd1A\xbc3r\x0d\x1d\x94\xc0:\
(*Om\x05\x12\xcbr7\xa5(5\xa3\xc2\xe2\x5c\
\x90\xf1v\x22\xb0\x00[/\xd8\x18\xc0\xe5;\xbd\xdf\xe2\
`\xe8_\xcc\xb9J\xa6\x86~\xa6\xf6\xc4\xa4\xfd79\
\xf5g\x9d@}sss+[\x8d\x8e\xe7E\xc9K\
\xb7\x15\xd7\xef\xd4\x1c_I\xb9p\xcc\x11kx\xf1Z\
\x1f!\x04\xeb+1w\xfa\x92\xa5V@)V6\x08\
\x92\xdc\xd8\xb6\x9cZ\x1d\x13\xc5)\xc7\xdb\xc9\xca\xa8\xac\
\x17\xe1\x01\xde\x8e\xc5\xc0\xe9(q6\xcdU\xceVk\
i{I}\xf9E\xcb7\x9e~\x06\xef*F\xa3\x11\
\xa3\xc1.\xa6\x1cb\xadEH\x89)G\x14\xf9\x10o\
K\xd2\xac\x0bB6\xa4\xb09*j\xd1n)\xd7n\
/\xf5\xd8o\xf4\xf3\xda\x81G\x8e\x00\x80C[\x80{\
\xff\x80t\x95\x19\xf46\xa3\x8d[a\xc4\xbb\xc8o\x13\
g\x05Y\x96q\xf3\xc5\xcfR_x\x82$m\xe1\xd3\
\x84\xb3'Wi'\xab(\x09\xcb\x19\x9c^Yg\xa7\
\x9f\x93\xc8\x9b\xa78\xd8\x09\x98W\x03x+\x14{\xee\
5\xeb\x7f\xa4\x9e\xbf\xd4\xc9\xd9K\xc7c\xe5}\x18\xf8\
i\xa7\x92\xd5n\x86\x10a\xda/n\x9eJC\x0bG\
\x1a\x87\x08\xaa\xb2\x02tBQ\x86\x03\xdb9O\xe5!\
\xafJ\xa4\x8a\x89b\x85\x96\x82o^\xef\x8d\xc1O\x0c\
~\x91\x13\xd8;\xcd\xd9\x8f\xfa\x9b\xce\xff\xab\x99\xef\xdb\
\xe7\x04\x8c\x17\xdf\x1a\xd7|<V\x82\xb5\x8e\xe3\xdam\
\xc3\x9d\xad\x9c\x93K\x9d\xc0Pd%[;}\xb4^\
%\x8e}`\x83\x8e%\x951t3\x89G\xf1\xd2-\
\xcf\xc5\x135\x9d4\x11\x91\xf0\x97j/\x9ea~G\
`\x91~\xc0\x81v\xd7/}\xf2\xbf8l\x8f\xec\xfb\
\xbb7\xc1Y\xcc\x8b\x10g1\x22:\x1f\xef>\xb2{\
E\xb2\xb3\xb1K\xa7\x9d\xb1\xb3\x1bx\x01\xebrDU\
\xe6\xd8\xba\x04\xd7\x88\xaf\x9a\x928\x8eAj\x8cqH\
e\x11J\xe1\x9c\xa1\xdbM'\x86?{\xfaO\xdb\xea\
\xeb\x82\x02O_v\xce\xe5D9*\x84+\xa2k/\
}\x8d\xb53\x8f\xa1\xa5cw\xf3\x0a\xed\xa5\x93\x0c\xfb\
\x9b\xf46^\xe0\xf8\xb9\xc7\x91R\xb2\xb5\x9b\xd3\x8f\x22\
:\x99fk{\x87\xb4\xb5\xca\x85\xf3\xe7y\xee\xe9\x17\
\xba\xc7O\xcf\x95\x86\x9a\xeb\x0c\xbe\x17\x85\xc0\xd7!\xf0\
q(\xe6\xff\xc9K+\x8f\xc6\x0aJ\xe3Q\xd2\x93\xc6\
\x82H\x8b=\xa6\xde@\xdf-\x9b\xa9?O\x9e\x17\xe4\
\xa5A\x0a\xa8\xea\x1c\xe7,\xedVB\x96H*C8\
)\x9c\xa07r\xec\xe6\x96\x9b[\x83O\x81\x985\xfc\
Y\xe3\x9fu\x00\x93\xe8o\xb6\xff_s\xd0\x11\x84?\
K5\x1c\x96\xaeZMd\xbc\x94y\x1e:\xdf\xe5\x99\
\x97\xee\xf0\x95g\xef\xb0\xd4\x8e\x19\x8e\x0cQ\x9c\xb2\xb1\
=&M\x0d\xc3\x91 \x8e\x04\xa7\xd6;\xd4\xc6\x87\xa1\
7\x11q}\xdbqvm\xc8Z\xa6\x1f\xbd=\xf6/\
r\xefb\xe0\xe4}i\xe6\xf7\xbb\x8f\xea\x00\xfcTQ\
\xd7\xc3w\xec\x10\x16\x01\x7f\xa6#\x00\x0d(S\xe4\x17\
\xee\xf46q\x1eFyEo\xfb6\xd6\x1a\xearL\
9\xdajx\x1f\x15BF\xe8\xb8\x8d\xb15\xae\x1c\xa1\
\xe3\x0eB)\xf2a\x9f2\xef\xb3\xd6==\xd1r0\
\xdc\xad\xe5\xcc\xab\x05\xbc&\x1c\xc0\xf4\x8d\x9c\xed\x04\xec\
y\x9a(V;\xa7\xce\x9c\xef^\xbb\xfc\x02\xbd\xdb/\
\xa0\x97.\xa1\x95\xc7{A\xdaY\xe7\xce\x95?\xe2\xb6\
)X=~\x81\xbe\xf4$\xed\xe3\xac\xaf$\x5c8{\
\x9c\x1b\xb7\xee\xb0\xd4:Nw\xfd\xfc\xb4$\xd4l\x8e\
7\xf9\xff\xdf\xeb\x14\xe0^\xd3~G\xd5\xf7KO-\
%\x8f\xdd\x7f\x5cK\xeb \xd1\x8e,\x0e\x12]\xd6\x05\
i\xaf\x00\xa8\x92\x8cK\xcb8/I\x22IQ\x9a=\
\xd6\xddq>BHEoPR[Ae\xc0:\x8f\
T\x11\xe3\xa2\xe6\xf9\xdb\xc5\x0d\xaf\xc4\x80\xa3\x1b\xff,\
\x19\xc8$\xff\x9fl\xa8\xfdF?\xf3\xf3\x03+\xaf\xac\
i\xfd`\xecsN-;\xaa\x0b\xab|\xe1k\xafp\
\xfd\xe6&\xc7\xd6V8ub\x95\x9d^\xce\x9d\xed!\
\x91tt;\x19Y\x12\xb1\xb6\x9c0\xce\xa1\xdb\x12X\
\xa7\xf8\xf6\x0d\xcf\xa5\x93.R\xde\xadY\xa1f\x8b\x81\
\xb3\x8e\xa0n\xee\xf9,\x97\xe1\xc2j\xf7!\xfb{\xfa\
\xff\xf1K\x9f\xfc/\x80\xd7\xee\x08f\xf2\xff\xd9(q\
6\xbd\xd5\xfd\xe1\xf0XUZnol\xb1\xbbu\x13\
-j\xf2\xa2\xa6\xccG\xb8:GFm&\xc2\xad\xe1\
\x1dZ\xf0\x02\xef*L\xed\x18\x8fF\x0c\xb6\xae\xf2\xc0\
\xfd\xe7\xb6\xb8\xcb\xe70\xb9\x8e,\xb1wX\x04p\xa0\
\xf2?{\x19\xe2\xebya.$\x9d\x93\xdc\xbe\xfe\x12\
k+\x09i\x9a\xb2u\xfd\x19\x1c\x8a8N\x19\xef\xde\
\xc0\xd6\x05\xc7N]\x22q%E\xa9\xa8\x0d\xa4I\xc4\
K/\xbf\x8aH\x97\x84-\x06\xf7\xa9\xb4\xdb\x9b\xb9Y\
\x8b\x00A\xdf\x8b\xd3\x7f\xf2`\xef\x15\xfa\xcf+\xfc\xed\
;\xfd?\xf0\xd0\xfa\xd9\xa5\x8c\x86\x9a;4\xf8\xadk\
\x0a\xa56\x00\xaa\x8a\xca }\x1d\x90}5\xd4f\xc2\
\xbd\xaf)+\xc3No\x97Q^\xa1\xa4D)A\xab\
\xd5aiIS\xa2\xadS|\x81\xfdE\xbf\xd9\xaa\xff\
4\x09\xc8\xf4\xc6\x99\x18>\xcd\xeb\xb4HH\xb5\xe8\xb2\
\xde\xbf0\xa8\xe5\x03+Z\x8a\xb22tR\xc5\xc9\x13\
k\x5c\xb9\xee\xd8\xe9\x85\x0e\x86P\x09\x91\x0c\xd4VE\
Y\xd1\x1fUh\x1dt\x22\xc7\xa5\xa2\x9d\x84[{m\
\xd3\x12e\xf2\x09\xeb\xb93s?\xa7\x1d\xc14\x81\xc9\
\xb4\xb1O\xa2\x97y\x0e`\xde@\xcc\xa2k\xf2\xdc_\
o40\x8bc\x99\xe7\x04\xf4\xb82\xed\xdb\xb7nP\
\x15c\xb4V\xd4e\x89\xa9F(a\x90\xd92\x88\x08\
c\xaa\x80\x0a\xb4%R\xca \xf3^\x95\xd4\xd5\x98r\
\xdc\xc3\xbb\x9a3\xe7/\xbc\xca\xc1\xc2\xdf\xbc6\xe0k\
\xae\x01L\xdf\xacYG`\x00\xd3ZZ\xfd\xf6\xe6\x0b\
\xdf\xfc\xb0\xb5\x8e8\xedr\xfb\x85O\x91\xb5Wp\xb2\
\x8d)\xb7\xc9\xda\xcb\xd4v\x97|\xe7U\x06\xd9\x12\xa8\
\x16\xe5h\x9b\xb2\x18\x221\xd4\xe5\x88\xdb7.s\xf2\
#\x0f\xbf\xb3\x9dv\xbf\x05\x0bS\x81\xe9(\xe0\xbb\xed\
\x04\x0e\x03s,\xca\xfd\xe7\xc2~\xdf\x7f\xdf\xb1\x0f\x9d\
Y\xbd\xfb\x8b]sw+\x13\xe6&\x8a\x0a\x06\xc3\x11\
Um\x885\x8c\x0a\xc7\xc6\xe6.\xe3\xd1\x90$Vt\
\xda-\xa4\x8a\xc9\xd2\x08\x89\xa5\xb6\xa0u\x84u\x9eA\
n\xb9r\xa7\xf8\x12\xe2@\xde?{\xf2\xcf\xb2\x00M\
\x13\x82N\xf2\x7f\xc3\xdd\x1c{6\x128\xf0{\xb6F\
f\xbb\xdb\x95\xc7j\x17\x91\x97\x86\x95nBy|\x95\
k7\xb7\xb9zc\x93Nw\x85\xf5\x95\x84\xb22\x94\
Up\x02\xbd\xa1fu)\x80\x95\xf2\x0a\x96Z\x92\xc2\
D\x14\xd6t\x90\xfb\xee\xe7\xf4}\x9d\xe6.\x98%1\
\x9dV\x14^\xd4\x11\x98\x17\xd5\xce\xbeN\xbeO\xbc\x0e\
'0\xafH<\xbd\xa7\xf7\xea\x18\xf9\xd8F\xce\x06\xac\
\xbf\xf2\x0a\xe7\x15\x91\x97\xd4M\xfe_W}\xbc\xb3\xe4\
\x83;\xd4U\x8e\x10 }\x8d\xd0\x19\xe0\x91\xbe\xa6\xd3\
\xedr\xee\xc2\xc3\xcf\xb0\xb8\x060\x0f\x04\xb4o\x1dF\
%|X'\xc0\x00&m\xad]o\xb7c?\x1c\xf4\
\xf0\x22\xa2r\x09\x1b\xb7\xae\xd2\xdf\xb9\xcd\xa0\xb7M1\
\xda&IR\xb2\xf6\x12y\xef\x06\xd5h\x03!<\xbd\
\xcd\xab8ki-\x9d\x22J\x97\xe9\xf5\x07\xe7fn\
\xd4l\xa5w\xdf|\xc0\xcc\xc0\xc5\x9b\xb6\xee!\xf01\
\x9d\xf7\xdf\x8b\xe57\xf5\x88\xf6\xc5\x13i+\x84\xecA\
n{\x5czz\xa3\x9a\xd1\xb8b\x94\x97\xec\xf6\x87\xe4\
\xe3\x11\xf9x\xc8`TR\xe49ZX$\x96\xad^\
\xc5\xb0\xbfCU\x8ehe)K+k,--\xb1\
\xb4\xb4D+K\xb9\xb1\x9b\x1b+\xfcu\x0e\x86\xfeG\
9\xfd\xe7Ex\xd3\xc6?\xb9\xf6a\x01&\x97\x15\xe2\
\x1b\xb9\x09\x8fG+\x88#\xc5J7fe)\xa5\xcc\
\x87\xecn^es\xbb\x8f\xf5\xa1V\xb1\xd3\xaf\xd8\xee\
\x8d\xe9\x8d,\xb1\x0eB\xb1\xc6:\x96RK\x8c\x12\xc6\
q\x89\x83\xb5\x94\xe9\xc8j\xf6J\x98\x1f1L\x7f}\
/\x01\x92\xd9\xf6\xf3\xe4\xb9\x1fu-D\xfc\xb1\xff\xb0\
\xd0\xbd\xdd;\xf7\x97F\x8aV\xbb\x8bN\xda\x81N\xcd\
9\xearL]\x0e\xa8\x8b\x1e\xe3\xfe\x06\x83\xad\xcbT\
\xe3\xed \x03n\x0a\xbc\x08\xa2;R\x08\xea\xbade\
\xa9c\xd3Vw\x87\xf9\xed\xbf\x89\xbd\xc2\x11\x09A\x98\
\xfa\xe6\xd9V\xe0\xe4\x97\xcd\xf6\x1a\xeb$\x8d+\xa5T\
b\xaa\x11K\xeb\x17\xd9\xb5\x86zt\x8b\xac\xd5\xc6\x9b\
>ZZ\x9c\x10\xb8b\x97b\xeb9\xb4\xb8\x1fl\xc9\
p\xf7&Q\x9c\xb0v\xfc4\xb76^]:s\xf1\
\x00\x0b\xccl\x140\xb9\xb9\xaf\x8b\xfb\xec\xb5\xae#\x08\
|\x1c\xf5\xf4O\x81\xf4\xd1s\xc7\x9fj%P\xd5\x0e\
)e8\xf5\x8d\xa1\xac\xc3\x10\x8d1\x86q^RU\
\x15\xf9x\xcc(\xafhe)\xddn\x9b\xd5\xe56\xa3\
\xf1\x98^\xaf\xcfpT\x10'm\xa2$eii\x19\
\xe7%\xbb\xe3\x9a~]}\x8d\xc3\x0d\x7f\x9e\xf1O;\
\xf5\xc9&\x9e\x80kf\x9d\xc0\xe4g\xa7\x9d@\x09T\
\x027.\x9c3-mu\x9aD\x1c\x97\xa1\xda\xbf\xdb\
\x1b\x11e+T\xa3;\xf4\xb7o2\x1euI[K\
\xf8$H\x95o\xee\x84v\xd7\xa9\xf56I\x14\x04N\
\xdb\xda36\xe2\x11\xf0/\xcf\xb9\xa7\x93\xf709\xb1\
\xa7\x81X\xd3\x0cF\xf3\xa0\xaf\xf7Jk'\xcfxZ\
 \xe5Hm\xc5#\xe4\xff\xfb\xf4 \xfb\xfd\xed\xf7\xe0\
\x15Rk\x8a^\x9fQ\xef6u\x95SW9e>\
\xc0\x99\x12\xd9\xc8\x80I\x1d3\x819L\xd8\x82\x04\x0e\
!\x14+\xeb'F\x1cn\xfc\xf7\x14\xdb}-\xe3\xc0\
\x07\xb0\x00\x80UR\xf6;+'\x8fo\xde\xbe\x86+\
n\x10e\xab\xd8z\x8c\x13\x09\x08\xcf\xa0\xbf\x8d\x8a\xda\
Xk\xe9\xf5\x87\x94\xe53\xac\x9e\xbc\x9f\x22\x1f1\xde\
\xb9\x82\x17\x8a~o01\xfai\xe3\x9f|=}C\
'7y\xee\x87y\x13\xd6l\xde?y\x9d\xd7\xf3_\
8\xef\xbf\xdc\x8a\xce|\xf0\xfe(\xc9b\x00\xc9\xce\xc0\
0\x1a\xe7\x14eE^\x18\xea\xba&\xd2\xcd4eQ\
SV\x15W\xb7\x15+\xe9\x10!\x04\xcb\xcb]\xba\xdd\
e\x94N\x19\x8dF\x94U\x85N\xda\xe8(F \xb8\
r}\xdcw\x9eW`a\xf8?{\xfa/:)&\
\x9fw6\x0aX\x94\x06\xecE\x03\xc3\xca];\xb1\x12\
\xddglM\x81\xa3\xb6\x9ac+-\xac\x17l\xee\xa4\
\x0c\xb6.3\xda\xbcL\x91uX?u\x1f6\xd2T\
e\xce\xed\xcd\x8a\xb22\x9c?\xd9A\xb54\x91\xb0\x1c\
O\x93x\xa7\xf2]\xee\xce\x1fL\x1b\xff\xf4\xfb\x9d<\
\x8fY\x87v\x18\xa5\xdd\xbe\xfd\xcb]X\xf1d\x1cz\
zM\x84H\x8e\x9a\x0a\xcc\x03\xfcD\xb3\xd7h\x5c\x9c\
w\x0eF\xc3>\xc3\x9dk\x982P\xe79\x11\xa1\xa4\
D\xc6\x19J\xb6hw\x15UU\xe0\xac\xc1\x98\xba\x91\
\xde\x93 c\x84\xacX];y\x93\xfdQ\xdal\xf8\
\x7fO>\x80E)\xc0\xa2I\xc0\x03\x11@\x94d\x97\
G\xa3\x11B\xc5\xec\xde\xb9L1\xb8\x0d\xba\xc3\xf6\xd6\
\x06\xe3\xc2P[IQ\xe4\xe8(Ak\x85\xa9K\x86\
[\xaf\xe2LI\x7f0\xa0\xaeJ\x06\xc3\x92k\xaf<\
\xf7\xfe)\xa3\x9a\x06|\xccC\x7f\xbd\xa9i\xc0!\x02\
\x1f\xd3)\xcal\xafzn\xe8\x0f\xa4\x1fx`\xf5\xd1\
\xacQn\xf3\xbe\x19\xb9\xd31J\xc7\x81\xec!\xd1$\
q\x8c\x92\x01N\x9d\xa5)\x0f\x9et\x1c[\x8a\xa8\xaa\
\x92\xdd\xdd\x1e\xa3qA\x9c$\x1c?q\x82\xa5\xa5\x15\
\xa4T\x94\x95\xe1f\xdf\xb2=\x18\xfe.\x8bO\xff\xd9\
\x9e\xffl\xe8\xef\x16\x5c\xd3\xcf|Q1p\xef\xf7\xd6\
\xe8o\x97>\xf2+\x1dE\x12\x81u\x8e$\xd6\xact\
\x22N\xac&\xa4\xade\x94\xd2x[\xb3}\xe7:\xbd\
^\x8fqaQJc\x8c\xe1\xe6\x9d>\xc6z\x92H\
\xb2\x12\x1b\x22W\xbe\x87\x83s\x14\x93\xab=\xe7\xeaL\
]\xd3\xff\xaf=\xf3\xb3\xd3i\xc4\xbc\x91\xe3\xd7CH\
s\x94.\xd1^t[T>S:&\x1f\xf5\xd1Q\
B\x9cuI;kDq\x86R\x22\x88\xc0\x08\x89\x8a\
;D\xe9\x12Q\x9c\x11\xc5\x19:JH\xd26:J\
QQ\x9bc'\xce>\xcf~Z\xf7EE\xc0\xd7\x94\
\x02L\xafym\xc0}\x8e\xe0\xe4\xc9s_x\xee\xa5\
\xdbO\x0a\xa1h-\x9f\x22\x1fn\xa3\x12\x0dB1\xee\
o\xa0\xe3\x8c2\x1f\xe2\x9c%k\xaf\xa2\xd3.\xae\xde\
b\xdc\xdf\xa0\xbdz\x9eb\xdc\xa7\xd3N\x18\xf5n\xbd\
\x0b\x1e\xf9\x83\xd9\x9b5\xf5P\xa6\x0b=o\xf6\x9a\xc7\
Op\xaf\xdc\x7f\xee\xe9\x7fr\xa5\xf5\xe8\xa5\x13\x81\xbb\
\xab6\xa1\xaa\x1fh\x9f\xaa\xa0\xd2\xab\x82\x14tm\x00\
\xe1\x88#\x8fV)Q\xd2j\x9e\x80\xa5,+F\xe3\
\x1c\xe3\x04\x9dNL\x9a\xc6 \x830\xc4\xe5\xdb\x9b\xd7\
ym\x80\x9f\xc3z\xc4\xb0\xa0\xe0\xcbA'p\xa0\x18\
\xb8\xd1\xaf\x87\xf7\xad\xaa\xee\xa9\xb5\x84c\x9d\x82;\xdd\
\x98\x9d\x81\xa47T\xb4\xb3\x84\xad\xddc\xe4\xf9\x98~\
o\x97Ao\x13)%\xcb\xdd\x0c)\x05i\x12Q\x94\
\x16\x93\x0a\xb2\xc8s\xa2\x9b\xac]\x1f\xed\xdd\xdbi\xa7\
5}\xfaO\x1c\xf1\xb4\x01\xcc\x9e|\x93?\xcf:\xb4\
\x8a\xbb`\xa7ic\x9f\xed\x18\x08X\x1c\x05L\x1dD\
\xf7*\xfcE@t\xfb\xe6+\x1f*+)\x06\xbb\x9b\
\x81\xed'\xca\x10\xa2B\xa8\x14!\xfb(\x19\xa6+'\
\x07\x84(5\x85\xa9\x88\x22\xb0\x8d\x02\xb3q5\x9d\xe5\
\x15\x7f\xdf\x83\xef|\x9a\x83-\xc0\xe9\xee\xc8\xeb\xaa\x01\
L\x7f\xf8Y \xd0dc\xec\x85\x1cY\xab\xbd\xddN\
\xa5\xb9\xd3+\xb4T\x11*J\xa9\x8a\x11Ik\x95b\
x\x07S\x8d\x89\xa2\x88r\xdcC\x08E\xd2Z&m\
_D\xd8\x11U\xbe\xcb\xea\xfaY\x14\x05\xa3\xf1h}\
\xc6\xb0&7m\xba\x7f:\xeb\x99\xdf\xf04\xe0\x08\xb3\
\xfe\xb3,\xbf\x0b\x0b\x7f@\xfa\xe8\xd9\xe5sy\x05\xd6\
z\x06cCY\x96H\x11\x98}'\x1a\xf0Ee\x19\
\x8d\x0b\xaa\xda\xd0Jc\x94\xd4\xc4R\x82P\x08\xe1\x89\
\xe2\x94\xa2\xac\x19\xe5\x15\xd6\x8f\xe9t5\xed\x96b\xa3\
_\xfa^n\xbe\xc8\xe2)\xbfE\x85\xbfy\xc62\xfd\
\xdc\x8f\xea\x04\xf6]#\xaf\x9f\x1b\x1b\xf1d'vd\
\xad\x0e\x172\xc7\x99c5\xaf\xdcR8?f\xa9\xbd\
\x8c1\x1d\xfa\xe3c\x5c\xbez\x8b\xaa*\xb9q\xeb\x0e\
\xedVF\xe7\xe2:\xceY\xac\x95\xe4%,\xa7\x88\x9b\
#w\xd1!_\xe2\xde\xc6?\x9d\x1a\xcc\x0b\x7f\xe7\x19\
\xbfn\xee\xcd\x22\x09\xa5yi\xc4a\xeb0\x80\xd8^\
d\xdb\xef\xf5\xde=\x1e\xe6\x94\xc5\x10KD1\xdeF\
I\x89\xb1\x16k\x02\xe9\xa7\x10\x02\xa5\x13t\x14c\xad\
'\xeb\xac\x115\xd1\xb3\xad\xc7H\xe1Y[_\xcf\x95\
R\x13\x18\xf7\xac\x83\xbc'\x02p\xb2\x0ek\x03N\x0a\
\x81\xd37\xf5@\x0a\x00\xd4\x9dV\xb4}\xcb\x9a\x13\xc6\
:\xbc\x88pu\x8f\xa2\xe8\xa1\xe2\x0e\xa6\xeccM\x85\
s\x9e\xf1p\x1bg+\x84\x10\xc4I\x8b\xba*\xe8\xed\
n\xe3\x9c\xa3*G\xfa\xbe\xcd[\x17\xd6\xd6O\x0d9\
\x88\xfa\x9aW\xad\xb5o\x12*\xf0^$\x9fG.\xfc\
\x9d=\xbe\xf2\xde\x13])\x8c\x0d\x0e \xc8i;j\
k\xb1\xd6RUC\xea\xba\xa6\xac-\xce\x1a\xbc\xb3\x0c\
\xea\x12\xa5\x14\xad,!\x8a%\x1e\x89\x8e\x14-\x15\x93\
\xa6\x8e\xbc\x0a\xb4a\xa5\xadx\xee\xfa\xce\xf3\xdc\xfb\xf4\
_\x94\xfb\xdf\x8b8rQ*0/\x02\x98\x14\x037\
\xc6>\xb5\xb1)\xd5(\xafI#G\x1ciN\x1f\x0b\
\x83N\xc6G\x14\x95c\x94W\xac-\xb7\xe8\x0d\x0b.\
_\xdf\xa6,Kn\xdd\xe9S\x1b\xc7\x99c\xab,\xb5\
<\x0e\xc7R\xa2\x1f\xd8-\xddu\xf6\x9fjp7\x12\
\x9b\xfd\x5c\xb3\xc6?\xbbw\xeb\x99\xf7>\xd9O,\xf8\
\xfc\xd3\x0e\xe4@\xfb\xb99\xfd\x8f\xca\x0d\x11\x03\xf1\xe6\
\xeexu\xd0\xdb\xc6YC\x91\x8f\xb1\xc6`\x9c\xc1\x9a\
2\x88}b\x10BR\x95c\xcabD\x1cE\xc4i\
\x8a\x14Ad\xc5\x9a\x88|,8\x7f\xfe\xfce\x16w\
sf\xe1\xfb\xb0\xc0\x11\xbc\x96\x14`a{hum\
\xedi\xa57~\xc2\xd4!\x84\x89#Aa,\xb6\xce\
\xf1H\x8a|\x1c<\x9b\x94\xd8j\x8c\xad\x0b\xd2\xeeI\
\x92\xacK\xd9\xdbB\x10\xe4\xad\xaf]y\xe1\xc7\xd6\xd6\
O\xbd\xc8\xe2v\xcd\x9b\x9a\x06\xbc\x81\x02\x1f\x99\x92\xb4\
\xdfw\xa1}L\x0a(kG]U\xe4E\x15D5\
\x8b\x9a\xdd\xdd]\x02\x1d\xb4\xa2\x9d*\xb2,\x03\x22\xaa\
2\xb0\xbf\x96\x95\x09m\x1f\x1d\xda>q\x1cd\xd5\xda\
\x1d\x85G\xf0\xf4\xf5\xbc(\xad{\x9a\xa3\xe5\xfe\xf3\xf2\
\xfeE\x05\xa2\xd7\x1d\x01\x00U\x7fln\xdfw\xb6}\
f4.\xd8\xed\x0f\x19\x8e\xc7\xa4\x89\xa6\xd3Nq^\
\x91&\x10i\xc5\xa9\xf5\x0e\xeb\xad1\xa7\x7fz\x8d\xde\
\x18~\xed\xf7\xb7\xb8\xb3=\xe2\xfaV\x87cK)\xdd\
v\xcaI\xa9\xe3\x9d\x8d\xbc-\x82\xa4\xf4t\xcf\xff\xb0\
\xd3\x7f6m\x9d\x8dZ\xcb\xe6\xdeL\xe7\xfb\xf3>\xfb\
\xf4\xef\xb8WG`Q\x8bx\x9a\x12>\xde\xde\xba\xfe\
\x8e\xcd\xdb\xdb\xb2*\x8b`\xf0\xa6\xc2{IY\x8c\xb1\
&\x08\xea*\xa5\x91Z\xe1L\x8d\xb3\x06%<B\x08\
\xbc\x1b\xe3\x85\xc2y\x89\xf3\x82\xfb\x1f~\xd7g\xd8\xdf\
\xa2\x9d.j\xceF\x00oH\x0a\xb0\xa80T_\xb8\
\xf8\xe0\x97^x\xf1\xca'\x5c=\x12eQ`]@\
\xbaUE\x0f\xe7%:\x8a0U\x81G`\x9dc8\
\xd8\x05\x19\x13E\x11B*\x94\x0c:\xf3\xb7o\xdd>\
\xcd]\xe3_\xc4\x0bWO\x19(\x9f\xfc\xe5_\xe1\x0d\
\x8c\x02\xee\x85\xf7?\xb2\xc0\xc7\xa9\xe5\xd6\xfb\x8d\x81\xcd\
\xc2\x06\xaew[a\xadC\x0a\xc8\x12E\xddJH\xa3\
@\x9d>\x1c\x1b\xac\x834\xcb\x88\xe2\x14\xa5B\xae\xa7\
\xb5\xc6#BH\xa8$R)\x94\x8a\xc8\x8d`s\xb0\
\xf5\x07\x1c\xdd\xf8\xe7\x9d\x92{N`\xb2\xa9\x1b\x18\xec\
\xbd\x0a\xc0\x87F\x01\x855\xdf\xaa\x88\xce,/i\x22\
e\xf1\xbe`\xa3\x0f\xc3\xc2\x10)\xc3\xb1\xe5\x84\x95\xac\
b\xa5\xe5\xc9\x12\xc5\x89\x13'\xe8\x965\xbf\xf8cp\
}Gqc\xcb\xf0\x95\x17*\xce\xad\x1b\xce\x9f\xec\xd2\
\x8e\xf5;\xc7U\xfd\xf5)C\x9b=\xfd\xe7\x9dz\x87\
\x9d\xfe\x05wS\xcb\xc9\xe9\x7f\x18\xff\x85\xe4\xde\xa9\xc0\
t\x97h^\xa18\x02\x92\x8d\xdb\x1b\xef\xab\xca\x11\xce\
\x06\xe5&\x87\xc6\xd49\xf8@\xff\xe5\x9c\x03\xa1\x08C\
b%B*\xca2\xc7\x99\x02gK\x84\x8c@(V\
\x97\x13\xb7v\xec\xe4m\xf6\xb7g'\xd7=\xd1\x7f\xd3\
\xeb\xb5h\x03.\x8c\x00\x84\x10e+\xf2\xd5\xaewI\
\x90-\x0aNU\xa8\x04\xe9\x833\x88\xd2(\x84\xff(\
\x84T\xd4\xd5\x98b\xdc'i-#u\x06~\xc4\x9d\
\x8d\x8d\xa4\x18\xf7N\xa5\xad\xe5\x01\xf3\x81\x1b\x13c\x9c\
\xed_\x7f\xc7\xeb5\x0a|\x1c\x8a\xf8S\x92\xe5\xfbO\
\xad\xb4\x9d\xf7\xc1\xf8}\xf0\xecJ\x86\xf9\x95H\x81V\
\x1d\xca2\x09*J\xe3\x1ck\x82\xdcv\x1cG\xe8(\
\x22\x8a4Q\x14\xe1}\xd0\x86\x93R\x11G\x9aX\x0b\
\xbey\xad7\xc4\xdbm\xbe\xb3\xb6\xdf\xa2\xcd\xb1\xa8g\
~X1p_g`cP\x96\x0f\xac'I\x96\xb5\
9u<\xe2\xccqK]\x95T\xc5\x10\xe3+\x8e\xad\
\xb4h\xa5\x11\xb5Sl\xec\x948\xe7X_[\xe6\xdc\
i\xcd`T\xb0\xdd\xcb\x89#E]\x97\x9cZ\xeet\
_\xbeS\xb7\xd8\xdf\xf3\x8f\xb9w\xe8?\xbbg'\xef\
u\xba\xbd\x0c\xf3#\x9ey\xbd\xf4}Q\xc0T\xf8\xbf\
\xa8\xef?\xd9\xbb{N`g\xa7w\x16hR\xe2\x00\
\xed5\xd5\x18\xef\xaaf\xfcWS\xd55\x92\x02)\x15\
X\x83\xd41\xc6\x09\x84\xcc\x10R`\xaa\x9c\xe3\xebg\
z\x1c<\xfdg\x07\x81\xeei\xfcp4y\xf0\xc3\xea\
\x00{\xad\xa5v\xa7\xb5\xd1\xef\xf7\xce\xe3\x0c8\x8b\x8a\
2<%um\x82\xe7rAD4N\x97\x902\xdc\
;!\x04\xceV(\xd5\xa1\xbbr\x82b\xdc\xe7\xe6\xe5\
\xe7?v\xe9\xb1\x0f\x5ca11\xe4t[\xee\x9eU\
\xce\xa3\xac\x05\x14\xdf\xf3r\xb9#\xb5\xfd\x8e\xaf\xac>\
\x11+B\x95W:\x8a\xd2\xe0p(\xe1\x90\xc2\x91\xd7\
 p\xc1\xd8\x9d'\x8d\x15\xb5\xb1X\xebPJa\x1a\
X\xb0\xd2\x928\xd2H\xa5\xc3`\x88\x90l\x0c\xbd\xbf\
\xbe=\xfcm^_\xdb\xef@\xe8?\x1d\xd2\xfe\xb3\x7f\
\xf0?M\xa6\xe3\x0e\x85\x80\xb3\xb8#P\x01\xd5\xce\xb0\
x^\x9c\x5cy\xd7\x89\xe5\x16Z\x18\xe2HR\x945\
\xc3\xe1\x90\xaa\xb6\x0cG9\xe3\xbc\xc2!\x9bhG\x05\
!\x0c\xa1\xe8\xb4\xdbt\xbb]\xb4\x12l\xecT\xd8\xb1\
\x15\xb1\xe0\x5c\xe5\xb9\xce~\x8e\xc2\xd9\xc1\x97\xd9\x94\xc6\
\x01V\xd8\xea\x82\x88\xd2w\x94.)5\xe5\xbf\x12\xb8\
>\x93!\x8c\xc5Q\xce\xb4\x13\x98\xe5\x1c\x98\xddo\xb3\
\xf3!\xf3\xbaDIU\x95K;\xfd*r^\x22u\
\x86\xb4\x8e2\x1f\x82\x0f\xd1\x9f\xf0\x06\xbc\x0c\xb5 \x0c\
\xa8\x08\x9dt\xf0B5\x83`\x1akj\xac\xa99q\
\xea\xdc\xb33\xcfw6\x12\x9a\x85\x01/\x5c\xf7\x82\x02\
O\xdf\xa4\x89\xf1\xcf\xed\x0d\x9f;w\xf6\x0f[\x9d\x15\
\xa28\x10Y\x1a\xeb\x10xp\x15\xa6.\x01\x88\xe3$\
Tz\x9d\xc0\x13\xf4\xce\x84P\xd4\xb5\x01\x19\x93\xb4\xd7\
\xb8|\xf5\xfa}\xec\xcf\xb1\x171\xc2L\xa7\x01o\x04\
&\xe0(\xb3\xfe\x87\xe5\xfeA\xe0#\x8e.>v\xa6\
\x15['\x82\xf3\x13\x82v\x1a\xd4p\xac\xad\xa9k\x83\
s\x06\xad\xc3\x89\x9e%\x8a(\x8a\x89\xe3\x84,\x8d\xc8\
\x12E\xb7\x9d\xa0U\x10W\xa9L`\xd3I\x93\x88X\
\xc1\xf3\xd7vor\x90\xe4\xf3^\xc6?\xb7\xed\xb7 \
\x9f=l\x14\xfc^\xed\xc0\x12\xa8\xf2\xda]\x1b\xd5\xc6\
\xb5b\xc8\x12Mm\x1cZz\x96\xbam\xda\xad\x8c(\
\xd2A\xb3\xc0{\xea\xda\xec\x09\xa0\x14e\x85k\x22\xc8\
\xbc\x12,/u8\xb6\x9c\xb1\xbe\x94\xaes\x17\x0b0\
\xe9\xefw\x81\xa5\xe6Z\x9e\xbe\x9c)\xee\x8fE\xf5\xd3\
g\x96\xd4\x9f\xbb\xb4\xde\xfd\xd1\xd3Q\xb9vL\x8dO\
\x0b3\xfe9\xf6\xe3\x05f\xb1\x01\x93C\xe70*r\
\xfe\xc2_\xf9+\xf3\xc4lfS\xc5\xe9\x03#~\xf1\
\xf9g\xff\x93\xb2\xa8C??i\xe3\xacAR\x03\xa0\
\x95\x02\xdd\x0e\xbd\x7f\xa5\x1a\xb0OH\x8f\x9d\xb3(\xa5\
\xd0:\xc2Y\xc3\xd2R\xcb_|\xe0\xf1/p\xd0\x01\
,*\x04\xbe\xee\x1a\xc0\xecf\x98\x9d\x05\x98\xde\x04\xf5\
\xb1\x93\x17\x9f^?\xf1\xe2\x9f\xd8\xbe\x83TQ\x86\xaa\
+jc\x88u\x81\xad\x03]\xb0\x97\x098\x8b\xb3%\
Jw\x9a\xb0'B\x98\x92*\xb7H\x9dp\xebN\x1e\
\x8d\xfa\xdbg\xdaKk#\xee\xd2Q\xe7\x1c\x8c\x02&\
\xdcu\xf7\xf4r\x87\xad\xd71\xeb\x7f(\xd9\xc7\x8f<\
\xbc\xfe\xf0\x99e\xa8\xac\xa7(\x1c\xe3q\x89\x13\x92\xd5\
\xa5\x16e\x153\x18\x8e\xa8\xeb\x0a\xe7\x14\x85)I\xe2\
\x884M\x83\x1a\x90\x0b\x0c@JI\xb2,\xa8\x01#\
\x14\xd6\x0b\x9c\x83W\xb7\x8d\xdd\x1c\x8e\xa7\xa7\xfd\xee\x85\
\xf7\x7f\xcd\x9bbN\x140\xef\x94\xbcg1\xf0\x95\xdb\
\xa3;gWVN\x0a\x02C\xb0s\x0e\xe7%JI\
\xee\xbfp\x8a\xb2\xb6!\x220\x82\xdaX\xca\xa2\x06\xa1\
\xa8\xea\x82,Mi\xb5R\xb4\xd6\xa4ID\xab\x95\xa9\
\x1b\xdf\xb8>\xa1\x90\x8f\x98S\xccL\x94XZ\xe9d\
\xe7\x96c\xdf\x12F\x8a\xdd\x91c\xb0[c\x93\x8aS\
\xab\x09\x0fvc\xael\xfaK\xaf\xf6\xe8\xf8\xbb\x15\xfd\
\xc9g\xaa\xe7\x5c\x93{7O\xadj\xba 9\x9b\xf7\
\xcfN\x87&@26\x9c_Z^\xc1\xa3\x18\x0c\xfa\
(\x1d\xe1\xa2\x0c\x15w\x11\xb2\xd1\x05\xa8F(\xe1\xd1\
I\x07\x1d%\xe0-i\x9a\x91\xb6W\xf1\x08\xaar\xcc\
\xfa\xf1\xe5Q\x9c\xb6z\x0b\x1c\xc0\x91\x8b\x7fGu\x00\
p\xd0\x09\xcc\x1b\x12\xa9\x80ju\xb9\xd5\xebm\xebU\
\xe7\x1cq\xd6E\xd65\xa6V\xa8F\xc9\xa2\x18\xf7\x01\
\x88\xe2\x84\xaa\x1c\x13'm\x94R \x04\x9eP\x0ct\
Q\xc2\x0b\xcf}\xe3g\xde\xfb\x81\x8f_a\xbfW\x9e\
\xad\xac\x9a)\x83u\xdfA1\xf0\xf5L\xfb\xcd\x0d\xfd\
\xcf\xac\xb6\x1e\xbd\xb0&\x84\x94\x9ev*\xf0\xad\x8c~\
\xaa\xd9\xed\x0d\x19\xe5%i,\xb9pf5PwY\
CU\xe6\x8d\xecW\x194\xe0T@\x06\x86)?M\
\x96&xD\xe0\xfb\x93\xf0\xf2\x8d\x9dg\xb8w\xcb\xef\
(m\xbf{A[\xefU\x07\xb8g1pkX<\
[ZN.\xa5\x92\xba\x0e\x9aw\xd2[\xa2HP\x1b\
\x83\xb5\x8eV\x96\x11;\x18\x8d\xc6\xa8,\xa2(M\x90\
\x92\x8b5Ue\xa8\xad K\x14\xabm\xc5\x89\xe5\xa5\
\xd3\x1b\xbd\xfe\x06\xfb#\x12\xdfM\xa3\x93g\xd6\xba\xcb\
\xe7Vc\x99\xc5\x02\xef-\xd6v\xd8\xee\x8dy\xfe\x86\
csX\xa25(\xedi\xc5\x89\x88(\x7f\xbaB\xfe\
\x16\xf3\x0f\xb2yi\xd3\xe4\x1eJ\xc0)\xa1\xa6\x8b\x82\
\xb3\xc5\xbf\xe9Hqo\x10\xe9\xc6\x8d\x97?\xec\x5c,\
\xd3N\x8b\xde\xd6\x0d\xbc\xad\x88\x92v\x10\xc9\xadC\x14\
 \x04\xc4I\x0b\x1d%x\x11\x02\xdc4k\xd3^:\
\x16\x10\x94\xdeQ\x15#\xd6\x8f\x9fze\xce\xfb\x9d\x07\
\xf0:\x92-\x1c\xc5\x01\xc0\xe1\x05\xa1\xbdMp\xf6\xdc\
\xf9O\xdd\xb8\xb5\xf3\xa7\x02G}\x85\x14\x1e\xa5\x13\x84\
\x0f\x12\xd7\xcb'\xeeG\xfa\x92a\x7f7\xa4\x0a\x18\xea\
*'\xc9\xbaH\x15\xa1\xa3\x14\x1dy\xae\xdd\xea\x9dy\
\x971-\xa5\xf5\x88\xfdX\xfb\x09A\xe5\xc4\xdb\xce\x0e\
\x7f\xbc\xa6u\x8fY\xff\xa3\xb2\xfc\xec9\x81\xb3k\xdd\
\xb3\xbd\x5c\x10I\x8b\xb1\x0ec\x05I$X[]\xa2\
\xae\x0dY\x22\x11@;U\x08\xa1\xa0\x93\x00!\xfc\xf5\
^P\xd6\x0e\xe7\xa1-<Z)<\x1e\xeb\x04+-\
x\xe1veFU\xf5\x1c\xf3\xfb\xfe\xf7:\xfdg+\
\xe4G\xd9\x1c\x8b\xea\x00G\x8a\x02\x04v\xb4\x9b[s\
rI\xe9Dk\x22\x1da\xad\xc1\xbaP\xfb\xc9\xe2\x90\
\xf6U\xb5#K\xc2\x06\x1f\x8d\xc6\x94e\x85\xc01\x1a\
\x8d\x88\x92\x0c)bD\x0c\xef\xbf\xd4N\xbf~\xb9\x5c\
\xed\x8dM\xb1\xd2I\xb3v\xd6\xcaZZ\xa9D\xd4\x08\
\x0c\xdeV\x8c\xf3\xd0e\x99h)\x9c^\xae\xe9f\x09\
\xa3q\xc5s\xd7JV\xda\x82\x13+\xc9\x99k\xbbu\
\x8b\x83u\xac\xd9I\xc7\xb9\x0c\xc4\x1e\xef<\x1e\xe7\xad\
\x90B\xcd\xb2B\xcfr\x1a\xa6@r\xfd\xfa\xc6\x87w\
\xb6\x06\x08\xdd\xa2*\xc3\xc0\x0fB\xa3\xe3\x16\xce\x05\x12\
P\x1dgtV\xcf\xe1\x9b\x1aZ\xda^&[:E\
\x94f\x08o\xa8\xf3\x1d\xda\xdd6\x8f\xbe\xeb\xa9\xdf\xe2\
\xde\xce\xea\xd0\x01\xa0\xe9u\x94\x14`\x1a\x104\x0f\x0d\
\xb8w\xd3N\x9d>\xf7\xad\x95\xd5W\xff\x04\xce\xeaq\
^\x00\x10\xa9\x84\xaa\xd4X\xd7CF\x1d\x84\xe8\xe0\xe8\
\xd3iw\x112\xc6ZK\xdaY'R\x1e\xbcA\xa9\
\x08c\x95\xb8\xfa\xca7~\xe1\xbe\x87\x9e\xf8\xa7p`\
\xdcs\xf2\x80fG\x85_O\x14p\xd4\xd3\x7f\xf20\
\x17\x9e\xfe\x17\x8e-?\xf1\xe0I-\xe2\x08\x9cS\x94\
\x95\xa7(r\xaa\xc2\x04\x12LoQJP\xd7\x96\xce\
\xd2\x1aq$\x91\xbeb\xa9\x13\x13\xe9\xd0\xfa\xd1J\x22\
\xc4\x84,\xe4\xee\x1a\xe4\xf0\xd5\x977\x7f\x87\xc5\xa1\xff\
a\xd3~\xd3\xa7\x02\xcc\x14\xfe\xe6\xad{\x14\x03\x17E\
\x80\x07\xd8\x82^\xba\xd9\xbf\xf2\xc8\xc9\xd5\xfbc-p\
\x1ej+\xa8\xad@K\x10\x08\x8a\xbc$\x1f\x0f\xf7>\
o\x96(\xb28b8\x0e\x1a\x09Jx\x04\x1e!\xe0\
\xf4\x8a\xe4\xf8\xd2\xb1nmE7nJx\xa3\x12\x8a\
ZR\x16\x9e\xa2\x0c\xcc\xb9UU#\xa5DK\xc7j\
[r\xacS1\xeah\xee\xf4\xc08\x01\x85\x15\xd2\xd9\
\x8f:\xa9~\x97\xbb\xb8\x80\xb2y\x8e\x05\x870\x10\x0b\
!\xa4\x10\x12!\x84\xf3\xf8\xc3\xa4\xe0\xf6\x0e\xad\xba\x1c\
\xaf\xde\xbc~;-\xf2q \xf5\x90\x19\xd6\x1a\x94\xf2\
\x08\x11\x91\xa4-\xb2\xce\x1a\xa3\xfe&\xe3\xc1\x16q\x92\
\x85\xc3QH\xf2\xc1&u\x11\x13)\x8f\x8eb\xce\x9d\
]\x19f\xadv\x7f\xce\xb3\x9e&H9R\xee?Y\
GM\x01&\xaf\xd3=\xd5i\xef\xb9\xe7EO\xacv\
\xae\xf7v\x86\x17\xa3$@\x17\xbd\xab\xd0:\xc6\xa5]\
\x8a\xfeu\x1c\x9a\x95\xf5\x0bD\x91\xa6(\x0at\x1ca\
\xea\x02%b\xb4\x8e\x88\x93\x14Q\x8e\xd9\xd9\xdey\xe8\
\xbe\xfd\xa7\xee\x22r\xc8Y\xdc\xf3\x91\xd6k\x9c\xf5?\
t\xda\x0fH\xef;\xd9^\x99Hw\xe7\xa5\xc7:O\
;\xd5T\x95\xa365eYR\x96\x15R\x866\xe8\
NUR\x16c\x96\x97\x96@\x84j\xff\xeaJ\x97v\
*\x02\x22L\x04\xb9(\x80o\x5c\x1e\xedV\xc6\xf7X\
\x1c\xfe\xdf\xeb\xf4\x7f-'\xff\xf4s\x9f\x87\x06]\x14\
\x01\x1eh\x09n\xf6\xc7\xcf_\xdfY\xb9\xd4\x8e\x85(\
*\x8b5e@;\x0eG\x18\x13@.\x91\xf2\x815\
:\x86Z\x04r\x13c=Y\x9a\xa1u\x00=U\xb5\
\xc5\xa7\x8a4\x12$Q \x101M\x03\xb8\x15C\x16\
\xa7\xf4\xfa\x817\xc1\xd8\xc0\x96\xdcN$\xa5\x95D\xa2\
\x22R\x82\xd3k\x9a\xda\xc2f\xcf\x93\xc4\xfatn\xfc\
d\xc2p\xf6\x80\x99\xd7z\xbe\xdby\xf2\xde\x07%/\
1o2\xf4\x00B\xf4\xd5\x97\x9f\xff\xe9\xdd\xad\xdb\xe0\
k\x84P8z\xa8d\x99\xf1\xe0\x0e\xde\xddF\xa8\x04\
\x1dw\xd0Q\xcap\xeb\x15\xba\xeb\x97h-\x9dD\xc7\
1\xc2\x1b\xe2$B)\x89H\xd69q\xcc~s\xe6\
^\x1f\xe6\xec\x8f\xf4\xac\xe5Q\xbeijC\xccn\x82\
\xe9\x0dP\x00\xe5}\xf7?\xf8\xbf\xea$\x0e\x12\xc7\xde\
\x11\xa7K$\xedc\xc4i\x87\xac\xb5\xd4L\xb2I\x8c\
u(\x1d\x05\xf4\x93p $R\xc5h\xadI\xb2\x0e\
\xd7o\x8d\xe2\xde\xf6\xf5\xc7\xd9\xdfs\x9fu\x04\xb3\xe3\
\xc2\xe2(\x1d\x81\xd71\xeb\x7fh\xdb\xef\xb1\xb3k\x1f\
9\xd1\x0d\x1bu\xa7_1\x1c\x8d\xd8\xd9\xd9e\xa77\
\xa4\xac*$\x8eV\x1a\xb1\xdcm\xd1n%\xc4\xb2\xe6\
\xd8r\xc2\x89\xf5\x95F\x01\xd8`L\xc5\xcd\xdb\xdb\xbc\
r\xbd\xcf\x95\xdb%7\xb6,wz\xf0\xf45x\xfa\
Z\xef3\xcc\xc7\xfb\xcf\x9e\xfe\xf3*\xff\x0b\xdb~\x87\
\xad\xe6\xfb\x8e\x02\x0a\x9a%\x0d\xdd\xf7~\xbe\xfej\x7f\
\xb43\xa8\x18\x8d\xc6\xf4\x07#v\xfbc\x94\xf0$\xda\
\x13\xeb\xa0\x11\x90&\x11:J\xb0N`\x9d@k\x1d\
f\x92\xad\x05o\xd1J\xecEF\xb2\xb9\x9c\xf3(a\
\xa9\x8de8\xaep\xd6\xa0u\xc0Id\xb1\xc4zE\
\x7f\xec\xd9\x19kF\xb9\x09\x7f/j\xce\x1e\xd3\xbc\xef\
\x5c&\x12a\xde3\xc7\xf0\x17*\x12\x0b\x84\x12\x08)\
\x84\x90R\x08\x09By\xfc\xf4^\x99G`\x92^\xbd\
\xb5\xfdP\xd2Z\xa2*s\x86\xbd;\x94\xc3;\xf4\xef\
\xbc\x84\xb5\x16\xe7%e>`\xb8{\x03\xefC\xb5\x7f\
\xf7\xd6sl]\xfb\x06\xf9`\xab\xe9\x189\x90)\xca\
\xde\xf6\xe7\xee{\xc7os\x10w1\x0f\xe8udG\
\x7f\x14\x070\xf9e\x87\x8d\x89\xee=\xfc$\xebl\xae\
-\xa9\x12<\xa6\xecS\x8d\xb7\x90Q\x9b\x95\x13\xf7\xb3\
~\xfe=\xc4K\xe7\x9a<h\x84wa(\x06\x19\xa3\
\xa3\x14\xa9\x22\xea\xaaDQ\xa1\xa3\x98W_\xfc\xd6'\
\xd8\x1fzO\xb7\x06\xe7\x85i\xc0\x91\xdb\x82\x8bf\xfd\
\x17\xf1\xfc\xcdm\xfbI\xa9N\x5c8\x96Fem\xa9\
j\x83\xb1\x16\xef\x1ci\xac\x88\xb4\xa2\xaa-\xc6\x86\x8d\
Z\xd5\x06c,yi\x19\x8c*\x8c\xb1$\xb1\xa2\x9d\
\x85\xf6_+\x0dr\xdf\xadT\x92\xc4\x12!\xe1\xb9\xab\
\xdb\xd7\x04~\xc8\xe1}\xff\xef\xa4\xedw\xafg\x7f\x14\
L\xc0\xe2b\xe0\xa0\xf7\xd5\xde\xa8\xc0y\x8f\x94\x92H\
\x81\x90\x1a!\xa3\xbdv\xe00\xaf)\xcb\x1a\xe7\x1c\xbe\
i\x0d\xf6\xfa\x03\x8a\xa2\x0cL\xc8U\xcd\xee\xb0b\x90\
;F\x05D*\x88fz\xef\xb0\xa6\x0eC2\xceQ\
U5EY\x82\xaf\xd1\xca\xd3m)\xd2(0([\
\x17F\x8d\xd3D#\xa5\xe4\xc4rz\x91\x83\x85\xe5y\
R\xe4\xfb\xb8)\x1bW\xa4\x84\xf0\xb3\x90\xdf\x03\x0e\xe0\
\x95\x97\x9e\xf9\xc4\xc6\x8d[\xb2\xc8G\x08\x19!\x95\xa2\
\xaa\x0du\xde\xa3\x18\xdc\xa2\xcew\xb1\xa6\xc2\x94C\xbc\
)\x88\x92\x0eI\xd6e\xdc\xbf\xc5\xe6\xd5\xaf3\xd8\xbe\
Bo\xfb&\x1b\xd7\x9f\xe7\xf8\x92\xdde\x8e\x83\xe5\xf0\
.\xcf\x1b\x92\x02L6\xc2\xe4u\x16\x0c4\x9b\x03V\
'\x8e\x1f{\xf6\xf6\xed\xfe{m\x94P\xd75\xd5\xc6\
\xf3\xac\x9e~\x8c\xce\xe9\xc7(\xea\x97\xa8\xab\x1c)\x05\
\xb6\xf6\x81-\xc8\x05Ik\xab\x04i\x9a\xe2\x9c'\x8a\
\x22._\xef/=0\xd89\xd9\xe9\xaeN6|\xd6\
l\xf8Yr\xc8}\x1d\x81\xc3>\xf8!\xb3\xfe\xf7R\
\xf7\x99\xcf\xf2\xbb\x9c<\xee]MQ\x84>\xb6\xf7`\
M\x89\xf0\x16!\x08\xf9\x9e\x0c#\xc0J\x0a<\x1e\xef\
=\xc68\xac\x0d}_\xa9\x08:\xf0\xad\x04\xa5\x04J\
)\x92Hp\xbb\xe7\xdc\xd6(\xff\x12\x8b\x07~\x0e\x9b\
\xf3?r/\xf8\x08\xcf~\x02\x89\x9d\x17\x01\x1eZ\x0c\
\xf4\xa8\xe1\xe6\xa86\x9d\xb4\xa5c\xe9\xf1\xd61.*\
\x94ph\xa5)\xcb\x12\x81\xa5\x12\x11\xc6Z\xa4\x10x\
 \xd2\x02!|#|j\xb1V\x13E]ZY\x88\
\x00\x8c\x13x\x04I\xacp\xde3\xceC\xfe\xafU\xb8\
\xa7y\x05I\xe4\x89\xd28T\xd0\x85\xc6y\xa8\xaa\x0a\
\xe3\x14+\xad$\xba\xbakfu\x06\xe6\xeaT\x0aP\
\x08\x94@X!D\xb3\x7f\x84\x12\x88Y^\x88i2\
\xd8\xf4\xb9\x17\xaf<\xe9l\x80\x81{\x1ff\xfc\xa5\x94\
X<\xa6*\xa8\x8b!Q\xb6L\x14g\x81\xecC(\
\xa2l\x858[\xc2\xd5\xf9]:0Ws\xf2\xf4\x07\
\x7f\x9f\xf9\x9d\x9e\xd9\xfc\xff\x0d\x8f\x00\xa6\xd7\x22|\xf5\
\xb4\x03(\xee{\xe0\xf1\x7f{\xe2\xecY\xdfY>\xc9\
\xb1\x93\x179v\xf2\x22\xe3\xdd\xab\x5c\x7f\xf6\xb7\xa9z\
\x97CkC\x0a\xbc\x19\xa2\x95o\xf4\xd1s0C\xbc\
\xabQQF\x92ft\xba+\xbc\xf4\xcc\x1f\xfeyf\
N]\x0e\x929Lc\xbb\x05\x87\xa7\x02\x8b \x9c\x87\
\xb1\xfc\xce=\xfd#\xe1\xef\xef\x08\x13]\xb9\xb1\xcd\x8d\
\xdb;\xf4z\xbb\x0c\x87C\xc6y\xc98/B\x9f\xbb\
,\xc9\x8b\x9a\xaa\x0a\x90`\x10H)\x88\xb4\x22\x8a4\
q\x1c5\x1bC!\xa4DH\x8d\x92\x82Q\x01\x9fz\
\xe6\xceW\xb8w\xcf\xff\x8dh\xfb\xcd]S?\xf3Z\
\xba\x01\x07\x8a\x81\xdbCs\xc5{\x8f\xf3\x82\xda)\xa4\
\x0c\xc5\xce\xbc\xa8\xf7\xf0\xefUU\x85\xe8O\x18b\xe5\
\x89\x14x\x17\xbaGq\xa4YYj\x13i\x89u\xe1\
\xcdD*\x80\x8c\xac\x97\x01h\xa4 K\x82\x1cym\
<\xde;\x1c\x92\xaa\x0e\xdc\x8b\xc6A^Z\xb4\xd6\xb4\
\xb2\x84\xd5\x96`5\x15\x1f\xe7`\xfdg\x914\x9d\x10\
B(@\x0a\xc4\xec\xe9\x7f\xa0F\xf4\xdc3_\xffc\
\xdb\xb7o+c,4m\xbd\xda8\x9c\xadq>\xc8\
\xbf\x09\x15c\xaa1U\xbe\x1b\x90\x9e\xde\x83\xcd\x031\
Lg\x9d(\xce(\xc7\xbb\xac\xae.\xd7'N\xdf\xff\
\x0d\x0eO\xf7^s\xf8\x0f\xaf-\x02\x98\xed\x06\x1c:\
\x22\xba\xd2\x8dog\xed\xc7N)j\xfa\x831\x1e\x18\
\xee\xdc\xa0\xf6A\xdb,k[\x9c\x89\xb1\xa6F\xfb\x92\
(i\x13G\x0a\xa5#\xd2X\xd0\xca2\xb4L\xd8\xd9\
\xbc\xd1)\xfb[\xe7\x93\xa5c\xd3\x11\xc0\xbc(`\x1a\
\x184\xf7&\x1ca\xd6\xff5\x9d\xfe\xc7\xbb\xad\xfb;\
i\xd0A\xc8\xf31\xfdq\x89\xf7%R)\xb4\x0cb\
\x99\x91\xb2tR\x87\x10\x9a\xb2\xaa\xc3\x00\x94\x08\xfdj\
\xe9A)\x15F\x84\x8d\x05a\x88\x22\x81@\xf2\xadk\
\xe3\xd1\xb80\x979\x9c\xde\xfb\x8dl\xfb\x1d\xf5\xd9\x1f\
\x15\x1a\xbc\x17\x05\x14\xc6\xbc0\xae\xb9\xbf\x1b\x87\x16\xa0\
\x94\x8a`\x02\x06\xefCgDIO$E\x03\x18\xa2\
I\x17d`OR\x92\xa2r8;\xa6\xddn!\x00\
\xe3<\xce\x89\x00\xb7V\x82(N\xb0FP\x95\x05i\
\x04\x9dLS\x19\x83\xb14pcH\xa3\x89\xf3\xf1H\
\xa98\xb9\xdcZ\xd9)F\x93\xfd0\xbb/\xee~-\
\x84\x0c\x13\x19BI!\x9b2\x84\x88<>\x11\x88\x89\
\xf1\xefS~\xde\xda\x1d\xbc3\xeb\xae\xd3\xdf\xbeI1\
\xdaF\x10R \xe7B\x11\xd8\x1b\x8f\xc0\xa1\xa2\x0ck\
j\xaa\xbcO\x94v\xd1i\xa7\xb9\xeb\x86(\xe9\xe0<\
\x9c>\x7f\xf1\x05\x16\x8fx\xcfR\xa4\xbf\xa6\x88\xef\xb5\
\x16\x01\x0f+\x04\xeeE\x00@q\xe1\xc2\x03\xbf\x16\xa5\
\x82(\xe9\x10\xc71\x9dN\x87\xac\xbdL\x1c'\xd8b\
\xb7!>P\xe1\xe4\xf3\x15\xc2\x8e\x10\xbeBS\x22|\
M$+\x22ii\xb7;lm<\xf7\x8b\xcc/\xc0\
\xcd\x16\x04\xf7Q\x88\xcf\x89\x02\xde\xb0Y\xffv\xac\x9f\
x\xe4t*\xb2T\xa3\x15\xe0-\xd6K,\x9a\xdd<\
\xe2\xce@R\x18\xcd\xa0\x8c\x19\x15\x8e\xda8\x8c\x13\x14\
E\x19\xda\x83U\x15z\xbe\xf8\xb0A\xf7t\x00\x05\xbd\
1<}\xb5\xf7i\xbe\xb3Y\xff#\xb7\xfd^\xc3\xb3\
?\x8c'\xe0\xd0b\xe0\xd6\xa8\xae\x22\xad\xc8\x92\x00\x81\
\x06\x1a\xe93\x81V\x02)\x04\xd6\x05Iy\xef\x9ba\
\xb2\xa6?\x98\x17\x15EY\x07gi\x0d\xa5\x09>)\
R\x904\xb5\x96V\x1ah\xd5:\xed\x8c\xa5n@\xd2\
)\xe1\x89U@\x22B`d\x9a\xdcw\xef,'\xba\
Rt\xb5\xff\x18\xfbS\xdc}\xf6!\x84\x90\xcd{\x91\
!\xfc\x17\x0a!f\x0b\x7f\xd3\xa1\x7f\xb6q\xf3\xf2\x13\
\xbb;c\xed\xbdC\xe9\x98(\x8a\xf1\xceb\xab\x11\xce\
\xd6H\x01:n#\xa3v\x88\x04\xa4\x02!1\xa6\xa6\
.\xc7\x81\x09HF\xd8zL\xab\x95\xf9\xa7~\xe4\xa7\
~\x9d\xc5\xe1\xfftk\xfe5G\x00\xaf5\x05\x98\xdc\
\xa4\xd9\xb9\x80\xc9\x03\xdf\xdb\x98Y\x96m\xae\xb7\xaa\xfe\
\xb0w\x07! MS\xda\xdd\x15\x22-\x89\xd2\xa0\x1d\
\x17k\xc8\xb2\x8c$Ii\xb52Z\xa9\x22\x91%\xc2\
\xe5\x0c\x87cv\xc6\x92\x92./\xde\xf0\xdd\xba\x1e\x1d\
g\xbe\x13\x98\xae\xdeN\xb3\x07\x03w\x0b\x82\xafc\xd6\
\xff\xb0\xb6_\xb2\x9a\xaa\xd5\xcd\x9d\x11\x9b\xdb}\xaeo\
\x0c\xd8\x1e\x0ab\x1d~\xa5u4\x10\xde\x10\x09\x84T\
\x11\xbc\xb3H)\x90R\x22\x9bT\xb2\xd9\xea8B\xf8\
\xaf\x95\xe0\x1bW\x07\xbdfh\xe5\xb5\x84\xfe\xdfi\xdb\
o\xee\x9aI\x03\x8e\xd2\x0d\x98K\x1azg\x90\xbfX\
\x1a\xd1\x84\xbf\xc1\xb8\xa5\x8a\x98\x04\x17B\x86\xff\xef=\
xo1u\x98\x9b\xb0\x0e\x8c\xb1\x94e\xc9(\xaf\x02\
!\xaa\x0c\xd8\x00\xebB\xe9G\xe9(@\x86\xb3(D\
\x02.\xd4^|Sx\xcc\x12I\x1aA\x1c\x85\x0e\x83\
R\x8a$\x0es\x18\xe7\x8fw.X\x11wX\x5cD\
k\xe61\x85\x10\xa0\x85\x10Z@\x84 nN\xff\xc9\
\x9e\xd8\x9b+x\xe5\xf2\xd5\x9f\xac\x8a!\xe5p\x13W\
\x0fQQ\x86J\x96Q\xc9r\xc0CT9\x02\x8b\x8e\
3\x94\x0a\xef9\xceV\x88\x93\x16\xb8\x8a\xaa\x08CB\
\xc6\xd4\x9c?w\xfa\xa6\xd6\xfa^\x1c\x0f\xd35\x80\xd7\
\xb4\x8e\x9a\x02L6\xc0\xe4\xf5\xb0:\xc0\xde\x1b\xed\xb6\
\xda\x9fY^\x89\x7f\xc1\x13\x91\x8f\x87\x98r\x88\xcc\x14\
\xa1\xbb\xa3\x83#\xf5\x1e\xe7e\x90B\xd2\x1a'\x1c\x95\
\x05D\x0b%2\xb2VF\xdc\x82\xcb\x97\x9f\xff\xdf<\
\xf8\xe0\xfb\xfe\xdf\xcc8\x9a97c\xdeX(\xbc6\
\xc8\xef\xa1=\xffT\x89\xf7/\xc7\x86\xfe \xa7_(\
\x8cU$\x91\xc4\x0bKi%Um\xa9\xaa\x1a!\xa0\
\x95\x84\xc1\x96\xa2\x86\xa5\xb4\x22\x8e\x14Q\x14\xa1\xb4\x06\
\xa9\x83t\xb6\xf7\xc8\xa6@t}\xc7\xfa\xab\x9b\xfd\x09\
\xc9\xe7l\xcb\xef\xb5\xf6\xfc\xdf\x88\xd3\x7f\xf6\xd9\x1f\xd5\
\x09\xecK\x05\xca\xda^\xde\x1e\x99\xc7\xce\xac\xc6BI\
\x87\x95`L\x85w`\xac\xc0{\x1f\xc2\x7f\x15\x1c\xa8\
V\xa2\xf94\x15\xc6\x81\xa8K\xbc\x8b\xb1&\xa2\xaa-\
R\x06)\xf48\x8a\xd0Ja\xad\x09\xae\xc4C\x14E\
h%\xb0M}\xc59\x8bG\xe2<x\x14\x91\x0e\x85\
B\xeb<Q\xacU-\xe2\x87\x95\xaf^b\x7f}\xc3\
O\x22\x10!\x04B\x08%\x84\xf4!\xff\x17\xb3\xc0\xb0\
I\xf8\xdf\xba~\xf5\xc5O\xf4\x07.\xa2qpR\xd5\
\x98&\xea\x90R\x90\xb6W1Q\x8a\xa9F\xd8r\x80\
\x8c2\xa4N\xc3\xb8\xb8\xd6\xf8$\xa48U\xdeC\xe0\
x\xf7\xfb?\xf4\x9b\xeco\xf7N\xaeC\xdb\xbdG}\
\xb0\xaf\xc5\x01Lo\x86\xe9M0\x1b\xfeM\xc2\xd6\x22\
\xed\xae\x7fe\xb9\xb8\xf2\x93V\xac$u\xd1'\x89#\
b\x99Q\xe7;\x8c\xeb\x12g\x0a\x84J@\xa6\x14E\
\x1e6\x82L\x91\x12:K\x11\xb1\x83\xac\xbdJU\xe6\
<\xf7\xe2\xd5\xe58~\xfe\xc3\x17.<\xfc\xa9\xe6\x86\
/\xc2\xbe\x1f8\x01\xff\xc2_\xf9+\xa2r%\xccO\
\x01f\xe7\xfd\xe7\xa5\x00{\x97\xa6>\xf1\xe0\x89\xe5\xe5\
L{$\x06%\x0d\xa5\x91xo\xd9\x1d\x81\xb1\x86n\
b)\x95`X\x84j\xb5t\xb0=\xd6\x8cJA+\
v\xac\xb6k\x8cSD\xa6&N$N\x08R-\x18\
\x97\x9e\xaf\xbf\xb2\xf3,\xfb\x8d~\xde\xb4\xdf\x22\xc7\xf7\
\x1d\x17\xfe\xe6\xad\x19d\xe0k\x01\x05\xedK\x036\x06\
\xe5\xc6}'Z'\x85\xf7T\x00\x04\xe8\xae\xd2\x1e\x5c\
\xf8\x08\xd6z\x84\x0c\x15\xfep\x82\x87\xc2\x9e\x94\xa1j\
\xa0\x94\x00\xef\x1bB\xd5\xc0\x92\x94*(\xeb\x00\xe5\x88\
\xa2(@\xaa\x9dB\xd8\x10)\x08\xa2\x10y\xa9\x88\xda\
\x0aDsP\xde\x1aZ^\xb8S]\xd1\xbe|\x86\x99\
|Z\x08\xe1\x01'B\x94&&\x18\x80f\xafL\xc3\
\xd3'\x0e\xa0\xe5\x9ck\xbf\xf8\xea\xad\x0f\x16E\x8eC\
\x13gKH\x1d\xe3\xe9#\xa5\xc6\x98\x0ag\xc3\xa8\xbc\
\x90\x1a\xef*\xa4\x0c\x12\x0cJEDI\x07\x1dgH\
\xe1)F\x92K\x97N\xef.\xaf\x9e\xbc\xcc\xcc\xc1\x0a\
\x0b[\xbe\xafy\xbd\x1e\x07\x00\xf3\xf3\xc0\xd94 \x07\
2!\xf4\x97\x9c+?Z\x14\xe3\x00\xdc\xf0\x1e\xd3\x90\
\x1f\x16e\x05Q\x8as%U\x99#\xe2eT\xa2\xd1\
z)\x14\x0bE\x8c\x95-n\xddz\x99\xed\x1b\xcf\xf1\
\x95\xedg?~\xe1\xcf?\xfcE\x0eo\x87\xccVD\
-\x80\x96\x910\xae\x86\xa3\xc1~\xe79\x80\x04HV\
Z\xe9\xbb\x13QSU\x01\x8c\x12kGi\x04\xc6+\
\xb4\xb2\xa4\xda\x12k8\xd3\x92\x08!0N2.j\
\xf2*p\xbake\x9bb\x90\xa1\xb61\xd2I\x94S\
\xd4\x16\xael\x0d\xeaQU\xce\x1b\xf8y\xc3\xa6\xfd\xbe\
\x835oL\xf8^d!\xfb\xae\xedQ\xf9\xf5\xb1\x91\
?\xbd\x92% $\x91\x968\xe70\xa6F\xa0\xb06\
T\xef\xa5\x14X\xeb\xd0Z\xa1u\xe8\x90H\x19j\xbc\
J\xe9p\xaa{\x81\xb5\x06\xa7\xc3}\x0ep\xeaP\xf9\
\x8ftH\xae\x8c\x138\xdf *EH\xb7*\xe3\xb9\
\xb6]\xd9\x9b\xdb\xc3\x9b\xb7\x07\xd5\xaf\x83\xefi\x18\xcc\
\xbb\xaf\xa2q\x04RH)E\x93\x06\x08b\xe1E,\
\x10\x89\x9f\xa1+\x7f\xe9\x85o\xfd\x927\x888N\xf0\
H\x8c\xb18,\x88\x08\xef\xeb\x00lr\x06|\xe0}\
@\xb7\xc2L\x08 T\x84V\x12\xad\xc2\xfc\xbfP1\
\xef\xfb\xc0G\xff\x7f,F{N\xef\xf7{1\x16-\
\x5c\xaf\xd5\x01L\xff\xf2i\x070\xfb\xe0'\x15\xfb\xfc\
\xd8\xfa\x99O]\xbe\xf2\xc2\x87\xd7\x96[\xba\xcakz\
\x95\xa5v\x11\xc6\xd5\x94.\xa3\x1a\x0c\xc0{\xaa2\xc7\
\xb9\xdd&$j\xd1W\x12\xef,/=\xf3y\x5c\x1d\
\x98\x85\xf3\xca\xaa\x97\x9e\xfd\xca\xcf<\xf0\xd8\x93\xff\x86\
{\xb7D\xf66\xab\x14\xd2[o\xe7\xa5\x00\x87\xcd\xfd\
\xcf\xb9\xc4\xfd\xeb\xa9\xd7UUaLMY\x83G\xe3\
\xbc\xa0\xaa\x1d\xb1\x864\xd2\xe4\xa5\xc5;C\x1ck\xa4\
\xf4\xc4-\xcfZ\x07\x8csx\xaf\x80\x80s\x90j\xd2\
\x02\x0ci\xc2\xabw\xfa_\x9b\x92\xf5>j\xe5\x7fn\
\xde\xff&\xe8\xdeO\x9e\xffa\x85\xc0\xd9\xe1\x9a\x03Q\
\xc0\xce\xb0\xa8N/gq\xa4\x9a\x92\x8d\xf7M\x8b\xd4\
\x86\x91q\x1f\xfe\x09)%JG\xe0m\xf3\x0f\x87A\
*!\xc3\xabR\x12\xad$\xceA^\xf9\x06%(C\
\xe1/\x06\x84\xc2\xb9 \xb6R\xd6\xb05\xf4\xdc\xda\x1e\
\x8con\xf7\xff\xa8W\x8ao\x03\xa3\xe6\x9a\x8e\xb0\x02\
\xb9\xa9\x105`\x84\x10N\x8a\xc9\x92\x22\xe4\xff\x22B\
\xec\xd3*h\x03-\xe7\xea\xa5Q^_\xd0QBe\
<\xdeWT\xe5\x18W\x8f\x03\xf3O]\x80\xabCZ\
 e\xa8\x85x\x1b\x00pR6\xa4/`\xeb1\xde\
{N\x9eX\xce\x97WO\xbe\xcaTD=g\xbf\x7f\
\xc75\x9f\xd7\x1b\x01L6\xc3\xa4\x0e0\xe1\xea\x9b@\
\x82'\x83\x15\x05P\xac\xb4Z\xbf=\x1c\xd7?;\xf6\
:\xb0\xe3z\xb0D\xe8H\xe2\xea\x11\xa3|\xcc\xa8\xbf\
\x8d\xad\xfa\xa1\xfa\xe9 \x8aS\x92v\xa0C\x8e\xe2\x14\
\x15e\x98\xba\xe4\xcb_\xf9\xc3'\x1ex\xec\xc9\xdf\xe6\
`\xbbi\x113\x8a\xf7x/\x91x!\xa5\xf3\xee\xb0\
:\xc0\x5c.\xf7\xc9\xff?\x96\x88\x07\x14\x81\xc0\xc2\xb8\
\x10\x92\x8e\x9b\xfc\x1e\x1f\xf0\xe9Fz\xd2XR\x1a\x8f\
\x8e\x02\xdb\x8d\xd4\x82\xa5N\x0aH\xfa\xa3\x10\xfc&I\
\xa0}\xf6\x22&\x8a4\xcf]\x1f\x8fK#^\xe6\xae\
\xe1\xdf\xcb\xf8\xe7\xe5\x80oX\xf1ov\xbdN\x9e\x80\
\x03\xc5\xc0\xeb;\xf9\xd5w\x9e\xcb\x1e\x88\xb4\xc0\xda\xc0\
\x81\x1f\xe9P\xb3\xd5\x12*\xe3\x10R#\x85\xd8#\x07\
\xf1\xde\xef\x01\x84\x82\xf1\x87\xb7a\x1cH\xe9\xd1R\x90\
F\x22\x14_\x11M\x81\x15F5\x5c\xdb\xb5\xf6\xc5\x1b\
\xfdW7\xfb\xe3\xaf\x85{\xb9\xcf\xc1N;\x811P\
\x0a!\x82\x13@X\x81p\x02\xe1Ep;J b\
\xe1E\xe2\xc5~\xe3\x07ZW^}\xf1\x7f\xeb|*\
\xac\x0brgu]\xe1M\x1e\xe6\x1f\x00\x15\xb5P\xda\
\x86\x07\xd3\xa40\x1e\x85w\x16\xa1\xe3\xd0\x09\x8a\xb2\xc0\
\x08\x5c\xec\xf2\xc4S\x1f\xf9\xe7\xec7\xfei\x07\xb0\xa8\
\xe3\xf3\x9a\xd7\xeb\xad\x01\xc0~t\xd8\xbc\xb9\x80\x9c\x86\
\xcccy\xfd\xec\x97\xf2\xab/\xfcT\x94\xb4U\xd6\xf1\
\x88x\x85\xb6W\xa4\xdd\xe3\xa4Y\x87\xdb\xb7\xaeS\xe5\
}\x84\x10\x8c\x87\xbb\x5cy\xe6S8[a\x8a]D\
\xd2!N\xbb\x08_#%\xe4\xa3\x5c|\xfe\xf7\x7f\xe3\
/}\xf8c?\xff\xff\xe1\xa0AL\xf3\xa2\xed\xe5\xaa\
M\x04\xe0'y\x9c\x0f}\xa6y\x02\x8e\xb3\x8e`\xef\
\xffKg\x1f=\x969Y[\xa8-\x18\x136\xabq\
\x92\xb2\xf2h\xadHU\x1d\xc2|-\xe9d\x0a\xad\x15\
I\x1c\x91\xa4i\xd8\xc0\xde\x92\xa6\xcd?-\x04Z\x07\
\x0c\xfc\xd6\xd0\xfa\x9b;\x83\xdf`\xbe\xf1\x1f&\xec\xf9\
f\xb5\xfd\x0e{\xf6\x8bj\x01\x87\xcd\xd7\xef9\x82\xed\
A\xfe\xdc\xd6\x88\x07\x8ew\xd8\xeb\xd5\x08\x19\xb6\xa1\x14\
\x8eT\xd1\x80}\x04\xae\x0e\xf0\x0e)\xd93j\xd9\xd4\
\xe3\x9d\x870\x9bC\xc3(\x14f\x05<\xb0\x9b\xe3\xaf\
m\x8eG\xcf\xdc\x18|s\x5c\x98\xabS\xff\xfe\xe4^\
N\xee\xef\xe4^\x8f\xf6\xee\xb5\xa7\x14\x82Z\x08\x8c\x10\
\xb2\x89\x00\xa4D\x88\x08D\xec\xef\x9e\xfe{\xaaD[\
\x1bW>\xb1=\x94\xed\xc1`\x17c\x0c\xa6\xae\xc0\xd5\
8$^D@\x8d\xf3\x1e\xe1\x035\xbc\x94a\xc8I\
7\x86\x8f\x08\xb5\x8b(mQ\xe49\xa7O,\x97'\
O\x9d\x7f\x95\xf9\xe1\xff\x222\xd4\xefz\x04\x00\x8b\x0b\
A\xd3E\x8b\x1c\xc8\xbaK\xed\xcf\x894\xfbhYY\
V:\x1d\x92\xce:y%\xd9\xde\xd9!j\x9d n\
\xad\xb3{\xfb9z[\xd7\xd0Q\xbc\x07\x900E\x8f\
\xa1)\x102\x22kw\x89\xa2\x98\x17^\xbcr\xf2\xdc\
\x85g?r\xfe\xd2c\x9f\x9a\xba!\xd3\xc4\x08\xd3\x02\
\x09\x1e\x84\x0dN \x1c\x11\x22\x0cr\x1c\xd6\x15\x98E\
\x82q\xb2\xc5\x03\x1aC\xe5\x14U\xed\xb1^a}\x00\
st2\x81 \xc0X\xd38\xe4\xa4\xc3\xc2\x93\xc5u\
\xa0?\x13\x16)B\xde\x97&\x09Q\xa4\xa9\x8d\xc7\x89\
P\x9cz\xf6z\xef\x05\xf6\x1b\xff\xf4u/\x92\xcf\xb9\
\x0c\xbfo\xc6j\xa2\x80{\x0d\x08-\xda\x07\x93\xaf\x93\
+w\xf2\xd1\x99\xe5\xacm\xa5\x04\x1b\xc0<\xde\xfb=\
6i)\x05\xde\x07*\xf4`\xf6Mj\xd0\xc0\xa9\xf7\
r\xfa\xa6\x95\xea\x1cl\x8e`\xa3o\xea\xcbw\xfa\xaf\
\xdc\xe9\xe5\xdfb\x7f\x848\xfd\xef/\xaa\xad\xe4B\x88\
\x5c\x84\x14\xc0\xc8`\xfc\x08!\xc5\xe4\xf4\x07\x9f\x82H\
\x05\x22\xf3>D\x00\xde\xbb\xee\x9d\x9d\xd1\x87\xb1!\xaa\
\x932\xec\x8f\xba\xae\x91\xa2D(Ie\x1c\xde\xd6\xf8\
f\xb4\xd9{\x8b\x94q(j\xc6m\xa28!\xd2\x92\
\xa2((\xc6[<\xfec?\xf1\x1b\xcc\x17z\x99\xae\
\xfe\xcfj%\xbc\xae\xf5\xba\x1c\xc0?\xf8{\x7f\xcb\x7f\
\xf2\x97\x7f\x05\xe6G\x01%!g\x9ex\xda\x14\x18\xb7\
\x97\xcf|j\xe7\xda\x8bO\x95\xb5Oj3`\xb7?\
fw{\x83\xed\xdb/S\x169\xc5h\x8b:\xef\x81\
\x8c\xd0\xe92\xce;\xa4RD\xe9\x1aH\x0d\xceP\xe6\
\xa3@\x95D\xcd\xe7>\xfd\xa9\x8f\xff\xd2\xa5\xc7\xbe\xc4\
\xc1S\xf1@-\xa0y\x8c\xce\x0b)\xbc\xf7\xd2\xe3\x85\
@\xc8\xc6\x09\xcc\xca\x8f\x1f\xd0\x84\x8bm\xfe\xa3\xedH\
\x0b!\x04i\x0c\x91\x96\xe4\x95c\xe4\x02OD\x125\
\xfd|!\x895xo(k\xc1\xa8\x14d>\xc0]\
\xbb\xed$\xe8\xff\xa9\xa8Q~\x91h\xa9\xb8\xb6S\xd9\
QY|\x89\xbb\xe1\xe8\xa2\xdc\xf4(\xb9\xff\x9bf\xfc\
Sk\x11[\xd0\xbd\xd2\x80=\x04\xe7\xabw\xfaO\xbf\
\xf7b\xf6\xa1n\x0aF\x06\x00\x90\x14\x04\xa6$7\x01\
\x025[K\x88\x06\xc8\xe3\xf1H\xa2\x861I\x88\x90\
\xdb\xdf\xecy\xaen\x0ezW6\x07\x13\xac\xfc<\x82\
\x8f\xe9\x7f\x7f\xee%\x10%!\x05\xa8\x05\xc24)\x80\
\x14H-\x02\x1fw, \x03\xb1/\xfc\xbf~\xe5\xa5\
\xbf\xec\x5c\x22T$\xf1\xb5\xa36\xa1>\xe4\x9cA*\
\x1d\xc22!\xf7\xf0\x07\x13\xbe\xbf(\xd2\x80h\xe6F\
*\xbcM\xa9\xc6\xdb<\xf2\xe0\x99\xddS\xe7\x1e\xfa:\
\x87\xcf|\x1c\x18\xf6\x9a\xb2\xc9\xd7\xb4\xbe\xd3\x08\x00\xe6\
G\x01{\xde\x9e\xa9T@x\xfd;\x1b7\xbe\xfd\xf3\
\x02\xc7\xb8\x7f\x87a\xef\x0e\xc8\x08[\xd7\xe0-q\xb6\
\x14*\xa7\xa6\x02\x1f\x80\x1cBj\x94PH\x15\x07\x88\
m\x14\x83\x90\xf4{\x9b\xf2k_\xfa\x9d?\xfb\xbe\xa7\
~\xe2\x1f\xb3?\x05\xd8g >\xd8DI\xc0r#\
\xbc\x90\x08/\xbc\xdfg\xe8\xb3\x88\xc1}'\x5c;\x8b\
\xcf\xd6\xc6\x12\xeb\x00\xe0Q2\x8c\xb3\x82\xa5\xa8\x02z\
-\xd6\x92v*\x89\x94G \x89#\x89\xf7\x8eHk\
\x84\x00\x87\xa6\xac=\xc2z\xb4\x0e\xe8\xc1\xb2\x86Wn\
n\xfe\x110\x9c\xbaf\x8d\x7f\xda\xf3\xbf\xe1x\xff\xd7\
\xb9\x8eB\x14\xb2\xc8\xf8\xe2\xb26\xd7\xae\xeeZ\xf3\xf0\
\x09\xa5k\x03\x95\x0d\x1c\x08\xd6\xba\x00\xfc\xb16\xe4\x19\
\x22\x0a\x94\xf2\xca\xe3\x9b\x19\x0a\xe7`wl\xd9\x1d\x8c\
\xeb\xeb\xdb\xa3W\xb7\xc6\xf6i\x0e\x1a\xfc\x22\x070\xef\
\xebJ\x08Q\x01\xa5@\xd4\x22D\x8bN\x0a\x89\x0c\x85\
?\x05$\x02R\x0f\xa9\x98\x12 \xb5u\xff}\x8f\xbc\
\xeb\xbd\xc7._\xe9s\xf5\xeau\x84\xca\xa8\xcd\x10\xa1\
\x02\xf2\xcf\xbb\x1a)\xc3\xcc\x87S\x12\xadc\x10\xa13\
!\x84G\x88\x00\x0b\x16\x18\xb0c\x90\x8a\xf7>\xf9\xd1\
\x7f\xce\xe2\xee\xcfl\xe7\xe7;~\xdeo\x94\x03XT\
\x0b\x98\xe4])\x90\x9f=\x7f\xdf\x97\xae^\xbd\xf2\xb1\
\x9b\xd7\xae\xb7\xa38\xa1\xb5t\x82\xe1\xb0\x8fse\xc8\
\xeb\x9cG\x0a\x871A1GG)\xd6TT\xe3]\
t\x9c\x91fmt\xd2\x01\xa1HZ\x86o\xfe\xd1\x1f\
\xdd\x7f\xe2\xe4\xb9'\xce^|\xe4K\xccw\x00V \
\x1c\x02'|S\xd4\x11Bz\x1f<\x81\xf0\x88\xa9;\
8\xb7\xc2\x9d\xd7\xfec]\xebD\x95\x0a(\x05Y<\
\x09SC\x8b\xaa\xa3<\xce{\xb2\xc8#\xb5\xc6\xfb&\
\x17\xf5\x1e\xa9$\x96p\x82\x15\xb5\xc0\x0b\xd0\xca\xd1\xce\
\x04\x9dL\xf1\x85\x97\xf3\xe1\xb0\xf2_f\xbf\xf1\xcf\xad\
Ls8\xf7\xdbw\xeb\xf4\x7f-lA\xf3R\xc1\xbd\
y\xfb\xaf\xbd\xbc\xf3B\xa6\xd6\x1f\xd3\xd2c\xac\xa5,\
k\xac5\xc1\xf1;\xdb\x14Y\x15J\x86\x8f5\xa8\x04\
\xc3\x12\xb73\x1c\xdc\x18\xd6\xe2+\x1c\xac1\xcc+:\
.\xfaz\x8fPC jB\xd1\xcf\x08!L\x00\xfd\
H/D8\xf9\x05w[~\x02\xd1\x02Z\xde\xd3v\
\xa6Z\xaf\x85\xfa\xf9\xcd\xcd\x9a\xc1\xa8\xa2\xaer\x8a\xbc\
\xda\xa3s\x8a\xb2Ud\x1980\x911\xde\x96\x18\x13\
\xf8\xff\xe4\x84\xffB\xc7$I\x86\xd6\x9ab\xdc\xe7\x81\
s\xe9f\xab\xb3z\x9d\xbb\xe1\xff\xbc\xf4\xef@\xd1\xf7\
;\x11\xc6y\xdd\x0e`*\xe4\x98\xc4k\xd3\x1b`\xda\
\xf8'\xa8\xa91\x90\xbc\xfb]\x8f\xff\xd3\xcb\xaf\x5c\xf9\
\xe4p0 \xc9\x96\x90:E\xd6E(\x9e\x18\x0b\xae\
\xc0Z\x8f\xf1\x15\x89\xd48\x1b\xf8\xe3\xc3(gI\xea\
\x0c\xde\x1bT\x94`+\xcb\xa7\x7f\xf7\xb7~\xe1\x97\xfe\
\xe2C\xcfH)\xe7\xf5\xc5\x9b\x14\x00!\x84\xa8\x04\xc2\
J\xa4\xf0x\x19rJ!\x1a@\xfa\xf4\x0d\xdd\x0bg\
+\xd1}P\xa4\xf1i'v1\xae\xa2\xaa\x04\x95\x17\
\xc4J\x92\xe8\x90\x8bj\x1d\x06L\xb4\x0e:~\xd6\x18\
lS^\x08\xb9,8\x14\x01~\x12\xa6\xd7F\xa5\xe0\
r\xcf\xb9Wo\xef\xfe/\x22\xf4\xa0\xa7#\x80yy\
\xdf\xbdf\xfd\xdf\xd4\xdc\x7f\xce\xba\x17[\xd0l\x140\
\xd9\x07{\x90\xed\xbc,\xff\xf0\xe6\xf6\xf0\xd1\xe3m\x84\
15E\x15x\x11\x05\x8e\xcax\x84p$\x91\xa3_\
Hn\xf7\x8b\xb2W\xd4O;\xf4e\x10\xaf\xc5\xe8\xe7\
\x15#\xf7\xab\xe9\x08\x8c@\x18)\x84\x13Bx%\x94\
\x10B\xca0\xf4#4\x90\x84\x93_L\x0a\x7f\x1d\xa0\
u\xf3\xce\xcdO*\xb5.\xc6\xf9MZ\xad\x8c\x13\xa7\
\xce\xb3\xb1S`\x06C\xea\xfe-\xbc\xaf\x10\xba\x15\xc0\
nT\x08\xa5P\xde\x07\xee\xcb\x89\xd4w\xac\x11B`\
\x9d\xa7\x95%|\xf0G~\xf2\x7f\xe4`\x11x\xfa3\
\xcd\x1e\x00\xdf\xf1z#\x22\x00X\x5c\x0b\x88\xb8\xeb\xfd\
\x13 iu\xd7\xae<\xf0\xe0\x85\x9b_\xff\xc3?<\
]\x169BE\x08\xef\x02\xd2\xcb\xf41\xc64\x83\x10\
9\xa3j\x84\xd2q0\xac\xba\xa0\x96\x12\xbc\xa5\xd5^\
F\xc7)^'\x8c\xc6}\xf1\xe9\xff\xf8\xaf\x7f\xf9\xe3\
?\xf3\x8b\x7f\x93\xfd\x85\xa8\xbd0\xd9\x87:\x00\x12Y\
#\xf0\xce;\x19\x820\xef\x82\x0f\xf0\xb3\x8c\xc7\x15P\
j\x9f?\xef]y\xa7g\xf2\xb3\xb9-\xce\x89\xa0d\
!\xa5D\xfb\x06\xd5/\x02TLH\xa1\xf0\x13{\xf4\
 \x90 q\x02p\xde9!\x84\x17`\x05\xd2Yd\
\xbf\xf0\xea\x1b\x02?`\x7f;j:\x02x-\xa0\x9f\
\xef\xc5\xbaW;pbp\x93z\xd0,\x8b\x13[\xbd\
\xfeh)ju\xbc\xf7DJ\xe0}\x90\xcc\xaa=\x8c\
J\xdc\xf6\xe6\xf0\xc6\xd8E_\xf5\x9e\x1c\xf4\xdc\xae\x02\
\x8bO\xf7\xe9\xe2\xf0t\x9dh\xcf\x90\x84\x08\xb9\xbe\x14\
\xc27\x80\x1f!\x84TR\xc8\xa6\xe8G\xdc\x14\xfd&\
9\x7f\xdb{Z\xc5p\xe3\xa7\x96\xd7.\xb5\xac\x11\xb4\
\x97\xd6\xc9+GY\x16\x10\xc5xi\xf02E\xc8\xbc\
\x01\xf9\xa4H\xa5\x90*\x0a\x04\xb9\x82&\xad\xf5!5\
\xb0\x86\xd1p\x9bw=z\xfc[J\xc7;\xcco\x01\
/\xac\xfd|\xa7\xb2x\xdf\x91\x038$\x0a\x98\xe8\xae\
OW^\xf7\x10vO~\xf0\xc7\xfe\xe1\xb5k\x9b\xff\
\xb7[\xd7\x9e\x17\xcaU\xcd\x80\x95D\xeb\x08cL\xc8\
\xf5u\x17S\x0e)\x8b1B\x05@\x88\x8e\x12F\xfd\
-\xear\x1cZ\x83\xc2\xe3\xac\xe5\xf9g\xbf\xb5t\xf2\
\xf4\xb9\x9fz\xec\xdd\x1f\xfc\xf7\xcc7\x14D\x90\x22B\
x\xe1T3\xe0\xe5\xbc\xc3\xe3\xad\x10\xc2y\xef'\x80\
\xa6\xc9\xfb\xd6\x12\xb3\x89g\x84\x8a\xb7\x9c\x8a\x9fo\xde\
\x7fd\xf7O\x1f\x1e,\x1c\x8a\xc60\xfc\x94qx\xa6\
\x7f\x7f%\xf0\x93\xf0n\xba\xe2\xbf(\xfc\x7fCh\xbe\
\xde\xa8uD\x05\xa1\xe9{9\xcb\xb6#\x00\xbf1r\
\x9f=\xd6\xe5g\x96\x12\x81\xb1\xd0+$w\xfa\xd5p\
\xb7\xb4_F\x88[\x10\xddk\xd2p^\xd1o\xda\xe0\
\xe7\x15\x88\xad\x80\x1a!l\x83\xf4sB\xc8\xc9\x7fZ\
\x22\x15\xa0\x85\x17\xd1L\xcb\xaf\xe3=\x9d2\xef?\x9a\
\xad\x9f{*r\x09w\xfa\x8e\xb2\xaa\xd8\x198\xfa\xbd\
\x1d\xca|\x04\x8d\xba\x93\x88;!\x9a\x155\xdek\x84\
TH\x9d\x06\x92S\x820\x8cs\x0e\x8f\xe4\xec\xa9V\
\xf9\xd0;>\xf4\xafX|\xfa\xbfn\xca\xaf{\xad7\
*\x02\x98f\x8d\x99\xdd\x00\x13\xef\xbfO\xed\xe7\xb1w\
>\xf2\x85\x9d\xed\x8d\x0f\x97\xc3M\x9c\xab\x1a\xb4u\x0c\
\xe4\x94\xa3\x1d\xe2l\x19\xa9cd]\x01\xbeA\xcd\xa9\
\x00\x13\xadFT\x04\xb9$\xef\x02\xf3\xce\x1f\xfc\xdeo\
}\xf0\xe4\x99\x8b\xcf\xad\xad\x9fz\x81\xfd)\x80\x15\xe0\
\xc3\x81\x0f\xc1\xebK+\xf0B\x22p\x1e\xe7\xf1F\x08\
a\xbc\xf7\x93\xc8e\x9abl\x12\xd5T\x1c2z\xbc\
\xe0\x9e\xcc\x9e\x8e\x8b\xe6&\xe6\xa1\xff\x16\x15~\xbeS\
\x9a\xaf7j-\x1a\x10\x9a<{=\xf5\xfc\xe7Q\xb7\
Y\x8f\xf8\xda\xb77xt)\xb5'\xc6\xf9\xf8j\xe5\
\xd5\xef\x01\xd0\xe0\xf0\xa7\xee\xfb>\xda9\x16\x87\xf8\xb3\
\x98\x90}\x22\x1fb\xf2\xfe\x84p\xcd\xc9\x8f\x0c\xf9\xbe\
\x94H-\x08h?<\xb1\x17a\xc0G \xda\xde\xef\
\x85\xfe\xedJ\xca?\xd32\x09\x16\x88\x94\xa4_\x0bp\
5\xed\xceJ\x18\xf2\xcaK|\x96QT\x06\x93\xef\xa0\
\x9d\xc1\x9a0\x0c\xa4\xb5\x0eRo2\xc0\xa0\xad\xad\xe9\
\xf7\xfb<\xfc\xf0c\xd3\xc6?[\x00~\xd3N\x7fx\
\x03\x1c@\x13\x05L\x0c\xc0\x11\x8ca\x91\x13H\x08\xa7\
\x5c\xfc\xc8\xa3\xef\xfc\x8fW\xaf\x5cy\xe2\xea+UR\
\x97cL5\xc6Z\x13\x08\x1b\xa4\xa4\x18\xf7\xd1Z\x13\
\xc5\x19\xc64\x05\x22 \xb01\x837\x15B%$i\
\x10\x17\xa9\xf2\x01\xbf\xf9\xeb\xff\xf8?\xff\xf3\x9f\xfco\
\xfe\x1f\x1c\xe8\x91O\xe6\xc4\xa0\x01\x03\x19\x85tA\xed\
\xc1y\xe71\x1e_\x09!\x94\xf7\xbed\xbfr\x8c\xe1\
n(;\x8f\x87p\xb6\x930\xcf0fi\xd4\xe6M\
O\xceC}-R\xf6\xfd\xae\x16\xfe\xe6\xad\x05\x03B\
\xb3\x11\xc04\xb8j\xfa^\xed\xa5\x8a\xce\x8d\xfe\xd1\xee\
\x98\x08\xd4\xac\xd3\xbd\x17\xb0h\xd1I?\xab\xec\xb3\x87\
\xeb\x07a\x108\x81p\xcd\x89\xefe\xe0\xf8\x142L\
\xf9Ex\x117P\xdft\xc6\xf8[U\xb1\xf9W\x1f\
8uIn\x87\x83\x1e\xad`\xb9\x93\x90\xc4\x09\xde\xc3\
\xa0X\xc6F5\x12\x8b\xae\x0d\xbe\xbb\x8aw\x06S\xe5\
hi\x89\x94 \x8a\xc24bUU\x0c\x87#\xce\x9f\
\xea\xef\xac\xae\x9f\xf96\xf3A`\x8bZ\x7fo\xd8z\
\xa3\x22\x00\xa66\xc2<\x070[\x08\x8a\x81\xf8C?\
\xf2\xc1\x7f\xb4y\xfb\xc6/[S!\x95\xc6\x0b\x8dp\
#\xa2\xb8\x854e\x13\x22it\x9cQ\x17\xc3\xa0\xaa\
\xda@D\x95\xa9\x02:P\xac@\xdaE'\x1d\x86\xfd\
\x1d\xf9\xbf\xfe\x8b_\xfd\x95?\xfe\xa7\xff\xd2\x7f\xcf\xfe\
(\xc0\x09\xc4\xe4\xbd\xe5\x12)\x9c\xc0\x84F\x9d\xf02\
\xcc\xf5\xd4\x1e/\xe6\xd4\x04*\xf6\xc3\x82g\xc1B\xe2\
\x90\xfbq\xaf\xf0x^\xaf|\xf6d\x9b\x9d\xf6{+\
\x9c\xfe\xb3\x9fq\x11Q\xcc4\xb8jZVk\x12\x0d\
M\x1c\xeb\xac\x83\xf0\xcc/(\x1e\x16\xe2O\x1b\xfd>\
\xa5\xdc\xe6\xd9[!p\xdc5~d8\xf9iF|\
\xb5\x10\x22\xa1\xa9\xf6{O\xdb\xdf\xd5 \xec\x0cwn\
\xfc\xd2\xf1\xb3\x0fw\x87e@\x1d\x96&\xd0\x93W5\
\x8c+\x18\xe4\xa1\x93\xe1\x9d\xc1\xd8\x12\x00!\xe3\xa0\xeb\
\x98uI\x93(\x10\x94f1\xb8\x92\x9b\xb7\xb7\xe8f\
\x1b\xee\xdd\xef\xfa\xe8\xdf\xe1`\xfa7\xe6\xf0\xf0\xff\x0d\
9\xfd\xe1\x0dr\x00s\xa2\x80\xe9Q\xe1i\xae\xfdi\
'\x90t:k7\xde\xf1\xf8;\x9f\xfd\xc2g~\xff\
1\xbc\x05\xe7\x11B6\xa9s(\xd2[S\xe3}P\
\x16\xb6&t\x08\x84\x08\xe8\xb1\xaa\x92X\xbb\x8555\
Q\x9c\x82L\xb8\xf2\xcaK\xed?\xf8\x9d\x7f\xf3\x97~\
\xf4'\xfe\xc4?d\xf6\xc4\x14L\x00\xe5Rx!$\
\xd2\x06 \x99\xf3\x22\xe4\xe9u\xe88\x0b\xe7\xd9\xab\x09\
,b\x8b\x9d&\x1e\x99\x87#\x98\xbc\x1e6>{\xd8\
\xf4\xdc=g\xfd\xdf\x88g\xf7\x06\xacy\xc5@\xc9A\
]=f\xbe\xa7&8\xbcY\xb9\xee\xe9=4\xdbV\
\x5cd\xf4\xb3\xf7j\x7f\x1bx\x92\xeb\x13\x0a}2\x88\
{(\x89\x94B\xc8H\x88\x86\xdc\xd3\x07\x82\x0f\x7f\xb7\
\xda\xdf\x06:\xa3\xdd\x9b?Ev\xea\xc1\xc1\xd0\x82\xd0\
\x0c\x8a`\xf8`q\x04ec\xe9\xabP\xd5\x97\x81\xb3\
@J\x891\x06\xad\x04I\x1c\xd1\xc9\x14K\x19t3\
\xb0.\xe2\xce\xce\x80K\xa7\xd6\x7f\x9b\xfd\xb3\x08\x13H\
\xf2l\xe5\xffM9\xfd\xe1\x0d\x8c\x00f\x90H\xb3'\
\x81\x9az\xd8\xfb\xa2\x80w\xbf\xefC\xff\xe2\xd5\xcb\xd7\
\xff\xaf\xb7/?\x1b9WaM\x89u\xbe\x81N\x86\
\xd9o\xe7LSH\xd1Ah\xd2\xd6X\xe7\x10Z\xa1\
\x84\xa3.z8\x93\x13%-\x10\x92/|\xe6\xb7\xcf\
\xc4q\xf4\xe7\x9e\xfa\xe8\xcf\xfd\x13&\x03A\x8de\x13\
\xaa\xf1\xa1-'\xa8\x84GHp\x08\xe7\x1c\x18<\xce\
\x0b\xef\x04\xc2\xfa0\xba7\xcb\x14\xbb\x8f|\x94{G\
\x00\x87\x11j\xce:\x82y\xe1\xeb\x9bI\xf4\xf1\x1d\xad\
9i\xc0$\xfa\x93\xcd\xe7\x98\xbe?\xd3\xf7a\xbaK\
t\x80\xd6\x9d\xf9i\xd3aF\x7f\xc0\xf0\x99D}!\
\xe4\xf7{-\xbe\x80\x0aU\x22T\xfa#!D\xec}\
\xc8\xf5\xb9k\xf8\x93\x93\x7fi\xd8\xdfyhk`>\
\x14\xe5}6M\x8f\xaav\x18\xaf\xa9\x5c\x14\x1a\xbb\xc9\
\x12\xedv\x9bV\x96Q\x99\xf0!\xb38\xc1X\x88\xa3\
\x88\x956(\x09k\x1dX\xce\x02L\xa07\x86\xa5\xf8\
\xcafk\xf9\x1d\x9fc\x7f\x17\xe8^\x95\xff7\xf4\xf4\
\x8776\x05\x98^\xb3\xa9@\xc5\xfci\xbb\x18\x88>\
\xf2\xa3\x1f\xfd'\xff\xee\xce\x8d\xbfh\x06;a2\xac\
6\x18\xef\xc0\x85\xe1\x1a\xa5\xe2f2L\x22\x95\xc4T\
\xe307\xee\x1c^E\xc4i'\x90j\xca\x1a!c\
t\x94\xf0\xf9\xcf|\xea\xc1\xa5\xb5S\x1f|\xf4\x9d\xef\
\xfb\xfc\xe4\xc6\x09\x84\xf7\x93\x16\xb6\xf0Bz\x09\x82\xca\
\x01\xd2\xe3\x10\xce\xfa\x90\x0eL\x0a\x83\xaaq\x02\xd3\xb3\
\x02\xb3\xc6\xbf\xa8\x008y=\xcc\x09\xcc:\x82y8\
\x86\xb7R\xe1o\xde\x9a\x8dv&\xcf]4\x9f\x89\x99\
\xbf\x9f\xee\x86\xcc\x16S\xa7\xf7\xcfl\xc4\xb4\xe8\xb2s\
\xae=\xa3\x9f\xe4\xfb\xa2A\xf65\xfd}\x05{\xa7~\
\x22\xee\x8e\xf6N\x0c\x7fru^\xb8|\xed\xcfK\x9f\
PU\xbb\x04\x82\xdf\x18GDml3\xb5\xdac\xd0\
:F\xd2ZF\x0b\x8bP\x11R(\x22\x1d8\x0b\xa5\
\x08\xb5\x02\xad\xc0z\xd8\x1dB\x7fx\xcb\x9f?\xfb\x8e\
\xbf\xcf|\xe8\xf7\xbc\xce\xcf\x9b\x16\xf1\xbd\xa1\x0e\xe0\x90\
(@\xb0\xdf\x09\xec\x1b\xb7=\xb6~\xe2\xa5\xf7\xbc\xef\
\x89\xe7\xbf\xfc\x85\xcf>\x5c\x991R:T\xdc\x063\
\xa4.\xc7Xg\x02\x83\x0a\x06T\x84\x8c\xb2@\xb0h\
\xc6x\x17aT\x84P\x11u\x99\x13\xc5.\x14\x0e\xeb\
\x92O\xfd\xfb\x7f\xf93KK\xed\xea\xcc\xf9\x87\xbf2\
\xb9\x81M\xff?\x00\x01\x85g\xe2\x04\x9a\xbbk\x1d\xde\
K\x9c\xf5`\x9d\xf7R\x08!\xbc\xf7\x13\x07\x00G;\
\xfd'k\xd6\x01\xcc\x12iLs+\xce\xdd\xc8\xbcu\
C\x7f`aK\xd0\xce\xf9\xd6Y\xa3\x9e\xe5\xdf\x9f\x8e\
\x14f\xbb'\xd3\x8e`\xf6\xa4?p\xaf\x84\x10^\x22\
=\xe0\x95T4\x19\x7f\xf0\x02^\xaa\x86\xcfoB\xfd\
6\xcf\xf0\xbb\xce\x99\x95/}\xe5K\xff\xf5\xcev)\
\x02\x93\xb0\xc4Z\x8b\xb1A\xf06\xe0U$:\xca\x10\
\x83m\xa2\xa4M\xd2ZF\xc5]\xb2,\xa5\xdb\xd2$\
IB;\x0d'\xffR\x0b\x9c\x83\xad\xc1\x90\x93I\xfe\
\x9b\xd0\x9e\x18\xfd,\xf6c\xba\x00| \xfa{#O\
\x7fx\xf3\x22\x80\xc9\x03\x17\xdc\xcd\x05\xa7[l\x07\x14\
Y\xde\xf3\xe4G\xfe\xe9\x9d\xad\x9d\xbf\xfe\xf23_i\
\x0b!Q\xa6\xc0\x8a\x0c\xa1bl\x9d\x07^7\x11\x11\
\x0a\x86\x11*[\xc2\x14\xbd\x00\xe63c\xbcOPq\
+\x94\xf50D\x1a\xea\xaa\xe47\xfe\xe5?\xfe\xe3\xbf\
\xf0g>9<}\xf6\xe2\xb7\x1b\x98\xae\x17\x08\xbc\xf0\
@\x00\x037E\xc1Rz\xe1\x05\xce:p\xce;#\
\x05\xc2{/\x9a9SA\xf8\xa9\xc3f\x08f\x97\x9f\
s9\x0e\xd6\x05\xe6\xbd\xce\x9b\xf1\x7fK\x84\xfe\x0b>\
\xe7\xf4\xe7us\xfe~\xd6\x01\xccK\xa7f\x7f\xc7\xbd\
\x1c\xe5\xf4\xf7\xec\x9d\xf8BH\x04x)\x94PBI\
\x81l\xa8\xbc\x84\x16BL\xbaQ\xd3\xc8\xbei\xe3_\
\x02\x96\xbe\xf8\xf9?\xf8/o\xdd\xee\xa9|4\x08C\
iq\x86\xb1`\xeb\x1cp8\x02\xa7\xbfV\xa0\xe2v\
(\xf6\xb5WI\xb2%\xf2$\xc1,-\xe1WV\x10\
n\x89\xaa\xce\x18\x14\x8a\xdd\x91\xa7m^z^\xad\xdc\
\xff\x05\x82\xd1O\xcf~L\xba@\xd3\xdd\x9f\x03\xd1\xdf\
\x1b\xbd^\x0f+\xf0\xa1\xab\xf1P\xd3\x9c\x01\xb33\x02\
\x93\x8e\xc0t\xdbc\x08\x8c~\xf2g\xfe\xd8\xdf<~\
\xf6a\x9f\xb6W\xd1q\x16~\x81\xf3\xa8\xa8M\x9c.\
\x05\xfe4W\xe3M\x01\xde\xa2\xe2.*\xca\x00\x8f\xb7\
\x01\x8fmM\x90\xdc\xf2\x1et\x940\x1e\x0d\xf9w\xff\
\xe2W\xff\x5cQ\x8c\xd7\x81%\xefY\x02:\x02\xd1\xe4\
z\x22\xc3\x93\x08D,\x91*\x80B\x14J(/\x85\
4R\xc8Z *\x04%B\x94\x021;O>o\
\xbct|\xc8\xdfM\x0f\xa2\xdc\x8b\xdc\xf3\xed`\xfc\x8b\
\x04D\x8e:\x1f0>\xe4:\x8c\x0dy_\xb1T\x0a\
i\x03\xa4W9%\x94\xd32\x12Jh!\x85\x92B\
\x08-\x85\xd4\xcd\xa9\xbf(\xdc_\x02\x96\x81\xa5/~\
\xe1\x0f\xfe\xcb[\xb7vb[\x07\x8d\x07S\xe5\x8c\x07\
\xdb\x94\xe3]\xcab\xc8\xb0\xbfC1\xda\xa2*\x06\x14\
\xa3\x00\x00\xca\x87\xdb\x8c\xfbw\xa8\xcb\x01u\x1d\xca\x1f\
\x9dN\x87\xd5\xe5\x0e\x9dT\xb0;\xac(v\xbfR.\
\xaf\xdf\xff\xcf\xb9{\xea\xcf\x0e\x7f\x1d\xca\xf5\xf7F\x9f\
\xfe\xf0&8\x80\xa97\xba\x08 2\xed\x04\xa6s\xa0\
!0|\xdf\x07\x9e\xfa\xcd\xa8\xb5\xb6\xa7\x8c\x02\x9e\xba\
\x1ac\x1b\xd9(\xa5#\x84\x94\xd8:\xc7\xdb<T\xf7\
d\x82P1\x12\x83-\xfb\x98\xb2\x8f\xb3u\xa0\x5cJ\
\xda\x14\x95\x15\xff\xf2\x1f\xff\x9d\xff\xc3p\xb0}\x91\xbb\
N\xa0+\x10]\xa0\x83\x10-\xe1E\xda8\x01\x1dr\
E\xe5\xa5PN\x0ae\xa6\x1cA!\x04\xa5@T\xcd\
\xf8\xe8l\xef~\xde\x9fg\x0d~\x9e\xe1\xcfN\xf9\x1d\
@\xfc\xbdU\x8d\x7fj-\x8ar\x16\xcd\x07\xcc\xde\xa3\
\xb93\xfas\xee\xe1l{\xb4\x99\xddWN\x09\xed\x95\
P^\x09\x15\x5c\xb8PJ\xd0\xd0x\xed'\xf0\xdcW\
\xe8\xe3\xae\xf1w\xbf\xfa\xa5\xcf\xfcW\xb7n\xed\xb6\x8c\
1\xe4\xe3!u9\xc2\x94}\xea|\x07[\x8fq\xa6\
\xc2\x99\x02S\x0e\x112\xd0\xc1\xd5\xd5\x18\x84\xa2\xaer\
\xea\xda\xe0E\x82\x97\x09*^b\xad\x1d&E\xb7v\
\xaes|\xed\xec\xdfg\xfe\xe4\xe7l\xe8\x7f\x80\xe4\xf5\
\xcd0~x\x93\x1c\xc0\xcc\x9am\x0bN\x80A\x93\x07\
\xbc\x0f\x07\x7f\xdf\xa5\x07\xbf\xf0\xd8;\x1e\xbel\xbd\x22\
n\xad\xd2\xea\x1e#J:xWam\x8dT\xc9\xde\
L\xbdw\x81;\xdd\xfb\x80\xbe\x15R\x85\xd1[\x13H\
F\x8d18[\xa3\x95\xa0\xb7;\x90\xff\xfa\x9f\xfe\xc3\
\xbf|\xeb\xe6\xb5\xfb\x80e\xefY\xf2~/\x12h#\
D\x0b\x11\x9c\x80@FRH\xad\x84\x12RH\xaf\x82\
#\xb0RH#\x90\xb5\x10!\x22\x98L\x921\x1f\x9a\
\xba\x08\x9e:\xaf\xda\xbf\xd0\xf0y{\x18\xff\x225\xe1\
E\x5c\x01\xf3\xc6\x85g\xc7t\x17\xdd\xbb=\xc3WB\
9%\xb5SB{\x89t\x91\x8cPBK%\xb4\x14\
BNR\xcd\xc90\xda\x04\xcf?1\xfe%\xf6\x1b\xff\
\xd2g?\xf7\xe9\xff\xe3+\x97og\xc5h\x9b|\xb4\
KU\x15\x14\xe3\x01\xa6.\xa9\xab\x22D\x96\x04]\x07\
\xbc\x0dj\x0eJc\xcb\x01x\x8b\xf7\x8e\xd1\xee\x0d\x8a\
\xc1M\xca|\xc8\xd5+\xaf\xf0\xdc\xb5\x82\x97nls\
\x22\xdd\xfdT\xa7\xdb\xdd`\xbf\xf1\xcf\xab\xfa\xbfi\xa0\
\x9fyK\xfd\x8d\xbf\xf17\x00x\xfaru\xe4\x1f\xfa\
\xdaW\xbet\xa4\xefy\xe2\xc9\xa7\xe0`\xbe<-\xcc\
9O\xa7O\x9e9{\xf1\xb9\xed\xdd\xde\xfb{\xbd~\
\x1c\xa8\xa1\x15^h\x9c\x03\xef\xea=\x86\xd7\x00\xb4\x90\
M[0L\x93!TPb\x95\x12l\x1e\x94XT\
\x84\x8e\xdbT\xe3\xbex\xe5\xc5\xa7\xdf{\xf6\xfc}\x9b\
\xed\xeeJ\xff\xee\xbf/\xbch\xd8\x02\x08\xd4\xaf^4\
#=\x22L\xfb8!\x84#p\xc49!\x98\x8c\x16\
;!\xf60\x03\xf3\x082\xe6\xe5\xfa\xf3\xf2\xfb\xd9\xc1\
\x9e\xbdj\xff\xb7\xbe\xf6\xf57{\x0f\xbca\xeb[_\
\xfb:\x8f?\xf1\x9ey\x7fuX\x1d\xc4\x1e\xe1\x9a\xad\
\x9bx%5BH\xafPBKM$\xe3F\xb9[\
L\xda\xb6\xb3\xf2n\xb3a\xff2S\x0e\xe0\xd3\xbf\xf7\
\xdb\x7f\xed\xda\xe5k-SW\x01pfK\x10Q\x90\
\xe8\xf6\x84\x93\xbe\x18\x86\xc8\xd3\x99=%c\xa54\xd6\
\xd6()\x88\xd2\x15\xc0\x07\x85\xa2\xee\x12\xcb+\xc70\
Nr\xbau\xe5\xc5\xd5\xe3\x0f\xfc\x1b\xc2\xe4g\xbfy\
\x1d0\xbf\xfa?+\xf2q\xe4\xd3\xbf\xb1\xb7#\xadw\
\xdf\x97\x00on\x11p\xfa\xe1\xc3\xdd\xca\xf0\xa4+P\
r\x90\x97o\xaf2\xfcc\x1f\xff\xc4\xdf\xfe\xf5\xcd\xcd\
\xffso\xbb\x16B\x06\xe1\x07\x99\xa6X\xa3\x03\xe1\xa2\
pH\x15\x05\x0e>!qh\xbc-q\xd6\x04\xf2\x10\
\x9d |\x85s\x9e\xb2\xacp~\x88\xa6 \x1f\x96\xe2\
\xdf\xfd\xab\x7f\xf2g>\xfeS?\x7f\xec\xd2\xc3\xef\xf9\
L\xf3^\x84\xf7\x93V\x94\x90\xc0^\xb1O\x86\x82\xa1\
'\xb0\x0b;|\xd0\xf7\xb5\xdey\xe7]\xc30\x1ah\
\x05\xac\xb7~\xc1g\xe7\x1e\xff\x7f\xef\xcfo\x87\xd3\xfe\
\xb0\xd5t\x05\xa6?\xd7l\xc7\xc4q\xb0\x832\xe9\x22\
\xcc\xde\x8fY\xa7\xe8\xb5\x8c\x00\xd0\x8d\xda\x92\x96\x91\xe7\
py\xf7\xe9\x81\x9e\x16M{\x8f`\xf8]\xa0\xf3{\
\x9f\xfa\x0f\xff\xa7\x9b\xd7nE\xdeVx\x11\x84G\x9c\
\xb18\x9f\xe3]\x056\x0f\x87\x8dp8\xe7\xb0DM\
\xed\x09\xa4NH\xa2\x0cg\xaa@\xfe\x91\xb6\x89\xe28\
8\x10\x95\x22\xfc\xcbe{\xe5\x81\xff\x85\xa94\x97\xbb\
c\xdf\x93\xf0\x7f!\xcb\xef\x9b\x15\xfaO\xd6\x9b\xea\x00\
\x16\xcc\x09L\xb7\x05\xa7{\xeb\xd38\x01\x1di\xad\x7f\
\xecc\x1f\xf9\x17\x9f\xfe\xbdO\xff\x99~o\x87$m\
S\x95c\x800\x5c!5\x88\x08gC\x93A\xaa\x08\
\xa1$\x12\x8bC`\x9d#\x8a;\xc8&=p\xa6\xa0\
\xc6\xa3\xa4\xa3\xc8\xc7\xfc\xd6o\xfc\xdbO|h0l\
\xbd\xe7\xfd\x1f\xf9\x8f\xecG\xacI\xf6t\xe0\x1b\xa6\xaf\
\xbd\xfd)|\x18+\xc4\x8b\x10\x03\xe2q\xae\x81\x0e\xa3\
\xbc\xf3\x95+\x17>\xb0\xb7\xbbq\x1fu\xcd8\x01\xb8\
\xeb\x08\xe0\xa0\xe1\xcf\xaeE\x8e\x80X\x86S+V\xc9\
\xe4g\x83\x1a\xc8\xdd}4\x8d/\x99V\xee\x99F\xf6\
\xed\x15\xfeF\xc3\xfe\xd9\xcf~\xees\x9f\xdc\xda\xd8T\
\xd6y\xac\xb1X[a\xea\x0a\xe7l\x90\x17s\x86@\
\x1fe@&8[\xa2d\x84\x94\x81\xe9\xc9;K\xd2\
jce\xc3\xf8\x10gA\xc6l4B_\xff\xbc}\
\xea\xa9\x1f\xf9\x7fq\xf7\xc4\x9fp?\xcc\x9b\xf8\x9c-\
\x02\x7fW\xf6\xca\x9b\x1e\x01\xcc\x19\x19\x9ev\x02\xd3\xe4\
\x9bz\xe6\xcf\xea\xc4\xe9\x8b_\xff\xd1\x8f}4\xf9\xfd\
\xdf\xfb\xec\x9f\x18\x0f\xc0;C\xed\x0dQ\xd2\xc69\x8b\
15JI\xac\xd5\x8d\xbe\xbaD\xe8\x0c\xe1\x1dx\x1b\
\x860\xe2\x0c\xa9R\x84\xc8\x02\xd3\xb0\xc9\xd1\xb6\xc6{\
\xcf\x1f\xfc\xeeo~\xa8\x18\xf7\xcf\x7f\xf0\xa3?\xf7\x8f\
f6\xd2\x1c\xf4\x9f\x90\x22\xfc}E \x18i>\x87\
\xa4\x91\x9aqS\x9b\xf3M\xa9\xd8\xbe\x9d\xd6tg`\
\x0a'0{\xd2\xdfkM\x0c_\xc4*\x99v\x22\xd3\
\x0e{\xf2\x9c&\xc6?-\xd89\x11\xed\x98\x18\xfe\x1e\
\xb6\xff\xda\xe5\x17>\xf2\xf5o|\xfb'\x87\xbdml\
5\xa6*\x8b\xbd\x0e\x92\xf3\x01\x92\xeeL\x0d\x84\x91]\
o\x1cR\x85\xc9So\x0bD\xa4\xd1Q'\x90\x95z\
\x17\xc6\xd3\x1biw\xa9\x12\x92L\xf8'\xdf\xff\x81\xbf\
%\xa5\xecs\xb0\xe87/\xec?@\xf2\xf9\xdd\xd8C\
\xdf\x8d\x14`\x1e@h\x82\x16\x9b\xc0Eg\x85:\xf6\
\xaeSg\xee\xfb\xc3\xc7\xdf\xb5\xfd\xc0\xd7\xbf\xf6\xf5w\
FZ1\x1ex\x84\xa9\xc1:$\x12\xeb\x1cx\x908\
\xac\x17\x98j\x8c\x92\x02\x84\x0e\xd8\x81rL\x14\xbb \
\xc0\xa1\x142\xe9\xeeq\xcb;\xe7\xf8\xe2g?sv\
0\x1c\xff\xd5\x9f\xfc\xb9_\xfc\xfb\xdcuD\xf3\xe0\xbf\
\xd3Sm\xd3\xd7\xc4kO\x1c\x1c\x00\x93\xcf\xfb\x83\xee\
\x08\xe0@\x9b\xf0\xc8kF\xddy\x91\xa8\xcb4\x9ed\
V\xd3q6\xec\xef\x00\xdd\xe7\x9e\xf9\xc6\xcf~\xf3\xd9\
\x17\x9e\xac\xc6C\xac)\x99\x08\xbd\xe0\x0c\xce\x94\x0dg\
\x1f\xd8\xba\xda\xe3\xee\xf3B\x85?\xcb@\xfb\xe6\x91\x08\
\x9d\xa2\x1b`Z\x14\xe9@\x06j+\x8c\xf7<z\xe9\
\xe2\xaf\xeb(\xd9`\x7f\xce?{\xfa\xcf\xc3\xfa\x7fW\
B\xff\xc9\xfa\xae8\x80\x995]\xd9\x9c[\x04\x9c\xb9\
\xc4;\xdf\xf5\xc4\xaf\xd5\xe5h\xfd\x85\x17.\x9f\x14*\
\xa6\x1c\xf7(\xc7=\xb4\x8c\xa0.C\x9e&4*\x10\
\xf6\xdc\x15\x8at\x16\x87\xc74\x0fR\xf9\x14\x1d\x07J\
&\x81G\x0b\x8fP\x96g\xbe\xfe\x87k\xbd\xad\xed\xbf\
\xfe\xc7\xff\xcc\x7f\xfew\xe3$\x9bu\x00z\xe6\x9av\
\x06\x934f^\xff\x1e\xf8\xa1#x\xbdk\xca\xf8\xe7\
\xd1\xb7O?\x9b\x89\xe1\xc7\xecW\xeamO]\xdd\xe6\
\xb5\xf3\xe5/\xfe\xc1'_x\xe1\xf2Il\x81s\x8e\
\xba*\x09\x85\xbf\x1agM\xa85\x09\xb0N4\x1c\xfe\
\x81\xda-D\x02\xa2Qr\x92\xe0=\xde\x14\x08\xe9\x10\
$x\x1f\xa8\xbf\xc7\x83-\x9ez\xf2\xa1gN\x9dy\
\xe0\xab\x1cl\xf9\xcd\xb2=-\x22z\xf9\xae\xad7\xad\
\x0b0\xefgf\xba\x02\xb3k\x16a\xb7\x0fr{\xea\
\xcc\xc5o\x16\xe3\xfe#;\xbdqGH\x1dD\x17\xbc\
\x0c\x9c\x82*\x10H\x866\xa0\x00g\xc1\xbb)Ji\
\x82.\x1b.P2\x09\x89\x10\x0e\xa1b\x84\xcePR\
0\xe8\xddQ\xcf\x7f\xfb\x9b\x1f\x5c^^\xcdW\xd6\x8e\
o\xb3\xbf>1}\xe2LoD1\xe7\x9a\xf7\x19\xc5\
\x13O>\xc5\x13O>%^\xcf\xbd\xfbAZ\x9f\xfc\
\xe5_\x11O<\xf9\xd4<\x11W\xc9\xfe\xc9\xcc\xe9<\
\x7f\xda\xe0\xe7\x22\xfb\xbcs\xcb\xbf\xff\xa9\xff\xf0\xd7.\
\xbfre\xc5\xd6%\xd6T\xd4U\x11\xa0\xe6u\x89w\
\x0ek\x02\x15\x84\xf3>\xec\x17!\x1b\xa92\xd7\xd4\x86\
\x83$\xd9D\xfcEIPQ\x8a\x8eRt\x94`L\
\xc5c\x8f\x9d{\xe6\x9d\xef\xfe\xf0?#\x9c\xfc\x93k\
\xb6\xf0w(\xc7\xdf\xeb=,^O\x17\xe0\xbb\xe6\x00\
&?7\xf3&\x0fs\x06\xd3_\x0b@\x9c9w\xe1\
\x99;wn>\xd5\xef\x0d\xb4R\x1ag\xc2\xc9\x8e\x08\
\x82\x91\x02\x07\xde4\xdak4\x0f\xcd\xeda\x04\xbc\x17\
H_7*\xad\x15x\x87\x14\x1e\x1d\xa7H\x9d\xe2\xac\
\x15\x97_y\xe9!\xe7\xca\x93g\xce]z\x99\xfd\x9b\
o\xf6u\x9e#\x80\x83\x8ea\xdf\xe7\xfa\xa1#\x98\xbf\
\xeea\xf8\x87\xa97\xcfN\xf1\x1d\xe8\xef\xdf\xba~\xf9\
\x89\xcf\xfe\xc1\xa7\xff\xd2\xad\x9b\xb7#kB\x9b\xcf\xd4\
%\xa6\x1c\x07L\x7fc{\xce\xb9`\xf8\xde\xe1\xac\x09\
-g_#U|\xb7\xb5,4q\x92\xa1tB\x94\
\xb4I\xd36BE\x18\xafy\xe8Rg\xeb\xfd\x1f\xf8\
\xf1_\xe5\xae\xe1O\x13\xbeNN\xff\xd99\xff\xe9\xbc\
\xff;\x0a\xfd\xdf\xaam\xc0yk\xb658\x99\x1c[\
t\xaa\xee]?\xfe\x13?\xf3\xdf\xfe\xfe\xa7\xfe\xc3_\
\xbfz\xf9z\x96\xb5\xda\xd4U\x81\xf7\x15\xb6n\x18\x83\
d\x0c\xde!\x84o\xe4\xa4\x92\x90\x12\xf8@\x0cd\xbc\
\x0e\xd4b\x08\xea\xaa\xc4\xdb\x1aSW\xa8\xb8M\x1cg\
Xk\xf9\xca\x17\xbe\xf8\xe8\xad\x9b\xd7\xff\x9b\x8f\xff\xc4\
\x9f\xf8\x1f\xda\xdd\xa5\x0d\xf6\xe7\x99\xf1\xd4\xd7\xd3\xf3\xec\
\xf3\xe6\xd4\xe7a\xfb\x81\x1f\xa6\x06\xcd=\x98\xd7\x11\x98\
v\xae\xb3\x1d\xa2\xe9\x5c\x7f:\xe4\x9f-\xf8\xed9\x85\
/~\xfe\x0f\xfe\xf2\x95W\xaf\x9c\x0ab\x1dP\xd75\
\xa6\x9a\x08v\x96\xc1\xd8\x85\xc4z\x81\xb5\x16g\xca=\
PO@\x9e\xea\xd0Rn\xa4\xdc\x82\xd6c\x8cP1\
\x00\xa6.\x91^p\xe9\xfe\xce\xf6\x93\x1f\xfc\xa9\xbf\xcd\
\xfe\x8a\xffl\xde?m\xfc\xdf\xb3\xbc\x7fz}W#\
\x80\xc9\xcf6\x9e~\xd1\x12s\xfe\xbc\xef4\xbd\xef\xd2\
\x83_\xdd\xda\xdaxj8\x1ci\xef\x05\xf8 \xb9\xec\
\x11\x81Y\xc8Y\xbc\x0f\x0a\xbd\xbe\xa9\xe8\x12\xb8\xc1\x91\
J\xa3\x95n\x94g\xc19\x8b\xc0\x87\xc2\xa1\x8a\x11*\
A\x0a\xcf\xb0\xb7\xab_~\xf9\xdb\x1f\xc8\x92(Y;\
~\xfa&\xf3u\x04\x17u0f#\x83\xd9(a\xef\
\xb3\xfd F\x04\x0bN\xfbE\x06?\xcb'9m\xe8\
\xd3\x90\xdeI\xb8\xdf\x05\x96\xea\xba<\xfe{\xbf\xf3\x1f\
\xfe\xab+\xaf\xbe\xb2\x5c\xd7\xe1\xc4\xf7\xcePW%\xce\
\x8c1\xd6\xe1\x9c\xc5\xd9*\x80\xc8\x9c\x01[6@\xb2\
F\xabP\xaa\x90&\xe2AF\x0d\x0aU\x13\xc7\x11Z\
\x07\x8eJk*\x1e|\xe8\xf4\xc6\x87>\xfc\xd3\x7f\x97\
\xbb@\x9f\xe9\xd3\x7f\x16\xec\xb3H\xc5\xfa;\xb2+x\
\x1bE\x00s\xf0\x01\x935\xaf\x0e g\xfen\x12\x09\
\xfc?\xff\xe3o\xfe\xbb\xff\xcb\xed[\xb74\xde \x84\
\xc2\xd4E\xf0\xc82\xf0q{Bo\xd7\x03J4\xa3\
\x80\x80\xf35Bv\xc2\x83\xf6\x0a\xa4\xc2X\x8f\xb0A\
\xc3O\xc8\x08!\x15\xe3Q%~\xffS\xbf\xf7#7\
n\x5c}\xe4\x83\x1f\xf9\xe9\xff1I\xd3\xe9\xcd8\xfd\
u\xce\xdd\xcd:\x0d\xec8D\xafp~\xb1pr\x7f\
\xbe\x17\xcf\xe5\xcd^3\x85\xbd\xc9\xeb\xa2.\xd0\xa2S\
\x7f\xba\xbf?{\xf2\xb7\x80\xf6\xd7\xbf\xfe\xa5_\xbc\xfc\
\xca\x95\x87w\xb7\xb6\x84\xf7.\xb0J\xb9\xe6\xb6{\x17\
\xb4\x1a\x9aV\xf0D_p\xa2=(\x02\x0e,\x88z\
*\x8d\x94\x13!\x18\xd9(\xf8\xa6\x0d\xd0,\xc5Z\xcb\
}\x97N\x0f>\xf4#?\xfd\xf7\x09F\xdf\xe3\xae\xf1\
\xcf\xce\xf9O\xcf~\xcc\x0ez}\xcf\x9e\xb9h0,\
\xfc\x7f\x7f\x7fp\xe4\x1f\xfa\x07\x7f\xefo\xbd!\xffx\
\xb3!&\x9ba\xb6\xd0\x13\xb1\xbf\x9d3;\xbc\xb1\x04\
,}\xe6\xf7\x7f\xe7\xbf\xbez\xf9J\xab*\x9a\xc1\x8d\
\xba\xa9\xea\xd6yh\xe9\xb8\xe0\xe9\xbd\xf7A\xa0\xc3\xd7\
\x01\xde\xdbxs\xef]@p%\x1dt\xdc\x22\x8ac\
\xf0\xbe\x99\xf5\x0e\x0fY)M\xbb\x9d\xfaw<\xf6\xc8\
\xd3\xefx\xdfG\xfe\x0d\x8b'\xd7\xe6\x0d\xae\x1c\xa0\xa5\
f\x7fj\xb0\x10\x0a\xdc\xdc\xeb\xb7\xb53\x98c\xf40\
\xbf\xeb\xb3H\xa6}\xe2d\xa7\xf3\xfeY\xe3o\x01\xed\
\xad;\xb7\x1e\xfa\xdaW\xbf\xf4\xa7o\xdd\xda\x89\xf0\x8e\
\xaa\xcc\xf1\xb6\xc0\xdb\xc02\xe5\x9c\x03\xa1\xb1\xa6\xc4\xd4\
\xe5^\xee\xef\x91M\xceo\xf7\x8a\xc4H\x8d\xd6\x93\xbc\
_\xa1tL\x9cv\xd0:\x0a\xd1%\x92\x07\x1f\xba\xb8\
\xf1\xa3\x1f\xfb\xd9y\xc6?}\xfa/\x22\xf9x\xcdP\
\xdf#\xdc\xeb#\x7f\xef\x7f\xf6\xb1.\xf0\xbd\xab\x01\x00\
sAB\xb0\x9fE\xe6^\xcc;|\xf4c?\xf1\xdf\
}\xfe\xb3\x9f\xfa\xeb/>\xf7|f\xadC#\x1b^\
\xc1\xd0\xb2\xc1\x94\x8d\x1a\xabFz\x8fw\x22\x00;l\
\x8du\x15\xd6\xba 8*\x9a\xc9B3\x0e-\xc3(\
\x0b\x0f\x1f\x89\x8a[\x8c\xf2J|\xee\xf3_y\xf7\xf5\
\x1b\xd7\xef\xff\xe8'~\xe1W\xd3\xac\xbd\xc5\xdd\x8d9\
\xd9\x9c\xb3\xa3\xab\xb3C\x1e\xd3\xc3\x1e\xd38\xf7\xe9\xa8\
`\x1f\xf1\xc7\xdb128\x82\xd1\xcf\x86\xfd\x8b\x0c\x7f\
\x91\xf1O\x1b~\x06\xb4\xbe\xfa\xa5\xcf\xfc\x85\x97_\xbe\
|v<\x1a\x837\x81V\xce\xd9\x90\xd7[\x9ap\xdf\
\xe0}\x19z\xf8\xa2a~\xa0I\x03\xa5B4\xd2\xe3\
R\x82\xd2\x0d\xcc<\x8aQ:EF\x19q\xd2\x06!\
\xb0\xd5\x98\x07\xef?\xbb5c\xfc\xb3\x86\xbfH\xdc\xe5\
M1\xfe\xd7\xbb\xbe\xa7\x11\xc0dME\x02\xd3\xc5\x9f\
\xe9\x1e\xef4\xa4s\xd2\xd7]\x9az]\xfa\xdc\xa7\x7f\
\xe7\xaf\xbd\xfa\xea\xd5N]\x8e(\x8b1u9\xc6\x9b\
\x11\xd6\x1aL\x1dF\x83\x85\xb78\x1f\xa4\x19pU\xd8\
\x04\x04\xef\xae\x95\x0a\xca\xc4Q\x8ah\xfa\xbcB%\xe8\
(AG\x11B%x\xe7\xf0\xb6\xa0\xd5nq\xf1\xbe\
\x8b7>\xfcc?\xfb?\x09!fg\xda\x0f\x1bc\
\x9d\xa7_\xb8\xa8X\xb8\x88\x05\xe8-\x17\x1d,(\xe6\
\xcd>\xd3\xc3\x00_\x07X\xa2\xa6\x9e\xfb\xf4\xf3\x9f\xd4\
\x00\xf6\x22\x80o}\xeb\xab?w\xf9\xd5k\xef\xbey\
\xf5\xb2v6\xb0\xf2z\x17x#\x9d\xf7x\x17n\xa9\
\xf7\x22\x14\xfd\xf0!El*\xfeR\xca \xe16q\
\x02B\xa1\x94D\xc5m\x84\x8c\x89\xb4D\xe9\x98\xa8A\
\xfa\x99\xba\xe0\xfe\xfbOl\xfd\xe8\xc7\xfe\xd8\xa4\xe07\
}\xf2\xcf\xc3\xf9O?\xf3i\xb6\xa47\xdc\xf8_O\
\x04\xf0\x96p\x00\xcd\x9b\x7f=N`_\xaf\xf7k_\
\xfe\xdc_\xfa\xd6\xd3O\x9f\xaf\xaa\x8a\xaa\x1c\x81-\xb0\
\xa6\xe9\xf1ZKU\x8e\x1a\x85\x80\xa6\xe8#t\x18(\
\xf2\x0e\xe1-2j\xa1\xa24\xfc\x7f\xa9\xd0:\x08\x94\
J\xd5\x10\x92\xca `*p8S\xd2YZ\xf5\xef\
x\xd7;\xbf\xf5\xae\xf7}\xe4\xd7\xb9\xab\xf23M\x18\
\xb2h\x96}\x11\xf9\xe7\xbc\x88\xe0\xc0x0\xdf#\x87\
0c\xe8\xb0\xa0]\xcbA\xe3\x9f-\xf2\xcd;\xf1g\
\x09c'\xc6?]\xe9\xdf\xbb\xee\xdc\xbe\xf1\xc8\xd7\xbe\
\xfa\xb5?y\xfb\xe6\x8d\xd8\x18\x13\xe6\xf5\xad\x09\x0e]\
\xf8Fg\x22\x04\x93\xa6n \xbd.\x1c\x00\xba9\xdd\
\x85h\xd4\xa7\x9b\xf1r\xa4&\xd2a\xc6?NRh\
@?Q\x94\x80J\xc0;\xde\xf5\xf8\x83\xcf\xbc\xf7\x03\
\x1f\xfb5\xe6\x17\xfcf\xb5\x1dg\x8d\xffM\xad\xf8\xbf\
\xedR\x809k\x9aIh23p\xaf\xef\xdf\xbb\xde\
\xf7\x81\x1f\xf9\x87\xb5\xa9\xffw\xcf|\xf3[\xa7\xe2\xa4\
\x853\x12!U\x98\x10\xd4\xe1\xdbm\x9dc\x8dm~\
X4j\xbe*\x90\xf5\x992\xe8\xb5\xab\x04\xad\x14\xde\
\xaaP\x03\x88R\xa2\x08@\x05\x89g\x02\x00\xa4\xaa\x8d\
\xf8\xdaW\x9f~\xfc\xf6\xed\x8d\x07\x1fy\xe4\xd1\xcf\x9c\
\xbf\xf4\xd8\x17\x09\x06\x9f\xb2\xdf!L\xa7\x03\xd3\xad\xa0\
\xd9\x22\xe1\xbc\x88`6=p\xf3>;\xe0g\x0ct\
\xee\x06;l\xe3\xcd1p\x98\x9fz\x1d\x06\x80\x9a\x1d\
\xac\x9a\xad\xee\xcf+\xf0M\xe7\xfa\xf3\x8c\x7fr\xf2\xa7\
\xa3~\xef\xf4\x1f\xfd\xd1\x97\xfe\xf4\xe5\xcb7V\xf3\xc1\
v\x08\xf1\x9d\xc1\x9b*D{\xc6\xe2D\x18\xe4\x99\x9c\
\xf0\x02\x87\xf7\xaey\x83\x1e\xe7\x1b\x85^gA\x04\x89\
.)%R\xa8\xf0\xec\x85G\xea\x00\xf0\x01\x17\xc6\x81\
M\xcd\x07?\xf0\xceg\xde\xf1\x9e\x8f\xfc3\xee\x86\xfb\
\xb3\xd5\xfe\x11w\x9d\xfew\xd5\xf8_\xefz\xcb8\x80\
\xa9\xce\xc0\xbc\xf1\xe1yk.\xdf\xdeS\x1f\xfe\xd8\xdf\
]^^\xfe\x85o}\xf3\xb9\xa7\x86\xfd-L\x1d\x84\
Fm=nr\xfdP\xd4\xb1\x8e=\x94 B\x22U\
\x1c&\xbf\x04\x81\xe4\xc19<\x0ecs|1F)\
M\x14'\xa1\x02\xac\x14J)\xa2(FE)\x1bw\
\x06\xe9\xe6\xd6W\x7f\xea\xe4\xcb/\x7f\xfc\xfc\xb9s_\
~\xf0\x91\xf7\xfc.a\x13d\x1c\xac\x09,\x8a\x06\xe6\
q\xdb/r\x04\xb3Q\xc1\xb4S\x98\xbe7\xd3\xff\x0f\
\x80O\xfe\xf2\xaf\x1c\xb6\xf9\x16\x85\xf2\x93\xd7y\xe1\xfd\
\xecI?\xdb\xc3\x9f\x0d\xf5'\x86?A\xf3Mp\x15\
\xd3\xb9\xfel\xce\x9fn\xdc\xbc\xf2\xc8s\xcf=\xfbs\
W.__*F\xbb8\x1b\xc8^\x82V\x84k\xe4\
\xe5-\xb6\x1aP\xfb\xd0\xf25&\x80\xc2\x94\x94\x18S\
7\xed\xbc\x04%\x05JEX\x17:E\xa2\xb9E\xb2\
\xe9\x14\xa9\xa8\x15z\xffRcMA\xbb\x93\xf9'?\
\xf0\x81\xdf\xb8\xf4\xc0c_d\x7f\xa1oR\xed\x9f\xc5\
\xf8\xcfbA\xde\x92\xc6\x0fo!\x07\x00Gv\x02\xfe\
\x90\xcb\x01\xee\x91w\xbc\xf7\xdf\xae\xad\x9fx\xe9\x0b\x9f\
\xfd\xdc\x9f\xeb\xedl\x89z\xd2\xda\xf1c\x94\xf2@\x1a\
\x94\xe9\x84\x0fu\x01$\xc2\x1b\x9c\x10\x08\x19\x85\xa8@\
\xaa\x00%\x16\x22\x10\x8d\xe0\x83T\xb9\xadq\xce\x13E\
\x0a[E\xa8\xb8\x85\xd4\x15J\xc7\x5c\xbbZG7\xae\
m\xfc\xc8\xcb\xcf?\xf7\x81\x87\x1e{\xc7\xa7/=\xf8\
\xf8\x17\x08\x1bx\xd6\x01LG\x03\x8b\xf4\xec\xa6\x99t\
\x8e\xe2\x08\xf6!\xca8\x98.\x1cu\xe3-2\xfcE\
0\xedi\xc3\x9f\xa5P_T\xe0\x9b\x06TM\x0c\x7f\
\xf6\xe4O\x80l\xd0\xdb9\xf5\xad\xa7\xbf\xfa\xa7^z\
\xf9\xeaZ\x9d\xefR\xe4\xa3\x06\x83\xafBa\xcf\x948\
k\xb1N\xe0\xbd\x0d]\x1f[\x87~>\x02okj\
\xa7\xf0\xd6\x04\x1c\xbf\xb08\xa7\x82\x5c\xb7\x02\xbc%J\
B\xda\xa7tB\xd6\xea\x80L\x02\x0b\xb0)Y[m\
\xb9\x9f\xfc\xd9?\xf9\xb7[\xed\xee-\x82\xa1O\xa0\xbd\
\xf3\x0a~\xb3\xc6\xffVPq>t\xbd\xa5\x1c\x00\xbc\
\xe6H`!\xdb\xee\xf1\x13g\xbe\xf9\xa3?\xf6\xd1\xff\
\xf9\xcb_\xfc\xf2\x7f\xb6\xb9\xb5\xa3t\x94P\xe2\xa0)\
\x04\x09\x0c\xd6:\x9c\x88\xc2\xdc\x00\x02)\x03&\xc0#\
\x90\xc2\xe3\xbdhf\x0c<aO\x07Jh%\x9a\xff\
\xaf\x03\xaa\xd0;\x0b\xcdX\xa8\xb5\x157n\x8e\xa3k\
7\x7f\xef'\x9e\xfd\xd67?\xfa\xc0\x03\x97\x9ey\xe4\
\xf1\x0f\xfe{\x0e\xd2]\xcd:\x81E\xdd\x82C)\xb0\
Y\xec\x08\xee\x19\x0d,X\xf3f\x1a\x0e\xccf0\x1f\
\xf84\x1b\xea/\x0a\xf7g\xdb{\xb3\xdd\x94d\xe3\xe6\
\xe5\xc7_x\xfe\x99Oln\xf6\xba\xe3q\xc1\xb8\x7f\
\x07[\x8dq\xde\x87\x9c^\x98 \x1e\xe3mp\x00\xb6\
n\xa8\xbb\x0d\xde6\x81T\xa0s\xc1\x0b\xdf\x80\xc0T\
\x88\xf6D\x10\xeb\x102B \x9b\x14\xb0\x01\x89\xe9\xa0\
AQW#\x8e\x1d[\xaa~\xe1?\xf9\xb3\xff}#\
\xdb=1\xfc>\xf3\x19}\xa7\xd9|\x0f\x84\xfd\x93\xbd\
\xfd\xa6\x19\xce\xeb\x5co9\x07\x00\x0b\x9d\xc0<\x16\x9d\
Y\xe3\xf7L\x9d\x94\xab\xc7N>\xfb\xd3?\xff\xc7\xfe\
\xef_\xf9\xc2\xa7\xff\xf7/<\xff\xd21\xd1\xea\xa2\xaa\
\x88\xb2\xb2x3\xc2\x97\xe3f\xf6;\xa0\x05\xadoz\
\xc0.\xfc*!\x82P\xe9d\x88\x08\x19\x8aG2\xb0\
\x85\xe1\xbcDK\x19\x8aH*\xc1\x01Q\xdcB+\x81\
\x94\x9a\xe1\xc8\xc6_\xff\xfa\xb7\xdf{\xf9\xca\xb5\xf7\xac\
\xad\xad\xec^\xbc\xef\xa1\xdf:~\xea\xc2\xf3\xcc'\x08\
\x9d\xa7y7O\x04c\xc2\xb2<\x1d\x0d,\xc2\x14,\
\x8a\x02\xe6m\xc4y\xa1\xfe4\x08k^n\x7fXU\
\x7f\x9e\xf1\xc7s\xae\xb4yM\xbc\xf7\xe9W\xbf\xfc\xb9\
?\xbbug\xe3\xc2no\xa4\xca\xbc\x8f\xb5\x81\x14\xb6\
.\xfa\x01\xcba\xcd^K\xcf:\xdf\xcc\xe7\xd7\xa1\xad\
\xdb8a\x81\xa3\xb6\x01].\xb1\x01\xcb\xaf\xe3\x00\xfc\
\x12\x11R\x05\x85^\xa4D\xca\x08\xa5\x1aB\x19))\
\xcb\x12\x8f\xe0\x9d\xef\xb8\xff\xea\x07\x7f\xf4g\x7f\x95\xbb\
\xa7\xfd<\x5c\xff4\xc8gR\xcfy\xdb\x18?\xbcE\
\x1d\x00\xccu\x02\xf3\xb8\xe6'\xaf\xd3\xd7\x01\xe1\x8d'\
?\xf4c\x7fKG\xfa/<\xf7\xdc\x8b\xf7{\xbf\x8b\
\xd4P\xe6\x9e\x88\xd0\xfe\xa9\x8d\xc7\x982\xf4\x83]\x1e\
~\xab\xd4H\x15\x8c\x7fB\xfa\xa0$\xd8\xba\xc6\x0a\x81\
\x10\x0ag\x03\x8c\xd8\xc7\x8a(\x0ay%\x04\xaa\xb2I\
;1M\x22\xe2$\x11\xa3\x5c\xae>\xfd\xcc\x8b\xbft\
\xf2\xe6\xcb\xe3\xd5\xe5\x95g\xce\xdc\xff\xde\xff\xc8\xd1e\
\xaeg;\x05\xf3\xba\x06\xb3-\xc4E)\xc1\xf4\xbd\x9b\
\xacE\xd5|\x98o\xf8\xb3L<\xf3\x8c\x7fvro\
^\xb1/\x06\xe2[\xb7.?v\xf9\x95W~\xfc\xce\
\xe6\xee\xcah0\x16\xd6:p%\xb6.\x18\x0f{\x0d\
j\xcf\x850\xdf\x85!\x1d\xe7\x1c\x02\x89\xb36\x00\xfc\
\x10\x01\xd7\xef%\xde9\x84/C\xea\xd6\xa8MK\x9d\
\x86t\x0e\xf0>\x80\xc3\x02\xb3\x8f@E)JG8\
k\x91\xd2\xf1\x81\x0f\xbc\xff+\xefx\xcf\x87\xfe-\xfb\
C\xfdy\xe8\xbeY\xe3\x7fK\xa1\xfc\x8e\xb2\xde\xb2\x0e\
\x00\x0eu\x02\xb3\x9byz\xe3O\x1b\xc5\xde\xf5\xde\xf7\
\xff\xc8\xaf\xae\xad\x9f\xfc\xc0\xb3\xdf|\xfa\x17\xb6\xef\xdc\
\x92U\x15\x87\xb3\xdc\x14(o\xd0*e\xc2=\xe8m\
\x09B6\xda\x04\x8e2\x1f\x86\x19\x03\x22\xa4\x02l\x89\
\x8e\x9b\xde\xb0\xca\x02\x13\xb1\xad\xc3\x10\x89P\x98:\xbc\
5\x1dg!\x8d\xf0a\xa6\xbc\x15'8\xaf[;\xbd\
\xf2I\xf3\xc2\x17\x9fX\xce\xa2~\x1c\xb5\xbf\x9d\x9d|\
\xe4w\x99/~9}\xaa,\x14\xc0\xe4\xdei\xc1\xbc\
\xf6\xe1\xa25o~a\x91\xe1O\xb7\xf4\xa6E`\xf5\
\xcck<\xfbz\xeb\xdaK\xef\xd9\xda\xdax\xff`\x94\
\x9f\xb8\xb39VU1jZ\xac\x16[\x17\x81\x85\xb7\
\xaa\xf0\xae\x0a\x08>\xef\xf06\xccvxgq&p\
@\xf8\x89\x84\x9co>\xae\x07\xeb\x1cZ\xaa\x06\xd1\xd7\
\xd0wy\x1bp\x1e\xcdI\xaf\xa3\x84(\xce\x82d\x08\
a\xfc\xf7\xf8\xf1\xb5\xfa\x83?\xf2\xe3\xff\xe4\xe4\x99\xf3\
/p\xf7\xb4\x9f-\xf4\xcd\x1b\xecy[\x1a?\xbc\xc5\
\x1d\x00\x1c\xea\x04&5\x01?\xf3w\xf3\xd8f\x0d`\
.\x5c|\xe0\xf3\x17.>\xf0\x8d\xe7\x9f\xfd\xda_\xbd\
}kg5N;{s\xdf\x9d\xe5\xe3\x18\x0b\x1b\xb7\
\xaeR\x96AxD\x08\x85\xb1\x8e\xe1\xd6\xab\x14\xa3\x1d\
\x92\xce:Y\xf78q\xd2\xc25F-\xa5\xa4\x18\xf7\
\xa9\xcb\x11\xa2\x01\x12)\x15\xea\x05\xc8\x18\xe3\xc0\xe59\
q\x92\x92\xa4Y\xd8\x84Z0.\x91\xce\xcb\x95X\x8e\
>\xd4\x1b~\xfe\x83\xedX\x8e\xbd\x5czv\xe9\xecc\
\xbf\xcdb\xc1\xd0\xa38\x81yb\xa2G-D\xdd\xab\
\x8f?;\xfc\xb4\x888e\xae\x13\xb8~\xe5\xa5'n\
\xdf\xbe\xfd\xfe\xdd^o\xad\xdf\x1b\xc9\xc0\xe2\x1c\xee\x95\
s\x8e\xda8l\x95c\xab\x01\xde\x84)M\xe7\x15\x10\
h\xba&\xa4\x1b\x81\xa5\x17pU@|z\x8fu\x1e\
\xd98b\x09\xcd\xf8nS\xc8\x95\x04t\xa7N\xc2\xf3\
\x91\xa0\xe3\x80\xf9p\xa6\xc0\xb9\x9aw\xbe\xeb\xb1k\x1f\
\xf9\xf8\xcf\xff*\xc1\xd8\xa7\x8d~v\xa0g\xcc\xdd\xc8\
mv\xb0\xe7-\x83\xf0;\xeaz\xcb;\x00\xb8gM\
`Q-`\xda\x19\xecS\x99}\xf8\xb1\xf7\xfd\xcd\x07\
/\xdc\xfcS\x17\x1e|\xe0]\xa7;\x8a\xa2\x86\xa2\x82\
~\x0e\x1b\xfd\xf7\x90WP\xd6P\xd6\x16\x8fb4\x1a\
1\xe8\xf7\xb0\x0et\xbaL\x94\xb4)F\xdb\x08\x9bS\
\xd5\x96\xd1xL=\xde\xc6\x98j\x8fXBb\x89\xe2\
\x988i#\xb0\xc4q\x84\xc33\xcasj\xe5\xf1\xae\
\xc6\xa4mV\x96Z\xc4:\x16F\xc5\xed\xad\xde\xf8\xc9\
\xabw>\xfb~\xad)\xa2\xa8\xf5\xea\x893\xe7\xbe\xd6\
\xe9\x1e\xbf\xcc\xfcz\xc0Q\x9c\xc0\x22D\xe1\xa2\x1a\xc0\
k\xed\xe7\x1f\xc6\x9c\xa4\xcbb\xb4\xbaq\xe3\xf2\x87v\
\x07\xc3\xfbG\xe3\xaa\xbb\xdb\x1bKk\x1c\xb6.C\x0a\
\xe5,U\xbe\x13\xa0\xd9h\x9c-1u\x813u#\
\xf1\x16\xf8\x1d\x9c\xa3\x89\xa4\x02l\x17h\xda~\xa1\xfd\
\x87P\x08\xe1\x03\x83\x8fh>\x9a\xd0\x08\xe1\x82\x93V\
I`\xef\x8d#P1J\x87:\x80\xa9r\xda\xdd\x8e\
\x7f\xe2\xc9\x0f|\xee\xb1w=\xf5[\x04\xe3\x9e\xed\xeb\
O\x1b\xff<h\xef\xf4\xfd\x86\xb7\x91\xf1\xc3\xdb\xc4\x01\
\xc0\xddPj\xce\xec\x00\xcc\xef\x04\xcc\x13\x96\xbc\xab&\
\xd3>\xfd\xcf^|\xe9\xf6\x17o\xa5\xf5\x9f{\xec\xa1\
\x0b\x9d\x93+\x82V\x02K\x19\x0cr(\x0d\xe4\x95\xa2\
4P\xb6\xdb\xd4\xc7\xda\xd4\x06\xea\xa6\xe0o[k8\
\x1f\xbe\xae\x0c\x18kP\x22\xb4\x0a\xab\xbc\x0f2\x82\xa6\
\xb2\x5c\x16c\x22Y\xa3E\xcd`w\x13\xe7k\xbc\x17\
TVP\xb9\x08%RFy\x85\xf51\xe8T\x94D\
YoX?v\xe7\xdb\xd7\x1f[j\xdfpiB\x81\
\xf7=!\xe3\xcb\xc7\x8e\x9dz\xba\xbb\xbc\xb6\xc1\xfcz\
\xc0\x01\xbd\xbc\xa9?O\xdf\xa7E5\x80\xc3\xfa\xfa\xf3\
\xf2\xfd\xbd\xcb\x94\xa3\x93\xbb[\xb7\xdf\xe1\x5cy>\x8e\
\xe5ZmU\xba\xb5[\xa8\xdd^\x89\xf7\x8a\xaa\x92\xa1\
-\xd7\x9c\xd6\xf8\x80\xcc\xac\xab\x00\xbcR\x91\x02\x1b4\
\x1eLC\xcf\xe5\x9a.\x8cswI;\x10*L\xf1\
a\x838L\xa3\xfb\x10\xe9\xa0\x1b!P\xe1\xf7\x0bA\
\x14%H\xa5AF(\x1d\xa1\xa3\xa0\x1f\x19~\xaf\xe1\
\x81G\x1e\xda\xf9\xc4O\xfd\xc9\xbf'\xa4\x1cpW\xa2\
n\xfa\xc4\x9f\x15\xef\x98\xd5\xed\x9b\x15\xf0x[\x19?\
\xbc\x8d\x1c\xc0d-\x18 \x9aw\xc2\xcd\xd3\xa7\xdb\xa7\
P\x93\xb6\xba/\x18\xf8\xef\xbe\xfd\xdc\x95_8s\xe1\
\xf4\x13\x17Wc\x11k\x885\x0c\x8b \xe9\x1cU\x10\
\xa9\x10\x11T\x12T\xe3\x04\x84h\x1c\x81\x83$\x82$\
\x9a\xdc\xca\x88N\xbb\x0d4\xad&\x01E\xbd\x8c\x92\x1e\
-=q\xb6B1\xeeS\x14\x05J\x18\xac\x17\xe4E\
\x15Z[2\x06\x11\xe3\xad\x0b\x1b\xda&l\xee\xe4\xd2\
\xdb\xba%\x95n\xc9\xd8\x9f\xbe\xdd\xbb\xf9\xa1\xe3k\x9b\
V\x89:\xafG\xc5\xae\xf7\xeazw\xe5\xd8\xcb\xa7\xce\
\x9c\xbf\xc2k\x9b4\x9c\xde\xa8\xb3m\xbf\x85\x83;\xc6\
T\xa9\xadF\xf7\xd7U~NJN\xcb$^\xaeE\
\x92:Re\xd3SD8\x90\x82\x96\xd6\xa0s\x9c\xdf\
\xa2\xdf\xefam\x98\xa0\x83p\xdf\x9c\x09\xb8\xfd\xd0I\
\x09s\xf7\xbe\xca\xf7\xbe\xcfz\xd9\xf0\xf4\xd5\x01z\xdd\
\x14\xfa\xa4\x0c\xad\xbe0\xba\xebA\xea\xa6\x93\xa3\xd1Q\
\x84\xb5\x16\xad\x1aA\x17\xddjZ\x7f\x13\x12\x8f\x04\xbc\
aeu\xc5\xbd\xe7\x89\xf7\x7f\xe6\xa1G\xde\xf7)\xee\
\x1a\xfb,o\xdf,\x9c{\xb633\xedd\xe1mh\
\xfc\xf06t\x000\x97ex\x91\xf1O\xba\x02\x87\xc9\
SU\xb5^\xfb\xd7\xaf\x5c\xed\x7f\xe1\xda\xf5\xd1_\xbc\
\xff\xe2\x85N\x8c \x8d\xc2FU\x228\x84XAe\
\xa1\xa8\xa16\xe1\xd4\xafL\xf8\x07\x14\xc1\x11Lr\xd3\
\xc0\x1aK\x039\x85D\x87\xcd\xab\x95`y\xe5\x18:\
]%\xadsbM\x00 \xd5C\x12o\xf1BSU\
\x81S\xde9\x87\x8eS\x12\xe7\xb06be\xed\x04\xdd\
\xe5ut\x14\xb1\xbe\xd2V\xcbm:\x9b\xbbU\xe7\xc6\
\x8dW\xce\xdd\xbc}\xfb\x83W\xae\x5c\xf6\xf9\xb0\xe7\x84\
\xc0\xa6YRj\xad\xabN;\x1d)\x95\x8e\xb4\x96U\
\x1c\xc5\xe3(MFBHChtz\x00%BS\
\xd3{\xa7\x9c5\x99w>\xb5\xdef\xce\xfa\xd48\xdb\
RR\xb6\x84\x8e\xe3\xf6\xcaJ\xdc]YS2\xeb\x8a\
\x88\x15\xd1\xf2\x92T\x0aVZ\xc1\xd1\x0ds\xd8L\xa1\
,C\xe1\x0e@\xc6\x11:\xb5\x88q\x8d\xf7\xa1\xc8\xe7\
}\x80\xe2\xd6\xd6c,(\xad\x83\xbaN]P\xd7\xe1\
\xe7\x9c\xf3\x0d3\xefD\x91!0\xf3\x86\x1c?\x80\xb5\
\xa4\x00\xa4\xc4X\x19N\x02/PB\xa1th\xe9M\
\xc8<\x94nd\xe4\x9a\x7f\xf7\xd2\xfd\x97v~\xe2g\
\x7f\xf1\xef\xb0_\x9a{\xd6\xf0\xa7\x81=\xfbDHy\
\x9b\x16\xfb\x16\xad\xb7\xa5\x03\x80#u\x08\xe6u\x05\xf6\
\xd5\x02\xa6\xaeJ\xaa\xa4\xb2$\xff\xed\xd7\xbe\xfa\xec\x8f\
\xe9\xd8\xffX{\xe9\xa2n\xb7;{\xc6,d\xf8\x0d\
\xed\x18J\x05\x91\x86\xb8q\x02E\x1d\x8c\x00w\x97\xf8\
>l\xca\xbbQ\x82\x10\xc1\xea\x94\x844\x96\xa8\xb4\x8d\
\x14\xe1\xf7H\xb1\x8cu\xe1\xfb\xc6\xe3!B%Xk\
\x11*#\xaek\xc6\xa3\x01Um\xa9\xab\x824M\x91\
\x12\xd6;p\xdfz\x8c~\xe4\x11\xe0\x11F\x05\xe2\xd7\
\x7f\xe7\xebjkkS\xe5.\x8a\xcb\xde\x88\x9bw\x86\
\xc7\xc6\xa3\x9b\x98:'\x8e4*YBE\xc1\x90\xf0\
\x02\xbcE')Rj\x8c\xa9\x90^4\x13\x91\x09I\
\xda\xc2\xfa\xf0\xbdY\xbb\xc5\x8ak\xe3\xc5\x12\xc7:M\
Tc\xc0\xe9p?\xac\x0c\xce1\x92P\xca\x98\xd2(\
\xca\xbc\x8fu\x92\xb4{\x9cVm\xa9\xaa\x1ac\xb7\xc1\
;t\xacB\xfbt\xc2\xd3`\x0du1\xdcC\xeb\x09\
\xa9Q\xde\x04l\x85T8[\xe1m\x15\x9c\x82\x8a\x10\
\xce\xe1\x1aY.-\xdd\x1e\x05\x9c\x10arO*\x1d\
B\x7f\xc2\xe8\xb7\x94\x82K\x0f\x5c\xca\x1f{\xfc\x03\xff\
\xfe\xe2\xfd\x8f~\x9d\xbbF>/\xcf\x9fU\x22^\x14\
\xf2\xbf\xed\x8d\x1f\xde\xc6\x0e\x00\x8eT\x1c\x9cm\x0f\xce\
\xcaU\xefE\x01\x93\xaf;\xeb\xe7\x7f\x1b\xf8\x5c\x7f\xe3\
\xb9\xbfPv\x97/\xa6\xe9*\xd8\xc0\x1d_\xb9\x08\x9d\
,a\xac\xa3\xaa-\xe8\x0eum\xc8\xf3\x0a\x87\x02\xdd\
\xa5\x15\x13*\xff\x0e\xb4l\xaa\xd54\x8e\xa0q\x06R\
\x82i\xd2\x88\xda\x06\xa7 C\xcb\x9a,\xeb\x10%m\
\xbc3\xe4\xa5%/w\x02\x0eA&T\xb5e\xb7?\
\x22\xb7)\xb1\x82v\x02\x88\x90\xa2\xf4s\x88\x92\x16Z\
)\xb6w\xb6\x18\xee\xde\xc6\x9b\x1c!5Zz\xaa\xb2\
FY\x1b\x8c+JQJ\xa3$8\xe3\x11\x91Fx\
CUW\xe0\x03i\xa6w&\xb4EMMY\xd5\x8c\
\x06\xdblm\xdef\xeb\xc4y\xb24F\xe2\xd0q\x8b\
\xb2\x16t\xd3\xf0\xb9\x8az\xf2y\x14\x8e\x98\xa2*\x89\
\xb36i{\x8d\xb6\x15$iF>\x1e\xa2+\x8b\xb3\
\xcb\xe8\xf1.\xf9\xa8\xd7\x0c`\xc5\xc8\x06\x8d)\x94\xc7\
\xd9\x9a\xba\xca\x1bC\x06\x8f\x0d\x80M\xe7\x88#\xd5\x9c\
\xe8\x1e%c\x04\x16%\x5c\x00\xfa\xe8\x16\xb8\x00\x002\
\xd6\xd1Y^\xf5\xef~\xef\x93\xcf=\xf1\xa1\x9f\xf85\
\xf6\x1b\xfe\xf4\xeb\xb4\xe1\xcfC\xf5\xcd\xcd\xf7'{\xf0\
{m\x07\xdf\xc9z[;\x008\xb488\xaf;0\
\xcf\x09\xcc\xaa\xf9\x96@\xd9>\xf1\xf0\xff`\x8a\xc1\xf9\
\xeb\xaf>\xfbK:\x8e\x96\x97;-b\xe1q\xc3\x0d\
\xbc\x93\xd8\xd2`\x9c\xa2r\x1a!;x'\x91\xbe\xa6\
\xa0Ke\xc0y\x85\x94\x92,\x0e\xc6\xbd\xafb\xd9D\
\x15L\xa2\x03\xee\xd6\x0b\xb4\x02)\x04:\x8aH\xe3\x08\
!\x8e\x05G\x82&\xaf\x0d\xae,h\x99[\x5ce\x85\
\x95nhi\xa5Qp:\x0f?\xf4\x10\x9d\xe5\x13\xa4\
\xd7^bC:F\x83\xddFA\xc9b\xcd\x18S\xe5\
8\x02rQJ\x89\x17\x8a\xac\xb5D\xda\x16x\xe7\xa8\
k\x8b\xad\xc7!\xd7\x1e\x8fH\xd2V\x00\xd7\x8c\x87(\
\x1d1\x1a\xecR\xd5\x8e\xb4\xd5A+\x85N\xda\xdc\xd9\
\x14Di\x97\x95NLmaT\x86\xf7\xe3h\x83\x92\
\x8c\x0b\x8b\x17\x19R\x97\xc88h3\xc4\xba\x0e$\xac\
\xd9\x1d\x84\x8a\xb0\xc6\xa0\x15AT\xc3I\xearD9\
\xee\xa3\x94\x0e\x93~^\xe0m\xd2t\x01\x1c\xb8*8\
Q\x13\xfc\xbd\x14M\xcf_\xe8\xbd\x07\xaf\xa2\x16\x97\x1e\
yp\xe3'~\xf6?\xfdU\x1d%}\xf6\x87\xf7\xf3\
\x0c?g\x7f{o\x1a\x8a}\x00X\xf5v7\xfc\xc9\
z\xdb;\x80\xc9:\xa4.0\x9b\x0eLW\xce\x17\xc9\
U\x97@\xa9\xd3ny\xf2\xd2{\xfe\xbbao\xeb\xc1\
\xe1\xe8\xe6\x9f\xcc\x8d\xea\xb6\xd3\x0cK\x84\x17\xe1\x9f\x11\
\xbe\x86z\x97DiL1\xc0\x8eo\x92\xc6)\xb5q\
\xd4>\xa60\xab\x08\x9d\x06v\x1a\x07\xc8\x18\xe7<I\
\xaci\xd2X\x94\xbc[X\xacm\x88\x1c\x8c\x08\x7fn\
g1Yrz/\xaap>|\x7f'\x0d\xafJ\x06\
\xe3W\x81\xf7\x94S\xeb\xcb\x1c[}\x82\xb5\xd3\x0f\xb1\
\xbdu\x87\xdb\xd7_a\xeb\xd6K{`\x1ak\x0d\xb6\
\x1a5E4\xb1'\xa5\xae\xd3% \xa4\x00\xdeZ\xea\
2\xc7\xda@\x97\xb6\xc7\x9f\xa7\x22\x86\xb9%\xcb\xb2\xd0\
G\x8f\xdbh?F\xe8\x8c\x8d\xf6I\xa28h,\x0c\
\xa5\xa0\xdd\xee\x10\xeb\x0c_{\x9cw\xa8d\x19\xa7\xda\
\xe0\x86(\x0d:]A\xc6]T\xdc\x099\xba\xc9\x11\
BRU\x15\xa3\xfe\x1d\x92\xd6j\xe0\xec\xaf\x86X\x1f\
\xd8\x9d\xbc38\x93\x87.\x0b\x82$\x0b\xa2/{j\
\xbd\xb6DF)\x8f\xbc\xf3\xbd\x9b\xef\xfd\xd0\x8f\xff\xda\
\xca\xca\xfa-\x16\xd3\xb7M\xae\xe9!\xad\xd9S\x7f\x1e\
\xa8\xeam\x7f\xeaO\xaf\xef\x1b\x07\x00\x87\xa6\x04\xb3\xe9\
\xc0\xbch`\x16\x8a\xbb7\xb4\xd3Y>\xf6M\x96\x8f\
\xbd\xe4n_\xfe\xe0\xeeh\xf8\x89\x9d\xa1Hb\xe1\x88\
\xe3\x08\x89#V\x06PH\x07\xca\xd7\xc8\x0a\xf0\x0a\x85\
\xc6\x8c\xb6\xb0\xa2\x05Q\x17k\x03\xe9\x84\x17\x09\xa5\x5c\
F\xcb\xa6\x89\xde \xee\x9d\xbb\xeb\x04\xa0!\xa3l\xea\
\xf2*L1\x135\xff\xcf\xd8`\xf8\x82\xbb\xe9\xc3\xe4\
\xfb\x9c\x87\xa5n\x97\xb1I\xe9\x8cr\xaa\xbc\xc7\xb0/\
\xa9\xcb!J\x19\xa4\x12x\x99 U\x04BQV\x15\
U\xbd\x83\x146\x9c\xa2\xa2\x81\xd3:\x07H\xac)p\
^\x80L\xd1\x91\xc3\x96=T\xd4B\xc7)Z\x09\x9c\
\xefC\xafG\x94.\xd3\xea\xac\x10'Y\x18\xbf\x8d\x96\
\x02\xd4V\x0a\xb4\xca\xc2\x94e\xd4\xb4\x1aTB\xa4\x04\
I\xdc\xb08\xdb2d\xec\xc5\x10\x84@G\x09\x02O\
5\xde!/\x8a=\xban[\xe7(\x9d\x04\xb4& \
UA\x95\xef \x04\x9c\xbdx\xa9x\xefS\x1f\xfb\xb7\
\xe7\xef{\xf8i\xf6\x1b\xf9<\xc3\x9f\xee\xe9\xcf\x22\xfa\
\xe6\xa9<}\xdf\x19?|\x9f9\x00X\x98\x12\x1c\x96\
\x0eL\xa3\xec\xa6S\x82I>8\xe1\xa0+\xd7N^\
\xfc\xfd5\xf8Rz\xe3\xda\xe37n_\xff\xf9\xca\xa6\
Y\xa7\xd5\x81F#\xde6b\xa5\xdeZ\x94\x06\xe1\x0c\
\xc2\x8f\x88\xa4\x05\x95`|Me\x04^/\xe3\xcb\x1d\
\x8cJ\xb0\xbaEi\xa0\x95\xdc5b\xe7\xf7\x17\x11\x85\
\x00;\x91=h\xbegb\xf84\x1fj\x12\x0dX\x17\
\x0a\x93\xfd\xb1\xa5\xb7}\x8b\xb2,H\xba'\x91Q\x9b\
\xba\x1c\x04X\xb2N\xb0\xd5\x90r\x92\x83W\xc3\x00\xc0\
A\x13\xc7\x01\x17\xaf\x93N#\x89\x1d\xe6 \xf0\x02a\
GX7F\xc6-\x8c\xa9\xb1\xb6\xc6Eq\xc0\xed{\
E1\xda\xa5\x18\xdcBF\x1d\xa28\xc3:\x88\x926\
q\xdaBEm\xb2V\x8b$mQ\x97#|\xd5G\
DM\xc11\x12H2\x9c\xadiwW\xf0\xb6\xc4T\
cZ\xad\x0c\xc19F\x83m\xc6\x83\xed\xa63\xe0\x19\
\xf6\xb6\xd8\xbes\x9d*\xdf!\x8ec\x8e\x9dxh\xfc\
\x9e'>\xf8\xeb\xe7/\xdc\xff\x1cw\xc3\xf9\xf1\xcc\xeb\
4U\xdb\x22\x9a\xb6\x1f\x88S\x7fz}\xdf9\x80\xc9\
\x9aI\x09`q40\xdb\x22\x9c\x8e\x00\xf6E\x024\
\xcc4'\xce\x9c\xfd\xea\xc9\xb3g\x9e\xedmo\xbc\xa3\
\xbf\xbb\xf1\x93y\x1d/)\x11\x85_\xee<\x91\xd6\x81\
^\x5c\xd4a\xd6\x5c\xb70n\x8c\xf7\x86D*\xac\xd9\
\xc0\x8a\x0c%\xdb\xf8z\x84\xb1\x9e\x91]f\xa9\x93\x80\
\x0f\xa7{\xac\x9b\xa1\xc4\xa9\xe5\x9b\xbf\x9b\xaci\x07`\
]hO\x0e\x0aO]\x8e\xb0\xd5p\xaf\x03\xe1\xac!\
\xca\x96\xd1qJ\x7f\xeb\x1a\xfd[\xcfc\x8aP|s\
\xa6\x02_\x87!\x1a\x14\xbe\x1e\x11\xa7m\xbcj\xa1\x94\
\xc1\xf9\x1a\x87FG1I\xac\xa9\x8d\x0d@\x1b\x1c\xa6\
\x1c\x80\x8dA\x08\x8c\xc9\xf1\xceb\x8a\x08)7)\xa3\
\x80\x80\xcc]M\xd2^'JZ\xb8\xce:\xd9\xca9\
\x84L\xc1\x0e(\xf3\x02\x17'\xa4\xe92ZK\xear\
L\x16K\xb2\xacK\x91\x8f\x88\xb4d\xa9\x93!N\x1e\
g0\xe8\x91\x8fz\x94uh\x11\x9ar\x97\xe3\x17W\
\xb6.=\xf4\x9e\xdfX?y\xf6%\xee\x1a\xf8\xec\xb5\
\xc8\xf0g\x89:\x7f`N\xfd\xe9\xf5}\xeb\x00\xe0H\
\xd1\xc0,|v^q\xb0\x98\xba\x1a\xaa/1\xf6^\
\xb4\x96VO~ei\xf5\xe4\xd3\xa3\xde\xe6C\xb77\
n~bXqR\x89X\xf8\xd2\x93Da\xb6\x5c\x89\
\x08\x93\xd7\x81ZLB\xa4,Z\xd4 K\xb0\xa30\
\x8b`\x05\xde\xee\xb2[-S\xfb@>*U\xa0\xa7\
\xf22%\x8dB\xc5_4\x06?\x89\x0c&\x1d\x06)\
\xa6\xfe\xecm\x00\xcf\xe8\x0co\x02<\xd6:\x8f75\
U1\xc2\xd4ESdLP:\xa1*s\xb0c\x04\
\xaa\xa1Ow\xe1t\x1f\xef\x10EM$\x80G\xf8\x1a\
\xeb\x14BeM.^\xa0\xa4\xc0\x19\x87\x17\x1ao\x0d\
\xd6T\xd8:\xa83\xfb\xa2\x17HU\x5cE5\xde!\
m\xaf2\xde\xbdA\xd2\xdf\xa2\xb5|\x06\xad\x04e>\
\xc0{\xc7p\xf76I\x1a(\xd9M\x16\x13\xc71Q\
\xd2\xc6\xd8\x90\x0e-g\x10\xaf-\xb3\x01\x94;/\xbb\
\xf3'\xcd\xf5S\xef\xfe\xf1\x7f\x9f\xb4\x96\xaeO=\x9b\
y\x06\x7f\x18'\xe3\xa2p\xff\xfb\xae\xd0w\xd8\xfa\xbe\
v\x00\x93u\xc4h`\xda\x01D\xcc/\x0eN\xb8\xfe\
\x1a\x0ap1\x06\xd2\xf6\xf2z~\xff\xf2\xfa\xf3um\
\xb2W_~\xf6?-\xcb\xea\xd2\xb0H\xa2V{\x15\
W\x86\xc95\xa5TS\xfe\xb7D\x0a\x94+\x10\x0c\xd1\
R#e\x0b\x8bA\xda\xdbH+\x91\xf12\x86\x18o\
J<C\xc6u\x1b)2:\xe9]c\xb7nj\xa7\
6_$\x11h\xa5\xb1\xd9*\x00\xa3<\x14\xe5\xea:\
\x0c\xd6\xc8h\x97V\xf7\x18\xd6:L]\x92\xf7o3\
\xda\xb9L\x95\xf7C\x94 \x02\xe2.H`\xd7\xd4e\
\xc3\xd0.$\xa6\xf4(\x1d\x93\xb6W\x89\xa2\x8c\xcaV\
\x0d<\xd7!1 \x05NE\xe1\xff\xd9<Pp\x8b\
\x18\x15\xb7\x10vD1\xdaFG)n;\xa7\x1c\xdc\
\x22\xc9\xba\xa1\xcdX\x17\xf4\xf3]t\x14\xd3^>M\
\x9ee\xe4\xc3-\xa4\x0eu\x93\xdb\xa6D\x89!\xadd\
\xbb\x8cl\xf5\xdc\xa3\x0f>\xfeo\xb8\x1b\x91M\x1b\x7f\
\xc1|\xa3?\x8c\x91y\x9el\xdb\xf7\xfd\xa9?\xbd~\
 \x1c\x00\x1c\x88\x06\xe0\xeeC\x9f\xc0_ms?f\
\x87\x87*\xc2\x18\xeb$\x1a\x98\xe6\xac\xcb\xc3\xab\x18\x03\
I\x14\xe9\xf6\xc3\x0f?\xfe\x8f\xa5t\xed\xde\xf6\xcd\xf7\
\xf7ww>\xb0[\xf9%cc\x11\xc5\x11ZL\x14\
j\x14R'H/B\xee.\x1c\xde\x8fq\xd4X\x01\
h\x8d\x95\x92\xca*\x8c)\xd1R D\xc8\xa9E\xe0\
\xb1 \xd2MJ\xe0\x9a:A\xf3!d\x83\x0b\x00H\
\xa3\x98\x95\xce)\x8c\x83\x9d~A\xbf\x1f\xa6\x1fE9\
\xc4\x89!R\xef\xa2u\x84\x8bC\xbb\xcf{\x8f\x96\x1a\
!D\xe0\xda3\x15\xc2\x15H\x9d\x22\xa2\xac\x11NI\
\x90:\x02\xdf\xc2\x9a\x02\xef=R)\x92\xb8E\xaa\x12\
\xf0\x1e)<\xd6\x14T\xf9\x00!\x052\xea\xe2\xac\x01\
Wbl\x8d\xa8\xc7`\xfa\xe8(%\x8e4\x22V\x98\
zL\x7f\xe3\xdb\xf4\x1b\xc2\x0e!$++\xb1;\xbe\
\x96n\x9f={\xdf\xef\x1d;\xfe\xf0\xb7\xd8\x9f\x8e\xcd\
\x1a\xfb\xa2\xd3~\xde\x89\xff\x03\x19\xee\xcf[?0\x0e\
`\xb2\xe6t\x0a&\x91@3\xc3K\xb0\xd0\x83\xd0\xe1\
iG0\x91\x00\x9b\xb0\xd94\x04\x96b\xec\x85H\xad\
\x97\xfd\xee\xea\xd9OuW\xcf}\xf6,D\xaf\xbc\xf8\
\xcd_\x18\xe5\xc3\x07\x87\xb5h\xa7:\xe0\x03b\x15\xe3\
\x9d \x8a\x1cJ\x06EZ\x89\xc5z\x85e\x88\x11\x0e\
I\x0b\xe2,\xd0\x94\x89\x1cc\x14:\x8eI\xa3\x80\x17\
\x98\x14\x0b'(\xc2i\xd0\xd1\xe4\xc3%\x22\xfc\x1dK\
)\xae\x1e\xd3\xdf\xdd\x01[\xa1EM\x9a\xa6\xf8\xceq\
\xa2\xb4\x0aa\xbf)C+Oi\x9c\xad\x10R\xa1\xe2\
\x0eR\xc5AM\xa7\xe8Q\x97#(\xc7\x08!P*\
\x06\x1a\xfd\x84d\x898N0\xd6\x93&\x1a\x1d%\xd4\
\xc5\x80\xfe\xceM\x94\x0e\xe4(\xe5\xb8\x87\xb2EP\xe7\
\xa9sl]\xe0\xe3\x80\xdcsuN1\xdaAk\xe5\
\xd7O\xac\x0e\xcf\x9e\xbf\xf8\xcc;\xdf\xf5\xd4\x844\xa5\
\x98z-\x17\xbc.\xa2W;\xcc\xf0\x7f O\xfd\xe9\
\xf5\x03\xe7\x00`n4\x00w7G\x03\xea]8C\
0q\x00\x93\x8d7\xcbm\x97\x02\xb1G\x8e\x9a\xbfK\
\xef{\xf0\xf1_\x03\xa2\xc1\xa0\xbfv\xe7\xc6+?#\
Dqv\x5c\xb8VYiaZ\x8an\xa6\xd0\x1a\xa4\
0(!\xb0\xd6\x13IG\x92X\x8c\xaf\xb1x\xe2D\
QT\x15\xd69\x8cK\x01\xf6t\xeb\xd2\x06l4q\
\x02\xd3\xf5\x01\xdf\xcc#\xb4\x13h'k\xf4\xdb0\x1a\
\x0e(\xaa6\xd6\x1d'\x1f\x9d \x1f\xf5\xa8\xca \x9e\
\x99\xb6:8\x1fZ\x86u1\xa4*GT\xf9-\x5c\
=F\xe0\x02+\xb2\x14\x81\x8eKe\xa4Y\x0b\xa9\x22\
L5\xc6\x9b\xc0\xbcl\xea\x888i\xb1v\xfa!\x84\
\x10\x8c\x07[(\x1dC\x92\xe2\xad\xdf\xe3\xee\xab\xab\x82\
\xd1`\xc8\xea\xda\x8a?v\x22\x1b\xb5\xda'/\xbf\xeb\
}\x1f\xfewI\x92\x8e8\x88\xcb\x98v\x02\xd3\x7f\xb7\
\x88\x5c\xf5\x87\x86\x7f\x84\xf5\x03\xe9\x00&\xeb\x10G0\
\xdb2l&\x01\xf69\x82\x92\xfdL7\xb3\x82\xa1S\
\x8eA\xc4@\xd2\xed.\x8d\x96\x1ey\xcf\xff\x0cD\xa6\
\xceW7o^\xf9hQ\x0d\x1e\xd8\xec\xab\x8eT-\
\xb1\xdcNI\x92\x84$\xf6h%QJbm\x01x\
\x84\xb6d\x12\x8aj\x80R'0>\xa6\xa8B*\xa0\
\x04x\x19\x1cA\xac\xee:\x81Iz\x00\x0d\xa8(\x85\
\xf5\xee\x1a\xc3b\x8d\x8d\x9d1ee\x9a\xd3\xbe\x0e\xad\
9_\x87J\xfbh'\x88\xac\x0a\x8f)\xfb\xf8b;\
`\xf4u\x0b!<\x1e\xd5\xa8\xe9\x14\xd4\x85m\xb4\xf3\
\x22\xa4\x10H\x11\xe3LE1\xda\x22MSZ\x9d\xe5\
=\x1cA\x14'\x98\xca\xe0\xa5de9\xb5\xddl\xb9\
wl\xfd\xf8\xb7/=\xf8\xf8\xe7t\x94\x0dX\xdc\x81\
\x99\xd5S\x98\x17\xe2/\x22K\x99\xe5\x88\x80\x1f\x1a\xfe\
\xde\xfa\x81v\x00\x93\xb5\xa0>01\xfc\xbd\xd9\x1e\xf6\
;\x02E\xd8t\x11w7\xe8,\xdd\xf5\x0c\xf5\xb5\x88\
}\xf3g\x15\xb5z'/<zc\xf23\x1b\xb7\xae\
>2\x1a\xf5>0,\xc4iD\x1c\xb7\x13-:i\
B\x16;\xb4\xb0\x08_#\x85$N\x22\xac\xe8S\xb8\
\x84$I\x102&\xaf\xc2;\x8c5\xb4\xe2\x10\x198\
\xbf\xbf\x8d8I\x17\x10\x81\xf3\xa0\x95\xb4\xe8\x0d\x0b\x06\
\xc9*i\x0c\xcb\xed\x88\xaa\xae\xc9\xc7c\x0aU\x03K\
Di\x17\xad\x15\xceT\x94\xc5(@\x89m\x85\xf3\x92\
\xb2\xcc\x1b^\xfe\x8ar\xb4E\x92u\xb0\xa2\x85\xa8s\
\xb4\x92T\xf9\x98\x9d\x8d\x8a\xa4\xb5\x82P\x82\x88\xd2\xa5\
m\x95\xafuO\xbez\xea\xec\x03\x9f;~\xe2\xd4M\
\x0eb/f\x81X\x87q%N\xe7\xf6\xb3\x85\xbd\x1f\
\x1a\xfe\x11\xd7\x0f\x1d\xc0\xd4\xba\x87#\x98v\x00\x13\x22\
\x8c\xc9\xe6\x9bG\x855\x97\x0bo\xce\x15\x01\xd1\x89S\
\xe7\xfbp\xfe\x8f\x80\xa8*\xabl\xbc{\xfd\xfd\xd5h\
\xf7~Y\x9b\x93.\xd6Ya\x84\x8cTD\x92\x0a\x94\
\xef\xa3t\x8b\xa4\x9dQY0\xd5\x90N\xbb\xc3R\x16\
\x88L:)\xac\x84,\x01;\x83%\x98L&\xaev\
\xc0\x1fO\xa9m\xca\xb8\xec\x92\x97\x17\x18U\xb03\xb4\
\x0c\x06\x03\xac\xa9\x838\x8a-q\x0e\x8a\xf1.\xf9p\
\x97\x22\x1fP\x8cz\xd4U\xd1\x88hJj\x13&\x15\
\x8d\xf5\xc4zL\xa7\x13\xfb\xe5NbW\x96\x18t:\
\xf6Z\xab{\xf6\xc53\xe7\x1e\xf8&\xf3\xc7\xb1\xe79\
\x80z\xce\xeb<z\xb4\x09\x90k:e\xfb\xa1\xe1\xbf\
\x86\xf5C\x070g-p\x04p\x10I8q\x02\x13\
J\xac\x8a\xc5\xce`\xd15\xeb$\xa28\x89\xa3\xf8\xe4\
\xa5\xdf\x9a\xfc\xbc\x07\x9d\x9a\xc1\x99z\xb0\xf9\x8eb\xb0\
s\x16\xfc\x8a\xd3Q6,\xfa\x1a\x99\x09!\x22\x9c\x8f\
\xa9m\x8cm\xc0B\xed4D\x04\xb3\xcbO\x99\xc0\x84\
\xd4\xc48\xe8\x8d\xe1\xfa6\xf4sI\xac=\x95\x17\x14\
EI]\x0eq\xa6\xa0\xbf\xbbE>\xdc\x09\xa9\x82\x90\
$\xad\x94D\xa7^Jl\x12\xeb\xba\x95%\xc3\x95\x95\
\x95\xdbk\xc7\x8e_^[?\xfb\x9c\x8e\xd3\x01\x8b\xc7\
\xaf\xe7]\x8b\x04R\x0c\x8bO\xfaYb\x8e\x1f\xe6\xf8\
\xafq\xfd\xd0\x01\x1c\xb2\x0eq\x04\xd3Q\xc1\x84)w\
\x12\x09L8\xf3\xe6q\xe3\xcfs\x0c\xb3Nb\xee\xf7\
z\xdd\xed\xe9\xd5\xee\x0b\x93\xdf\xab \x8a@\xe5\xa3\xde\
I3\xda\xba\xbf\xd7\xbb}\xb2\x17\xa9U\xa9U\xb6\xa1\
\xa2\xf4\xdav\xa6Z\x9d\x8e\x8a\xa3\x98N\xaa\xc8\xb4\x12\
\xad\xf8.\xc9\x86\x14w\xad\xa42pk\xe8\x19\x14\x05\
\xae\xdc\xc2\x96\x03\x9f\x0f\x07\xe4y\x8e0\xa5\x15X\xd7\
\xc9\x5c\xb1\xd6\xed\x8c\x92t\xbd\x9f\xa5\xd9\xad\xd5\xd5\xe3\
\x97\x97\xd7\x8e\xdf\x94R\xce\x0a\x98\xcc*\x1f\xcf\xb2\x1a\
\xcfB\xaf\x17\x19\xf9\xf4)?\x8f\xffp\xb6\xa8\xf7C\
\xc3\x7f\x1d\xeb\x87\x0e\xe0\x08\xeb\x1e]\x031\xf5:\x1b\
\x15L\x93h.$\xcf\xe4\xa0C\xd03?\x13-\xfa\
\xb9\xac\xbd\xdc\xa3\xbd\xfc\x12\xa0\x87\xc3a7\x1f\x8f[\
\x83\xc1p\xad\xaaw\xd3\xba\xae[\xd6\xf9L\x0a\x1f\xeb\
H\xb5\x11\xa4Z\x0b-\x05R\x0a\xa9\x1a\xa1L\xef\xf1\
\xce;\xeb\xbc\xf3\xc6X\xaa\xba\xb6C\xe7D\x99)]\
DY:\x8a\xa3\xa8\xe8t\xbb\xbdn\xa7\xdbow:\
#\x0e\x1a\xf8,\xdd\xda\x5c\x1e\xc69W}\xc8\xcf\xcf\
\x16\xf2\x0c\x87\x8b\xa0\xc0\x0f\x0d\xff5\xaf\xd7%\x0f\xfe\
\xc3u\x80Co\xf2\xf5\x22\xf5\x9cYg0+\x9bu\
\xaf\xafg\x1d\xc7\xb4t\xfa\xac\x18\xc7\xec\xbf7\xcb\xf1\
?\xfb\xbe'k\x16\x17\xb1Hk\xe10\xe3_$`\
b\x16\xfc\xec\xecD\xa6c\xbf\xd1\xcf#9\x9d{\xda\
\xcf\xf9\xfa\xff\xdf\xde\x19\xed&\x0cC1\xd4\xdb\xff\x7f\
\xf2X\xf7Tte\xec$\xa5d4\x9b\xcf\x0bI+\
\xb5\x05a'\xbd\x8584\xb8j<\xf8*\xd4/_\
\x15S\x9d\x15\xa8E5]j.'\xeb\xb0Q\xa8\xa0\
Mg\x22|\x0ee\x00\xa06\x8bh\xc4\x00F\xda5\
\xc6\x8c\xb7\xb9\xa5\xcc[\xd3\xfboq\xcd\x11\xfd\x09b\
\x00\xe7\xd9D\x7f\x17W\xcf\x0c\x94)\xb09\xa8\x19D\
5\x08\xd5\xae\xc7v\x06\xd0z?j\xfd\x04\xae\xb4;\
a\xbbt\xa6\x96\xc8U\x11\xaf\x97g\x10\xe1\xbf\x80\x18\
\xc0\xeb\xd8\xcc6g\x06\x80\x8f\xd6v\x06\xc1f\xe0\x0c\
\xa3%~u\x1b\xa0\x96\x0co\x99\x80\x13\xf9F\xdbk\
\xdfE\x97\xf5b\xcc\x22\xfa\x89\xc4\x00\xe6\xd03\x83\x1b\
\x1e\xc5\xf9E}e\x0e{[e\xf4\xf1\x94\x9f\x8f5\
2\xfa\xd7k\xe5h\xb1\xfa\xafI\x1e\xb9UJ\xb1\x1a\
\xd5k\x1f\xd0\xa3|\xfd\xfc\x22\xf8\xc9\xc4\x00\xe6\xc3_\
l\xae\x19\x00:\x93\x0f\xf0\x01\x1d\xca \xd4~>\xde\
h\x0d`\x7fu3\x01\x9e\x15\xa8{uU\xb0\xeb\x09\
\x9e\xdba21\x80\xdfG\x15\x10\xd9\x18\x00m\x0a\xad\
\xe4^\xe0q\xe4o\x19\xc0\xc8\xf5\xa9\x85U\xd5\xac\xc0\
U\xe7\xd5\x94\x1e\x88\xe0/C\x0c\xe0\xbd(!<k\
\x0a\xb5\xb6\xf0\xac\xf8\xf9Z\xdc=9?\x7fW\xc2W\
\xefQ\xf5\xc3\x1b\x89\x01\x5c\x8f#\xa6\xa0B=\xdd~\
\x88\xf6\xc8\xb9\xd5#\xc2\x91\x22]\x84\xbe\x001\x805\
p\xa6\xc0\x06Q\x19\x15\xfd\x91s\x1e\xd9\x1f\x16 \x06\
\xb0.N\x80\x1fb\xdb\x8cs\x86?\xc0\xfd\xa7\xc0!\
\x84\xff\xc7\xe7\xf9C\x84\x10V\xe5\x07%\xe2*\xf1k\
\x22\x8f\xcc\x00\x00\x00\x00IEND\xaeB`\x82\
"

qt_resource_name = b"\
\x00\x05\
\x00O\xa6S\
\x00I\
\x00c\x00o\x00n\x00s\
\x00\x06\
\x04\x88T\xc2\
\x00B\
\x00a\x00n\x00n\x00e\x00r\
\x00\x07\
\x09\xcb\xb6\xd3\
\x00B\
\x00u\x00t\x00t\x00o\x00n\x00s\
\x00\x06\
\x07\x03}\xc3\
\x00i\
\x00m\x00a\x00g\x00e\x00s\
\x00\x0c\
\x0a\xbb\xdd'\
\x00s\
\x00v\x00e\x00n\x00l\x00o\x00g\x00o\x00.\x00p\x00n\x00g\
\x00\x0a\
\x04\xc8A\xc7\
\x00b\
\x00a\x00n\x00n\x00e\x00r\x00.\x00j\x00p\x00g\
\x00\x05\
\x00o\xa6S\
\x00i\
\x00c\x00o\x00n\x00s\
\x00\x0b\
\x0cj,G\
\x00r\
\x00e\x00f\x00r\x00e\x00s\x00h\x00.\x00p\x00n\x00g\
\x00\x08\
\x0aaZ\xa7\
\x00i\
\x00c\x00o\x00n\x00.\x00p\x00n\x00g\
"

qt_resource_struct = b"\
\x00\x00\x00\x00\x00\x02\x00\x00\x00\x03\x00\x00\x00\x01\
\x00\x00\x00\x00\x00\x00\x00\x00\
\x00\x00\x00\x00\x00\x02\x00\x00\x00\x01\x00\x00\x00\x08\
\x00\x00\x00\x00\x00\x00\x00\x00\
\x00\x00\x00\x10\x00\x02\x00\x00\x00\x01\x00\x00\x00\x06\
\x00\x00\x00\x00\x00\x00\x00\x00\
\x00\x00\x00\x22\x00\x02\x00\x00\x00\x01\x00\x00\x00\x04\
\x00\x00\x00\x00\x00\x00\x00\x00\
\x00\x00\x006\x00\x02\x00\x00\x00\x01\x00\x00\x00\x05\
\x00\x00\x00\x00\x00\x00\x00\x00\
\x00\x00\x00H\x00\x00\x00\x00\x00\x01\x00\x00\x00\x00\
\x00\x00\x01\x95\xae\xba\xfek\
\x00\x00\x006\x00\x02\x00\x00\x00\x01\x00\x00\x00\x07\
\x00\x00\x00\x00\x00\x00\x00\x00\
\x00\x00\x00f\x00\x00\x00\x00\x00\x01\x00\x02\x96Z\
\x00\x00\x01\x95\xae\xc8c\x8e\
\x00\x00\x00\x80\x00\x02\x00\x00\x00\x02\x00\x00\x00\x09\
\x00\x00\x00\x00\x00\x00\x00\x00\
\x00\x00\x00\xac\x00\x00\x00\x00\x00\x01\x00\x02\xd0\x14\
\x00\x00\x01\x95\xae\xca\x10\x06\
\x00\x00\x00\x90\x00\x00\x00\x00\x00\x01\x00\x02\xcd\xbc\
\x00\x00\x01\x95\xc8`j$\
"

def qInitResources():
    QtCore.qRegisterResourceData(0x03, qt_resource_struct, qt_resource_name, qt_resource_data)

def qCleanupResources():
    QtCore.qUnregisterResourceData(0x03, qt_resource_struct, qt_resource_name, qt_resource_data)

qInitResources()
